date,strategyAsOfDate,priceType,source,dataPolicy,market,code,name,close,high,low,ma5,ma10,ma20,ma60,ma240,rise60,changePct,nearLimitUp,volume,avgVolume20,turnover,avgTurnover20,volatility20Pct,liquidityOk,volatilityOk,adx,kline,theme,trend,fund,themeHit,priceVol,score,strictOkBase,status,reason,pattern,neckline,support,target,stage,entryBreakout,entryPullback,chaseRangeLow,chaseRangeHigh,stopLoss,riskPct,winRate,distanceFromNecklinePct,distanceFromPrevHighPct,riskRewardRatio,rewardPct,observationEntry,upperShadowPct,recentBreakout,nearTarget,forbiddenChase,planStatus,confirmConditions,safeScore,grade,category,action,strictOk,officialDataDate,dataFresh,priceVerified,marketRegime,marketRegimeImpact,originalSignal,adjustedSignal,holderAction,cashAction,riskWarning,marketFilterAllowsEntry,profitTakingAlert
2026-10-05,2026-10-05,收盤確認價,臺灣證券交易所 / 證券櫃檯買賣中心正式收盤；yfinance 歷史資料,只使用完整收盤日K，不使用盤中未完成K,上市,2376,技嘉,388.5,394.0,375.5,370.2,366.8,359.62,350.68,292.16,15.45,4.02,False,11355878,5562445,4411758603,2019783136,1.8,True,True,30.09,紅K突破,AI 伺服器 電腦系統,True,True,True,False,3,False,B級觀察：接近成形，等待確認,趨勢多頭、量能放大、題材命中,三角收斂突破,388.0,341.64,464.0,接近成形＋可觀察,395.76,388.0,395.76,407.63,376.36,4.9,中,0.13,3.36,3.52,17.24,395.76,1.42,False,False,False,預備單，等待確認條件,頸線以當日前20日高點計算；收盤站上頸線 388.0 至少2%；成交量>=20日均量2倍；不可長上影；回踩須有近10日突破紀錄且不有效跌破頸線；距離頸線>5%禁止進場,100,B,即將突破觀察,條件接近完整，等收盤確認或回踩不破。,False,2026-10-05,True,True,STOP,STOP 停止進場,觀察,取消新進場，只保留觀察,只看續抱 / 減碼 / 停利 / 停損，不新增部位。,停止新進場，先保留現金，等待大盤止跌。,停止新進場，禁止顯示今日可進場。,False,False
2026-10-05,2026-10-05,收盤確認價,臺灣證券交易所 / 證券櫃檯買賣中心正式收盤；yfinance 歷史資料,只使用完整收盤日K，不使用盤中未完成K,上櫃,3498,陽程,236.5,236.5,214.0,227.0,214.45,201.53,161.95,97.46,86.96,10.0,True,4847096,3121795,1146338204,642731806,5.2,True,True,25.55,紅K突破,,True,False,False,True,2,False,B級觀察：接近成形，等待確認,趨勢多頭、價量條件足,旗型整理突破,235.0,191.45,385.9,接近成形＋可觀察,239.7,235.0,239.7,246.89,227.95,4.9,中,0.64,0.64,12.44,60.99,239.7,0.0,False,False,False,預備單，等待確認條件,頸線以當日前20日高點計算；收盤站上頸線 235.0 至少2%；成交量>=20日均量2倍；不可長上影；回踩須有近10日突破紀錄且不有效跌破頸線；距離頸線>5%禁止進場,100,B,即將突破觀察,條件接近完整，等收盤確認或回踩不破。,False,2026-10-05,True,True,STOP,STOP 停止進場,觀察,取消新進場，只保留觀察,只看續抱 / 減碼 / 停利 / 停損，不新增部位。,停止新進場，先保留現金，等待大盤止跌。,停止新進場，禁止顯示今日可進場。,False,False
2026-10-05,2026-10-05,收盤確認價,臺灣證券交易所 / 證券櫃檯買賣中心正式收盤；yfinance 歷史資料,只使用完整收盤日K，不使用盤中未完成K,上櫃,3219,倚強科,128.0,131.0,125.5,129.0,116.1,101.51,81.49,70.56,63.47,-0.39,False,1041855,1549129,133357440,172168620,5.1,True,True,42.11,下影線,,True,False,False,True,2,False,B級觀察：接近成形，等待確認,趨勢多頭、價量條件足,旗型整理突破,125.5,96.43,197.7,接近成形＋可觀察,128.01,125.5,128.01,131.85,121.73,4.9,中,1.99,4.83,11.11,54.44,128.01,1.56,True,False,False,預備單，等待確認條件,頸線以當日前20日高點計算；收盤站上頸線 125.5 至少2%；成交量>=20日均量2倍；不可長上影；回踩須有近10日突破紀錄且不有效跌破頸線；距離頸線>5%禁止進場,100,B,即將突破觀察,條件接近完整，等收盤確認或回踩不破。,False,2026-10-05,True,True,STOP,STOP 停止進場,觀察,取消新進場，只保留觀察,只看續抱 / 減碼 / 停利 / 停損，不新增部位。,停止新進場，先保留現金，等待大盤止跌。,停止新進場，禁止顯示今日可進場。,False,False
2026-10-05,2026-10-05,收盤確認價,臺灣證券交易所 / 證券櫃檯買賣中心正式收盤；yfinance 歷史資料,只使用完整收盤日K，不使用盤中未完成K,上櫃,3491,昇達科,1630.0,1630.0,1515.0,1523.0,1530.0,1485.0,1336.95,1206.04,28.35,9.76,True,2357556,1353784,3842816280,2022689422,4.3,True,True,13.56,紅K突破,鏡頭 車用 光學,True,False,True,False,2,False,B級觀察：接近成形，等待確認,趨勢多頭、題材命中,旗型整理突破,1630.0,1410.75,2351.0,接近成形＋可觀察,1662.6,1630.0,1662.6,1712.48,1581.1,4.9,中,0.0,0.0,8.45,41.41,1662.6,0.0,False,False,False,預備單，等待確認條件,頸線以當日前20日高點計算；收盤站上頸線 1630.0 至少2%；成交量>=20日均量2倍；不可長上影；回踩須有近10日突破紀錄且不有效跌破頸線；距離頸線>5%禁止進場,100,B,即將突破觀察,條件接近完整，等收盤確認或回踩不破。,False,2026-10-05,True,True,STOP,STOP 停止進場,觀察,取消新進場，只保留觀察,只看續抱 / 減碼 / 停利 / 停損，不新增部位。,停止新進場，先保留現金，等待大盤止跌。,停止新進場，禁止顯示今日可進場。,False,False
2026-10-05,2026-10-05,收盤確認價,臺灣證券交易所 / 證券櫃檯買賣中心正式收盤；yfinance 歷史資料,只使用完整收盤日K，不使用盤中未完成K,上櫃,7717,萊德光電-KY,592.0,611.0,566.0,580.0,588.9,544.17,464.03,0.0,40.12,5.53,False,1230820,1218219,728645440,665395959,5.9,True,True,25.51,一般K,,True,False,False,True,2,False,B級觀察：接近成形，等待確認,趨勢多頭、價量條件足,旗型整理突破,579.0,516.97,830.5,接近成形＋可觀察,590.58,579.0,590.58,608.3,561.63,4.9,中,2.25,6.18,8.29,40.62,590.58,3.21,True,False,False,預備單，等待確認條件,頸線以當日前20日高點計算；收盤站上頸線 579.0 至少2%；成交量>=20日均量2倍；不可長上影；回踩須有近10日突破紀錄且不有效跌破頸線；距離頸線>5%禁止進場,100,B,即將突破觀察,條件接近完整，等收盤確認或回踩不破。,False,2026-10-05,True,True,STOP,STOP 停止進場,觀察,取消新進場，只保留觀察,只看續抱 / 減碼 / 停利 / 停損，不新增部位。,停止新進場，先保留現金，等待大盤止跌。,停止新進場，禁止顯示今日可進場。,False,False
2026-10-05,2026-10-05,收盤確認價,臺灣證券交易所 / 證券櫃檯買賣中心正式收盤；yfinance 歷史資料,只使用完整收盤日K，不使用盤中未完成K,上市,2368,金像電,1215.0,1215.0,1160.0,1131.0,1100.5,1067.7,1009.45,919.6,13.02,9.95,True,7237447,8461232,8793498105,9088351112,4.77,True,True,27.67,紅K突破,半導體 記憶體 DRAM,True,False,True,False,2,False,B級觀察：接近成形，等待確認,趨勢多頭、題材命中,旗型整理突破,1190.0,1014.31,1675.0,接近成形＋可觀察,1213.8,1190.0,1213.8,1250.21,1154.3,4.9,中,2.1,2.41,7.75,38.0,1213.8,0.0,False,False,False,預備單，等待確認條件,頸線以當日前20日高點計算；收盤站上頸線 1190.0 至少2%；成交量>=20日均量2倍；不可長上影；回踩須有近10日突破紀錄且不有效跌破頸線；距離頸線>5%禁止進場,100,B,即將突破觀察,條件接近完整，等收盤確認或回踩不破。,False,2026-10-05,True,True,STOP,STOP 停止進場,觀察,取消新進場，只保留觀察,只看續抱 / 減碼 / 停利 / 停損，不新增部位。,停止新進場，先保留現金，等待大盤止跌。,停止新進場，禁止顯示今日可進場。,False,False
2026-10-05,2026-10-05,收盤確認價,臺灣證券交易所 / 證券櫃檯買賣中心正式收盤；yfinance 歷史資料,只使用完整收盤日K，不使用盤中未完成K,上櫃,7712,博盛半導體,176.0,180.5,171.0,167.5,164.1,157.82,150.4,126.28,-4.86,3.23,False,767818,278234,135135968,45094290,2.6,True,True,26.3,下影線,,True,True,False,False,2,False,B級觀察：接近成形，等待確認,趨勢多頭、量能放大,旗型整理突破,176.0,149.93,240.0,接近成形＋可觀察,179.52,176.0,179.52,184.91,170.72,4.9,中,0.0,5.88,6.87,33.69,179.52,2.56,False,False,False,預備單，等待確認條件,頸線以當日前20日高點計算；收盤站上頸線 176.0 至少2%；成交量>=20日均量2倍；不可長上影；回踩須有近10日突破紀錄且不有效跌破頸線；距離頸線>5%禁止進場,100,B,即將突破觀察,條件接近完整，等收盤確認或回踩不破。,False,2026-10-05,True,True,STOP,STOP 停止進場,觀察,取消新進場，只保留觀察,只看續抱 / 減碼 / 停利 / 停損，不新增部位。,停止新進場，先保留現金，等待大盤止跌。,停止新進場，禁止顯示今日可進場。,False,False
2026-10-05,2026-10-05,收盤確認價,臺灣證券交易所 / 證券櫃檯買賣中心正式收盤；yfinance 歷史資料,只使用完整收盤日K，不使用盤中未完成K,上市,1617,榮星,24.1,24.8,22.4,23.79,21.66,19.78,19.18,16.56,2.55,-0.0,False,6613744,1764039,159391230,40415782,3.58,True,True,47.13,下影線,,True,True,False,False,2,False,B級觀察：接近成形，等待確認,趨勢多頭、量能放大,旗型整理突破,24.05,18.79,32.6,接近成形＋可觀察,24.53,24.05,24.53,25.27,23.33,4.9,中,0.21,8.88,6.71,32.89,24.53,0.62,True,False,False,預備單，等待確認條件,頸線以當日前20日高點計算；收盤站上頸線 24.05 至少2%；成交量>=20日均量2倍；不可長上影；回踩須有近10日突破紀錄且不有效跌破頸線；距離頸線>5%禁止進場,100,B,即將突破觀察,條件接近完整，等收盤確認或回踩不破。,False,2026-10-05,True,True,STOP,STOP 停止進場,觀察,取消新進場，只保留觀察,只看續抱 / 減碼 / 停利 / 停損，不新增部位。,停止新進場，先保留現金，等待大盤止跌。,停止新進場，禁止顯示今日可進場。,False,False
2026-10-05,2026-10-05,收盤確認價,臺灣證券交易所 / 證券櫃檯買賣中心正式收盤；yfinance 歷史資料,只使用完整收盤日K，不使用盤中未完成K,上市,1711,永光,44.2,47.0,42.65,41.84,40.42,39.96,39.11,34.02,3.27,2.79,False,21865293,4435694,966445950,183124344,2.49,True,True,29.78,下影線,,True,True,False,False,2,False,B級觀察：接近成形，等待確認,趨勢多頭、量能放大,三角收斂突破,44.25,37.96,59.7,接近成形＋可觀察,45.13,44.25,45.13,46.49,42.92,4.9,中,-0.11,8.68,6.58,32.27,45.13,6.33,False,False,False,預備單，等待確認條件,頸線以當日前20日高點計算；收盤站上頸線 44.25 至少2%；成交量>=20日均量2倍；不可長上影；回踩須有近10日突破紀錄且不有效跌破頸線；距離頸線>5%禁止進場,100,B,即將突破觀察,條件接近完整，等收盤確認或回踩不破。,False,2026-10-05,True,True,STOP,STOP 停止進場,觀察,取消新進場，只保留觀察,只看續抱 / 減碼 / 停利 / 停損，不新增部位。,停止新進場，先保留現金，等待大盤止跌。,停止新進場，禁止顯示今日可進場。,False,False
2026-10-05,2026-10-05,收盤確認價,臺灣證券交易所 / 證券櫃檯買賣中心正式收盤；yfinance 歷史資料,只使用完整收盤日K，不使用盤中未完成K,上櫃,7810,捷創科技,249.0,254.0,243.5,238.3,231.55,225.05,208.45,207.84,22.36,1.63,False,378890,140085,94343610,32393975,2.44,True,True,21.77,下影線,,True,True,False,False,2,False,B級觀察：接近成形，等待確認,趨勢多頭、量能放大,三角收斂突破,252.5,213.8,335.0,接近成形＋可觀察,257.55,252.5,257.55,265.28,244.92,4.9,中,-1.39,1.39,6.13,30.07,257.55,0.8,False,False,False,預備單，等待確認條件,頸線以當日前20日高點計算；收盤站上頸線 252.5 至少2%；成交量>=20日均量2倍；不可長上影；回踩須有近10日突破紀錄且不有效跌破頸線；距離頸線>5%禁止進場,100,B,即將突破觀察,條件接近完整，等收盤確認或回踩不破。,False,2026-10-05,True,True,STOP,STOP 停止進場,觀察,取消新進場，只保留觀察,只看續抱 / 減碼 / 停利 / 停損，不新增部位。,停止新進場，先保留現金，等待大盤止跌。,停止新進場，禁止顯示今日可進場。,False,False
2026-10-05,2026-10-05,收盤確認價,臺灣證券交易所 / 證券櫃檯買賣中心正式收盤；yfinance 歷史資料,只使用完整收盤日K，不使用盤中未完成K,上櫃,5347,世界,184.0,189.0,183.0,183.0,177.55,167.28,160.57,137.07,6.36,-1.6,False,15530726,17009204,2857653584,2899123393,2.58,True,True,58.26,一般K,半導體 晶圓代工,True,False,True,False,2,False,B級觀察：接近成形，等待確認,趨勢多頭、題材命中,旗型整理突破,188.5,158.91,246.0,接近成形＋可觀察,192.27,188.5,192.27,198.04,182.84,4.9,中,-2.39,4.17,5.7,27.95,192.27,0.27,False,False,False,預備單，等待確認條件,頸線以當日前20日高點計算；收盤站上頸線 188.5 至少2%；成交量>=20日均量2倍；不可長上影；回踩須有近10日突破紀錄且不有效跌破頸線；距離頸線>5%禁止進場,100,B,即將突破觀察,條件接近完整，等收盤確認或回踩不破。,False,2026-10-05,True,True,STOP,STOP 停止進場,觀察,取消新進場，只保留觀察,只看續抱 / 減碼 / 停利 / 停損，不新增部位。,停止新進場，先保留現金，等待大盤止跌。,停止新進場，禁止顯示今日可進場。,False,False
2026-10-05,2026-10-05,收盤確認價,臺灣證券交易所 / 證券櫃檯買賣中心正式收盤；yfinance 歷史資料,只使用完整收盤日K，不使用盤中未完成K,上櫃,6548,長科*,78.0,79.5,76.0,74.04,73.52,72.76,72.39,58.34,-5.91,1.69,False,9915000,3230103,773370000,239241483,2.73,True,True,22.65,下影線,,True,True,False,False,2,False,B級觀察：接近成形，等待確認,趨勢多頭、量能放大,三角收斂突破,78.0,69.13,100.2,接近成形＋可觀察,79.56,78.0,79.56,81.95,75.66,4.9,中,0.0,9.2,5.29,25.94,79.56,1.28,False,False,False,預備單，等待確認條件,頸線以當日前20日高點計算；收盤站上頸線 78.0 至少2%；成交量>=20日均量2倍；不可長上影；回踩須有近10日突破紀錄且不有效跌破頸線；距離頸線>5%禁止進場,100,B,即將突破觀察,條件接近完整，等收盤確認或回踩不破。,False,2026-10-05,True,True,STOP,STOP 停止進場,觀察,取消新進場，只保留觀察,只看續抱 / 減碼 / 停利 / 停損，不新增部位。,停止新進場，先保留現金，等待大盤止跌。,停止新進場，禁止顯示今日可進場。,False,False
2026-10-05,2026-10-05,收盤確認價,臺灣證券交易所 / 證券櫃檯買賣中心正式收盤；yfinance 歷史資料,只使用完整收盤日K，不使用盤中未完成K,上櫃,6122,擎邦,61.8,64.2,61.5,61.64,57.74,54.33,50.72,49.53,19.31,-3.29,False,2930240,1068310,181088832,62252800,2.07,True,True,51.18,一般K,,True,True,False,False,2,False,B級觀察：接近成形，等待確認,趨勢多頭、量能放大,旗型整理突破,62.5,51.61,79.8,接近成形＋可觀察,63.75,62.5,63.75,65.66,60.62,4.9,中,-1.12,3.29,5.14,25.18,63.75,0.49,True,False,False,預備單，等待確認條件,頸線以當日前20日高點計算；收盤站上頸線 62.5 至少2%；成交量>=20日均量2倍；不可長上影；回踩須有近10日突破紀錄且不有效跌破頸線；距離頸線>5%禁止進場,100,B,即將突破觀察,條件接近完整，等收盤確認或回踩不破。,False,2026-10-05,True,True,STOP,STOP 停止進場,觀察,取消新進場，只保留觀察,只看續抱 / 減碼 / 停利 / 停損，不新增部位。,停止新進場，先保留現金，等待大盤止跌。,停止新進場，禁止顯示今日可進場。,False,False
2026-10-05,2026-10-05,收盤確認價,臺灣證券交易所 / 證券櫃檯買賣中心正式收盤；yfinance 歷史資料,只使用完整收盤日K，不使用盤中未完成K,上市,2330,台積電,2575.0,2580.0,2545.0,2508.0,2491.5,2457.5,2406.25,2001.27,6.63,3.0,False,26800187,19770670,69010481525,48684344398,1.22,True,True,33.05,紅K突破,AI 半導體 先進封裝 CoWoS HBM,True,False,True,False,2,False,B級觀察：接近成形，等待確認,趨勢多頭、題材命中,箱型突破,2515.0,2375.0,2850.0,接近成形＋可觀察,2565.3,2515.0,2565.3,2642.26,2439.55,4.9,中,2.39,2.39,2.26,11.1,2565.3,0.19,False,False,False,預備單，等待確認條件,頸線以當日前20日高點計算；收盤站上頸線 2515.0 至少2%；成交量>=20日均量2倍；不可長上影；回踩須有近10日突破紀錄且不有效跌破頸線；距離頸線>5%禁止進場,100,B,即將突破觀察,條件接近完整，等收盤確認或回踩不破。,False,2026-10-05,True,True,STOP,STOP 停止進場,接近目標,取消新進場，只保留觀察,只看續抱 / 減碼 / 停利 / 停損，不新增部位。,停止新進場，先保留現金，等待大盤止跌。,停止新進場，禁止顯示今日可進場。,False,False
2026-10-05,2026-10-05,收盤確認價,臺灣證券交易所 / 證券櫃檯買賣中心正式收盤；yfinance 歷史資料,只使用完整收盤日K，不使用盤中未完成K,上市,2030,彰源,36.9,39.75,36.7,36.61,31.81,27.53,22.27,17.52,107.3,-3.91,False,10396704,10221492,383638377,334143382,4.62,True,True,45.52,長黑,,True,False,False,False,1,False,B級觀察：接近成形，等待確認,趨勢多頭,旗型整理突破,36.7,26.16,56.8,回踩頸線不破,37.43,36.7,37.43,38.56,35.6,3.53,高,0.54,7.75,15.3,53.93,36.9,0.0,True,False,False,回踩頸線不破，可觀察低風險進場,頸線以當日前20日高點計算；收盤站上頸線 36.7 至少2%；成交量>=20日均量2倍；不可長上影；回踩須有近10日突破紀錄且不有效跌破頸線；距離頸線>5%禁止進場,100,B,等確認,條件接近完整，等收盤確認或回踩不破。,False,2026-10-05,True,True,STOP,STOP 停止進場,回踩買點,取消新進場，只保留觀察,只看續抱 / 減碼 / 停利 / 停損，不新增部位。,停止新進場，先保留現金，等待大盤止跌。,停止新進場，禁止顯示今日可進場。,False,False
2026-10-05,2026-10-05,收盤確認價,臺灣證券交易所 / 證券櫃檯買賣中心正式收盤；yfinance 歷史資料,只使用完整收盤日K，不使用盤中未完成K,上櫃,3374,精材,498.5,505.0,471.5,466.3,462.7,456.12,379.82,234.78,39.83,6.63,False,3601808,8238407,1795501288,3719394724,4.77,True,True,17.38,紅K突破,,True,False,False,False,1,False,B級觀察：接近成形，等待確認,趨勢多頭,旗型整理突破,496.0,433.32,740.0,接近成形＋可觀察,505.92,496.0,505.92,521.1,481.12,4.9,中,0.5,0.5,9.44,46.27,505.92,1.3,False,False,False,預備單，等待確認條件,頸線以當日前20日高點計算；收盤站上頸線 496.0 至少2%；成交量>=20日均量2倍；不可長上影；回踩須有近10日突破紀錄且不有效跌破頸線；距離頸線>5%禁止進場,100,B,即將突破觀察,條件接近完整，等收盤確認或回踩不破。,False,2026-10-05,True,True,STOP,STOP 停止進場,觀察,取消新進場，只保留觀察,只看續抱 / 減碼 / 停利 / 停損，不新增部位。,停止新進場，先保留現金，等待大盤止跌。,停止新進場，禁止顯示今日可進場。,False,False
2026-10-05,2026-10-05,收盤確認價,臺灣證券交易所 / 證券櫃檯買賣中心正式收盤；yfinance 歷史資料,只使用完整收盤日K，不使用盤中未完成K,上櫃,8240,華宏,58.0,60.6,58.0,58.12,54.86,53.11,46.51,47.03,18.85,-4.29,False,1455143,1862013,84398294,103836951,3.81,True,True,48.33,長黑,,True,False,False,False,1,False,B級觀察：接近成形，等待確認,趨勢多頭,旗型整理突破,57.3,50.45,79.1,接近成形＋可觀察,58.45,57.3,58.45,60.2,55.58,4.9,中,1.22,7.94,7.21,35.34,58.45,0.0,True,False,False,預備單，等待確認條件,頸線以當日前20日高點計算；收盤站上頸線 57.3 至少2%；成交量>=20日均量2倍；不可長上影；回踩須有近10日突破紀錄且不有效跌破頸線；距離頸線>5%禁止進場,100,B,即將突破觀察,條件接近完整，等收盤確認或回踩不破。,False,2026-10-05,True,True,STOP,STOP 停止進場,觀察,取消新進場，只保留觀察,只看續抱 / 減碼 / 停利 / 停損，不新增部位。,停止新進場，先保留現金，等待大盤止跌。,停止新進場，禁止顯示今日可進場。,False,False
2026-10-05,2026-10-05,收盤確認價,臺灣證券交易所 / 證券櫃檯買賣中心正式收盤；yfinance 歷史資料,只使用完整收盤日K，不使用盤中未完成K,上櫃,3680,家登,561.0,573.0,558.0,553.4,545.6,533.42,489.13,439.62,13.1,1.63,False,2088763,1805627,1171796043,973609275,3.27,True,True,7.93,一般K,,True,False,False,False,1,False,B級觀察：接近成形，等待確認,趨勢多頭,旗型整理突破,573.0,506.75,781.0,接近成形＋可觀察,584.46,573.0,584.46,601.99,555.81,4.9,中,-2.09,2.09,6.86,33.63,584.46,1.25,False,False,False,預備單，等待確認條件,頸線以當日前20日高點計算；收盤站上頸線 573.0 至少2%；成交量>=20日均量2倍；不可長上影；回踩須有近10日突破紀錄且不有效跌破頸線；距離頸線>5%禁止進場,100,B,即將突破觀察,條件接近完整，等收盤確認或回踩不破。,False,2026-10-05,True,True,STOP,STOP 停止進場,觀察,取消新進場，只保留觀察,只看續抱 / 減碼 / 停利 / 停損，不新增部位。,停止新進場，先保留現金，等待大盤止跌。,停止新進場，禁止顯示今日可進場。,False,False
2026-10-05,2026-10-05,收盤確認價,臺灣證券交易所 / 證券櫃檯買賣中心正式收盤；yfinance 歷史資料,只使用完整收盤日K，不使用盤中未完成K,上市,1721,三晃,27.55,27.9,26.75,26.81,25.32,23.86,21.59,19.58,15.51,0.73,False,3390748,1992440,93415107,50032944,4.47,True,True,51.57,下影線,,True,False,False,False,1,False,B級觀察：接近成形，等待確認,趨勢多頭,旗型整理突破,28.0,22.67,38.0,接近成形＋可觀察,28.56,28.0,28.56,29.42,27.16,4.9,中,-1.61,1.61,6.74,33.05,28.56,1.27,False,False,False,預備單，等待確認條件,頸線以當日前20日高點計算；收盤站上頸線 28.0 至少2%；成交量>=20日均量2倍；不可長上影；回踩須有近10日突破紀錄且不有效跌破頸線；距離頸線>5%禁止進場,100,B,即將突破觀察,條件接近完整，等收盤確認或回踩不破。,False,2026-10-05,True,True,STOP,STOP 停止進場,觀察,取消新進場，只保留觀察,只看續抱 / 減碼 / 停利 / 停損，不新增部位。,停止新進場，先保留現金，等待大盤止跌。,停止新進場，禁止顯示今日可進場。,False,False
2026-10-05,2026-10-05,收盤確認價,臺灣證券交易所 / 證券櫃檯買賣中心正式收盤；yfinance 歷史資料,只使用完整收盤日K，不使用盤中未完成K,上市,2241,艾姆勒,46.05,46.5,43.1,44.8,42.41,38.25,35.83,35.23,7.22,5.26,False,4031023,2176050,185628609,93935856,3.77,True,True,48.67,紅K突破,,True,False,False,False,1,False,B級觀察：接近成形，等待確認,趨勢多頭,旗型整理突破,44.9,36.34,60.4,接近成形＋可觀察,45.8,44.9,45.8,47.17,43.55,4.9,中,2.56,3.86,6.5,31.88,45.8,0.98,True,False,False,預備單，等待確認條件,頸線以當日前20日高點計算；收盤站上頸線 44.9 至少2%；成交量>=20日均量2倍；不可長上影；回踩須有近10日突破紀錄且不有效跌破頸線；距離頸線>5%禁止進場,100,B,即將突破觀察,條件接近完整，等收盤確認或回踩不破。,False,2026-10-05,True,True,STOP,STOP 停止進場,觀察,取消新進場，只保留觀察,只看續抱 / 減碼 / 停利 / 停損，不新增部位。,停止新進場，先保留現金，等待大盤止跌。,停止新進場，禁止顯示今日可進場。,False,False
2026-10-05,2026-10-05,收盤確認價,臺灣證券交易所 / 證券櫃檯買賣中心正式收盤；yfinance 歷史資料,只使用完整收盤日K，不使用盤中未完成K,上櫃,8109,博大,139.0,143.0,139.0,139.9,136.2,132.4,131.01,114.71,-7.95,-5.12,False,479231,270481,66613109,37010502,2.34,True,True,34.37,一般K,,True,False,False,False,1,False,B級觀察：接近成形，等待確認,趨勢多頭,三角收斂突破,139.0,125.78,164.0,回踩頸線不破,141.78,139.0,141.78,146.03,134.83,3.0,高,0.0,7.95,6.0,17.99,139.0,0.0,True,False,False,回踩頸線不破，可觀察低風險進場,頸線以當日前20日高點計算；收盤站上頸線 139.0 至少2%；成交量>=20日均量2倍；不可長上影；回踩須有近10日突破紀錄且不有效跌破頸線；距離頸線>5%禁止進場,100,B,等確認,條件接近完整，等收盤確認或回踩不破。,False,2026-10-05,True,True,STOP,STOP 停止進場,回踩買點,取消新進場，只保留觀察,只看續抱 / 減碼 / 停利 / 停損，不新增部位。,停止新進場，先保留現金，等待大盤止跌。,停止新進場，禁止顯示今日可進場。,False,False
2026-10-05,2026-10-05,收盤確認價,臺灣證券交易所 / 證券櫃檯買賣中心正式收盤；yfinance 歷史資料,只使用完整收盤日K，不使用盤中未完成K,上市,2103,台橡,28.6,28.8,27.8,28.05,27.87,27.22,25.96,19.95,24.08,1.6,False,3703862,4107084,105930453,111258258,2.64,True,True,27.62,紅K突破,,True,False,False,False,1,False,B級觀察：接近成形，等待確認,趨勢多頭,旗型整理突破,29.0,25.86,37.85,接近成形＋可觀察,29.58,29.0,29.58,30.47,28.13,4.9,中,-1.38,2.89,5.7,27.96,29.58,0.7,False,False,False,預備單，等待確認條件,頸線以當日前20日高點計算；收盤站上頸線 29.0 至少2%；成交量>=20日均量2倍；不可長上影；回踩須有近10日突破紀錄且不有效跌破頸線；距離頸線>5%禁止進場,100,B,即將突破觀察,條件接近完整，等收盤確認或回踩不破。,False,2026-10-05,True,True,STOP,STOP 停止進場,觀察,取消新進場，只保留觀察,只看續抱 / 減碼 / 停利 / 停損，不新增部位。,停止新進場，先保留現金，等待大盤止跌。,停止新進場，禁止顯示今日可進場。,False,False
2026-10-05,2026-10-05,收盤確認價,臺灣證券交易所 / 證券櫃檯買賣中心正式收盤；yfinance 歷史資料,只使用完整收盤日K，不使用盤中未完成K,上櫃,4768,晶呈科技,365.0,383.0,364.5,368.8,344.2,323.65,311.67,358.5,0.95,-2.54,False,960076,714763,350427740,247892859,3.85,True,True,55.01,一般K,,True,False,False,False,1,False,B級觀察：接近成形，等待確認,趨勢多頭,旗型整理突破,357.5,307.47,466.72,回踩頸線不破,364.65,357.5,364.65,375.59,346.77,4.99,高,2.1,9.54,5.58,27.87,365.0,1.37,True,False,False,回踩頸線不破，可觀察低風險進場,頸線以當日前20日高點計算；收盤站上頸線 357.5 至少2%；成交量>=20日均量2倍；不可長上影；回踩須有近10日突破紀錄且不有效跌破頸線；距離頸線>5%禁止進場,100,B,等確認,條件接近完整，等收盤確認或回踩不破。,False,2026-10-05,True,True,STOP,STOP 停止進場,回踩買點,取消新進場，只保留觀察,只看續抱 / 減碼 / 停利 / 停損，不新增部位。,停止新進場，先保留現金，等待大盤止跌。,停止新進場，禁止顯示今日可進場。,False,False
2026-10-05,2026-10-05,收盤確認價,臺灣證券交易所 / 證券櫃檯買賣中心正式收盤；yfinance 歷史資料,只使用完整收盤日K，不使用盤中未完成K,上櫃,5864,致和證,39.8,40.55,39.6,38.63,37.57,36.64,34.37,25.88,0.38,2.05,False,3190975,2962071,127000804,109138481,2.4,True,True,30.22,一般K,金融 證券 題材股,True,False,False,False,1,False,B級觀察：接近成形，等待確認,趨勢多頭,旗型整理突破,39.35,34.81,51.1,接近成形＋可觀察,40.14,39.35,40.14,41.34,38.17,4.9,中,1.14,0.75,5.57,27.31,40.14,1.76,False,False,False,預備單，等待確認條件,頸線以當日前20日高點計算；收盤站上頸線 39.35 至少2%；成交量>=20日均量2倍；不可長上影；回踩須有近10日突破紀錄且不有效跌破頸線；距離頸線>5%禁止進場,100,B,即將突破觀察,條件接近完整，等收盤確認或回踩不破。,False,2026-10-05,True,True,STOP,STOP 停止進場,觀察,取消新進場，只保留觀察,只看續抱 / 減碼 / 停利 / 停損，不新增部位。,停止新進場，先保留現金，等待大盤止跌。,停止新進場，禁止顯示今日可進場。,False,False
2026-10-05,2026-10-05,收盤確認價,臺灣證券交易所 / 證券櫃檯買賣中心正式收盤；yfinance 歷史資料,只使用完整收盤日K，不使用盤中未完成K,上市,1710,東聯,17.5,17.75,17.05,16.99,16.81,16.39,15.64,13.83,6.71,2.04,False,9000978,5572543,157517115,92056116,2.14,True,True,38.03,下影線,,True,False,False,False,1,False,B級觀察：接近成形，等待確認,趨勢多頭,三角收斂突破,17.8,15.57,23.1,接近成形＋可觀察,18.16,17.8,18.16,18.7,17.27,4.9,中,-1.69,5.41,5.56,27.23,18.16,1.43,False,False,False,預備單，等待確認條件,頸線以當日前20日高點計算；收盤站上頸線 17.8 至少2%；成交量>=20日均量2倍；不可長上影；回踩須有近10日突破紀錄且不有效跌破頸線；距離頸線>5%禁止進場,100,B,即將突破觀察,條件接近完整，等收盤確認或回踩不破。,False,2026-10-05,True,True,STOP,STOP 停止進場,觀察,取消新進場，只保留觀察,只看續抱 / 減碼 / 停利 / 停損，不新增部位。,停止新進場，先保留現金，等待大盤止跌。,停止新進場，禁止顯示今日可進場。,False,False
2026-10-05,2026-10-05,收盤確認價,臺灣證券交易所 / 證券櫃檯買賣中心正式收盤；yfinance 歷史資料,只使用完整收盤日K，不使用盤中未完成K,上櫃,4903,聯光通,43.8,46.2,43.35,43.83,42.53,38.87,37.62,40.22,10.89,-3.31,False,4446162,4060067,194741895,170624246,4.01,True,True,39.28,長黑,,True,False,False,False,1,False,B級觀察：接近成形，等待確認,趨勢多頭,接近成形,44.4,36.92,57.0,接近成形＋可觀察,45.29,44.4,45.29,46.65,43.07,4.9,中,-1.35,5.71,5.28,25.86,45.29,0.46,True,False,False,預備單，等待確認條件,頸線以當日前20日高點計算；收盤站上頸線 44.4 至少2%；成交量>=20日均量2倍；不可長上影；回踩須有近10日突破紀錄且不有效跌破頸線；距離頸線>5%禁止進場,100,B,即將突破觀察,條件接近完整，等收盤確認或回踩不破。,False,2026-10-05,True,True,STOP,STOP 停止進場,觀察,取消新進場，只保留觀察,只看續抱 / 減碼 / 停利 / 停損，不新增部位。,停止新進場，先保留現金，等待大盤止跌。,停止新進場，禁止顯示今日可進場。,False,False
2026-10-05,2026-10-05,收盤確認價,臺灣證券交易所 / 證券櫃檯買賣中心正式收盤；yfinance 歷史資料,只使用完整收盤日K，不使用盤中未完成K,上市,1605,華新,38.4,39.35,38.4,38.09,37.49,37.51,36.17,34.41,11.63,-0.9,False,23323207,17389930,895611148,656646618,1.64,True,True,21.5,一般K,,True,False,False,False,1,False,B級觀察：接近成形，等待確認,趨勢多頭,旗型整理突破,39.5,36.2,50.65,接近成形＋可觀察,40.29,39.5,40.29,41.5,38.31,4.9,中,-2.78,6.34,5.25,25.71,40.29,0.78,False,False,False,預備單，等待確認條件,頸線以當日前20日高點計算；收盤站上頸線 39.5 至少2%；成交量>=20日均量2倍；不可長上影；回踩須有近10日突破紀錄且不有效跌破頸線；距離頸線>5%禁止進場,100,B,即將突破觀察,條件接近完整，等收盤確認或回踩不破。,False,2026-10-05,True,True,STOP,STOP 停止進場,觀察,取消新進場，只保留觀察,只看續抱 / 減碼 / 停利 / 停損，不新增部位。,停止新進場，先保留現金，等待大盤止跌。,停止新進場，禁止顯示今日可進場。,False,False
2026-10-05,2026-10-05,收盤確認價,臺灣證券交易所 / 證券櫃檯買賣中心正式收盤；yfinance 歷史資料,只使用完整收盤日K，不使用盤中未完成K,上市,2308,台達電,2005.0,2010.0,1920.0,1904.0,1884.0,1804.75,1777.58,1547.91,6.65,6.37,False,17838513,10766195,35766218565,19403621943,3.46,True,True,16.17,紅K突破,,True,False,False,False,1,False,B級觀察：接近成形，等待確認,趨勢多頭,旗型整理突破,1965.0,1714.51,2505.0,接近成形＋可觀察,2004.3,1965.0,2004.3,2064.43,1906.05,4.9,中,2.04,0.0,5.1,24.98,2004.3,0.25,False,False,False,預備單，等待確認條件,頸線以當日前20日高點計算；收盤站上頸線 1965.0 至少2%；成交量>=20日均量2倍；不可長上影；回踩須有近10日突破紀錄且不有效跌破頸線；距離頸線>5%禁止進場,100,B,即將突破觀察,條件接近完整，等收盤確認或回踩不破。,False,2026-10-05,True,True,STOP,STOP 停止進場,觀察,取消新進場，只保留觀察,只看續抱 / 減碼 / 停利 / 停損，不新增部位。,停止新進場，先保留現金，等待大盤止跌。,停止新進場，禁止顯示今日可進場。,False,False
2026-10-05,2026-10-05,收盤確認價,臺灣證券交易所 / 證券櫃檯買賣中心正式收盤；yfinance 歷史資料,只使用完整收盤日K，不使用盤中未完成K,上櫃,6016,康和證,24.35,24.5,24.15,23.95,23.74,23.11,21.48,17.49,3.37,1.88,False,5017815,5208631,122183795,120446493,2.27,True,True,52.51,一般K,,True,False,False,False,1,False,B級觀察：接近成形，等待確認,趨勢多頭,旗型整理突破,24.4,21.96,30.8,接近成形＋可觀察,24.89,24.4,24.89,25.63,23.67,4.9,中,-0.2,0.2,4.85,23.75,24.89,0.21,False,False,False,預備單，等待確認條件,頸線以當日前20日高點計算；收盤站上頸線 24.4 至少2%；成交量>=20日均量2倍；不可長上影；回踩須有近10日突破紀錄且不有效跌破頸線；距離頸線>5%禁止進場,100,B,即將突破觀察,條件接近完整，等收盤確認或回踩不破。,False,2026-10-05,True,True,STOP,STOP 停止進場,觀察,取消新進場，只保留觀察,只看續抱 / 減碼 / 停利 / 停損，不新增部位。,停止新進場，先保留現金，等待大盤止跌。,停止新進場，禁止顯示今日可進場。,False,False
2026-10-05,2026-10-05,收盤確認價,臺灣證券交易所 / 證券櫃檯買賣中心正式收盤；yfinance 歷史資料,只使用完整收盤日K，不使用盤中未完成K,上櫃,6664,群翊,385.0,395.0,384.5,376.1,361.2,352.68,353.22,334.59,3.08,1.85,False,944068,352631,363466180,127105990,1.81,True,True,20.9,一般K,,False,True,False,False,1,False,B級觀察：接近成形，等待確認,量能放大,三角收斂突破,392.5,335.04,482.5,接近成形＋可觀察,400.35,392.5,400.35,412.36,380.72,4.9,中,-1.91,4.23,4.19,20.52,400.35,1.43,False,False,False,預備單，等待確認條件,頸線以當日前20日高點計算；收盤站上頸線 392.5 至少2%；成交量>=20日均量2倍；不可長上影；回踩須有近10日突破紀錄且不有效跌破頸線；距離頸線>5%禁止進場,100,B,即將突破觀察,條件接近完整，等收盤確認或回踩不破。,False,2026-10-05,True,True,STOP,STOP 停止進場,觀察,取消新進場，只保留觀察,只看續抱 / 減碼 / 停利 / 停損，不新增部位。,停止新進場，先保留現金，等待大盤止跌。,停止新進場，禁止顯示今日可進場。,False,False
2026-10-05,2026-10-05,收盤確認價,臺灣證券交易所 / 證券櫃檯買賣中心正式收盤；yfinance 歷史資料,只使用完整收盤日K，不使用盤中未完成K,上櫃,6015,宏遠證,18.1,18.2,17.95,17.77,17.76,17.46,16.51,14.35,2.55,1.69,False,2983475,2746347,54000897,48206133,2.17,True,True,48.41,紅K突破,,True,False,False,False,1,False,B級觀察：接近成形，等待確認,趨勢多頭,箱型突破,18.25,16.58,22.3,接近成形＋可觀察,18.62,18.25,18.62,19.17,17.7,4.9,中,-0.82,0.82,4.04,19.8,18.62,0.55,False,False,False,預備單，等待確認條件,頸線以當日前20日高點計算；收盤站上頸線 18.25 至少2%；成交量>=20日均量2倍；不可長上影；回踩須有近10日突破紀錄且不有效跌破頸線；距離頸線>5%禁止進場,100,B,即將突破觀察,條件接近完整，等收盤確認或回踩不破。,False,2026-10-05,True,True,STOP,STOP 停止進場,觀察,取消新進場，只保留觀察,只看續抱 / 減碼 / 停利 / 停損，不新增部位。,停止新進場，先保留現金，等待大盤止跌。,停止新進場，禁止顯示今日可進場。,False,False
2026-10-05,2026-10-05,收盤確認價,臺灣證券交易所 / 證券櫃檯買賣中心正式收盤；yfinance 歷史資料,只使用完整收盤日K，不使用盤中未完成K,上櫃,6667,信紘科,264.5,266.0,258.5,261.3,261.45,253.18,237.86,253.44,3.73,1.73,False,450176,501047,119071552,128039607,3.6,True,True,56.44,紅K突破,,True,False,False,False,1,False,B級觀察：接近成形，等待確認,趨勢多頭,接近成形,269.5,240.52,328.0,接近成形＋可觀察,274.89,269.5,274.89,283.14,261.42,4.9,中,-1.86,1.86,3.94,19.32,274.89,0.57,False,False,False,預備單，等待確認條件,頸線以當日前20日高點計算；收盤站上頸線 269.5 至少2%；成交量>=20日均量2倍；不可長上影；回踩須有近10日突破紀錄且不有效跌破頸線；距離頸線>5%禁止進場,100,B,即將突破觀察,條件接近完整，等收盤確認或回踩不破。,False,2026-10-05,True,True,STOP,STOP 停止進場,觀察,取消新進場，只保留觀察,只看續抱 / 減碼 / 停利 / 停損，不新增部位。,停止新進場，先保留現金，等待大盤止跌。,停止新進場，禁止顯示今日可進場。,False,False
2026-10-05,2026-10-05,收盤確認價,臺灣證券交易所 / 證券櫃檯買賣中心正式收盤；yfinance 歷史資料,只使用完整收盤日K，不使用盤中未完成K,上櫃,6788,華景電,376.5,389.5,360.0,355.3,347.1,341.6,350.36,346.19,-6.69,4.58,False,899398,258930,338623347,90397780,2.44,True,True,26.32,一般K,,False,True,False,False,1,False,B級觀察：接近成形，等待確認,量能放大,三角收斂突破,371.5,324.52,452.0,接近成形＋可觀察,378.93,371.5,378.93,390.3,360.36,4.9,中,1.35,8.39,3.93,19.28,378.93,3.45,False,False,False,預備單，等待確認條件,頸線以當日前20日高點計算；收盤站上頸線 371.5 至少2%；成交量>=20日均量2倍；不可長上影；回踩須有近10日突破紀錄且不有效跌破頸線；距離頸線>5%禁止進場,100,B,即將突破觀察,條件接近完整，等收盤確認或回踩不破。,False,2026-10-05,True,True,STOP,STOP 停止進場,觀察,取消新進場，只保留觀察,只看續抱 / 減碼 / 停利 / 停損，不新增部位。,停止新進場，先保留現金，等待大盤止跌。,停止新進場，禁止顯示今日可進場。,False,False
2026-10-05,2026-10-05,收盤確認價,臺灣證券交易所 / 證券櫃檯買賣中心正式收盤；yfinance 歷史資料,只使用完整收盤日K，不使用盤中未完成K,上櫃,4749,新應材,806.0,812.0,788.0,775.6,753.6,749.85,773.07,869.39,-6.93,2.68,False,1560971,726560,1258142626,553743661,2.27,True,True,21.69,紅K突破,,False,True,False,False,1,False,B級觀察：接近成形，等待確認,量能放大,三角收斂突破,825.0,712.36,1003.0,接近成形＋可觀察,841.5,825.0,841.5,866.75,800.25,4.9,中,-2.3,8.93,3.92,19.19,841.5,0.74,False,False,False,預備單，等待確認條件,頸線以當日前20日高點計算；收盤站上頸線 825.0 至少2%；成交量>=20日均量2倍；不可長上影；回踩須有近10日突破紀錄且不有效跌破頸線；距離頸線>5%禁止進場,100,B,即將突破觀察,條件接近完整，等收盤確認或回踩不破。,False,2026-10-05,True,True,STOP,STOP 停止進場,觀察,取消新進場，只保留觀察,只看續抱 / 減碼 / 停利 / 停損，不新增部位。,停止新進場，先保留現金，等待大盤止跌。,停止新進場，禁止顯示今日可進場。,False,False
2026-10-05,2026-10-05,收盤確認價,臺灣證券交易所 / 證券櫃檯買賣中心正式收盤；yfinance 歷史資料,只使用完整收盤日K，不使用盤中未完成K,上櫃,6245,立端,89.1,90.0,87.6,88.42,87.21,84.6,82.5,76.51,10.27,1.02,False,817082,974768,72802006,83075698,2.15,True,True,54.76,下影線,,True,False,False,False,1,False,B級觀察：接近成形，等待確認,趨勢多頭,旗型整理突破,90.6,80.37,108.8,接近成形＋可觀察,92.41,90.6,92.41,95.18,87.88,4.9,中,-1.66,2.2,3.62,17.73,92.41,1.01,False,False,False,預備單，等待確認條件,頸線以當日前20日高點計算；收盤站上頸線 90.6 至少2%；成交量>=20日均量2倍；不可長上影；回踩須有近10日突破紀錄且不有效跌破頸線；距離頸線>5%禁止進場,100,B,即將突破觀察,條件接近完整，等收盤確認或回踩不破。,False,2026-10-05,True,True,STOP,STOP 停止進場,觀察,取消新進場，只保留觀察,只看續抱 / 減碼 / 停利 / 停損，不新增部位。,停止新進場，先保留現金，等待大盤止跌。,停止新進場，禁止顯示今日可進場。,False,False
2026-10-05,2026-10-05,收盤確認價,臺灣證券交易所 / 證券櫃檯買賣中心正式收盤；yfinance 歷史資料,只使用完整收盤日K，不使用盤中未完成K,上市,2347,聯強,97.0,98.7,96.3,95.78,93.84,91.37,89.34,76.69,9.6,-0.1,False,3056330,3136199,296464010,287956356,1.36,True,True,70.68,一般K,,True,False,False,False,1,False,B級觀察：接近成形，等待確認,趨勢多頭,旗型整理突破,100.0,86.8,119.7,接近成形＋可觀察,102.0,100.0,102.0,105.06,97.0,4.9,中,-3.0,3.0,3.54,17.35,102.0,0.0,False,False,False,預備單，等待確認條件,頸線以當日前20日高點計算；收盤站上頸線 100.0 至少2%；成交量>=20日均量2倍；不可長上影；回踩須有近10日突破紀錄且不有效跌破頸線；距離頸線>5%禁止進場,100,B,即將突破觀察,條件接近完整，等收盤確認或回踩不破。,False,2026-10-05,True,True,STOP,STOP 停止進場,觀察,取消新進場，只保留觀察,只看續抱 / 減碼 / 停利 / 停損，不新增部位。,停止新進場，先保留現金，等待大盤止跌。,停止新進場，禁止顯示今日可進場。,False,False
2026-10-05,2026-10-05,收盤確認價,臺灣證券交易所 / 證券櫃檯買賣中心正式收盤；yfinance 歷史資料,只使用完整收盤日K，不使用盤中未完成K,上櫃,6509,聚和,49.9,50.5,49.3,49.17,48.15,46.99,46.87,41.68,-4.41,-0.0,False,1100995,757429,54939650,36033532,1.16,True,True,38.32,一般K,,True,False,False,False,1,False,B級觀察：接近成形，等待確認,趨勢多頭,箱型突破,50.3,44.64,60.1,接近成形＋可觀察,51.31,50.3,51.31,52.85,48.79,4.9,中,-0.8,5.31,3.5,17.14,51.31,0.0,False,False,False,預備單，等待確認條件,頸線以當日前20日高點計算；收盤站上頸線 50.3 至少2%；成交量>=20日均量2倍；不可長上影；回踩須有近10日突破紀錄且不有效跌破頸線；距離頸線>5%禁止進場,100,B,即將突破觀察,條件接近完整，等收盤確認或回踩不破。,False,2026-10-05,True,True,STOP,STOP 停止進場,觀察,取消新進場，只保留觀察,只看續抱 / 減碼 / 停利 / 停損，不新增部位。,停止新進場，先保留現金，等待大盤止跌。,停止新進場，禁止顯示今日可進場。,False,False
2026-10-05,2026-10-05,收盤確認價,臺灣證券交易所 / 證券櫃檯買賣中心正式收盤；yfinance 歷史資料,只使用完整收盤日K，不使用盤中未完成K,上櫃,6163,華電網,43.4,44.6,40.2,41.84,41.73,41.05,41.65,47.92,-6.06,5.34,False,3935324,794405,170793061,33028220,2.01,True,True,19.47,紅K突破,,False,True,False,False,1,False,B級觀察：接近成形，等待確認,量能放大,三角收斂突破,43.5,39.0,51.95,接近成形＋可觀察,44.37,43.5,44.37,45.7,42.2,4.9,中,-0.23,8.05,3.49,17.08,44.37,2.76,False,False,False,預備單，等待確認條件,頸線以當日前20日高點計算；收盤站上頸線 43.5 至少2%；成交量>=20日均量2倍；不可長上影；回踩須有近10日突破紀錄且不有效跌破頸線；距離頸線>5%禁止進場,100,B,即將突破觀察,條件接近完整，等收盤確認或回踩不破。,False,2026-10-05,True,True,STOP,STOP 停止進場,觀察,取消新進場，只保留觀察,只看續抱 / 減碼 / 停利 / 停損，不新增部位。,停止新進場，先保留現金，等待大盤止跌。,停止新進場，禁止顯示今日可進場。,False,False
2026-10-05,2026-10-05,收盤確認價,臺灣證券交易所 / 證券櫃檯買賣中心正式收盤；yfinance 歷史資料,只使用完整收盤日K，不使用盤中未完成K,上市,1609,大亞,38.2,39.0,38.05,38.54,38.24,37.89,37.27,37.73,-2.3,-0.91,False,3514769,2962644,134264175,112675120,0.84,True,True,23.65,一般K,,True,False,False,False,1,False,B級觀察：接近成形，等待確認,趨勢多頭,接近成形,39.3,36.7,46.5,接近成形＋可觀察,40.09,39.3,40.09,41.29,38.12,4.9,中,-2.8,6.26,3.26,16.0,40.09,0.0,False,False,False,預備單，等待確認條件,頸線以當日前20日高點計算；收盤站上頸線 39.3 至少2%；成交量>=20日均量2倍；不可長上影；回踩須有近10日突破紀錄且不有效跌破頸線；距離頸線>5%禁止進場,100,B,即將突破觀察,條件接近完整，等收盤確認或回踩不破。,False,2026-10-05,True,True,STOP,STOP 停止進場,觀察,取消新進場，只保留觀察,只看續抱 / 減碼 / 停利 / 停損，不新增部位。,停止新進場，先保留現金，等待大盤止跌。,停止新進場，禁止顯示今日可進場。,False,False
2026-10-05,2026-10-05,收盤確認價,臺灣證券交易所 / 證券櫃檯買賣中心正式收盤；yfinance 歷史資料,只使用完整收盤日K，不使用盤中未完成K,上市,2006,東和鋼鐵,85.8,86.6,85.2,85.56,86.06,83.86,80.04,71.26,22.22,-0.92,False,723099,1664921,62041894,140514225,2.02,True,True,51.9,一般K,,True,False,False,False,1,False,B級觀察：接近成形，等待確認,趨勢多頭,箱型突破,84.0,80.4,99.0,接近成形＋可觀察,85.68,84.0,85.68,88.25,81.48,4.9,中,2.14,3.81,3.17,15.55,85.68,0.0,True,False,False,預備單，等待確認條件,頸線以當日前20日高點計算；收盤站上頸線 84.0 至少2%；成交量>=20日均量2倍；不可長上影；回踩須有近10日突破紀錄且不有效跌破頸線；距離頸線>5%禁止進場,100,B,即將突破觀察,條件接近完整，等收盤確認或回踩不破。,False,2026-10-05,True,True,STOP,STOP 停止進場,觀察,取消新進場，只保留觀察,只看續抱 / 減碼 / 停利 / 停損，不新增部位。,停止新進場，先保留現金，等待大盤止跌。,停止新進場，禁止顯示今日可進場。,False,False
2026-10-05,2026-10-05,收盤確認價,臺灣證券交易所 / 證券櫃檯買賣中心正式收盤；yfinance 歷史資料,只使用完整收盤日K，不使用盤中未完成K,上市,1314,中石化,8.67,8.94,8.59,8.85,8.9,8.56,8.24,8.04,-2.58,-3.13,False,46188896,47535219,400457728,419939500,2.96,True,True,61.6,一般K,,True,False,False,False,1,False,B級觀察：接近成形，等待確認,趨勢多頭,接近成形,8.55,8.13,9.75,回踩頸線不破,8.72,8.55,8.72,8.98,8.29,4.34,高,1.4,8.74,2.87,12.46,8.67,0.0,True,False,False,回踩頸線不破，可觀察低風險進場,頸線以當日前20日高點計算；收盤站上頸線 8.55 至少2%；成交量>=20日均量2倍；不可長上影；回踩須有近10日突破紀錄且不有效跌破頸線；距離頸線>5%禁止進場,100,B,等確認,條件接近完整，等收盤確認或回踩不破。,False,2026-10-05,True,True,STOP,STOP 停止進場,回踩買點,取消新進場，只保留觀察,只看續抱 / 減碼 / 停利 / 停損，不新增部位。,停止新進場，先保留現金，等待大盤止跌。,停止新進場，禁止顯示今日可進場。,False,False
2026-10-05,2026-10-05,收盤確認價,臺灣證券交易所 / 證券櫃檯買賣中心正式收盤；yfinance 歷史資料,只使用完整收盤日K，不使用盤中未完成K,上市,1513,中興電,166.5,168.5,166.0,167.1,166.65,165.72,163.64,159.47,-1.19,-0.6,False,1909857,1660901,317991190,275789097,0.92,True,True,15.34,一般K,,True,False,False,False,1,False,B級觀察：接近成形，等待確認,趨勢多頭,箱型突破,169.5,162.0,193.5,接近成形＋可觀察,172.89,169.5,172.89,178.08,164.41,4.9,中,-1.77,5.93,2.43,11.92,172.89,0.0,False,False,False,預備單，等待確認條件,頸線以當日前20日高點計算；收盤站上頸線 169.5 至少2%；成交量>=20日均量2倍；不可長上影；回踩須有近10日突破紀錄且不有效跌破頸線；距離頸線>5%禁止進場,100,B,即將突破觀察,條件接近完整，等收盤確認或回踩不破。,False,2026-10-05,True,True,STOP,STOP 停止進場,觀察,取消新進場，只保留觀察,只看續抱 / 減碼 / 停利 / 停損，不新增部位。,停止新進場，先保留現金，等待大盤止跌。,停止新進場，禁止顯示今日可進場。,False,False
2026-10-05,2026-10-05,收盤確認價,臺灣證券交易所 / 證券櫃檯買賣中心正式收盤；yfinance 歷史資料,只使用完整收盤日K，不使用盤中未完成K,上市,2317,鴻海,254.0,256.0,253.5,252.2,252.1,251.45,249.88,237.25,6.95,1.2,False,52629375,30612257,13367861250,7714027273,1.25,True,True,13.65,一般K,,True,False,False,False,1,False,B級觀察：接近成形，等待確認,趨勢多頭,箱型突破,259.0,243.5,291.5,接近成形＋可觀察,264.18,259.0,264.18,272.11,251.23,4.9,中,-1.93,7.47,2.11,10.34,264.18,0.79,False,False,False,預備單，等待確認條件,頸線以當日前20日高點計算；收盤站上頸線 259.0 至少2%；成交量>=20日均量2倍；不可長上影；回踩須有近10日突破紀錄且不有效跌破頸線；距離頸線>5%禁止進場,100,B,即將突破觀察,條件接近完整，等收盤確認或回踩不破。,False,2026-10-05,True,True,STOP,STOP 停止進場,觀察,取消新進場，只保留觀察,只看續抱 / 減碼 / 停利 / 停損，不新增部位。,停止新進場，先保留現金，等待大盤止跌。,停止新進場，禁止顯示今日可進場。,False,False
2026-10-05,2026-10-05,收盤確認價,臺灣證券交易所 / 證券櫃檯買賣中心正式收盤；yfinance 歷史資料,只使用完整收盤日K，不使用盤中未完成K,上市,2328,廣宇,48.3,48.55,47.95,47.71,47.38,46.66,45.92,48.95,-0.41,0.73,False,2608301,1457396,125980938,68151141,1.16,True,True,25.07,一般K,,False,False,False,False,0,False,B級觀察：接近成形，等待確認,條件不足,箱型突破,48.55,44.85,58.45,接近成形＋可觀察,49.52,48.55,49.52,51.01,47.09,4.9,中,-0.51,5.29,3.68,18.03,49.52,0.52,False,False,False,預備單，等待確認條件,頸線以當日前20日高點計算；收盤站上頸線 48.55 至少2%；成交量>=20日均量2倍；不可長上影；回踩須有近10日突破紀錄且不有效跌破頸線；距離頸線>5%禁止進場,100,B,即將突破觀察,條件接近完整，等收盤確認或回踩不破。,False,2026-10-05,True,True,STOP,STOP 停止進場,觀察,取消新進場，只保留觀察,只看續抱 / 減碼 / 停利 / 停損，不新增部位。,停止新進場，先保留現金，等待大盤止跌。,停止新進場，禁止顯示今日可進場。,False,False
2026-10-05,2026-10-05,收盤確認價,臺灣證券交易所 / 證券櫃檯買賣中心正式收盤；yfinance 歷史資料,只使用完整收盤日K，不使用盤中未完成K,上櫃,3293,鈊象,794.0,798.0,787.0,793.2,763.6,734.8,735.72,739.8,6.72,0.38,False,1371999,1889999,1089367206,1423016919,1.65,True,True,33.21,一般K,,False,False,False,False,0,False,B級觀察：接近成形，等待確認,條件不足,接近成形,796.0,698.06,910.0,接近成形＋可觀察,811.92,796.0,811.92,836.28,772.12,4.9,中,-0.25,3.05,2.46,12.08,811.92,0.13,True,False,False,預備單，等待確認條件,頸線以當日前20日高點計算；收盤站上頸線 796.0 至少2%；成交量>=20日均量2倍；不可長上影；回踩須有近10日突破紀錄且不有效跌破頸線；距離頸線>5%禁止進場,100,B,即將突破觀察,條件接近完整，等收盤確認或回踩不破。,False,2026-10-05,True,True,STOP,STOP 停止進場,觀察,取消新進場，只保留觀察,只看續抱 / 減碼 / 停利 / 停損，不新增部位。,停止新進場，先保留現金，等待大盤止跌。,停止新進場，禁止顯示今日可進場。,False,False
2026-10-05,2026-10-05,收盤確認價,臺灣證券交易所 / 證券櫃檯買賣中心正式收盤；yfinance 歷史資料,只使用完整收盤日K，不使用盤中未完成K,上市,1102,亞泥,35.15,35.8,35.05,35.5,35.5,35.35,34.22,35.46,-1.54,-1.26,False,5154626,7091787,181185103,250950075,0.78,True,True,25.56,一般K,,False,False,False,False,0,False,B級觀察：接近成形，等待確認,條件不足,接近成形,36.1,34.6,40.6,接近成形＋可觀察,36.82,36.1,36.82,37.93,35.02,4.9,中,-2.63,2.63,2.09,10.26,36.82,0.0,False,False,False,預備單，等待確認條件,頸線以當日前20日高點計算；收盤站上頸線 36.1 至少2%；成交量>=20日均量2倍；不可長上影；回踩須有近10日突破紀錄且不有效跌破頸線；距離頸線>5%禁止進場,100,B,即將突破觀察,條件接近完整，等收盤確認或回踩不破。,False,2026-10-05,True,True,STOP,STOP 停止進場,觀察,取消新進場，只保留觀察,只看續抱 / 減碼 / 停利 / 停損，不新增部位。,停止新進場，先保留現金，等待大盤止跌。,停止新進場，禁止顯示今日可進場。,False,False
2026-10-05,2026-10-05,收盤確認價,臺灣證券交易所 / 證券櫃檯買賣中心正式收盤；yfinance 歷史資料,只使用完整收盤日K，不使用盤中未完成K,上櫃,3580,友威科,108.0,111.5,106.0,109.4,104.75,95.95,85.88,78.03,12.73,-0.46,False,1113612,1181906,120270096,120798447,3.18,True,True,75.08,一般K,,True,False,False,False,1,False,B級觀察：接近成形，等待確認,趨勢多頭,旗型整理突破,105.5,91.15,145.6,回踩頸線不破,107.61,105.5,107.61,110.84,102.33,5.25,中,2.37,6.9,6.64,34.81,108.0,0.46,True,False,False,回踩頸線不破，可觀察低風險進場,頸線以當日前20日高點計算；收盤站上頸線 105.5 至少2%；成交量>=20日均量2倍；不可長上影；回踩須有近10日突破紀錄且不有效跌破頸線；距離頸線>5%禁止進場,90,B,等確認,條件接近完整，等收盤確認或回踩不破。,False,2026-10-05,True,True,STOP,STOP 停止進場,回踩買點,取消新進場，只保留觀察,只看續抱 / 減碼 / 停利 / 停損，不新增部位。,停止新進場，先保留現金，等待大盤止跌。,停止新進場，禁止顯示今日可進場。,False,False
2026-10-05,2026-10-05,收盤確認價,臺灣證券交易所 / 證券櫃檯買賣中心正式收盤；yfinance 歷史資料,只使用完整收盤日K，不使用盤中未完成K,上櫃,6485,點序,79.0,83.3,78.0,78.86,73.83,67.05,64.47,80.89,2.86,-5.5,False,1587972,853917,125449788,64781216,4.87,True,True,49.04,長黑,,False,False,False,False,0,False,B級觀察：接近成形，等待確認,條件不足,旗型整理突破,77.3,63.69,102.5,回踩頸線不破,78.85,77.3,78.85,81.21,74.98,5.09,中,2.2,8.35,5.85,29.75,79.0,0.0,True,False,False,回踩頸線不破，可觀察低風險進場,頸線以當日前20日高點計算；收盤站上頸線 77.3 至少2%；成交量>=20日均量2倍；不可長上影；回踩須有近10日突破紀錄且不有效跌破頸線；距離頸線>5%禁止進場,90,B,等確認,條件接近完整，等收盤確認或回踩不破。,False,2026-10-05,True,True,STOP,STOP 停止進場,回踩買點,取消新進場，只保留觀察,只看續抱 / 減碼 / 停利 / 停損，不新增部位。,停止新進場，先保留現金，等待大盤止跌。,停止新進場，禁止顯示今日可進場。,False,False
2026-10-05,2026-10-05,收盤確認價,臺灣證券交易所 / 證券櫃檯買賣中心正式收盤；yfinance 歷史資料,只使用完整收盤日K，不使用盤中未完成K,上櫃,8227,巨有科技,366.0,372.0,361.5,361.4,329.5,273.62,193.61,168.5,97.3,-1.08,False,610607,3648623,223482162,967374373,4.87,True,True,80.3,一般K,,True,False,False,True,2,False,B級觀察：接近成形，等待確認,趨勢多頭、價量條件足,旗型整理突破,384.5,259.94,641.0,接近成形＋可觀察,392.19,384.5,392.19,403.96,372.96,4.9,中,-4.81,4.81,12.94,63.44,392.19,0.0,False,False,False,預備單，等待確認條件,頸線以當日前20日高點計算；收盤站上頸線 384.5 至少2%；成交量>=20日均量2倍；不可長上影；回踩須有近10日突破紀錄且不有效跌破頸線；距離頸線>5%禁止進場,85,B,即將突破觀察,條件接近完整，等收盤確認或回踩不破。,False,2026-10-05,True,True,STOP,STOP 停止進場,觀察,取消新進場，只保留觀察,只看續抱 / 減碼 / 停利 / 停損，不新增部位。,停止新進場，先保留現金，等待大盤止跌。,停止新進場，禁止顯示今日可進場。,False,False
2026-10-05,2026-10-05,收盤確認價,臺灣證券交易所 / 證券櫃檯買賣中心正式收盤；yfinance 歷史資料,只使用完整收盤日K，不使用盤中未完成K,上櫃,3105,穩懋,615.0,630.0,604.0,555.8,526.95,490.77,413.43,335.18,51.48,4.06,False,48127911,27817689,29598665265,13908076519,3.9,True,True,29.45,下影線,,True,False,False,True,2,False,B級觀察：接近成形，等待確認,趨勢多頭、價量條件足,旗型整理突破,591.0,466.24,920.0,接近成形＋可觀察,602.82,591.0,602.82,620.9,573.27,4.9,中,4.06,4.06,10.73,52.62,602.82,2.44,False,False,False,預備單，等待確認條件,頸線以當日前20日高點計算；收盤站上頸線 591.0 至少2%；成交量>=20日均量2倍；不可長上影；回踩須有近10日突破紀錄且不有效跌破頸線；距離頸線>5%禁止進場,85,B,即將突破觀察,條件接近完整，等收盤確認或回踩不破。,False,2026-10-05,True,True,STOP,STOP 停止進場,觀察,取消新進場，只保留觀察,只看續抱 / 減碼 / 停利 / 停損，不新增部位。,停止新進場，先保留現金，等待大盤止跌。,停止新進場，禁止顯示今日可進場。,False,False
2026-10-05,2026-10-05,收盤確認價,臺灣證券交易所 / 證券櫃檯買賣中心正式收盤；yfinance 歷史資料,只使用完整收盤日K，不使用盤中未完成K,上櫃,3455,由田,283.5,295.5,274.0,276.9,264.6,249.2,226.41,171.86,16.67,1.25,False,8870462,2871971,2514775977,750145273,3.17,True,True,34.5,下影線,,True,True,False,False,2,False,B級觀察：接近成形，等待確認,趨勢多頭、量能放大,旗型整理突破,295.0,236.74,445.0,接近成形＋可觀察,300.9,295.0,300.9,309.93,286.15,4.9,中,-3.9,3.9,9.77,47.89,300.9,3.35,False,False,False,預備單，等待確認條件,頸線以當日前20日高點計算；收盤站上頸線 295.0 至少2%；成交量>=20日均量2倍；不可長上影；回踩須有近10日突破紀錄且不有效跌破頸線；距離頸線>5%禁止進場,85,B,即將突破觀察,條件接近完整，等收盤確認或回踩不破。,False,2026-10-05,True,True,STOP,STOP 停止進場,觀察,取消新進場，只保留觀察,只看續抱 / 減碼 / 停利 / 停損，不新增部位。,停止新進場，先保留現金，等待大盤止跌。,停止新進場，禁止顯示今日可進場。,False,False
2026-10-05,2026-10-05,收盤確認價,臺灣證券交易所 / 證券櫃檯買賣中心正式收盤；yfinance 歷史資料,只使用完整收盤日K，不使用盤中未完成K,上櫃,6716,應廣,133.0,133.0,120.5,120.0,118.6,118.22,108.5,79.91,29.76,9.92,True,1130704,634463,150383632,75569613,4.05,True,True,20.87,紅K突破,IC設計 MCU 半導體,True,False,True,False,2,False,B級觀察：接近成形，等待確認,趨勢多頭、題材命中,旗型整理突破,138.0,112.5,207.3,接近成形＋可觀察,140.76,138.0,140.76,144.98,133.86,4.9,中,-3.62,5.0,9.64,47.27,140.76,0.0,False,False,False,預備單，等待確認條件,頸線以當日前20日高點計算；收盤站上頸線 138.0 至少2%；成交量>=20日均量2倍；不可長上影；回踩須有近10日突破紀錄且不有效跌破頸線；距離頸線>5%禁止進場,85,B,即將突破觀察,條件接近完整，等收盤確認或回踩不破。,False,2026-10-05,True,True,STOP,STOP 停止進場,觀察,取消新進場，只保留觀察,只看續抱 / 減碼 / 停利 / 停損，不新增部位。,停止新進場，先保留現金，等待大盤止跌。,停止新進場，禁止顯示今日可進場。,False,False
2026-10-05,2026-10-05,收盤確認價,臺灣證券交易所 / 證券櫃檯買賣中心正式收盤；yfinance 歷史資料,只使用完整收盤日K，不使用盤中未完成K,上市,2313,華通,248.5,248.5,232.0,230.3,227.05,227.45,218.55,189.08,11.43,9.96,True,51436246,21478225,12781907131,4994018894,3.38,True,True,27.31,紅K突破,,True,True,False,False,2,False,B級觀察：接近成形，等待確認,趨勢多頭、量能放大,旗型整理突破,258.0,216.08,362.0,接近成形＋可觀察,263.16,258.0,263.16,271.05,250.26,4.9,中,-3.68,4.42,7.66,37.56,263.16,0.0,False,False,False,預備單，等待確認條件,頸線以當日前20日高點計算；收盤站上頸線 258.0 至少2%；成交量>=20日均量2倍；不可長上影；回踩須有近10日突破紀錄且不有效跌破頸線；距離頸線>5%禁止進場,85,B,即將突破觀察,條件接近完整，等收盤確認或回踩不破。,False,2026-10-05,True,True,STOP,STOP 停止進場,觀察,取消新進場，只保留觀察,只看續抱 / 減碼 / 停利 / 停損，不新增部位。,停止新進場，先保留現金，等待大盤止跌。,停止新進場，禁止顯示今日可進場。,False,False
2026-10-05,2026-10-05,收盤確認價,臺灣證券交易所 / 證券櫃檯買賣中心正式收盤；yfinance 歷史資料,只使用完整收盤日K，不使用盤中未完成K,上櫃,8040,九暘,94.0,96.9,93.7,96.72,92.05,85.28,77.76,67.33,1.18,-1.78,False,1948159,3331562,183126946,297547873,3.65,True,True,51.41,一般K,IC設計 網通 半導體,True,False,True,False,2,False,B級觀察：接近成形，等待確認,趨勢多頭、題材命中,旗型整理突破,97.6,81.02,134.7,接近成形＋可觀察,99.55,97.6,99.55,102.54,94.67,4.9,中,-3.69,8.29,7.2,35.31,99.55,1.38,True,False,False,預備單，等待確認條件,頸線以當日前20日高點計算；收盤站上頸線 97.6 至少2%；成交量>=20日均量2倍；不可長上影；回踩須有近10日突破紀錄且不有效跌破頸線；距離頸線>5%禁止進場,85,B,即將突破觀察,條件接近完整，等收盤確認或回踩不破。,False,2026-10-05,True,True,STOP,STOP 停止進場,觀察,取消新進場，只保留觀察,只看續抱 / 減碼 / 停利 / 停損，不新增部位。,停止新進場，先保留現金，等待大盤止跌。,停止新進場，禁止顯示今日可進場。,False,False
2026-10-05,2026-10-05,收盤確認價,臺灣證券交易所 / 證券櫃檯買賣中心正式收盤；yfinance 歷史資料,只使用完整收盤日K，不使用盤中未完成K,上櫃,6290,良維,281.5,285.5,276.0,277.1,277.3,271.43,245.74,228.54,-5.7,1.62,False,3051847,3476561,859094930,947276464,3.51,True,True,32.48,下影線,連接器 伺服器 電源線 AI,True,False,True,False,2,False,B級觀察：接近成形，等待確認,趨勢多頭、題材命中,旗型整理突破,291.5,257.85,396.5,接近成形＋可觀察,297.33,291.5,297.33,306.25,282.75,4.9,中,-3.43,8.16,6.8,33.35,297.33,1.42,False,False,False,預備單，等待確認條件,頸線以當日前20日高點計算；收盤站上頸線 291.5 至少2%；成交量>=20日均量2倍；不可長上影；回踩須有近10日突破紀錄且不有效跌破頸線；距離頸線>5%禁止進場,85,B,即將突破觀察,條件接近完整，等收盤確認或回踩不破。,False,2026-10-05,True,True,STOP,STOP 停止進場,觀察,取消新進場，只保留觀察,只看續抱 / 減碼 / 停利 / 停損，不新增部位。,停止新進場，先保留現金，等待大盤止跌。,停止新進場，禁止顯示今日可進場。,False,False
2026-10-05,2026-10-05,收盤確認價,臺灣證券交易所 / 證券櫃檯買賣中心正式收盤；yfinance 歷史資料,只使用完整收盤日K，不使用盤中未完成K,上市,2357,華碩,995.0,995.0,968.0,969.2,961.6,962.45,881.0,685.01,45.47,3.43,False,2807714,2714508,2793675430,2619233598,2.45,True,True,30.11,紅K突破,,True,False,False,True,2,False,B級觀察：接近成形，等待確認,趨勢多頭、價量條件足,旗型整理突破,1030.0,914.33,1376.0,接近成形＋可觀察,1050.6,1030.0,1050.6,1082.12,999.1,4.9,中,-3.4,3.4,6.32,30.97,1050.6,0.0,False,False,False,預備單，等待確認條件,頸線以當日前20日高點計算；收盤站上頸線 1030.0 至少2%；成交量>=20日均量2倍；不可長上影；回踩須有近10日突破紀錄且不有效跌破頸線；距離頸線>5%禁止進場,85,B,即將突破觀察,條件接近完整，等收盤確認或回踩不破。,False,2026-10-05,True,True,STOP,STOP 停止進場,觀察,取消新進場，只保留觀察,只看續抱 / 減碼 / 停利 / 停損，不新增部位。,停止新進場，先保留現金，等待大盤止跌。,停止新進場，禁止顯示今日可進場。,False,False
2026-10-05,2026-10-05,收盤確認價,臺灣證券交易所 / 證券櫃檯買賣中心正式收盤；yfinance 歷史資料,只使用完整收盤日K，不使用盤中未完成K,上櫃,1815,富喬,128.5,128.5,123.5,119.5,119.6,120.29,99.03,92.81,42.03,6.2,False,73507950,53575472,9445771575,6512187876,4.12,True,True,16.48,紅K突破,,True,False,False,False,1,False,B級觀察：接近成形，等待確認,趨勢多頭,旗型整理突破,135.0,114.27,213.71,接近成形＋可觀察,137.7,135.0,137.7,141.83,130.95,4.9,中,-4.81,4.81,11.26,55.2,137.7,0.0,False,False,False,預備單，等待確認條件,頸線以當日前20日高點計算；收盤站上頸線 135.0 至少2%；成交量>=20日均量2倍；不可長上影；回踩須有近10日突破紀錄且不有效跌破頸線；距離頸線>5%禁止進場,85,B,即將突破觀察,條件接近完整，等收盤確認或回踩不破。,False,2026-10-05,True,True,STOP,STOP 停止進場,觀察,取消新進場，只保留觀察,只看續抱 / 減碼 / 停利 / 停損，不新增部位。,停止新進場，先保留現金，等待大盤止跌。,停止新進場，禁止顯示今日可進場。,False,False
2026-10-05,2026-10-05,收盤確認價,臺灣證券交易所 / 證券櫃檯買賣中心正式收盤；yfinance 歷史資料,只使用完整收盤日K，不使用盤中未完成K,上櫃,6291,沛亨,488.0,502.0,488.0,493.8,497.9,485.73,418.65,343.83,5.29,-1.01,False,710320,1645678,346636160,802640127,3.64,True,True,35.67,一般K,,True,False,False,False,1,False,B級觀察：接近成形，等待確認,趨勢多頭,接近成形,506.0,461.44,717.0,接近成形＋可觀察,516.12,506.0,516.12,531.6,490.82,4.9,中,-3.56,9.46,7.94,38.92,516.12,0.41,True,False,False,預備單，等待確認條件,頸線以當日前20日高點計算；收盤站上頸線 506.0 至少2%；成交量>=20日均量2倍；不可長上影；回踩須有近10日突破紀錄且不有效跌破頸線；距離頸線>5%禁止進場,85,B,即將突破觀察,條件接近完整，等收盤確認或回踩不破。,False,2026-10-05,True,True,STOP,STOP 停止進場,觀察,取消新進場，只保留觀察,只看續抱 / 減碼 / 停利 / 停損，不新增部位。,停止新進場，先保留現金，等待大盤止跌。,停止新進場，禁止顯示今日可進場。,False,False
2026-10-05,2026-10-05,收盤確認價,臺灣證券交易所 / 證券櫃檯買賣中心正式收盤；yfinance 歷史資料,只使用完整收盤日K，不使用盤中未完成K,上櫃,5340,建榮,85.5,88.1,83.9,82.12,82.22,82.65,77.31,84.94,3.26,2.76,False,6046441,3135343,516970705,262700957,1.99,True,True,26.42,一般K,,True,False,False,False,1,False,B級觀察：接近成形，等待確認,趨勢多頭,三角收斂突破,88.8,78.52,123.4,接近成形＋可觀察,90.58,88.8,90.58,93.29,86.14,4.9,中,-3.72,3.72,7.39,36.24,90.58,3.04,False,False,False,預備單，等待確認條件,頸線以當日前20日高點計算；收盤站上頸線 88.8 至少2%；成交量>=20日均量2倍；不可長上影；回踩須有近10日突破紀錄且不有效跌破頸線；距離頸線>5%禁止進場,85,B,即將突破觀察,條件接近完整，等收盤確認或回踩不破。,False,2026-10-05,True,True,STOP,STOP 停止進場,觀察,取消新進場，只保留觀察,只看續抱 / 減碼 / 停利 / 停損，不新增部位。,停止新進場，先保留現金，等待大盤止跌。,停止新進場，禁止顯示今日可進場。,False,False
2026-10-05,2026-10-05,收盤確認價,臺灣證券交易所 / 證券櫃檯買賣中心正式收盤；yfinance 歷史資料,只使用完整收盤日K，不使用盤中未完成K,上櫃,6643,M31,508.0,521.0,505.0,521.0,502.2,461.48,434.93,463.0,14.93,-1.55,False,713085,964904,362247180,476044510,4.24,True,True,49.42,一般K,,True,False,False,False,1,False,B級觀察：接近成形，等待確認,趨勢多頭,旗型整理突破,534.0,438.4,706.0,接近成形＋可觀察,544.68,534.0,544.68,561.02,517.98,4.9,中,-4.87,8.8,6.04,29.62,544.68,1.57,True,False,False,預備單，等待確認條件,頸線以當日前20日高點計算；收盤站上頸線 534.0 至少2%；成交量>=20日均量2倍；不可長上影；回踩須有近10日突破紀錄且不有效跌破頸線；距離頸線>5%禁止進場,85,B,即將突破觀察,條件接近完整，等收盤確認或回踩不破。,False,2026-10-05,True,True,STOP,STOP 停止進場,觀察,取消新進場，只保留觀察,只看續抱 / 減碼 / 停利 / 停損，不新增部位。,停止新進場，先保留現金，等待大盤止跌。,停止新進場，禁止顯示今日可進場。,False,False
2026-10-05,2026-10-05,收盤確認價,臺灣證券交易所 / 證券櫃檯買賣中心正式收盤；yfinance 歷史資料,只使用完整收盤日K，不使用盤中未完成K,上櫃,4772,台特化,278.0,290.0,277.5,272.8,259.55,251.2,249.28,294.4,2.77,-1.24,False,2729100,988318,758689800,263914113,2.91,True,True,43.04,長黑,,False,True,False,False,1,False,B級觀察：接近成形，等待確認,量能放大,旗型整理突破,290.5,238.64,376.0,接近成形＋可觀察,296.31,290.5,296.31,305.2,281.78,4.9,中,-4.3,4.3,5.49,26.89,296.31,0.0,False,False,False,預備單，等待確認條件,頸線以當日前20日高點計算；收盤站上頸線 290.5 至少2%；成交量>=20日均量2倍；不可長上影；回踩須有近10日突破紀錄且不有效跌破頸線；距離頸線>5%禁止進場,85,B,即將突破觀察,條件接近完整，等收盤確認或回踩不破。,False,2026-10-05,True,True,STOP,STOP 停止進場,觀察,取消新進場，只保留觀察,只看續抱 / 減碼 / 停利 / 停損，不新增部位。,停止新進場，先保留現金，等待大盤止跌。,停止新進場，禁止顯示今日可進場。,False,False
2026-10-05,2026-10-05,收盤確認價,臺灣證券交易所 / 證券櫃檯買賣中心正式收盤；yfinance 歷史資料,只使用完整收盤日K，不使用盤中未完成K,上市,1301,台塑,68.5,69.6,67.8,67.26,65.83,65.24,61.63,49.56,25.0,0.29,False,24980170,24405115,1711141645,1600915197,2.13,True,True,17.27,一般K,,True,False,False,False,1,False,B級觀察：接近成形，等待確認,趨勢多頭,旗型整理突破,71.2,61.98,89.5,接近成形＋可觀察,72.62,71.2,72.62,74.8,69.06,4.9,中,-3.79,3.79,4.74,23.24,72.62,0.44,False,False,False,預備單，等待確認條件,頸線以當日前20日高點計算；收盤站上頸線 71.2 至少2%；成交量>=20日均量2倍；不可長上影；回踩須有近10日突破紀錄且不有效跌破頸線；距離頸線>5%禁止進場,85,B,即將突破觀察,條件接近完整，等收盤確認或回踩不破。,False,2026-10-05,True,True,STOP,STOP 停止進場,觀察,取消新進場，只保留觀察,只看續抱 / 減碼 / 停利 / 停損，不新增部位。,停止新進場，先保留現金，等待大盤止跌。,停止新進場，禁止顯示今日可進場。,False,False
2026-10-05,2026-10-05,收盤確認價,臺灣證券交易所 / 證券櫃檯買賣中心正式收盤；yfinance 歷史資料,只使用完整收盤日K，不使用盤中未完成K,上櫃,6811,宏碁資訊,246.5,247.5,241.0,242.0,247.75,240.53,232.37,216.07,9.07,2.71,False,393871,415203,97089201,102745604,3.17,True,True,60.7,紅K突破,,True,False,False,False,1,False,B級觀察：接近成形，等待確認,趨勢多頭,接近成形,255.5,228.5,301.0,接近成形＋可觀察,260.61,255.5,260.61,268.43,247.83,4.9,中,-3.52,9.54,3.16,15.5,260.61,0.41,True,False,False,預備單，等待確認條件,頸線以當日前20日高點計算；收盤站上頸線 255.5 至少2%；成交量>=20日均量2倍；不可長上影；回踩須有近10日突破紀錄且不有效跌破頸線；距離頸線>5%禁止進場,85,B,即將突破觀察,條件接近完整，等收盤確認或回踩不破。,False,2026-10-05,True,True,STOP,STOP 停止進場,觀察,取消新進場，只保留觀察,只看續抱 / 減碼 / 停利 / 停損，不新增部位。,停止新進場，先保留現金，等待大盤止跌。,停止新進場，禁止顯示今日可進場。,False,False
2026-10-05,2026-10-05,收盤確認價,臺灣證券交易所 / 證券櫃檯買賣中心正式收盤；yfinance 歷史資料,只使用完整收盤日K，不使用盤中未完成K,上櫃,6712,長聖,160.0,163.0,159.0,161.3,160.45,158.35,154.81,148.44,-8.83,-0.62,False,401945,206603,64311200,32782445,0.99,True,True,26.74,一般K,,True,False,False,False,1,False,B級觀察：接近成形，等待確認,趨勢多頭,三角收斂突破,167.0,151.5,192.0,接近成形＋可觀察,170.34,167.0,170.34,175.45,161.99,4.9,中,-4.19,8.83,2.59,12.72,170.34,0.0,False,False,False,預備單，等待確認條件,頸線以當日前20日高點計算；收盤站上頸線 167.0 至少2%；成交量>=20日均量2倍；不可長上影；回踩須有近10日突破紀錄且不有效跌破頸線；距離頸線>5%禁止進場,85,B,即將突破觀察,條件接近完整，等收盤確認或回踩不破。,False,2026-10-05,True,True,STOP,STOP 停止進場,觀察,取消新進場，只保留觀察,只看續抱 / 減碼 / 停利 / 停損，不新增部位。,停止新進場，先保留現金，等待大盤止跌。,停止新進場，禁止顯示今日可進場。,False,False
2026-10-05,2026-10-05,收盤確認價,臺灣證券交易所 / 證券櫃檯買賣中心正式收盤；yfinance 歷史資料,只使用完整收盤日K，不使用盤中未完成K,上市,1608,華榮,35.85,36.5,35.85,35.9,35.8,36.02,34.68,34.74,5.29,-1.1,False,1554099,1680380,55714449,60695931,1.22,True,True,27.86,一般K,,False,False,False,False,0,False,B級觀察：接近成形，等待確認,條件不足,旗型整理突破,37.5,35.2,48.3,接近成形＋可觀察,38.25,37.5,38.25,39.4,36.38,4.9,中,-4.4,8.55,5.36,26.27,38.25,0.28,False,False,False,預備單，等待確認條件,頸線以當日前20日高點計算；收盤站上頸線 37.5 至少2%；成交量>=20日均量2倍；不可長上影；回踩須有近10日突破紀錄且不有效跌破頸線；距離頸線>5%禁止進場,85,B,即將突破觀察,條件接近完整，等收盤確認或回踩不破。,False,2026-10-05,True,True,STOP,STOP 停止進場,觀察,取消新進場，只保留觀察,只看續抱 / 減碼 / 停利 / 停損，不新增部位。,停止新進場，先保留現金，等待大盤止跌。,停止新進場，禁止顯示今日可進場。,False,False
2026-10-05,2026-10-05,收盤確認價,臺灣證券交易所 / 證券櫃檯買賣中心正式收盤；yfinance 歷史資料,只使用完整收盤日K，不使用盤中未完成K,上市,2371,大同,30.15,31.5,30.15,30.31,29.81,28.96,27.41,31.31,8.84,-3.05,False,18642408,12737684,562068601,376929191,2.06,True,True,40.98,長黑,,False,False,False,False,0,False,B級觀察：接近成形，等待確認,條件不足,旗型整理突破,31.6,27.51,39.9,接近成形＋可觀察,32.23,31.6,32.23,33.2,30.65,4.9,中,-4.59,4.59,4.85,23.79,32.23,0.0,False,False,False,預備單，等待確認條件,頸線以當日前20日高點計算；收盤站上頸線 31.6 至少2%；成交量>=20日均量2倍；不可長上影；回踩須有近10日突破紀錄且不有效跌破頸線；距離頸線>5%禁止進場,85,B,即將突破觀察,條件接近完整，等收盤確認或回踩不破。,False,2026-10-05,True,True,STOP,STOP 停止進場,觀察,取消新進場，只保留觀察,只看續抱 / 減碼 / 停利 / 停損，不新增部位。,停止新進場，先保留現金，等待大盤止跌。,停止新進場，禁止顯示今日可進場。,False,False
2026-10-05,2026-10-05,收盤確認價,臺灣證券交易所 / 證券櫃檯買賣中心正式收盤；yfinance 歷史資料,只使用完整收盤日K，不使用盤中未完成K,上市,2353,宏碁,31.4,32.0,31.4,31.54,31.65,31.68,30.96,29.49,-3.38,0.0,False,12041524,15315692,378103853,487550365,2.01,True,True,12.19,一般K,,False,False,False,False,0,False,B級觀察：接近成形，等待確認,條件不足,接近成形,33.05,30.75,38.45,接近成形＋可觀察,33.71,33.05,33.71,34.72,32.06,4.9,中,-4.99,5.42,2.87,14.06,33.71,0.8,False,False,False,預備單，等待確認條件,頸線以當日前20日高點計算；收盤站上頸線 33.05 至少2%；成交量>=20日均量2倍；不可長上影；回踩須有近10日突破紀錄且不有效跌破頸線；距離頸線>5%禁止進場,85,B,即將突破觀察,條件接近完整，等收盤確認或回踩不破。,False,2026-10-05,True,True,STOP,STOP 停止進場,觀察,取消新進場，只保留觀察,只看續抱 / 減碼 / 停利 / 停損，不新增部位。,停止新進場，先保留現金，等待大盤止跌。,停止新進場，禁止顯示今日可進場。,False,False
2026-10-05,2026-10-05,收盤確認價,臺灣證券交易所 / 證券櫃檯買賣中心正式收盤；yfinance 歷史資料,只使用完整收盤日K，不使用盤中未完成K,上市,2104,國際中橡,11.25,11.3,11.05,11.02,10.96,10.69,10.41,10.9,7.66,2.27,False,4890748,4753205,55020915,52016951,3.47,True,True,43.27,下影線,,True,False,False,False,1,False,B級觀察：接近成形，等待確認,趨勢多頭,旗型整理突破,10.95,10.16,12.45,回踩頸線不破,11.17,10.95,11.17,11.5,10.62,5.59,中,2.74,3.43,1.91,10.67,11.25,0.44,True,False,False,回踩頸線不破，可觀察低風險進場,頸線以當日前20日高點計算；收盤站上頸線 10.95 至少2%；成交量>=20日均量2倍；不可長上影；回踩須有近10日突破紀錄且不有效跌破頸線；距離頸線>5%禁止進場,77,B,等確認,條件接近完整，等收盤確認或回踩不破。,False,2026-10-05,True,True,STOP,STOP 停止進場,接近目標,取消新進場，只保留觀察,只看續抱 / 減碼 / 停利 / 停損，不新增部位。,停止新進場，先保留現金，等待大盤止跌。,停止新進場，禁止顯示今日可進場。,False,False
2026-10-05,2026-10-05,收盤確認價,臺灣證券交易所 / 證券櫃檯買賣中心正式收盤；yfinance 歷史資料,只使用完整收盤日K，不使用盤中未完成K,上櫃,6187,萬潤,1490.0,1490.0,1390.0,1348.0,1284.0,1281.5,1184.93,814.19,41.9,9.96,True,4888741,2117545,7284224090,2783870561,4.04,True,True,26.84,紅K突破,,True,True,False,True,3,True,B級觀察：接近成形，等待確認,趨勢多頭、量能放大、價量條件足,三角收斂突破,1435.0,1217.42,2044.0,突破第一根,1463.7,1435.0,1463.7,1507.61,1391.95,6.58,高,3.83,2.41,5.65,37.18,1490.0,0.0,False,False,False,突破確認，可在追價範圍內掛單,頸線以當日前20日高點計算；收盤站上頸線 1435.0 至少2%；成交量>=20日均量2倍；不可長上影；回踩須有近10日突破紀錄且不有效跌破頸線；距離頸線>5%禁止進場,75,B,等確認,條件接近完整，等收盤確認或回踩不破。,False,2026-10-05,True,True,STOP,STOP 停止進場,突破買點,取消新進場，只保留觀察,只看續抱 / 減碼 / 停利 / 停損，不新增部位。,停止新進場，先保留現金，等待大盤止跌。,停止新進場，禁止顯示今日可進場。,False,False
2026-10-05,2026-10-05,收盤確認價,臺灣證券交易所 / 證券櫃檯買賣中心正式收盤；yfinance 歷史資料,只使用完整收盤日K，不使用盤中未完成K,上櫃,5432,新門,178.0,179.0,164.5,164.3,162.7,157.4,139.01,144.96,26.24,8.21,True,699104,207183,124440512,33868849,4.18,True,True,21.56,紅K突破,,True,True,False,False,2,False,B級觀察：接近成形，等待確認,趨勢多頭、量能放大,三角收斂突破,171.5,149.53,244.7,突破第一根,174.93,171.5,174.93,180.18,166.35,6.54,高,3.79,3.79,5.73,37.47,178.0,0.56,False,False,False,突破確認，可在追價範圍內掛單,頸線以當日前20日高點計算；收盤站上頸線 171.5 至少2%；成交量>=20日均量2倍；不可長上影；回踩須有近10日突破紀錄且不有效跌破頸線；距離頸線>5%禁止進場,75,B,等確認,條件接近完整，等收盤確認或回踩不破。,False,2026-10-05,True,True,STOP,STOP 停止進場,突破買點,取消新進場，只保留觀察,只看續抱 / 減碼 / 停利 / 停損，不新增部位。,停止新進場，先保留現金，等待大盤止跌。,停止新進場，禁止顯示今日可進場。,False,False
2026-10-05,2026-10-05,收盤確認價,臺灣證券交易所 / 證券櫃檯買賣中心正式收盤；yfinance 歷史資料,只使用完整收盤日K，不使用盤中未完成K,上市,2302,麗正,49.85,50.9,47.35,46.63,45.72,44.04,42.94,28.14,7.55,7.2,False,16760325,4875478,835502201,221914826,3.34,True,True,29.84,紅K突破,,True,True,False,False,2,False,B級觀察：接近成形，等待確認,趨勢多頭、量能放大,三角收斂突破,47.9,41.84,62.95,突破第一根,48.86,47.9,48.86,50.32,46.46,6.79,高,4.07,2.78,3.87,26.28,49.85,2.11,False,False,False,突破確認，可在追價範圍內掛單,頸線以當日前20日高點計算；收盤站上頸線 47.9 至少2%；成交量>=20日均量2倍；不可長上影；回踩須有近10日突破紀錄且不有效跌破頸線；距離頸線>5%禁止進場,75,B,等確認,條件接近完整，等收盤確認或回踩不破。,False,2026-10-05,True,True,STOP,STOP 停止進場,突破買點,取消新進場，只保留觀察,只看續抱 / 減碼 / 停利 / 停損，不新增部位。,停止新進場，先保留現金，等待大盤止跌。,停止新進場，禁止顯示今日可進場。,False,False
2026-10-05,2026-10-05,收盤確認價,臺灣證券交易所 / 證券櫃檯買賣中心正式收盤；yfinance 歷史資料,只使用完整收盤日K，不使用盤中未完成K,上市,1714,和桐,18.5,18.5,17.25,16.76,16.31,16.14,16.03,11.65,7.25,9.79,True,49600892,10469432,917616502,173934948,3.51,True,True,18.79,紅K突破,,True,True,False,False,2,False,B級觀察：接近成形，等待確認,趨勢多頭、量能放大,三角收斂突破,17.75,15.34,23.05,突破第一根,18.11,17.75,18.11,18.65,17.22,6.93,高,4.23,0.27,3.55,24.59,18.5,0.0,False,False,False,突破確認，可在追價範圍內掛單,頸線以當日前20日高點計算；收盤站上頸線 17.75 至少2%；成交量>=20日均量2倍；不可長上影；回踩須有近10日突破紀錄且不有效跌破頸線；距離頸線>5%禁止進場,75,B,等確認,條件接近完整，等收盤確認或回踩不破。,False,2026-10-05,True,True,STOP,STOP 停止進場,突破買點,取消新進場，只保留觀察,只看續抱 / 減碼 / 停利 / 停損，不新增部位。,停止新進場，先保留現金，等待大盤止跌。,停止新進場，禁止顯示今日可進場。,False,False
2026-10-05,2026-10-05,收盤確認價,臺灣證券交易所 / 證券櫃檯買賣中心正式收盤；yfinance 歷史資料,只使用完整收盤日K，不使用盤中未完成K,上櫃,6620,漢達,146.0,150.0,143.0,142.2,137.8,131.75,100.21,93.06,46.73,1.74,False,4194034,4543335,612328964,601510342,5.92,True,True,47.64,下影線,,True,False,False,True,2,False,B級觀察：接近成形，等待確認,趨勢多頭、價量條件足,旗型整理突破,155.0,125.16,236.0,接近成形＋可觀察,158.1,155.0,158.1,162.84,150.35,4.9,中,-5.81,5.81,10.05,49.27,158.1,2.74,False,False,False,預備單，等待確認條件,頸線以當日前20日高點計算；收盤站上頸線 155.0 至少2%；成交量>=20日均量2倍；不可長上影；回踩須有近10日突破紀錄且不有效跌破頸線；距離頸線>5%禁止進場,70,B,即將突破觀察,條件接近完整，等收盤確認或回踩不破。,False,2026-10-05,True,True,STOP,STOP 停止進場,觀察,取消新進場，只保留觀察,只看續抱 / 減碼 / 停利 / 停損，不新增部位。,停止新進場，先保留現金，等待大盤止跌。,停止新進場，禁止顯示今日可進場。,False,False
2026-10-05,2026-10-05,收盤確認價,臺灣證券交易所 / 證券櫃檯買賣中心正式收盤；yfinance 歷史資料,只使用完整收盤日K，不使用盤中未完成K,上櫃,6147,頎邦,216.0,228.0,215.5,216.5,218.25,205.9,179.75,126.93,-0.46,-3.14,False,34591103,45102525,7471678248,9274731103,4.29,True,True,32.31,長黑,半導體 封測 顯示驅動,True,False,True,False,2,False,B級觀察：接近成形，等待確認,趨勢多頭、題材命中,接近成形,233.0,195.6,352.5,接近成形＋可觀察,237.66,233.0,237.66,244.79,226.01,4.9,中,-7.3,7.3,9.86,48.32,237.66,0.23,False,False,False,預備單，等待確認條件,頸線以當日前20日高點計算；收盤站上頸線 233.0 至少2%；成交量>=20日均量2倍；不可長上影；回踩須有近10日突破紀錄且不有效跌破頸線；距離頸線>5%禁止進場,70,B,即將突破觀察,條件接近完整，等收盤確認或回踩不破。,False,2026-10-05,True,True,STOP,STOP 停止進場,觀察,取消新進場，只保留觀察,只看續抱 / 減碼 / 停利 / 停損，不新增部位。,停止新進場，先保留現金，等待大盤止跌。,停止新進場，禁止顯示今日可進場。,False,False
2026-10-05,2026-10-05,收盤確認價,臺灣證券交易所 / 證券櫃檯買賣中心正式收盤；yfinance 歷史資料,只使用完整收盤日K，不使用盤中未完成K,上櫃,4991,環宇-KY,524.0,547.0,519.0,501.2,486.2,475.18,457.88,397.29,13.54,-1.87,False,10218442,4035836,5354463608,1936917858,4.74,True,True,21.72,長黑,,True,True,False,False,2,False,B級觀察：接近成形，等待確認,趨勢多頭、量能放大,旗型整理突破,560.0,451.42,799.0,接近成形＋可觀察,571.2,560.0,571.2,588.34,543.2,4.9,中,-6.43,6.43,8.14,39.88,571.2,0.0,False,False,False,預備單，等待確認條件,頸線以當日前20日高點計算；收盤站上頸線 560.0 至少2%；成交量>=20日均量2倍；不可長上影；回踩須有近10日突破紀錄且不有效跌破頸線；距離頸線>5%禁止進場,70,B,即將突破觀察,條件接近完整，等收盤確認或回踩不破。,False,2026-10-05,True,True,STOP,STOP 停止進場,觀察,取消新進場，只保留觀察,只看續抱 / 減碼 / 停利 / 停損，不新增部位。,停止新進場，先保留現金，等待大盤止跌。,停止新進場，禁止顯示今日可進場。,False,False
2026-10-05,2026-10-05,收盤確認價,臺灣證券交易所 / 證券櫃檯買賣中心正式收盤；yfinance 歷史資料,只使用完整收盤日K，不使用盤中未完成K,上櫃,3228,金麗科,172.0,177.0,171.5,177.8,174.25,171.7,159.53,154.36,-0.86,-1.99,False,352565,301917,60641180,52606241,2.39,True,True,16.3,一般K,ASIC IC設計 AI IP 半導體,True,False,True,False,2,False,B級觀察：接近成形，等待確認,趨勢多頭、題材命中,接近成形,188.0,163.11,249.0,接近成形＋可觀察,191.76,188.0,191.76,197.51,182.36,4.9,中,-8.51,8.51,6.09,29.85,191.76,0.0,False,False,False,預備單，等待確認條件,頸線以當日前20日高點計算；收盤站上頸線 188.0 至少2%；成交量>=20日均量2倍；不可長上影；回踩須有近10日突破紀錄且不有效跌破頸線；距離頸線>5%禁止進場,70,B,即將突破觀察,條件接近完整，等收盤確認或回踩不破。,False,2026-10-05,True,True,STOP,STOP 停止進場,觀察,取消新進場，只保留觀察,只看續抱 / 減碼 / 停利 / 停損，不新增部位。,停止新進場，先保留現金，等待大盤止跌。,停止新進場，禁止顯示今日可進場。,False,False
2026-10-05,2026-10-05,收盤確認價,臺灣證券交易所 / 證券櫃檯買賣中心正式收盤；yfinance 歷史資料,只使用完整收盤日K，不使用盤中未完成K,上櫃,3624,光頡,145.5,154.5,145.5,144.5,137.7,124.68,100.29,75.94,1.04,-2.02,False,14880336,27001453,2165088888,3438684577,5.44,True,True,57.9,一般K,,True,False,False,False,1,False,B級觀察：接近成形，等待確認,趨勢多頭,旗型整理突破,157.5,118.45,258.9,接近成形＋可觀察,160.65,157.5,160.65,165.47,152.78,4.9,中,-7.62,7.62,12.48,61.16,160.65,2.41,False,False,False,預備單，等待確認條件,頸線以當日前20日高點計算；收盤站上頸線 157.5 至少2%；成交量>=20日均量2倍；不可長上影；回踩須有近10日突破紀錄且不有效跌破頸線；距離頸線>5%禁止進場,70,B,即將突破觀察,條件接近完整，等收盤確認或回踩不破。,False,2026-10-05,True,True,STOP,STOP 停止進場,觀察,取消新進場，只保留觀察,只看續抱 / 減碼 / 停利 / 停損，不新增部位。,停止新進場，先保留現金，等待大盤止跌。,停止新進場，禁止顯示今日可進場。,False,False
2026-10-05,2026-10-05,收盤確認價,臺灣證券交易所 / 證券櫃檯買賣中心正式收盤；yfinance 歷史資料,只使用完整收盤日K，不使用盤中未完成K,上櫃,4979,華星光,598.0,605.0,580.0,575.2,586.3,577.9,516.66,418.45,38.27,2.22,False,1322082,6675466,790605036,3997746356,5.2,True,True,15.19,下影線,,True,False,False,False,1,False,B級觀察：接近成形，等待確認,趨勢多頭,旗型整理突破,658.0,549.0,995.5,接近成形＋可觀察,671.16,658.0,671.16,691.29,638.26,4.9,中,-9.12,9.12,9.86,48.33,671.16,0.0,False,False,False,預備單，等待確認條件,頸線以當日前20日高點計算；收盤站上頸線 658.0 至少2%；成交量>=20日均量2倍；不可長上影；回踩須有近10日突破紀錄且不有效跌破頸線；距離頸線>5%禁止進場,70,B,即將突破觀察,條件接近完整，等收盤確認或回踩不破。,False,2026-10-05,True,True,STOP,STOP 停止進場,觀察,取消新進場，只保留觀察,只看續抱 / 減碼 / 停利 / 停損，不新增部位。,停止新進場，先保留現金，等待大盤止跌。,停止新進場，禁止顯示今日可進場。,False,False
2026-10-05,2026-10-05,收盤確認價,臺灣證券交易所 / 證券櫃檯買賣中心正式收盤；yfinance 歷史資料,只使用完整收盤日K，不使用盤中未完成K,上櫃,3693,營邦,689.0,692.0,650.0,681.0,697.2,688.6,572.52,468.22,33.53,3.92,False,1552493,1907957,1069667677,1314140541,2.87,True,True,20.1,紅K突破,,True,False,False,False,1,False,B級觀察：接近成形，等待確認,趨勢多頭,接近成形,748.0,654.17,1094.0,接近成形＋可觀察,762.96,748.0,762.96,785.85,725.56,4.9,中,-7.89,7.89,8.85,43.39,762.96,0.44,False,False,False,預備單，等待確認條件,頸線以當日前20日高點計算；收盤站上頸線 748.0 至少2%；成交量>=20日均量2倍；不可長上影；回踩須有近10日突破紀錄且不有效跌破頸線；距離頸線>5%禁止進場,70,B,即將突破觀察,條件接近完整，等收盤確認或回踩不破。,False,2026-10-05,True,True,STOP,STOP 停止進場,觀察,取消新進場，只保留觀察,只看續抱 / 減碼 / 停利 / 停損，不新增部位。,停止新進場，先保留現金，等待大盤止跌。,停止新進場，禁止顯示今日可進場。,False,False
2026-10-05,2026-10-05,收盤確認價,臺灣證券交易所 / 證券櫃檯買賣中心正式收盤；yfinance 歷史資料,只使用完整收盤日K，不使用盤中未完成K,上市,2301,光寶科,298.0,301.5,285.5,284.9,285.0,285.75,261.12,198.79,39.58,5.86,False,29984591,16326504,8935408118,4697220354,2.36,True,True,13.9,紅K突破,,True,False,False,False,1,False,B級觀察：接近成形，等待確認,趨勢多頭,旗型整理突破,325.5,271.46,474.5,接近成形＋可觀察,332.01,325.5,332.01,341.97,315.74,4.9,中,-8.45,9.15,8.76,42.92,332.01,1.17,False,False,False,預備單，等待確認條件,頸線以當日前20日高點計算；收盤站上頸線 325.5 至少2%；成交量>=20日均量2倍；不可長上影；回踩須有近10日突破紀錄且不有效跌破頸線；距離頸線>5%禁止進場,70,B,即將突破觀察,條件接近完整，等收盤確認或回踩不破。,False,2026-10-05,True,True,STOP,STOP 停止進場,觀察,取消新進場，只保留觀察,只看續抱 / 減碼 / 停利 / 停損，不新增部位。,停止新進場，先保留現金，等待大盤止跌。,停止新進場，禁止顯示今日可進場。,False,False
2026-10-05,2026-10-05,收盤確認價,臺灣證券交易所 / 證券櫃檯買賣中心正式收盤；yfinance 歷史資料,只使用完整收盤日K，不使用盤中未完成K,上櫃,6530,創威,98.5,102.5,98.5,101.0,100.47,97.85,85.45,81.14,18.67,-1.99,False,1108061,2254845,109144008,222307869,3.19,True,True,41.19,一般K,,True,False,False,False,1,False,B級觀察：接近成形，等待確認,趨勢多頭,接近成形,105.0,92.96,149.0,接近成形＋可觀察,107.1,105.0,107.1,110.31,101.85,4.9,中,-6.19,6.19,7.98,39.12,107.1,0.51,False,False,False,預備單，等待確認條件,頸線以當日前20日高點計算；收盤站上頸線 105.0 至少2%；成交量>=20日均量2倍；不可長上影；回踩須有近10日突破紀錄且不有效跌破頸線；距離頸線>5%禁止進場,70,B,即將突破觀察,條件接近完整，等收盤確認或回踩不破。,False,2026-10-05,True,True,STOP,STOP 停止進場,觀察,取消新進場，只保留觀察,只看續抱 / 減碼 / 停利 / 停損，不新增部位。,停止新進場，先保留現金，等待大盤止跌。,停止新進場，禁止顯示今日可進場。,False,False
2026-10-05,2026-10-05,收盤確認價,臺灣證券交易所 / 證券櫃檯買賣中心正式收盤；yfinance 歷史資料,只使用完整收盤日K，不使用盤中未完成K,上櫃,5464,霖宏,93.9,99.2,92.1,91.06,91.02,87.55,77.75,49.17,-0.63,3.53,False,1410619,1116951,132457124,97936186,4.67,True,True,83.01,一般K,,True,False,False,False,1,False,B級觀察：接近成形，等待確認,趨勢多頭,旗型整理突破,99.8,83.17,141.0,接近成形＋可觀察,101.8,99.8,101.8,104.85,96.81,4.9,中,-5.91,5.91,7.86,38.51,101.8,5.64,False,False,False,預備單，等待確認條件,頸線以當日前20日高點計算；收盤站上頸線 99.8 至少2%；成交量>=20日均量2倍；不可長上影；回踩須有近10日突破紀錄且不有效跌破頸線；距離頸線>5%禁止進場,70,B,即將突破觀察,條件接近完整，等收盤確認或回踩不破。,False,2026-10-05,True,True,STOP,STOP 停止進場,觀察,取消新進場，只保留觀察,只看續抱 / 減碼 / 停利 / 停損，不新增部位。,停止新進場，先保留現金，等待大盤止跌。,停止新進場，禁止顯示今日可進場。,False,False
2026-10-05,2026-10-05,收盤確認價,臺灣證券交易所 / 證券櫃檯買賣中心正式收盤；yfinance 歷史資料,只使用完整收盤日K，不使用盤中未完成K,上市,2303,聯電,152.5,165.0,152.0,156.7,157.05,148.78,134.68,91.03,-2.24,-5.57,False,328772084,182460426,50137742810,27122969198,3.69,True,True,47.9,長黑,,True,False,False,False,1,False,B級觀察：接近成形，等待確認,趨勢多頭,接近成形,168.5,141.34,234.5,接近成形＋可觀察,171.87,168.5,171.87,177.03,163.44,4.9,中,-9.5,9.5,7.43,36.44,171.87,0.33,False,False,False,預備單，等待確認條件,頸線以當日前20日高點計算；收盤站上頸線 168.5 至少2%；成交量>=20日均量2倍；不可長上影；回踩須有近10日突破紀錄且不有效跌破頸線；距離頸線>5%禁止進場,70,B,即將突破觀察,條件接近完整，等收盤確認或回踩不破。,False,2026-10-05,True,True,STOP,STOP 停止進場,觀察,取消新進場，只保留觀察,只看續抱 / 減碼 / 停利 / 停損，不新增部位。,停止新進場，先保留現金，等待大盤止跌。,停止新進場，禁止顯示今日可進場。,False,False
2026-10-05,2026-10-05,收盤確認價,臺灣證券交易所 / 證券櫃檯買賣中心正式收盤；yfinance 歷史資料,只使用完整收盤日K，不使用盤中未完成K,上市,2344,華邦電,181.0,181.0,174.0,178.7,176.2,174.82,169.68,121.15,2.55,1.12,False,90976614,94115012,16466767134,16561988557,3.3,True,True,8.52,紅K突破,,True,False,False,False,1,False,B級觀察：接近成形，等待確認,趨勢多頭,旗型整理突破,192.0,166.08,267.0,接近成形＋可觀察,195.84,192.0,195.84,201.72,186.24,4.9,中,-5.73,6.22,7.41,36.34,195.84,0.0,False,False,False,預備單，等待確認條件,頸線以當日前20日高點計算；收盤站上頸線 192.0 至少2%；成交量>=20日均量2倍；不可長上影；回踩須有近10日突破紀錄且不有效跌破頸線；距離頸線>5%禁止進場,70,B,即將突破觀察,條件接近完整，等收盤確認或回踩不破。,False,2026-10-05,True,True,STOP,STOP 停止進場,觀察,取消新進場，只保留觀察,只看續抱 / 減碼 / 停利 / 停損，不新增部位。,停止新進場，先保留現金，等待大盤止跌。,停止新進場，禁止顯示今日可進場。,False,False
2026-10-05,2026-10-05,收盤確認價,臺灣證券交易所 / 證券櫃檯買賣中心正式收盤；yfinance 歷史資料,只使用完整收盤日K，不使用盤中未完成K,上櫃,3339,泰谷,45.9,47.9,45.9,45.96,46.39,44.92,40.34,37.23,20.16,-2.34,False,1801718,2331923,82698856,106862521,3.19,True,True,28.36,一般K,,True,False,False,False,1,False,B級觀察：接近成形，等待確認,趨勢多頭,接近成形,49.8,42.68,68.95,接近成形＋可觀察,50.8,49.8,50.8,52.32,48.31,4.9,中,-7.83,7.83,7.29,35.74,50.8,1.31,False,False,False,預備單，等待確認條件,頸線以當日前20日高點計算；收盤站上頸線 49.8 至少2%；成交量>=20日均量2倍；不可長上影；回踩須有近10日突破紀錄且不有效跌破頸線；距離頸線>5%禁止進場,70,B,即將突破觀察,條件接近完整，等收盤確認或回踩不破。,False,2026-10-05,True,True,STOP,STOP 停止進場,觀察,取消新進場，只保留觀察,只看續抱 / 減碼 / 停利 / 停損，不新增部位。,停止新進場，先保留現金，等待大盤止跌。,停止新進場，禁止顯示今日可進場。,False,False
2026-10-05,2026-10-05,收盤確認價,臺灣證券交易所 / 證券櫃檯買賣中心正式收盤；yfinance 歷史資料,只使用完整收盤日K，不使用盤中未完成K,上櫃,5443,均豪,114.5,115.5,112.5,112.5,110.0,109.47,104.22,101.87,7.01,0.88,False,2190922,2328477,250860569,261041382,2.74,True,True,21.39,下影線,,True,False,False,False,1,False,B級觀察：接近成形，等待確認,趨勢多頭,旗型整理突破,122.5,104.0,167.1,接近成形＋可觀察,124.95,122.5,124.95,128.7,118.83,4.9,中,-6.53,6.91,6.88,33.73,124.95,0.87,False,False,False,預備單，等待確認條件,頸線以當日前20日高點計算；收盤站上頸線 122.5 至少2%；成交量>=20日均量2倍；不可長上影；回踩須有近10日突破紀錄且不有效跌破頸線；距離頸線>5%禁止進場,70,B,即將突破觀察,條件接近完整，等收盤確認或回踩不破。,False,2026-10-05,True,True,STOP,STOP 停止進場,觀察,取消新進場，只保留觀察,只看續抱 / 減碼 / 停利 / 停損，不新增部位。,停止新進場，先保留現金，等待大盤止跌。,停止新進場，禁止顯示今日可進場。,False,False
2026-10-05,2026-10-05,收盤確認價,臺灣證券交易所 / 證券櫃檯買賣中心正式收盤；yfinance 歷史資料,只使用完整收盤日K，不使用盤中未完成K,上櫃,3265,台星科,188.0,193.0,185.0,185.5,184.1,175.85,168.68,147.14,8.36,0.0,False,1658565,1460197,311810220,262981255,3.08,True,True,32.34,一般K,,True,False,False,False,1,False,B級觀察：接近成形，等待確認,趨勢多頭,旗型整理突破,198.0,167.06,265.0,接近成形＋可觀察,201.96,198.0,201.96,208.02,192.06,4.9,中,-5.05,5.05,6.37,31.21,201.96,0.8,False,False,False,預備單，等待確認條件,頸線以當日前20日高點計算；收盤站上頸線 198.0 至少2%；成交量>=20日均量2倍；不可長上影；回踩須有近10日突破紀錄且不有效跌破頸線；距離頸線>5%禁止進場,70,B,即將突破觀察,條件接近完整，等收盤確認或回踩不破。,False,2026-10-05,True,True,STOP,STOP 停止進場,觀察,取消新進場，只保留觀察,只看續抱 / 減碼 / 停利 / 停損，不新增部位。,停止新進場，先保留現金，等待大盤止跌。,停止新進場，禁止顯示今日可進場。,False,False
2026-10-05,2026-10-05,收盤確認價,臺灣證券交易所 / 證券櫃檯買賣中心正式收盤；yfinance 歷史資料,只使用完整收盤日K，不使用盤中未完成K,上市,2360,致茂,2325.0,2355.0,2215.0,2183.0,2264.0,2211.75,2087.75,1595.0,27.75,6.16,False,2976742,2397395,6920925150,5376268078,4.55,True,True,36.07,紅K突破,,True,False,False,False,1,False,B級觀察：接近成形，等待確認,趨勢多頭,旗型整理突破,2540.0,2101.16,3350.0,接近成形＋可觀察,2590.8,2540.0,2590.8,2668.52,2463.8,4.9,中,-8.46,8.46,5.98,29.3,2590.8,1.29,False,False,False,預備單，等待確認條件,頸線以當日前20日高點計算；收盤站上頸線 2540.0 至少2%；成交量>=20日均量2倍；不可長上影；回踩須有近10日突破紀錄且不有效跌破頸線；距離頸線>5%禁止進場,70,B,即將突破觀察,條件接近完整，等收盤確認或回踩不破。,False,2026-10-05,True,True,STOP,STOP 停止進場,觀察,取消新進場，只保留觀察,只看續抱 / 減碼 / 停利 / 停損，不新增部位。,停止新進場，先保留現金，等待大盤止跌。,停止新進場，禁止顯示今日可進場。,False,False
2026-10-05,2026-10-05,收盤確認價,臺灣證券交易所 / 證券櫃檯買賣中心正式收盤；yfinance 歷史資料,只使用完整收盤日K，不使用盤中未完成K,上市,1326,台化,71.6,73.0,70.9,69.64,68.3,68.82,64.69,47.46,19.33,-0.14,False,27123406,26881351,1942035869,1867206912,2.55,True,True,24.74,一般K,,True,False,False,False,1,False,B級觀察：接近成形，等待確認,趨勢多頭,旗型整理突破,78.2,65.38,100.9,接近成形＋可觀察,79.76,78.2,79.76,82.16,75.85,4.9,中,-8.44,8.44,5.41,26.5,79.76,1.82,False,False,False,預備單，等待確認條件,頸線以當日前20日高點計算；收盤站上頸線 78.2 至少2%；成交量>=20日均量2倍；不可長上影；回踩須有近10日突破紀錄且不有效跌破頸線；距離頸線>5%禁止進場,70,B,即將突破觀察,條件接近完整，等收盤確認或回踩不破。,False,2026-10-05,True,True,STOP,STOP 停止進場,觀察,取消新進場，只保留觀察,只看續抱 / 減碼 / 停利 / 停損，不新增部位。,停止新進場，先保留現金，等待大盤止跌。,停止新進場，禁止顯示今日可進場。,False,False
2026-10-05,2026-10-05,收盤確認價,臺灣證券交易所 / 證券櫃檯買賣中心正式收盤；yfinance 歷史資料,只使用完整收盤日K，不使用盤中未完成K,上市,2034,允強,23.5,24.65,23.4,23.86,22.9,21.79,20.49,20.43,14.36,-2.08,False,4692948,4510725,110284278,104276585,2.31,True,True,49.26,一般K,,True,False,False,False,1,False,B級觀察：接近成形，等待確認,趨勢多頭,旗型整理突破,25.0,20.7,32.05,接近成形＋可觀察,25.5,25.0,25.5,26.27,24.25,4.9,中,-6.0,6.0,5.24,25.69,25.5,1.49,False,False,False,預備單，等待確認條件,頸線以當日前20日高點計算；收盤站上頸線 25.0 至少2%；成交量>=20日均量2倍；不可長上影；回踩須有近10日突破紀錄且不有效跌破頸線；距離頸線>5%禁止進場,70,B,即將突破觀察,條件接近完整，等收盤確認或回踩不破。,False,2026-10-05,True,True,STOP,STOP 停止進場,觀察,取消新進場，只保留觀察,只看續抱 / 減碼 / 停利 / 停損，不新增部位。,停止新進場，先保留現金，等待大盤止跌。,停止新進場，禁止顯示今日可進場。,False,False
2026-10-05,2026-10-05,收盤確認價,臺灣證券交易所 / 證券櫃檯買賣中心正式收盤；yfinance 歷史資料,只使用完整收盤日K，不使用盤中未完成K,上市,1409,新纖,25.3,25.85,24.9,24.78,24.54,24.61,24.21,19.08,-4.71,1.4,False,24296690,16643829,614706257,420870097,3.09,True,True,19.67,一般K,,True,False,False,False,1,False,B級觀察：接近成形，等待確認,趨勢多頭,旗型整理突破,26.85,23.8,33.85,接近成形＋可觀察,27.39,26.85,27.39,28.21,26.04,4.9,中,-5.77,6.47,4.81,23.6,27.39,2.17,False,False,False,預備單，等待確認條件,頸線以當日前20日高點計算；收盤站上頸線 26.85 至少2%；成交量>=20日均量2倍；不可長上影；回踩須有近10日突破紀錄且不有效跌破頸線；距離頸線>5%禁止進場,70,B,即將突破觀察,條件接近完整，等收盤確認或回踩不破。,False,2026-10-05,True,True,STOP,STOP 停止進場,觀察,取消新進場，只保留觀察,只看續抱 / 減碼 / 停利 / 停損，不新增部位。,停止新進場，先保留現金，等待大盤止跌。,停止新進場，禁止顯示今日可進場。,False,False
2026-10-05,2026-10-05,收盤確認價,臺灣證券交易所 / 證券櫃檯買賣中心正式收盤；yfinance 歷史資料,只使用完整收盤日K，不使用盤中未完成K,上市,2027,大成鋼,47.9,49.3,47.85,47.72,47.33,47.48,46.39,40.25,19.75,-0.31,False,10667229,12451671,510960269,593325742,1.59,True,True,27.78,一般K,,True,False,False,False,1,False,B級觀察：接近成形，等待確認,趨勢多頭,旗型整理突破,50.8,45.11,63.4,接近成形＋可觀察,51.82,50.8,51.82,53.37,49.28,4.9,中,-5.71,8.41,4.56,22.36,51.82,1.77,False,False,False,預備單，等待確認條件,頸線以當日前20日高點計算；收盤站上頸線 50.8 至少2%；成交量>=20日均量2倍；不可長上影；回踩須有近10日突破紀錄且不有效跌破頸線；距離頸線>5%禁止進場,70,B,即將突破觀察,條件接近完整，等收盤確認或回踩不破。,False,2026-10-05,True,True,STOP,STOP 停止進場,觀察,取消新進場，只保留觀察,只看續抱 / 減碼 / 停利 / 停損，不新增部位。,停止新進場，先保留現金，等待大盤止跌。,停止新進場，禁止顯示今日可進場。,False,False
2026-10-05,2026-10-05,收盤確認價,臺灣證券交易所 / 證券櫃檯買賣中心正式收盤；yfinance 歷史資料,只使用完整收盤日K，不使用盤中未完成K,上市,1101,台泥,25.0,25.6,25.0,25.5,25.14,24.74,24.34,23.99,10.13,-1.38,False,35720704,35147765,893017600,883484686,1.9,True,True,34.81,一般K,,True,False,False,False,1,False,B級觀察：接近成形，等待確認,趨勢多頭,接近成形,26.7,23.75,31.0,接近成形＋可觀察,27.23,26.7,27.23,28.05,25.9,4.9,中,-6.37,6.37,2.82,13.83,27.23,0.0,False,False,False,預備單，等待確認條件,頸線以當日前20日高點計算；收盤站上頸線 26.7 至少2%；成交量>=20日均量2倍；不可長上影；回踩須有近10日突破紀錄且不有效跌破頸線；距離頸線>5%禁止進場,70,B,即將突破觀察,條件接近完整，等收盤確認或回踩不破。,False,2026-10-05,True,True,STOP,STOP 停止進場,觀察,取消新進場，只保留觀察,只看續抱 / 減碼 / 停利 / 停損，不新增部位。,停止新進場，先保留現金，等待大盤止跌。,停止新進場，禁止顯示今日可進場。,False,False
2026-10-05,2026-10-05,收盤確認價,臺灣證券交易所 / 證券櫃檯買賣中心正式收盤；yfinance 歷史資料,只使用完整收盤日K，不使用盤中未完成K,上櫃,8431,匯鑽科,63.6,65.5,63.2,65.1,64.29,63.65,53.7,56.9,28.88,-0.78,False,862148,2723653,54832612,176653778,4.5,True,True,36.28,一般K,,False,False,False,False,0,False,B級觀察：接近成形，等待確認,條件不足,接近成形,70.3,60.47,97.1,接近成形＋可觀察,71.71,70.3,71.71,73.86,68.19,4.9,中,-9.53,9.53,7.22,35.41,71.71,2.04,False,False,False,預備單，等待確認條件,頸線以當日前20日高點計算；收盤站上頸線 70.3 至少2%；成交量>=20日均量2倍；不可長上影；回踩須有近10日突破紀錄且不有效跌破頸線；距離頸線>5%禁止進場,70,B,即將突破觀察,條件接近完整，等收盤確認或回踩不破。,False,2026-10-05,True,True,STOP,STOP 停止進場,觀察,取消新進場，只保留觀察,只看續抱 / 減碼 / 停利 / 停損，不新增部位。,停止新進場，先保留現金，等待大盤止跌。,停止新進場，禁止顯示今日可進場。,False,False
2026-10-05,2026-10-05,收盤確認價,臺灣證券交易所 / 證券櫃檯買賣中心正式收盤；yfinance 歷史資料,只使用完整收盤日K，不使用盤中未完成K,上市,2354,鴻準,64.4,66.9,64.2,65.42,65.51,65.34,61.24,60.06,12.98,-1.98,False,14939250,10899035,962087700,713406405,1.28,True,True,39.08,一般K,,False,False,False,False,0,False,B級觀察：接近成形，等待確認,條件不足,接近成形,69.5,63.3,87.8,接近成形＋可觀察,70.89,69.5,70.89,73.02,67.41,4.9,中,-7.34,7.34,4.87,23.85,70.89,0.93,False,False,False,預備單，等待確認條件,頸線以當日前20日高點計算；收盤站上頸線 69.5 至少2%；成交量>=20日均量2倍；不可長上影；回踩須有近10日突破紀錄且不有效跌破頸線；距離頸線>5%禁止進場,70,B,即將突破觀察,條件接近完整，等收盤確認或回踩不破。,False,2026-10-05,True,True,STOP,STOP 停止進場,觀察,取消新進場，只保留觀察,只看續抱 / 減碼 / 停利 / 停損，不新增部位。,停止新進場，先保留現金，等待大盤止跌。,停止新進場，禁止顯示今日可進場。,False,False
2026-10-05,2026-10-05,收盤確認價,臺灣證券交易所 / 證券櫃檯買賣中心正式收盤；yfinance 歷史資料,只使用完整收盤日K，不使用盤中未完成K,上櫃,3689,湧德,113.0,114.5,112.5,111.4,110.4,110.15,109.96,113.94,-7.76,0.0,False,684145,580227,77308385,64261871,1.61,True,True,21.62,一般K,,False,False,False,False,0,False,B級觀察：接近成形，等待確認,條件不足,旗型整理突破,124.0,105.5,152.5,接近成形＋可觀察,126.48,124.0,126.48,130.27,120.28,4.9,中,-8.87,8.87,4.2,20.57,126.48,0.88,False,False,False,預備單，等待確認條件,頸線以當日前20日高點計算；收盤站上頸線 124.0 至少2%；成交量>=20日均量2倍；不可長上影；回踩須有近10日突破紀錄且不有效跌破頸線；距離頸線>5%禁止進場,70,B,即將突破觀察,條件接近完整，等收盤確認或回踩不破。,False,2026-10-05,True,True,STOP,STOP 停止進場,觀察,取消新進場，只保留觀察,只看續抱 / 減碼 / 停利 / 停損，不新增部位。,停止新進場，先保留現金，等待大盤止跌。,停止新進場，禁止顯示今日可進場。,False,False
2026-10-05,2026-10-05,收盤確認價,臺灣證券交易所 / 證券櫃檯買賣中心正式收盤；yfinance 歷史資料,只使用完整收盤日K，不使用盤中未完成K,上櫃,6462,神盾,103.5,107.0,103.0,105.1,101.82,100.26,99.75,115.19,-6.33,-2.36,False,595645,540085,61649257,54948000,1.84,True,True,30.98,一般K,,False,False,False,False,0,False,B級觀察：接近成形，等待確認,條件不足,旗型整理突破,110.5,95.25,133.0,接近成形＋可觀察,112.71,110.5,112.71,116.09,107.19,4.9,中,-6.33,7.17,3.67,18.0,112.71,0.0,False,False,False,預備單，等待確認條件,頸線以當日前20日高點計算；收盤站上頸線 110.5 至少2%；成交量>=20日均量2倍；不可長上影；回踩須有近10日突破紀錄且不有效跌破頸線；距離頸線>5%禁止進場,70,B,即將突破觀察,條件接近完整，等收盤確認或回踩不破。,False,2026-10-05,True,True,STOP,STOP 停止進場,觀察,取消新進場，只保留觀察,只看續抱 / 減碼 / 停利 / 停損，不新增部位。,停止新進場，先保留現金，等待大盤止跌。,停止新進場，禁止顯示今日可進場。,False,False
2026-10-05,2026-10-05,收盤確認價,臺灣證券交易所 / 證券櫃檯買賣中心正式收盤；yfinance 歷史資料,只使用完整收盤日K，不使用盤中未完成K,上市,1504,東元,69.0,70.4,69.0,69.08,68.97,69.77,68.89,77.84,2.22,-1.0,False,4664336,4494353,321839184,313878435,1.16,True,True,15.61,一般K,,False,False,False,False,0,False,B級觀察：接近成形，等待確認,條件不足,旗型整理突破,73.2,67.6,86.4,接近成形＋可觀察,74.66,73.2,74.66,76.9,71.0,4.9,中,-5.74,8.61,3.21,15.72,74.66,0.0,False,False,False,預備單，等待確認條件,頸線以當日前20日高點計算；收盤站上頸線 73.2 至少2%；成交量>=20日均量2倍；不可長上影；回踩須有近10日突破紀錄且不有效跌破頸線；距離頸線>5%禁止進場,70,B,即將突破觀察,條件接近完整，等收盤確認或回踩不破。,False,2026-10-05,True,True,STOP,STOP 停止進場,觀察,取消新進場，只保留觀察,只看續抱 / 減碼 / 停利 / 停損，不新增部位。,停止新進場，先保留現金，等待大盤止跌。,停止新進場，禁止顯示今日可進場。,False,False
2026-10-05,2026-10-05,收盤確認價,臺灣證券交易所 / 證券櫃檯買賣中心正式收盤；yfinance 歷史資料,只使用完整收盤日K，不使用盤中未完成K,上市,1319,東陽,77.8,78.9,77.7,78.04,78.84,79.24,77.98,88.01,2.64,-0.38,False,1201367,1223644,93466352,97019248,1.17,True,True,32.68,一般K,,False,False,False,False,0,False,B級觀察：接近成形，等待確認,條件不足,接近成形,83.0,77.5,97.2,接近成形＋可觀察,84.66,83.0,84.66,87.2,80.51,4.9,中,-6.27,9.53,3.02,14.81,84.66,0.0,False,False,False,預備單，等待確認條件,頸線以當日前20日高點計算；收盤站上頸線 83.0 至少2%；成交量>=20日均量2倍；不可長上影；回踩須有近10日突破紀錄且不有效跌破頸線；距離頸線>5%禁止進場,70,B,即將突破觀察,條件接近完整，等收盤確認或回踩不破。,False,2026-10-05,True,True,STOP,STOP 停止進場,觀察,取消新進場，只保留觀察,只看續抱 / 減碼 / 停利 / 停損，不新增部位。,停止新進場，先保留現金，等待大盤止跌。,停止新進場，禁止顯示今日可進場。,False,False
2026-10-05,2026-10-05,收盤確認價,臺灣證券交易所 / 證券櫃檯買賣中心正式收盤；yfinance 歷史資料,只使用完整收盤日K，不使用盤中未完成K,上市,1402,遠東新,27.75,28.2,27.7,27.95,27.96,28.18,27.9,27.59,1.09,-1.07,False,6392829,7958455,177401004,224038028,1.13,True,True,30.87,一般K,,False,False,False,False,0,False,B級觀察：接近成形，等待確認,條件不足,接近成形,29.4,27.35,33.05,接近成形＋可觀察,29.99,29.4,29.99,30.89,28.52,4.9,中,-5.61,9.46,2.08,10.21,29.99,0.0,False,False,False,預備單，等待確認條件,頸線以當日前20日高點計算；收盤站上頸線 29.4 至少2%；成交量>=20日均量2倍；不可長上影；回踩須有近10日突破紀錄且不有效跌破頸線；距離頸線>5%禁止進場,70,B,即將突破觀察,條件接近完整，等收盤確認或回踩不破。,False,2026-10-05,True,True,STOP,STOP 停止進場,觀察,取消新進場，只保留觀察,只看續抱 / 減碼 / 停利 / 停損，不新增部位。,停止新進場，先保留現金，等待大盤止跌。,停止新進場，禁止顯示今日可進場。,False,False
2026-10-05,2026-10-05,收盤確認價,臺灣證券交易所 / 證券櫃檯買賣中心正式收盤；yfinance 歷史資料,只使用完整收盤日K，不使用盤中未完成K,上市,1773,勝一,180.5,182.0,173.0,170.7,167.0,163.9,162.63,156.71,3.44,5.87,False,2509063,662743,452885871,110829086,1.81,True,True,32.04,紅K突破,,True,True,False,False,2,False,B級觀察：接近成形，等待確認,趨勢多頭、量能放大,箱型突破,172.0,155.7,201.0,突破第一根,175.44,172.0,175.44,180.7,166.84,7.57,高,4.94,2.7,1.5,11.36,180.5,0.83,False,False,False,突破確認，可在追價範圍內掛單,頸線以當日前20日高點計算；收盤站上頸線 172.0 至少2%；成交量>=20日均量2倍；不可長上影；回踩須有近10日突破紀錄且不有效跌破頸線；距離頸線>5%禁止進場,62,B,等確認,條件接近完整，等收盤確認或回踩不破。,False,2026-10-05,True,True,STOP,STOP 停止進場,突破買點,取消新進場，只保留觀察,只看續抱 / 減碼 / 停利 / 停損，不新增部位。,停止新進場，先保留現金，等待大盤止跌。,停止新進場，禁止顯示今日可進場。,False,False
2026-10-05,2026-10-05,收盤確認價,臺灣證券交易所 / 證券櫃檯買賣中心正式收盤；yfinance 歷史資料,只使用完整收盤日K，不使用盤中未完成K,上市,1708,東鹼,56.8,57.8,55.9,54.48,52.62,51.1,51.13,41.22,-3.4,1.07,False,7899714,3382809,448703755,178772967,2.12,True,True,23.06,一般K,,False,True,False,False,1,False,B級觀察：接近成形，等待確認,量能放大,三角收斂突破,54.5,48.55,62.9,突破第一根,55.59,54.5,55.59,57.26,52.87,6.93,高,4.22,6.12,1.55,10.74,56.8,1.76,True,False,False,突破確認，可在追價範圍內掛單,頸線以當日前20日高點計算；收盤站上頸線 54.5 至少2%；成交量>=20日均量2倍；不可長上影；回踩須有近10日突破紀錄且不有效跌破頸線；距離頸線>5%禁止進場,62,B,等確認,條件接近完整，等收盤確認或回踩不破。,False,2026-10-05,True,True,STOP,STOP 停止進場,接近目標,取消新進場，只保留觀察,只看續抱 / 減碼 / 停利 / 停損，不新增部位。,停止新進場，先保留現金，等待大盤止跌。,停止新進場，禁止顯示今日可進場。,False,False
2026-10-05,2026-10-05,收盤確認價,臺灣證券交易所 / 證券櫃檯買賣中心正式收盤；yfinance 歷史資料,只使用完整收盤日K，不使用盤中未完成K,上市,2385,群光,105.0,106.5,104.5,104.8,104.8,105.58,105.5,118.34,-1.87,0.48,False,4126425,2551059,433274625,269853227,1.52,True,True,31.65,一般K,,False,False,False,False,0,False,B級觀察：接近成形，等待確認,條件不足,三角收斂突破,111.5,102.0,123.8,接近成形＋可觀察,113.73,111.5,113.73,117.14,108.16,4.9,中,-5.83,5.83,1.81,8.85,113.73,1.43,False,False,False,預備單，等待確認條件,頸線以當日前20日高點計算；收盤站上頸線 111.5 至少2%；成交量>=20日均量2倍；不可長上影；回踩須有近10日突破紀錄且不有效跌破頸線；距離頸線>5%禁止進場,57,B,即將突破觀察,條件接近完整，等收盤確認或回踩不破。,False,2026-10-05,True,True,STOP,STOP 停止進場,觀察,取消新進場，只保留觀察,只看續抱 / 減碼 / 停利 / 停損，不新增部位。,停止新進場，先保留現金，等待大盤止跌。,停止新進場，禁止顯示今日可進場。,False,False
2026-10-05,2026-10-05,收盤確認價,臺灣證券交易所 / 證券櫃檯買賣中心正式收盤；yfinance 歷史資料,只使用完整收盤日K，不使用盤中未完成K,上市,1215,卜蜂,104.0,105.0,104.0,105.0,105.8,107.38,108.23,130.74,-7.14,-0.95,False,668999,644761,69575896,69092588,1.22,True,True,20.43,一般K,,False,False,False,False,0,False,B級觀察：接近成形，等待確認,條件不足,接近成形,112.0,104.0,123.5,接近成形＋可觀察,114.24,112.0,114.24,117.67,108.64,4.9,中,-7.14,8.37,1.65,8.11,114.24,0.0,False,False,False,預備單，等待確認條件,頸線以當日前20日高點計算；收盤站上頸線 112.0 至少2%；成交量>=20日均量2倍；不可長上影；回踩須有近10日突破紀錄且不有效跌破頸線；距離頸線>5%禁止進場,57,B,即將突破觀察,條件接近完整，等收盤確認或回踩不破。,False,2026-10-05,True,True,STOP,STOP 停止進場,觀察,取消新進場，只保留觀察,只看續抱 / 減碼 / 停利 / 停損，不新增部位。,停止新進場，先保留現金，等待大盤止跌。,停止新進場，禁止顯示今日可進場。,False,False
2026-10-05,2026-10-05,收盤確認價,臺灣證券交易所 / 證券櫃檯買賣中心正式收盤；yfinance 歷史資料,只使用完整收盤日K，不使用盤中未完成K,上櫃,4139,馬光-KY,43.0,43.2,42.0,42.07,41.72,41.41,38.61,27.78,72.69,2.5,False,66860,52150,2874980,2151382,1.34,False,True,26.83,紅K突破,,True,False,False,True,2,False,只觀察,趨勢多頭、價量條件足,箱型突破,43.0,39.9,61.1,接近成形＋可觀察,43.86,43.0,43.86,45.18,41.71,4.9,中,0.0,4.66,8.02,39.31,43.86,0.47,False,False,False,預備單，等待確認條件,頸線以當日前20日高點計算；收盤站上頸線 43.0 至少2%；成交量>=20日均量2倍；不可長上影；回踩須有近10日突破紀錄且不有效跌破頸線；距離頸線>5%禁止進場,85,C,等更安全位置,條件或風險不夠好，先不列入高關注。,False,2026-10-05,True,True,STOP,STOP 停止進場,觀察,取消新進場，只保留觀察,只看續抱 / 減碼 / 停利 / 停損，不新增部位。,停止新進場，先保留現金，等待大盤止跌。,停止新進場，禁止顯示今日可進場。,False,False
2026-10-05,2026-10-05,收盤確認價,臺灣證券交易所 / 證券櫃檯買賣中心正式收盤；yfinance 歷史資料,只使用完整收盤日K，不使用盤中未完成K,上櫃,6651,全宇昕,156.0,159.5,150.5,150.1,150.45,146.95,138.07,108.97,1.96,3.65,False,596455,190642,93046980,28398316,2.41,False,True,9.34,一般K,,True,True,False,False,2,False,只觀察,趨勢多頭、量能放大,三角收斂突破,155.5,139.6,204.5,接近成形＋可觀察,158.61,155.5,158.61,163.37,150.84,4.9,中,0.32,1.27,5.9,28.93,158.61,2.24,False,False,False,預備單，等待確認條件,頸線以當日前20日高點計算；收盤站上頸線 155.5 至少2%；成交量>=20日均量2倍；不可長上影；回踩須有近10日突破紀錄且不有效跌破頸線；距離頸線>5%禁止進場,85,C,等更安全位置,條件或風險不夠好，先不列入高關注。,False,2026-10-05,True,True,STOP,STOP 停止進場,觀察,取消新進場，只保留觀察,只看續抱 / 減碼 / 停利 / 停損，不新增部位。,停止新進場，先保留現金，等待大盤止跌。,停止新進場，禁止顯示今日可進場。,False,False
2026-10-05,2026-10-05,收盤確認價,臺灣證券交易所 / 證券櫃檯買賣中心正式收盤；yfinance 歷史資料,只使用完整收盤日K，不使用盤中未完成K,上櫃,6953,家碩,257.5,265.0,256.0,250.4,244.1,238.97,228.52,226.16,12.94,0.59,False,467576,85128,120400820,21075888,2.28,False,True,14.64,一般K,,True,True,False,False,2,False,只觀察,趨勢多頭、量能放大,三角收斂突破,262.5,227.03,335.5,接近成形＋可觀察,267.75,262.5,267.75,275.78,254.62,4.9,中,-1.9,1.9,5.16,25.3,267.75,0.0,False,False,False,預備單，等待確認條件,頸線以當日前20日高點計算；收盤站上頸線 262.5 至少2%；成交量>=20日均量2倍；不可長上影；回踩須有近10日突破紀錄且不有效跌破頸線；距離頸線>5%禁止進場,85,C,等更安全位置,條件或風險不夠好，先不列入高關注。,False,2026-10-05,True,True,STOP,STOP 停止進場,觀察,取消新進場，只保留觀察,只看續抱 / 減碼 / 停利 / 停損，不新增部位。,停止新進場，先保留現金，等待大盤止跌。,停止新進場，禁止顯示今日可進場。,False,False
2026-10-05,2026-10-05,收盤確認價,臺灣證券交易所 / 證券櫃檯買賣中心正式收盤；yfinance 歷史資料,只使用完整收盤日K，不使用盤中未完成K,上櫃,7743,金利食安,25.9,26.05,25.3,25.09,25.08,23.84,21.8,21.36,27.59,2.57,False,158455,55196,4103984,1337264,1.79,False,True,71.58,紅K突破,,True,True,False,False,2,False,只觀察,趨勢多頭、量能放大,旗型整理突破,25.7,22.65,32.1,接近成形＋可觀察,26.21,25.7,26.21,27.0,24.93,4.9,中,0.78,0.78,4.58,22.45,26.21,0.58,False,False,False,預備單，等待確認條件,頸線以當日前20日高點計算；收盤站上頸線 25.7 至少2%；成交量>=20日均量2倍；不可長上影；回踩須有近10日突破紀錄且不有效跌破頸線；距離頸線>5%禁止進場,85,C,等更安全位置,條件或風險不夠好，先不列入高關注。,False,2026-10-05,True,True,STOP,STOP 停止進場,觀察,取消新進場，只保留觀察,只看續抱 / 減碼 / 停利 / 停損，不新增部位。,停止新進場，先保留現金，等待大盤止跌。,停止新進場，禁止顯示今日可進場。,False,False
2026-10-05,2026-10-05,收盤確認價,臺灣證券交易所 / 證券櫃檯買賣中心正式收盤；yfinance 歷史資料,只使用完整收盤日K，不使用盤中未完成K,上市,1725,元禎,34.15,35.45,34.1,33.93,33.94,33.36,31.38,29.89,8.07,0.89,False,398416,74192,13605906,2495840,1.18,False,True,42.26,一般K,,True,True,False,False,2,False,只觀察,趨勢多頭、量能放大,箱型突破,34.6,31.69,40.9,接近成形＋可觀察,35.29,34.6,35.29,36.35,33.56,4.9,中,-1.3,1.3,3.24,15.89,35.29,3.37,False,False,False,預備單，等待確認條件,頸線以當日前20日高點計算；收盤站上頸線 34.6 至少2%；成交量>=20日均量2倍；不可長上影；回踩須有近10日突破紀錄且不有效跌破頸線；距離頸線>5%禁止進場,85,C,等更安全位置,條件或風險不夠好，先不列入高關注。,False,2026-10-05,True,True,STOP,STOP 停止進場,觀察,取消新進場，只保留觀察,只看續抱 / 減碼 / 停利 / 停損，不新增部位。,停止新進場，先保留現金，等待大盤止跌。,停止新進場，禁止顯示今日可進場。,False,False
2026-10-05,2026-10-05,收盤確認價,臺灣證券交易所 / 證券櫃檯買賣中心正式收盤；yfinance 歷史資料,只使用完整收盤日K，不使用盤中未完成K,上櫃,5455,昇益,30.8,30.8,30.0,30.72,30.6,30.15,29.15,27.54,12.0,0.33,False,10562,4463,325309,133944,0.75,False,True,11.58,紅K突破,,True,True,False,False,2,False,只觀察,趨勢多頭、量能放大,箱型突破,31.0,29.0,35.0,接近成形＋可觀察,31.62,31.0,31.62,32.57,30.07,4.9,中,-0.65,0.65,2.18,10.69,31.62,0.0,False,False,False,預備單，等待確認條件,頸線以當日前20日高點計算；收盤站上頸線 31.0 至少2%；成交量>=20日均量2倍；不可長上影；回踩須有近10日突破紀錄且不有效跌破頸線；距離頸線>5%禁止進場,85,C,等更安全位置,條件或風險不夠好，先不列入高關注。,False,2026-10-05,True,True,STOP,STOP 停止進場,觀察,取消新進場，只保留觀察,只看續抱 / 減碼 / 停利 / 停損，不新增部位。,停止新進場，先保留現金，等待大盤止跌。,停止新進場，禁止顯示今日可進場。,False,False
2026-10-05,2026-10-05,收盤確認價,臺灣證券交易所 / 證券櫃檯買賣中心正式收盤；yfinance 歷史資料,只使用完整收盤日K，不使用盤中未完成K,上市,2032,新鋼,19.0,20.05,18.95,19.77,18.65,17.79,16.95,16.15,15.85,-5.24,False,2399703,1967141,45594357,38239627,2.86,False,True,50.11,長黑,,True,False,False,False,1,False,只觀察,趨勢多頭,旗型整理突破,19.0,16.9,23.0,回踩頸線不破,19.38,19.0,19.38,19.96,18.43,3.0,高,0.0,9.52,7.02,21.05,19.0,0.0,True,False,False,回踩頸線不破，可觀察低風險進場,頸線以當日前20日高點計算；收盤站上頸線 19.0 至少2%；成交量>=20日均量2倍；不可長上影；回踩須有近10日突破紀錄且不有效跌破頸線；距離頸線>5%禁止進場,85,C,等更安全位置,條件或風險不夠好，先不列入高關注。,False,2026-10-05,True,True,STOP,STOP 停止進場,回踩買點,取消新進場，只保留觀察,只看續抱 / 減碼 / 停利 / 停損，不新增部位。,停止新進場，先保留現金，等待大盤止跌。,停止新進場，禁止顯示今日可進場。,False,False
2026-10-05,2026-10-05,收盤確認價,臺灣證券交易所 / 證券櫃檯買賣中心正式收盤；yfinance 歷史資料,只使用完整收盤日K，不使用盤中未完成K,上櫃,6150,撼訊,66.3,68.1,65.9,66.08,63.67,62.11,59.98,63.65,7.63,-3.21,False,674921,475675,44747262,31348369,2.91,False,True,51.39,一般K,,True,False,False,False,1,False,只觀察,趨勢多頭,旗型整理突破,66.0,59.01,82.2,回踩頸線不破,67.32,66.0,67.32,69.34,64.02,3.44,高,0.45,5.82,6.97,23.98,66.3,0.0,True,False,False,回踩頸線不破，可觀察低風險進場,頸線以當日前20日高點計算；收盤站上頸線 66.0 至少2%；成交量>=20日均量2倍；不可長上影；回踩須有近10日突破紀錄且不有效跌破頸線；距離頸線>5%禁止進場,85,C,等更安全位置,條件或風險不夠好，先不列入高關注。,False,2026-10-05,True,True,STOP,STOP 停止進場,回踩買點,取消新進場，只保留觀察,只看續抱 / 減碼 / 停利 / 停損，不新增部位。,停止新進場，先保留現金，等待大盤止跌。,停止新進場，禁止顯示今日可進場。,False,False
2026-10-05,2026-10-05,收盤確認價,臺灣證券交易所 / 證券櫃檯買賣中心正式收盤；yfinance 歷史資料,只使用完整收盤日K，不使用盤中未完成K,上櫃,3066,李洲,28.05,29.65,28.05,28.93,28.59,26.55,24.38,19.08,3.12,-3.28,False,1535350,1910774,43066567,53551637,3.93,False,True,55.78,長黑,,True,False,False,False,1,False,只觀察,趨勢多頭,接近成形,28.6,25.23,38.35,接近成形＋可觀察,29.17,28.6,29.17,30.05,27.74,4.9,中,-1.92,8.78,6.42,31.46,29.17,1.6,True,False,False,預備單，等待確認條件,頸線以當日前20日高點計算；收盤站上頸線 28.6 至少2%；成交量>=20日均量2倍；不可長上影；回踩須有近10日突破紀錄且不有效跌破頸線；距離頸線>5%禁止進場,85,C,等更安全位置,條件或風險不夠好，先不列入高關注。,False,2026-10-05,True,True,STOP,STOP 停止進場,觀察,取消新進場，只保留觀察,只看續抱 / 減碼 / 停利 / 停損，不新增部位。,停止新進場，先保留現金，等待大盤止跌。,停止新進場，禁止顯示今日可進場。,False,False
2026-10-05,2026-10-05,收盤確認價,臺灣證券交易所 / 證券櫃檯買賣中心正式收盤；yfinance 歷史資料,只使用完整收盤日K，不使用盤中未完成K,上櫃,3287,廣寰科,40.55,42.65,40.55,41.52,41.7,38.69,34.79,31.7,32.3,-3.57,False,501088,645957,20319118,26501586,3.58,False,True,39.92,長黑,,True,False,False,False,1,False,只觀察,趨勢多頭,接近成形,39.45,36.76,52.05,接近成形＋可觀察,40.24,39.45,40.24,41.45,38.27,4.9,中,2.79,9.89,5.99,29.35,40.24,0.0,True,False,False,預備單，等待確認條件,頸線以當日前20日高點計算；收盤站上頸線 39.45 至少2%；成交量>=20日均量2倍；不可長上影；回踩須有近10日突破紀錄且不有效跌破頸線；距離頸線>5%禁止進場,85,C,等更安全位置,條件或風險不夠好，先不列入高關注。,False,2026-10-05,True,True,STOP,STOP 停止進場,觀察,取消新進場，只保留觀察,只看續抱 / 減碼 / 停利 / 停損，不新增部位。,停止新進場，先保留現金，等待大盤止跌。,停止新進場，禁止顯示今日可進場。,False,False
2026-10-05,2026-10-05,收盤確認價,臺灣證券交易所 / 證券櫃檯買賣中心正式收盤；yfinance 歷史資料,只使用完整收盤日K，不使用盤中未完成K,上櫃,3631,晟楠,40.85,42.25,40.7,40.58,40.42,39.47,36.78,31.15,24.35,-0.73,False,227087,138564,9276503,5516667,2.37,False,True,16.29,一般K,,True,False,False,False,1,False,只觀察,趨勢多頭,三角收斂突破,41.75,37.49,53.4,接近成形＋可觀察,42.59,41.75,42.59,43.86,40.5,4.9,中,-2.16,8.82,5.18,25.4,42.59,1.96,False,False,False,預備單，等待確認條件,頸線以當日前20日高點計算；收盤站上頸線 41.75 至少2%；成交量>=20日均量2倍；不可長上影；回踩須有近10日突破紀錄且不有效跌破頸線；距離頸線>5%禁止進場,85,C,等更安全位置,條件或風險不夠好，先不列入高關注。,False,2026-10-05,True,True,STOP,STOP 停止進場,觀察,取消新進場，只保留觀察,只看續抱 / 減碼 / 停利 / 停損，不新增部位。,停止新進場，先保留現金，等待大盤止跌。,停止新進場，禁止顯示今日可進場。,False,False
2026-10-05,2026-10-05,收盤確認價,臺灣證券交易所 / 證券櫃檯買賣中心正式收盤；yfinance 歷史資料,只使用完整收盤日K，不使用盤中未完成K,上櫃,6922,宸曜,215.0,217.5,208.0,218.9,210.95,201.6,194.3,178.68,21.13,1.18,False,154478,175860,33212770,36368802,3.75,False,True,32.42,下影線,,True,False,False,False,1,False,只觀察,趨勢多頭,旗型整理突破,217.0,191.52,274.0,接近成形＋可觀察,221.34,217.0,221.34,227.98,210.49,4.9,中,-0.92,6.52,4.85,23.79,221.34,1.16,True,False,False,預備單，等待確認條件,頸線以當日前20日高點計算；收盤站上頸線 217.0 至少2%；成交量>=20日均量2倍；不可長上影；回踩須有近10日突破紀錄且不有效跌破頸線；距離頸線>5%禁止進場,85,C,等更安全位置,條件或風險不夠好，先不列入高關注。,False,2026-10-05,True,True,STOP,STOP 停止進場,觀察,取消新進場，只保留觀察,只看續抱 / 減碼 / 停利 / 停損，不新增部位。,停止新進場，先保留現金，等待大盤止跌。,停止新進場，禁止顯示今日可進場。,False,False
2026-10-05,2026-10-05,收盤確認價,臺灣證券交易所 / 證券櫃檯買賣中心正式收盤；yfinance 歷史資料,只使用完整收盤日K，不使用盤中未完成K,上櫃,5426,振發,29.15,30.8,29.05,28.73,28.7,28.43,27.68,23.22,-2.67,-1.69,False,963068,504272,28073432,14461135,2.16,False,True,16.72,長黑,,True,False,False,False,1,False,只觀察,趨勢多頭,三角收斂突破,29.9,27.15,37.5,接近成形＋可觀察,30.5,29.9,30.5,31.41,29.0,4.9,中,-2.51,8.19,4.68,22.96,30.5,1.2,False,False,False,預備單，等待確認條件,頸線以當日前20日高點計算；收盤站上頸線 29.9 至少2%；成交量>=20日均量2倍；不可長上影；回踩須有近10日突破紀錄且不有效跌破頸線；距離頸線>5%禁止進場,85,C,等更安全位置,條件或風險不夠好，先不列入高關注。,False,2026-10-05,True,True,STOP,STOP 停止進場,觀察,取消新進場，只保留觀察,只看續抱 / 減碼 / 停利 / 停損，不新增部位。,停止新進場，先保留現金，等待大盤止跌。,停止新進場，禁止顯示今日可進場。,False,False
2026-10-05,2026-10-05,收盤確認價,臺灣證券交易所 / 證券櫃檯買賣中心正式收盤；yfinance 歷史資料,只使用完整收盤日K，不使用盤中未完成K,上櫃,5529,鉅陞,25.95,26.1,25.8,26.2,26.1,25.33,22.79,24.01,22.12,-0.38,False,47538,140303,1233611,3533604,1.78,False,True,48.0,一般K,,True,False,False,False,1,False,只觀察,趨勢多頭,接近成形,26.6,24.07,32.7,接近成形＋可觀察,27.13,26.6,27.13,27.95,25.8,4.9,中,-2.44,2.44,4.19,20.52,27.13,0.0,False,False,False,預備單，等待確認條件,頸線以當日前20日高點計算；收盤站上頸線 26.6 至少2%；成交量>=20日均量2倍；不可長上影；回踩須有近10日突破紀錄且不有效跌破頸線；距離頸線>5%禁止進場,85,C,等更安全位置,條件或風險不夠好，先不列入高關注。,False,2026-10-05,True,True,STOP,STOP 停止進場,觀察,取消新進場，只保留觀察,只看續抱 / 減碼 / 停利 / 停損，不新增部位。,停止新進場，先保留現金，等待大盤止跌。,停止新進場，禁止顯示今日可進場。,False,False
2026-10-05,2026-10-05,收盤確認價,臺灣證券交易所 / 證券櫃檯買賣中心正式收盤；yfinance 歷史資料,只使用完整收盤日K，不使用盤中未完成K,上櫃,5474,聰泰,159.5,162.5,159.0,161.6,162.95,157.2,152.62,157.28,-0.62,-1.24,False,182935,207864,29178132,33072747,2.24,False,True,30.5,一般K,,True,False,False,False,1,False,只觀察,趨勢多頭,接近成形,163.0,149.34,200.0,接近成形＋可觀察,166.26,163.0,166.26,171.25,158.11,4.9,中,-2.15,6.73,4.14,20.29,166.26,0.63,True,False,False,預備單，等待確認條件,頸線以當日前20日高點計算；收盤站上頸線 163.0 至少2%；成交量>=20日均量2倍；不可長上影；回踩須有近10日突破紀錄且不有效跌破頸線；距離頸線>5%禁止進場,85,C,等更安全位置,條件或風險不夠好，先不列入高關注。,False,2026-10-05,True,True,STOP,STOP 停止進場,觀察,取消新進場，只保留觀察,只看續抱 / 減碼 / 停利 / 停損，不新增部位。,停止新進場，先保留現金，等待大盤止跌。,停止新進場，禁止顯示今日可進場。,False,False
2026-10-05,2026-10-05,收盤確認價,臺灣證券交易所 / 證券櫃檯買賣中心正式收盤；yfinance 歷史資料,只使用完整收盤日K，不使用盤中未完成K,上櫃,3540,曜越,24.6,25.15,23.45,23.37,23.25,23.01,22.22,27.35,2.71,5.13,False,1633483,298831,40183681,6982196,2.19,False,True,20.73,紅K突破,,False,True,False,False,1,False,只觀察,量能放大,箱型突破,24.25,21.85,29.6,接近成形＋可觀察,24.73,24.25,24.73,25.48,23.52,4.9,中,1.44,3.72,4.01,19.67,24.73,2.24,False,False,False,預備單，等待確認條件,頸線以當日前20日高點計算；收盤站上頸線 24.25 至少2%；成交量>=20日均量2倍；不可長上影；回踩須有近10日突破紀錄且不有效跌破頸線；距離頸線>5%禁止進場,85,C,等更安全位置,條件或風險不夠好，先不列入高關注。,False,2026-10-05,True,True,STOP,STOP 停止進場,觀察,取消新進場，只保留觀察,只看續抱 / 減碼 / 停利 / 停損，不新增部位。,停止新進場，先保留現金，等待大盤止跌。,停止新進場，禁止顯示今日可進場。,False,False
2026-10-05,2026-10-05,收盤確認價,臺灣證券交易所 / 證券櫃檯買賣中心正式收盤；yfinance 歷史資料,只使用完整收盤日K，不使用盤中未完成K,上市,1439,雋揚,29.3,29.3,29.0,28.86,28.73,28.82,28.15,27.64,24.68,1.03,False,4120,22753,120716,656067,1.66,False,True,34.11,紅K突破,,True,False,False,False,1,False,只觀察,趨勢多頭,箱型突破,29.75,27.55,36.0,接近成形＋可觀察,30.34,29.75,30.34,31.26,28.86,4.9,中,-1.51,2.33,3.8,18.64,30.34,0.0,False,False,False,預備單，等待確認條件,頸線以當日前20日高點計算；收盤站上頸線 29.75 至少2%；成交量>=20日均量2倍；不可長上影；回踩須有近10日突破紀錄且不有效跌破頸線；距離頸線>5%禁止進場,85,C,等更安全位置,條件或風險不夠好，先不列入高關注。,False,2026-10-05,True,True,STOP,STOP 停止進場,觀察,取消新進場，只保留觀察,只看續抱 / 減碼 / 停利 / 停損，不新增部位。,停止新進場，先保留現金，等待大盤止跌。,停止新進場，禁止顯示今日可進場。,False,False
2026-10-05,2026-10-05,收盤確認價,臺灣證券交易所 / 證券櫃檯買賣中心正式收盤；yfinance 歷史資料,只使用完整收盤日K，不使用盤中未完成K,上櫃,5493,三聯,90.3,91.7,89.6,90.7,90.97,87.51,82.8,86.24,1.69,-1.1,False,100212,132922,9049143,11980567,1.77,False,True,68.11,一般K,,True,False,False,False,1,False,只觀察,趨勢多頭,接近成形,89.5,83.13,107.9,接近成形＋可觀察,91.29,89.5,91.29,94.03,86.81,4.9,中,0.89,4.04,3.71,18.19,91.29,1.55,True,False,False,預備單，等待確認條件,頸線以當日前20日高點計算；收盤站上頸線 89.5 至少2%；成交量>=20日均量2倍；不可長上影；回踩須有近10日突破紀錄且不有效跌破頸線；距離頸線>5%禁止進場,85,C,等更安全位置,條件或風險不夠好，先不列入高關注。,False,2026-10-05,True,True,STOP,STOP 停止進場,觀察,取消新進場，只保留觀察,只看續抱 / 減碼 / 停利 / 停損，不新增部位。,停止新進場，先保留現金，等待大盤止跌。,停止新進場，禁止顯示今日可進場。,False,False
2026-10-05,2026-10-05,收盤確認價,臺灣證券交易所 / 證券櫃檯買賣中心正式收盤；yfinance 歷史資料,只使用完整收盤日K，不使用盤中未完成K,上市,2031,新光鋼,45.8,46.7,45.8,46.17,45.76,44.98,43.32,40.21,19.43,-1.82,False,586929,654095,26881348,29650536,1.28,False,True,40.54,一般K,,True,False,False,False,1,False,只觀察,趨勢多頭,旗型整理突破,47.15,43.2,56.75,接近成形＋可觀察,48.09,47.15,48.09,49.54,45.74,4.9,中,-2.86,3.58,3.67,18.0,48.09,0.0,False,False,False,預備單，等待確認條件,頸線以當日前20日高點計算；收盤站上頸線 47.15 至少2%；成交量>=20日均量2倍；不可長上影；回踩須有近10日突破紀錄且不有效跌破頸線；距離頸線>5%禁止進場,85,C,等更安全位置,條件或風險不夠好，先不列入高關注。,False,2026-10-05,True,True,STOP,STOP 停止進場,觀察,取消新進場，只保留觀察,只看續抱 / 減碼 / 停利 / 停損，不新增部位。,停止新進場，先保留現金，等待大盤止跌。,停止新進場，禁止顯示今日可進場。,False,False
2026-10-05,2026-10-05,收盤確認價,臺灣證券交易所 / 證券櫃檯買賣中心正式收盤；yfinance 歷史資料,只使用完整收盤日K，不使用盤中未完成K,上市,2025,千興,13.9,14.35,13.65,14.05,13.33,12.84,12.49,11.68,14.88,-2.8,False,1647730,1056661,22903447,14471242,2.96,False,True,51.32,一般K,,True,False,False,False,1,False,只觀察,趨勢多頭,旗型整理突破,14.05,12.2,16.9,接近成形＋可觀察,14.33,14.05,14.33,14.76,13.63,4.9,中,-1.07,7.33,3.66,17.93,14.33,0.0,True,False,False,預備單，等待確認條件,頸線以當日前20日高點計算；收盤站上頸線 14.05 至少2%；成交量>=20日均量2倍；不可長上影；回踩須有近10日突破紀錄且不有效跌破頸線；距離頸線>5%禁止進場,85,C,等更安全位置,條件或風險不夠好，先不列入高關注。,False,2026-10-05,True,True,STOP,STOP 停止進場,觀察,取消新進場，只保留觀察,只看續抱 / 減碼 / 停利 / 停損，不新增部位。,停止新進場，先保留現金，等待大盤止跌。,停止新進場，禁止顯示今日可進場。,False,False
2026-10-05,2026-10-05,收盤確認價,臺灣證券交易所 / 證券櫃檯買賣中心正式收盤；yfinance 歷史資料,只使用完整收盤日K，不使用盤中未完成K,上櫃,6026,福邦證,16.0,16.1,15.9,15.96,15.89,15.55,14.84,14.41,1.91,0.31,False,859128,1110768,13746048,17323372,1.08,False,True,48.13,一般K,,True,False,False,False,1,False,只觀察,趨勢多頭,箱型突破,16.2,15.0,19.3,接近成形＋可觀察,16.52,16.2,16.52,17.02,15.71,4.9,中,-1.23,1.23,3.43,16.8,16.52,0.31,False,False,False,預備單，等待確認條件,頸線以當日前20日高點計算；收盤站上頸線 16.2 至少2%；成交量>=20日均量2倍；不可長上影；回踩須有近10日突破紀錄且不有效跌破頸線；距離頸線>5%禁止進場,85,C,等更安全位置,條件或風險不夠好，先不列入高關注。,False,2026-10-05,True,True,STOP,STOP 停止進場,觀察,取消新進場，只保留觀察,只看續抱 / 減碼 / 停利 / 停損，不新增部位。,停止新進場，先保留現金，等待大盤止跌。,停止新進場，禁止顯示今日可進場。,False,False
2026-10-05,2026-10-05,收盤確認價,臺灣證券交易所 / 證券櫃檯買賣中心正式收盤；yfinance 歷史資料,只使用完整收盤日K，不使用盤中未完成K,上櫃,5481,新華,21.7,21.85,21.6,21.89,21.95,21.44,20.77,21.17,3.33,-0.69,False,65795,197283,1427751,4239749,1.18,False,True,60.46,一般K,,True,False,False,False,1,False,只觀察,趨勢多頭,接近成形,22.3,20.37,26.3,接近成形＋可觀察,22.75,22.3,22.75,23.43,21.63,4.9,中,-2.69,5.45,3.19,15.62,22.75,0.0,False,False,False,預備單，等待確認條件,頸線以當日前20日高點計算；收盤站上頸線 22.3 至少2%；成交量>=20日均量2倍；不可長上影；回踩須有近10日突破紀錄且不有效跌破頸線；距離頸線>5%禁止進場,85,C,等更安全位置,條件或風險不夠好，先不列入高關注。,False,2026-10-05,True,True,STOP,STOP 停止進場,觀察,取消新進場，只保留觀察,只看續抱 / 減碼 / 停利 / 停損，不新增部位。,停止新進場，先保留現金，等待大盤止跌。,停止新進場，禁止顯示今日可進場。,False,False
2026-10-05,2026-10-05,收盤確認價,臺灣證券交易所 / 證券櫃檯買賣中心正式收盤；yfinance 歷史資料,只使用完整收盤日K，不使用盤中未完成K,上櫃,8047,星雲,51.0,52.2,51.0,51.08,48.7,47.1,45.41,48.16,15.91,-1.16,False,108033,85039,5509683,4239514,3.38,False,True,26.69,一般K,,True,False,False,False,1,False,只觀察,趨勢多頭,接近成形,50.0,44.74,58.95,回踩頸線不破,51.0,50.0,51.0,52.53,48.5,4.9,高,2.0,1.16,3.18,15.59,51.0,0.39,True,False,False,回踩頸線不破，可觀察低風險進場,頸線以當日前20日高點計算；收盤站上頸線 50.0 至少2%；成交量>=20日均量2倍；不可長上影；回踩須有近10日突破紀錄且不有效跌破頸線；距離頸線>5%禁止進場,85,C,等更安全位置,條件或風險不夠好，先不列入高關注。,False,2026-10-05,True,True,STOP,STOP 停止進場,回踩買點,取消新進場，只保留觀察,只看續抱 / 減碼 / 停利 / 停損，不新增部位。,停止新進場，先保留現金，等待大盤止跌。,停止新進場，禁止顯示今日可進場。,False,False
2026-10-05,2026-10-05,收盤確認價,臺灣證券交易所 / 證券櫃檯買賣中心正式收盤；yfinance 歷史資料,只使用完整收盤日K，不使用盤中未完成K,上櫃,6612,奈米醫材,74.2,76.2,74.1,74.4,72.92,71.77,68.2,68.91,9.93,-3.01,False,46644,33505,3460984,2451743,1.92,False,True,21.9,一般K,,True,False,False,False,1,False,只觀察,趨勢多頭,旗型整理突破,74.8,69.0,87.83,接近成形＋可觀察,76.3,74.8,76.3,78.58,72.56,4.9,中,-0.8,8.96,3.08,15.11,76.3,0.0,True,False,False,預備單，等待確認條件,頸線以當日前20日高點計算；收盤站上頸線 74.8 至少2%；成交量>=20日均量2倍；不可長上影；回踩須有近10日突破紀錄且不有效跌破頸線；距離頸線>5%禁止進場,85,C,等更安全位置,條件或風險不夠好，先不列入高關注。,False,2026-10-05,True,True,STOP,STOP 停止進場,觀察,取消新進場，只保留觀察,只看續抱 / 減碼 / 停利 / 停損，不新增部位。,停止新進場，先保留現金，等待大盤止跌。,停止新進場，禁止顯示今日可進場。,False,False
2026-10-05,2026-10-05,收盤確認價,臺灣證券交易所 / 證券櫃檯買賣中心正式收盤；yfinance 歷史資料,只使用完整收盤日K，不使用盤中未完成K,上櫃,4167,松瑞藥,19.45,19.65,19.35,19.6,19.61,19.34,19.21,18.26,-0.85,-0.51,False,458695,624948,8921617,12109791,0.97,False,True,27.86,一般K,,True,False,False,False,1,False,只觀察,趨勢多頭,接近成形,19.95,18.7,23.4,接近成形＋可觀察,20.35,19.95,20.35,20.96,19.35,4.9,中,-2.51,8.25,3.06,14.99,20.35,0.26,False,False,False,預備單，等待確認條件,頸線以當日前20日高點計算；收盤站上頸線 19.95 至少2%；成交量>=20日均量2倍；不可長上影；回踩須有近10日突破紀錄且不有效跌破頸線；距離頸線>5%禁止進場,85,C,等更安全位置,條件或風險不夠好，先不列入高關注。,False,2026-10-05,True,True,STOP,STOP 停止進場,觀察,取消新進場，只保留觀察,只看續抱 / 減碼 / 停利 / 停損，不新增部位。,停止新進場，先保留現金，等待大盤止跌。,停止新進場，禁止顯示今日可進場。,False,False
2026-10-05,2026-10-05,收盤確認價,臺灣證券交易所 / 證券櫃檯買賣中心正式收盤；yfinance 歷史資料,只使用完整收盤日K，不使用盤中未完成K,上櫃,3483,力致,81.3,84.8,79.9,79.46,77.87,77.35,76.33,88.1,-5.68,0.49,False,1070807,347730,87056609,27229173,2.34,False,True,21.6,下影線,,False,True,False,False,1,False,只觀察,量能放大,三角收斂突破,83.6,73.49,97.5,接近成形＋可觀察,85.27,83.6,85.27,87.83,81.09,4.9,中,-2.75,6.34,2.93,14.34,85.27,4.06,False,False,False,預備單，等待確認條件,頸線以當日前20日高點計算；收盤站上頸線 83.6 至少2%；成交量>=20日均量2倍；不可長上影；回踩須有近10日突破紀錄且不有效跌破頸線；距離頸線>5%禁止進場,85,C,等更安全位置,條件或風險不夠好，先不列入高關注。,False,2026-10-05,True,True,STOP,STOP 停止進場,觀察,取消新進場，只保留觀察,只看續抱 / 減碼 / 停利 / 停損，不新增部位。,停止新進場，先保留現金，等待大盤止跌。,停止新進場，禁止顯示今日可進場。,False,False
2026-10-05,2026-10-05,收盤確認價,臺灣證券交易所 / 證券櫃檯買賣中心正式收盤；yfinance 歷史資料,只使用完整收盤日K，不使用盤中未完成K,上櫃,5460,同協,17.55,17.75,17.35,17.25,17.16,17.01,16.44,15.47,4.46,0.86,False,191264,125241,3356683,2150445,2.02,False,True,48.52,一般K,,True,False,False,False,1,False,只觀察,趨勢多頭,箱型突破,17.9,16.16,20.8,接近成形＋可觀察,18.26,17.9,18.26,18.81,17.36,4.9,中,-1.96,2.5,2.84,13.92,18.26,1.14,False,False,False,預備單，等待確認條件,頸線以當日前20日高點計算；收盤站上頸線 17.9 至少2%；成交量>=20日均量2倍；不可長上影；回踩須有近10日突破紀錄且不有效跌破頸線；距離頸線>5%禁止進場,85,C,等更安全位置,條件或風險不夠好，先不列入高關注。,False,2026-10-05,True,True,STOP,STOP 停止進場,觀察,取消新進場，只保留觀察,只看續抱 / 減碼 / 停利 / 停損，不新增部位。,停止新進場，先保留現金，等待大盤止跌。,停止新進場，禁止顯示今日可進場。,False,False
2026-10-05,2026-10-05,收盤確認價,臺灣證券交易所 / 證券櫃檯買賣中心正式收盤；yfinance 歷史資料,只使用完整收盤日K，不使用盤中未完成K,上櫃,6506,雙邦,18.65,18.65,18.35,18.58,18.39,18.24,17.73,16.96,-0.53,0.27,False,67388,54064,1256786,988120,0.75,False,True,29.81,紅K突破,,True,False,False,False,1,False,只觀察,趨勢多頭,箱型突破,18.9,17.85,21.85,接近成形＋可觀察,19.28,18.9,19.28,19.86,18.33,4.9,中,-1.32,1.32,2.72,13.34,19.28,0.0,False,False,False,預備單，等待確認條件,頸線以當日前20日高點計算；收盤站上頸線 18.9 至少2%；成交量>=20日均量2倍；不可長上影；回踩須有近10日突破紀錄且不有效跌破頸線；距離頸線>5%禁止進場,85,C,等更安全位置,條件或風險不夠好，先不列入高關注。,False,2026-10-05,True,True,STOP,STOP 停止進場,觀察,取消新進場，只保留觀察,只看續抱 / 減碼 / 停利 / 停損，不新增部位。,停止新進場，先保留現金，等待大盤止跌。,停止新進場，禁止顯示今日可進場。,False,False
2026-10-05,2026-10-05,收盤確認價,臺灣證券交易所 / 證券櫃檯買賣中心正式收盤；yfinance 歷史資料,只使用完整收盤日K，不使用盤中未完成K,上市,1776,展宇,18.4,18.45,18.2,18.21,18.21,17.92,17.53,16.58,-5.88,0.82,False,60455,51324,1112372,927498,1.05,False,True,57.11,一般K,,True,False,False,False,1,False,只觀察,趨勢多頭,旗型整理突破,18.9,17.03,21.8,接近成形＋可觀察,19.28,18.9,19.28,19.86,18.33,4.9,中,-2.65,6.84,2.67,13.08,19.28,0.0,False,False,False,預備單，等待確認條件,頸線以當日前20日高點計算；收盤站上頸線 18.9 至少2%；成交量>=20日均量2倍；不可長上影；回踩須有近10日突破紀錄且不有效跌破頸線；距離頸線>5%禁止進場,85,C,等更安全位置,條件或風險不夠好，先不列入高關注。,False,2026-10-05,True,True,STOP,STOP 停止進場,觀察,取消新進場，只保留觀察,只看續抱 / 減碼 / 停利 / 停損，不新增部位。,停止新進場，先保留現金，等待大盤止跌。,停止新進場，禁止顯示今日可進場。,False,False
2026-10-05,2026-10-05,收盤確認價,臺灣證券交易所 / 證券櫃檯買賣中心正式收盤；yfinance 歷史資料,只使用完整收盤日K，不使用盤中未完成K,上櫃,2065,世豐,35.55,35.75,35.5,35.51,35.32,35.52,34.51,31.97,9.38,-0.28,False,67267,53179,2391341,1885920,0.76,False,True,46.54,一般K,,True,False,False,False,1,False,只觀察,趨勢多頭,旗型整理突破,36.6,34.8,42.2,接近成形＋可觀察,37.33,36.6,37.33,38.45,35.5,4.9,中,-2.87,7.54,2.66,13.04,37.33,0.0,False,False,False,預備單，等待確認條件,頸線以當日前20日高點計算；收盤站上頸線 36.6 至少2%；成交量>=20日均量2倍；不可長上影；回踩須有近10日突破紀錄且不有效跌破頸線；距離頸線>5%禁止進場,85,C,等更安全位置,條件或風險不夠好，先不列入高關注。,False,2026-10-05,True,True,STOP,STOP 停止進場,觀察,取消新進場，只保留觀察,只看續抱 / 減碼 / 停利 / 停損，不新增部位。,停止新進場，先保留現金，等待大盤止跌。,停止新進場，禁止顯示今日可進場。,False,False
2026-10-05,2026-10-05,收盤確認價,臺灣證券交易所 / 證券櫃檯買賣中心正式收盤；yfinance 歷史資料,只使用完整收盤日K，不使用盤中未完成K,上市,1734,杏輝,32.1,32.1,31.85,32.1,32.15,31.65,30.5,28.44,8.97,0.0,False,190051,180509,6100637,5712776,1.17,False,True,94.42,紅K突破,,True,False,False,False,1,False,只觀察,趨勢多頭,接近成形,32.8,30.35,37.12,接近成形＋可觀察,33.46,32.8,33.46,34.46,31.82,4.9,中,-2.13,2.13,2.23,10.95,33.46,0.0,False,False,False,預備單，等待確認條件,頸線以當日前20日高點計算；收盤站上頸線 32.8 至少2%；成交量>=20日均量2倍；不可長上影；回踩須有近10日突破紀錄且不有效跌破頸線；距離頸線>5%禁止進場,85,C,等更安全位置,條件或風險不夠好，先不列入高關注。,False,2026-10-05,True,True,STOP,STOP 停止進場,觀察,取消新進場，只保留觀察,只看續抱 / 減碼 / 停利 / 停損，不新增部位。,停止新進場，先保留現金，等待大盤止跌。,停止新進場，禁止顯示今日可進場。,False,False
2026-10-05,2026-10-05,收盤確認價,臺灣證券交易所 / 證券櫃檯買賣中心正式收盤；yfinance 歷史資料,只使用完整收盤日K，不使用盤中未完成K,上櫃,3520,華盈,18.05,18.85,17.5,17.34,17.34,17.37,17.49,16.47,6.8,4.94,False,853378,140558,15403472,2465734,1.51,False,True,14.89,一般K,,False,True,False,False,1,False,只觀察,量能放大,箱型突破,17.8,16.95,20.05,接近成形＋可觀察,18.16,17.8,18.16,18.7,17.27,4.9,中,1.4,8.38,2.13,10.43,18.16,4.43,False,False,False,預備單，等待確認條件,頸線以當日前20日高點計算；收盤站上頸線 17.8 至少2%；成交量>=20日均量2倍；不可長上影；回踩須有近10日突破紀錄且不有效跌破頸線；距離頸線>5%禁止進場,85,C,等更安全位置,條件或風險不夠好，先不列入高關注。,False,2026-10-05,True,True,STOP,STOP 停止進場,接近目標,取消新進場，只保留觀察,只看續抱 / 減碼 / 停利 / 停損，不新增部位。,停止新進場，先保留現金，等待大盤止跌。,停止新進場，禁止顯示今日可進場。,False,False
2026-10-05,2026-10-05,收盤確認價,臺灣證券交易所 / 證券櫃檯買賣中心正式收盤；yfinance 歷史資料,只使用完整收盤日K，不使用盤中未完成K,上櫃,6499,益安,79.6,81.4,79.3,78.14,76.02,73.95,67.72,85.43,12.11,-0.25,False,400488,272663,31878844,20466713,1.63,False,True,23.48,一般K,,False,False,False,False,0,False,只觀察,條件不足,旗型整理突破,82.0,70.26,108.2,接近成形＋可觀察,83.64,82.0,83.64,86.15,79.54,4.9,中,-2.93,2.93,5.99,29.36,83.64,1.01,False,False,False,預備單，等待確認條件,頸線以當日前20日高點計算；收盤站上頸線 82.0 至少2%；成交量>=20日均量2倍；不可長上影；回踩須有近10日突破紀錄且不有效跌破頸線；距離頸線>5%禁止進場,85,C,等更安全位置,條件或風險不夠好，先不列入高關注。,False,2026-10-05,True,True,STOP,STOP 停止進場,觀察,取消新進場，只保留觀察,只看續抱 / 減碼 / 停利 / 停損，不新增部位。,停止新進場，先保留現金，等待大盤止跌。,停止新進場，禁止顯示今日可進場。,False,False
2026-10-05,2026-10-05,收盤確認價,臺灣證券交易所 / 證券櫃檯買賣中心正式收盤；yfinance 歷史資料,只使用完整收盤日K，不使用盤中未完成K,上櫃,2924,宏太-KY,19.3,19.3,18.95,18.72,18.64,17.98,17.6,19.77,4.89,3.21,False,3000,7750,57900,137700,4.13,False,True,29.71,紅K突破,,False,False,False,False,0,False,只觀察,條件不足,旗型整理突破,19.05,17.08,22.9,接近成形＋可觀察,19.43,19.05,19.43,20.01,18.48,4.9,中,1.31,1.31,3.64,17.85,19.43,0.0,False,False,False,預備單，等待確認條件,頸線以當日前20日高點計算；收盤站上頸線 19.05 至少2%；成交量>=20日均量2倍；不可長上影；回踩須有近10日突破紀錄且不有效跌破頸線；距離頸線>5%禁止進場,85,C,等更安全位置,條件或風險不夠好，先不列入高關注。,False,2026-10-05,True,True,STOP,STOP 停止進場,觀察,取消新進場，只保留觀察,只看續抱 / 減碼 / 停利 / 停損，不新增部位。,停止新進場，先保留現金，等待大盤止跌。,停止新進場，禁止顯示今日可進場。,False,False
2026-10-05,2026-10-05,收盤確認價,臺灣證券交易所 / 證券櫃檯買賣中心正式收盤；yfinance 歷史資料,只使用完整收盤日K，不使用盤中未完成K,上櫃,7584,樂意,28.5,28.5,27.9,28.67,28.31,27.75,26.37,33.28,-0.5,-0.35,False,9700,8622,276450,236239,2.64,False,True,18.0,紅K突破,,False,False,False,False,0,False,只觀察,條件不足,旗型整理突破,29.1,26.36,34.96,接近成形＋可觀察,29.68,29.1,29.68,30.57,28.23,4.9,中,-2.06,2.06,3.63,17.77,29.68,0.0,False,False,False,預備單，等待確認條件,頸線以當日前20日高點計算；收盤站上頸線 29.1 至少2%；成交量>=20日均量2倍；不可長上影；回踩須有近10日突破紀錄且不有效跌破頸線；距離頸線>5%禁止進場,85,C,等更安全位置,條件或風險不夠好，先不列入高關注。,False,2026-10-05,True,True,STOP,STOP 停止進場,觀察,取消新進場，只保留觀察,只看續抱 / 減碼 / 停利 / 停損，不新增部位。,停止新進場，先保留現金，等待大盤止跌。,停止新進場，禁止顯示今日可進場。,False,False
2026-10-05,2026-10-05,收盤確認價,臺灣證券交易所 / 證券櫃檯買賣中心正式收盤；yfinance 歷史資料,只使用完整收盤日K，不使用盤中未完成K,上櫃,6275,元山,47.65,48.05,47.45,47.33,46.48,46.05,45.0,48.36,-0.94,-0.42,False,184631,237987,8797667,11151593,2.03,False,True,33.65,一般K,,False,False,False,False,0,False,只觀察,條件不足,旗型整理突破,48.9,44.55,58.3,接近成形＋可觀察,49.88,48.9,49.88,51.37,47.43,4.9,中,-2.56,2.56,3.44,16.89,49.88,0.0,False,False,False,預備單，等待確認條件,頸線以當日前20日高點計算；收盤站上頸線 48.9 至少2%；成交量>=20日均量2倍；不可長上影；回踩須有近10日突破紀錄且不有效跌破頸線；距離頸線>5%禁止進場,85,C,等更安全位置,條件或風險不夠好，先不列入高關注。,False,2026-10-05,True,True,STOP,STOP 停止進場,觀察,取消新進場，只保留觀察,只看續抱 / 減碼 / 停利 / 停損，不新增部位。,停止新進場，先保留現金，等待大盤止跌。,停止新進場，禁止顯示今日可進場。,False,False
2026-10-05,2026-10-05,收盤確認價,臺灣證券交易所 / 證券櫃檯買賣中心正式收盤；yfinance 歷史資料,只使用完整收盤日K，不使用盤中未完成K,上市,1612,宏泰,35.0,35.3,35.0,35.28,35.15,34.98,33.53,35.47,4.32,-0.57,False,389026,429373,13615910,15065182,0.72,False,True,12.67,一般K,,False,False,False,False,0,False,只觀察,條件不足,接近成形,35.75,34.5,42.4,接近成形＋可觀察,36.47,35.75,36.47,37.56,34.68,4.9,中,-2.1,2.51,3.32,16.28,36.47,0.29,False,False,False,預備單，等待確認條件,頸線以當日前20日高點計算；收盤站上頸線 35.75 至少2%；成交量>=20日均量2倍；不可長上影；回踩須有近10日突破紀錄且不有效跌破頸線；距離頸線>5%禁止進場,85,C,等更安全位置,條件或風險不夠好，先不列入高關注。,False,2026-10-05,True,True,STOP,STOP 停止進場,觀察,取消新進場，只保留觀察,只看續抱 / 減碼 / 停利 / 停損，不新增部位。,停止新進場，先保留現金，等待大盤止跌。,停止新進場，禁止顯示今日可進場。,False,False
2026-10-05,2026-10-05,收盤確認價,臺灣證券交易所 / 證券櫃檯買賣中心正式收盤；yfinance 歷史資料,只使用完整收盤日K，不使用盤中未完成K,上櫃,3684,榮昌,55.2,55.2,52.8,54.02,53.95,54.05,52.64,55.79,7.81,1.66,False,31657,32068,1747466,1732808,0.84,False,True,25.34,紅K突破,,False,False,False,False,0,False,只觀察,條件不足,箱型突破,55.9,51.4,65.0,接近成形＋可觀察,57.02,55.9,57.02,58.73,54.22,4.9,中,-1.25,1.25,2.86,14.0,57.02,0.0,False,False,False,預備單，等待確認條件,頸線以當日前20日高點計算；收盤站上頸線 55.9 至少2%；成交量>=20日均量2倍；不可長上影；回踩須有近10日突破紀錄且不有效跌破頸線；距離頸線>5%禁止進場,85,C,等更安全位置,條件或風險不夠好，先不列入高關注。,False,2026-10-05,True,True,STOP,STOP 停止進場,觀察,取消新進場，只保留觀察,只看續抱 / 減碼 / 停利 / 停損，不新增部位。,停止新進場，先保留現金，等待大盤止跌。,停止新進場，禁止顯示今日可進場。,False,False
2026-10-05,2026-10-05,收盤確認價,臺灣證券交易所 / 證券櫃檯買賣中心正式收盤；yfinance 歷史資料,只使用完整收盤日K，不使用盤中未完成K,上櫃,4417,金洲,49.2,49.35,48.8,49.47,49.69,49.1,46.53,49.65,2.39,-0.3,False,84057,93687,4135604,4624628,1.01,False,True,79.59,一般K,,False,False,False,False,0,False,只觀察,條件不足,接近成形,50.5,46.75,58.6,接近成形＋可觀察,51.51,50.5,51.51,53.06,48.98,4.9,中,-2.57,2.57,2.81,13.76,51.51,0.0,False,False,False,預備單，等待確認條件,頸線以當日前20日高點計算；收盤站上頸線 50.5 至少2%；成交量>=20日均量2倍；不可長上影；回踩須有近10日突破紀錄且不有效跌破頸線；距離頸線>5%禁止進場,85,C,等更安全位置,條件或風險不夠好，先不列入高關注。,False,2026-10-05,True,True,STOP,STOP 停止進場,觀察,取消新進場，只保留觀察,只看續抱 / 減碼 / 停利 / 停損，不新增部位。,停止新進場，先保留現金，等待大盤止跌。,停止新進場，禁止顯示今日可進場。,False,False
2026-10-05,2026-10-05,收盤確認價,臺灣證券交易所 / 證券櫃檯買賣中心正式收盤；yfinance 歷史資料,只使用完整收盤日K，不使用盤中未完成K,上櫃,2948,寶陞,37.25,37.25,35.9,36.89,36.83,37.34,37.19,37.28,-0.77,2.05,False,4000,3919,149000,145565,1.51,False,True,62.17,紅K突破,,False,False,False,False,0,False,只觀察,條件不足,旗型整理突破,38.4,36.1,44.2,接近成形＋可觀察,39.17,38.4,39.17,40.34,37.25,4.9,中,-2.99,3.99,2.62,12.85,39.17,0.0,False,False,False,預備單，等待確認條件,頸線以當日前20日高點計算；收盤站上頸線 38.4 至少2%；成交量>=20日均量2倍；不可長上影；回踩須有近10日突破紀錄且不有效跌破頸線；距離頸線>5%禁止進場,85,C,等更安全位置,條件或風險不夠好，先不列入高關注。,False,2026-10-05,True,True,STOP,STOP 停止進場,觀察,取消新進場，只保留觀察,只看續抱 / 減碼 / 停利 / 停損，不新增部位。,停止新進場，先保留現金，等待大盤止跌。,停止新進場，禁止顯示今日可進場。,False,False
2026-10-05,2026-10-05,收盤確認價,臺灣證券交易所 / 證券櫃檯買賣中心正式收盤；yfinance 歷史資料,只使用完整收盤日K，不使用盤中未完成K,上櫃,6229,研通,24.15,24.85,24.0,24.14,23.89,23.69,23.78,23.95,-7.82,-0.21,False,55138,53930,1331582,1286433,0.64,False,True,18.04,一般K,,False,False,False,False,0,False,只觀察,條件不足,箱型突破,24.55,22.6,28.1,接近成形＋可觀察,25.04,24.55,25.04,25.79,23.81,4.9,中,-1.63,8.87,2.49,12.22,25.04,0.0,False,False,False,預備單，等待確認條件,頸線以當日前20日高點計算；收盤站上頸線 24.55 至少2%；成交量>=20日均量2倍；不可長上影；回踩須有近10日突破紀錄且不有效跌破頸線；距離頸線>5%禁止進場,85,C,等更安全位置,條件或風險不夠好，先不列入高關注。,False,2026-10-05,True,True,STOP,STOP 停止進場,觀察,取消新進場，只保留觀察,只看續抱 / 減碼 / 停利 / 停損，不新增部位。,停止新進場，先保留現金，等待大盤止跌。,停止新進場，禁止顯示今日可進場。,False,False
2026-10-05,2026-10-05,收盤確認價,臺灣證券交易所 / 證券櫃檯買賣中心正式收盤；yfinance 歷史資料,只使用完整收盤日K，不使用盤中未完成K,上櫃,3558,神準,130.5,132.0,130.0,128.0,125.35,122.9,126.28,129.66,-10.0,-0.38,False,160025,90724,20883262,11340794,1.66,False,True,22.68,一般K,,False,False,False,False,0,False,只觀察,條件不足,三角收斂突破,133.0,116.75,152.0,接近成形＋可觀察,135.66,133.0,135.66,139.73,129.01,4.9,中,-1.88,10.0,2.46,12.04,135.66,0.0,False,False,False,預備單，等待確認條件,頸線以當日前20日高點計算；收盤站上頸線 133.0 至少2%；成交量>=20日均量2倍；不可長上影；回踩須有近10日突破紀錄且不有效跌破頸線；距離頸線>5%禁止進場,85,C,等更安全位置,條件或風險不夠好，先不列入高關注。,False,2026-10-05,True,True,STOP,STOP 停止進場,觀察,取消新進場，只保留觀察,只看續抱 / 減碼 / 停利 / 停損，不新增部位。,停止新進場，先保留現金，等待大盤止跌。,停止新進場，禁止顯示今日可進場。,False,False
2026-10-05,2026-10-05,收盤確認價,臺灣證券交易所 / 證券櫃檯買賣中心正式收盤；yfinance 歷史資料,只使用完整收盤日K，不使用盤中未完成K,上櫃,6751,智聯服務,44.45,44.65,44.45,44.48,44.05,42.74,41.75,49.51,2.89,-0.11,False,8217,7368,365245,318320,1.13,False,True,45.47,一般K,,False,False,False,False,0,False,只觀察,條件不足,箱型突破,45.25,40.9,51.35,接近成形＋可觀察,46.16,45.25,46.16,47.54,43.89,4.9,中,-1.77,1.77,2.3,11.26,46.16,0.34,False,False,False,預備單，等待確認條件,頸線以當日前20日高點計算；收盤站上頸線 45.25 至少2%；成交量>=20日均量2倍；不可長上影；回踩須有近10日突破紀錄且不有效跌破頸線；距離頸線>5%禁止進場,85,C,等更安全位置,條件或風險不夠好，先不列入高關注。,False,2026-10-05,True,True,STOP,STOP 停止進場,觀察,取消新進場，只保留觀察,只看續抱 / 減碼 / 停利 / 停損，不新增部位。,停止新進場，先保留現金，等待大盤止跌。,停止新進場，禁止顯示今日可進場。,False,False
2026-10-05,2026-10-05,收盤確認價,臺灣證券交易所 / 證券櫃檯買賣中心正式收盤；yfinance 歷史資料,只使用完整收盤日K，不使用盤中未完成K,上櫃,6596,寬宏藝術,96.3,96.5,95.9,96.86,96.92,95.79,92.7,117.76,5.25,-0.31,False,107557,80554,10357739,7720635,0.66,False,True,29.44,一般K,,False,False,False,False,0,False,只觀察,條件不足,箱型突破,98.2,93.0,111.4,接近成形＋可觀察,100.16,98.2,100.16,103.17,95.25,4.9,中,-1.93,1.93,2.29,11.22,100.16,0.0,False,False,False,預備單，等待確認條件,頸線以當日前20日高點計算；收盤站上頸線 98.2 至少2%；成交量>=20日均量2倍；不可長上影；回踩須有近10日突破紀錄且不有效跌破頸線；距離頸線>5%禁止進場,85,C,等更安全位置,條件或風險不夠好，先不列入高關注。,False,2026-10-05,True,True,STOP,STOP 停止進場,觀察,取消新進場，只保留觀察,只看續抱 / 減碼 / 停利 / 停損，不新增部位。,停止新進場，先保留現金，等待大盤止跌。,停止新進場，禁止顯示今日可進場。,False,False
2026-10-05,2026-10-05,收盤確認價,臺灣證券交易所 / 證券櫃檯買賣中心正式收盤；yfinance 歷史資料,只使用完整收盤日K，不使用盤中未完成K,上櫃,8171,天宇,20.7,20.8,20.45,20.69,20.55,20.2,20.03,23.8,0.98,0.24,False,173693,154624,3595445,3136489,0.89,False,True,29.64,一般K,,False,False,False,False,0,False,只觀察,條件不足,接近成形,21.2,19.19,24.0,接近成形＋可觀察,21.62,21.2,21.62,22.27,20.56,4.9,中,-2.36,3.72,2.24,10.99,21.62,0.0,False,False,False,預備單，等待確認條件,頸線以當日前20日高點計算；收盤站上頸線 21.2 至少2%；成交量>=20日均量2倍；不可長上影；回踩須有近10日突破紀錄且不有效跌破頸線；距離頸線>5%禁止進場,85,C,等更安全位置,條件或風險不夠好，先不列入高關注。,False,2026-10-05,True,True,STOP,STOP 停止進場,觀察,取消新進場，只保留觀察,只看續抱 / 減碼 / 停利 / 停損，不新增部位。,停止新進場，先保留現金，等待大盤止跌。,停止新進場，禁止顯示今日可進場。,False,False
2026-10-05,2026-10-05,收盤確認價,臺灣證券交易所 / 證券櫃檯買賣中心正式收盤；yfinance 歷史資料,只使用完整收盤日K，不使用盤中未完成K,上櫃,8284,三竹,67.8,68.0,67.7,67.84,68.21,67.89,65.25,63.74,10.78,-0.0,False,12946,18857,877738,1285546,0.75,False,True,31.11,一般K,,False,False,False,False,0,False,只觀察,條件不足,接近成形,69.7,64.9,78.6,接近成形＋可觀察,71.09,69.7,71.09,73.23,67.61,4.9,中,-2.73,3.14,2.15,10.56,71.09,0.29,False,False,False,預備單，等待確認條件,頸線以當日前20日高點計算；收盤站上頸線 69.7 至少2%；成交量>=20日均量2倍；不可長上影；回踩須有近10日突破紀錄且不有效跌破頸線；距離頸線>5%禁止進場,85,C,等更安全位置,條件或風險不夠好，先不列入高關注。,False,2026-10-05,True,True,STOP,STOP 停止進場,觀察,取消新進場，只保留觀察,只看續抱 / 減碼 / 停利 / 停損，不新增部位。,停止新進場，先保留現金，等待大盤止跌。,停止新進場，禁止顯示今日可進場。,False,False
2026-10-05,2026-10-05,收盤確認價,臺灣證券交易所 / 證券櫃檯買賣中心正式收盤；yfinance 歷史資料,只使用完整收盤日K，不使用盤中未完成K,上櫃,6124,業強,27.2,27.2,26.95,27.23,27.12,27.03,26.86,28.36,-5.06,0.37,False,21013,12181,571553,329487,1.23,False,True,19.19,紅K突破,,False,False,False,False,0,False,只觀察,條件不足,三角收斂突破,27.85,25.68,31.35,接近成形＋可觀察,28.41,27.85,28.41,29.26,27.01,4.9,中,-2.33,5.39,2.11,10.36,28.41,0.0,False,False,False,預備單，等待確認條件,頸線以當日前20日高點計算；收盤站上頸線 27.85 至少2%；成交量>=20日均量2倍；不可長上影；回踩須有近10日突破紀錄且不有效跌破頸線；距離頸線>5%禁止進場,85,C,等更安全位置,條件或風險不夠好，先不列入高關注。,False,2026-10-05,True,True,STOP,STOP 停止進場,觀察,取消新進場，只保留觀察,只看續抱 / 減碼 / 停利 / 停損，不新增部位。,停止新進場，先保留現金，等待大盤止跌。,停止新進場，禁止顯示今日可進場。,False,False
2026-10-05,2026-10-05,收盤確認價,臺灣證券交易所 / 證券櫃檯買賣中心正式收盤；yfinance 歷史資料,只使用完整收盤日K，不使用盤中未完成K,上櫃,1336,台翰,18.0,18.25,17.55,17.7,17.38,16.89,16.27,15.5,25.44,-0.28,False,272637,284003,4907466,4844881,2.21,False,True,54.7,下影線,,True,False,False,False,1,False,只觀察,趨勢多頭,旗型整理突破,17.55,16.04,20.9,回踩頸線不破,17.9,17.55,17.9,18.44,17.02,5.43,中,2.56,3.23,2.97,16.11,18.0,0.0,True,False,False,回踩頸線不破，可觀察低風險進場,頸線以當日前20日高點計算；收盤站上頸線 17.55 至少2%；成交量>=20日均量2倍；不可長上影；回踩須有近10日突破紀錄且不有效跌破頸線；距離頸線>5%禁止進場,75,C,等更安全位置,條件或風險不夠好，先不列入高關注。,False,2026-10-05,True,True,STOP,STOP 停止進場,回踩買點,取消新進場，只保留觀察,只看續抱 / 減碼 / 停利 / 停損，不新增部位。,停止新進場，先保留現金，等待大盤止跌。,停止新進場，禁止顯示今日可進場。,False,False
2026-10-05,2026-10-05,收盤確認價,臺灣證券交易所 / 證券櫃檯買賣中心正式收盤；yfinance 歷史資料,只使用完整收盤日K，不使用盤中未完成K,上櫃,8936,國統,53.1,53.4,52.4,52.52,52.32,51.63,51.81,53.87,-4.5,1.53,False,1394943,850100,74071473,43950336,0.83,True,True,46.16,紅K突破,,False,False,False,False,0,False,只觀察,條件不足,箱型突破,53.3,50.0,56.9,接近成形＋可觀察,54.37,53.3,54.37,56.0,51.7,4.9,中,-0.38,5.68,0.95,4.66,54.37,0.56,False,False,False,預備單，等待確認條件,頸線以當日前20日高點計算；收盤站上頸線 53.3 至少2%；成交量>=20日均量2倍；不可長上影；回踩須有近10日突破紀錄且不有效跌破頸線；距離頸線>5%禁止進場,75,C,等更安全位置,條件或風險不夠好，先不列入高關注。,False,2026-10-05,True,True,STOP,STOP 停止進場,接近目標,取消新進場，只保留觀察,只看續抱 / 減碼 / 停利 / 停損，不新增部位。,停止新進場，先保留現金，等待大盤止跌。,停止新進場，禁止顯示今日可進場。,False,False
2026-10-05,2026-10-05,收盤確認價,臺灣證券交易所 / 證券櫃檯買賣中心正式收盤；yfinance 歷史資料,只使用完整收盤日K，不使用盤中未完成K,上市,2002,中鋼,18.9,19.1,18.85,18.97,18.82,18.87,18.97,19.04,1.89,-0.53,False,26859457,28547445,507643737,539672996,0.78,True,True,15.89,一般K,,False,False,False,False,0,False,只觀察,條件不足,接近成形,19.3,18.6,20.35,接近成形＋可觀察,19.69,19.3,19.69,20.28,18.72,4.9,中,-2.07,5.03,0.69,3.37,19.69,0.0,False,False,False,預備單，等待確認條件,頸線以當日前20日高點計算；收盤站上頸線 19.3 至少2%；成交量>=20日均量2倍；不可長上影；回踩須有近10日突破紀錄且不有效跌破頸線；距離頸線>5%禁止進場,75,C,等更安全位置,條件或風險不夠好，先不列入高關注。,False,2026-10-05,True,True,STOP,STOP 停止進場,接近目標,取消新進場，只保留觀察,只看續抱 / 減碼 / 停利 / 停損，不新增部位。,停止新進場，先保留現金，等待大盤止跌。,停止新進場，禁止顯示今日可進場。,False,False
2026-10-05,2026-10-05,收盤確認價,臺灣證券交易所 / 證券櫃檯買賣中心正式收盤；yfinance 歷史資料,只使用完整收盤日K，不使用盤中未完成K,上市,1323,永裕,21.55,21.55,21.25,21.39,21.38,21.38,20.91,20.02,5.64,1.41,False,78705,44369,1696092,951617,0.81,False,True,12.84,紅K突破,,True,False,False,False,1,False,只觀察,趨勢多頭,箱型突破,21.9,21.0,24.4,接近成形＋可觀察,22.34,21.9,22.34,23.01,21.24,4.9,中,-1.6,2.49,1.88,9.23,22.34,0.0,False,False,False,預備單，等待確認條件,頸線以當日前20日高點計算；收盤站上頸線 21.9 至少2%；成交量>=20日均量2倍；不可長上影；回踩須有近10日突破紀錄且不有效跌破頸線；距離頸線>5%禁止進場,72,C,等更安全位置,條件或風險不夠好，先不列入高關注。,False,2026-10-05,True,True,STOP,STOP 停止進場,觀察,取消新進場，只保留觀察,只看續抱 / 減碼 / 停利 / 停損，不新增部位。,停止新進場，先保留現金，等待大盤止跌。,停止新進場，禁止顯示今日可進場。,False,False
2026-10-05,2026-10-05,收盤確認價,臺灣證券交易所 / 證券櫃檯買賣中心正式收盤；yfinance 歷史資料,只使用完整收盤日K，不使用盤中未完成K,上櫃,3484,崧騰,49.15,49.45,48.55,47.73,46.89,45.93,48.46,47.84,-6.74,0.51,False,333523,154891,16392655,7171924,1.52,False,True,33.82,一般K,,False,True,False,False,1,False,只觀察,量能放大,箱型突破,49.05,43.64,54.6,接近成形＋可觀察,50.03,49.05,50.03,51.53,47.58,4.9,中,0.2,9.82,1.86,9.13,50.03,0.1,False,False,False,預備單，等待確認條件,頸線以當日前20日高點計算；收盤站上頸線 49.05 至少2%；成交量>=20日均量2倍；不可長上影；回踩須有近10日突破紀錄且不有效跌破頸線；距離頸線>5%禁止進場,72,C,等更安全位置,條件或風險不夠好，先不列入高關注。,False,2026-10-05,True,True,STOP,STOP 停止進場,接近目標,取消新進場，只保留觀察,只看續抱 / 減碼 / 停利 / 停損，不新增部位。,停止新進場，先保留現金，等待大盤止跌。,停止新進場，禁止顯示今日可進場。,False,False
2026-10-05,2026-10-05,收盤確認價,臺灣證券交易所 / 證券櫃檯買賣中心正式收盤；yfinance 歷史資料,只使用完整收盤日K，不使用盤中未完成K,上櫃,6158,禾昌,17.8,17.8,17.45,17.38,17.32,17.19,17.26,19.5,-7.05,2.3,False,155653,64946,2770623,1124897,0.92,False,True,33.56,紅K突破,,False,True,False,False,1,False,只觀察,量能放大,三角收斂突破,18.2,16.6,20.25,接近成形＋可觀察,18.56,18.2,18.56,19.12,17.65,4.9,中,-2.2,7.05,1.85,9.08,18.56,0.0,False,False,False,預備單，等待確認條件,頸線以當日前20日高點計算；收盤站上頸線 18.2 至少2%；成交量>=20日均量2倍；不可長上影；回踩須有近10日突破紀錄且不有效跌破頸線；距離頸線>5%禁止進場,72,C,等更安全位置,條件或風險不夠好，先不列入高關注。,False,2026-10-05,True,True,STOP,STOP 停止進場,觀察,取消新進場，只保留觀察,只看續抱 / 減碼 / 停利 / 停損，不新增部位。,停止新進場，先保留現金，等待大盤止跌。,停止新進場，禁止顯示今日可進場。,False,False
2026-10-05,2026-10-05,收盤確認價,臺灣證券交易所 / 證券櫃檯買賣中心正式收盤；yfinance 歷史資料,只使用完整收盤日K，不使用盤中未完成K,上櫃,6210,慶生,18.0,18.1,17.55,17.87,17.68,17.57,18.04,19.64,-8.86,1.12,False,27824,12213,500832,215195,1.67,False,True,47.79,紅K突破,,False,True,False,False,1,False,只觀察,量能放大,三角收斂突破,18.5,16.69,20.55,接近成形＋可觀察,18.87,18.5,18.87,19.44,17.95,4.9,中,-2.7,9.77,1.82,8.9,18.87,0.56,False,False,False,預備單，等待確認條件,頸線以當日前20日高點計算；收盤站上頸線 18.5 至少2%；成交量>=20日均量2倍；不可長上影；回踩須有近10日突破紀錄且不有效跌破頸線；距離頸線>5%禁止進場,72,C,等更安全位置,條件或風險不夠好，先不列入高關注。,False,2026-10-05,True,True,STOP,STOP 停止進場,觀察,取消新進場，只保留觀察,只看續抱 / 減碼 / 停利 / 停損，不新增部位。,停止新進場，先保留現金，等待大盤止跌。,停止新進場，禁止顯示今日可進場。,False,False
2026-10-05,2026-10-05,收盤確認價,臺灣證券交易所 / 證券櫃檯買賣中心正式收盤；yfinance 歷史資料,只使用完整收盤日K，不使用盤中未完成K,上市,1416,廣豐,11.85,11.9,11.65,11.63,11.54,11.47,11.36,11.46,7.24,-0.0,False,438963,258663,5201711,2980591,0.98,False,True,33.52,下影線,,True,False,False,False,1,False,只觀察,趨勢多頭,箱型突破,11.9,11.1,13.2,接近成形＋可觀察,12.14,11.9,12.14,12.5,11.54,4.9,中,-0.42,4.05,1.78,8.75,12.14,0.0,False,False,False,預備單，等待確認條件,頸線以當日前20日高點計算；收盤站上頸線 11.9 至少2%；成交量>=20日均量2倍；不可長上影；回踩須有近10日突破紀錄且不有效跌破頸線；距離頸線>5%禁止進場,72,C,等更安全位置,條件或風險不夠好，先不列入高關注。,False,2026-10-05,True,True,STOP,STOP 停止進場,觀察,取消新進場，只保留觀察,只看續抱 / 減碼 / 停利 / 停損，不新增部位。,停止新進場，先保留現金，等待大盤止跌。,停止新進場，禁止顯示今日可進場。,False,False
2026-10-05,2026-10-05,收盤確認價,臺灣證券交易所 / 證券櫃檯買賣中心正式收盤；yfinance 歷史資料,只使用完整收盤日K，不使用盤中未完成K,上櫃,4711,永純,16.8,17.2,16.35,16.38,16.38,16.43,16.45,15.93,-3.17,2.44,False,262648,53426,4412486,881951,1.08,False,True,21.26,一般K,,False,True,False,False,1,False,只觀察,量能放大,箱型突破,16.8,16.05,18.6,接近成形＋可觀察,17.14,16.8,17.14,17.65,16.3,4.9,中,0.0,3.72,1.74,8.54,17.14,2.38,False,False,False,預備單，等待確認條件,頸線以當日前20日高點計算；收盤站上頸線 16.8 至少2%；成交量>=20日均量2倍；不可長上影；回踩須有近10日突破紀錄且不有效跌破頸線；距離頸線>5%禁止進場,72,C,等更安全位置,條件或風險不夠好，先不列入高關注。,False,2026-10-05,True,True,STOP,STOP 停止進場,接近目標,取消新進場，只保留觀察,只看續抱 / 減碼 / 停利 / 停損，不新增部位。,停止新進場，先保留現金，等待大盤止跌。,停止新進場，禁止顯示今日可進場。,False,False
2026-10-05,2026-10-05,收盤確認價,臺灣證券交易所 / 證券櫃檯買賣中心正式收盤；yfinance 歷史資料,只使用完整收盤日K，不使用盤中未完成K,上櫃,3646,艾恩特,25.2,25.2,25.2,24.94,24.83,24.62,23.76,24.7,6.78,1.2,False,1064,14822,26812,365488,0.64,False,True,59.54,資料不足,,True,False,False,False,1,False,只觀察,趨勢多頭,箱型突破,25.15,23.65,27.75,接近成形＋可觀察,25.65,25.15,25.65,26.42,24.4,4.9,中,0.2,0.2,1.67,8.17,25.65,0.0,False,False,False,預備單，等待確認條件,頸線以當日前20日高點計算；收盤站上頸線 25.15 至少2%；成交量>=20日均量2倍；不可長上影；回踩須有近10日突破紀錄且不有效跌破頸線；距離頸線>5%禁止進場,72,C,等更安全位置,條件或風險不夠好，先不列入高關注。,False,2026-10-05,True,True,STOP,STOP 停止進場,接近目標,取消新進場，只保留觀察,只看續抱 / 減碼 / 停利 / 停損，不新增部位。,停止新進場，先保留現金，等待大盤止跌。,停止新進場，禁止顯示今日可進場。,False,False
2026-10-05,2026-10-05,收盤確認價,臺灣證券交易所 / 證券櫃檯買賣中心正式收盤；yfinance 歷史資料,只使用完整收盤日K，不使用盤中未完成K,上櫃,5348,正能量智能,17.05,17.35,15.8,16.49,16.44,16.35,16.56,16.97,1.79,4.28,False,23111,4700,394042,77002,2.02,False,True,51.96,紅K突破,,False,True,False,False,1,False,只觀察,量能放大,箱型突破,16.9,15.53,18.55,接近成形＋可觀察,17.24,16.9,17.24,17.76,16.39,4.9,中,0.89,3.94,1.55,7.61,17.24,1.76,False,False,False,預備單，等待確認條件,頸線以當日前20日高點計算；收盤站上頸線 16.9 至少2%；成交量>=20日均量2倍；不可長上影；回踩須有近10日突破紀錄且不有效跌破頸線；距離頸線>5%禁止進場,72,C,等更安全位置,條件或風險不夠好，先不列入高關注。,False,2026-10-05,True,True,STOP,STOP 停止進場,接近目標,取消新進場，只保留觀察,只看續抱 / 減碼 / 停利 / 停損，不新增部位。,停止新進場，先保留現金，等待大盤止跌。,停止新進場，禁止顯示今日可進場。,False,False
2026-10-05,2026-10-05,收盤確認價,臺灣證券交易所 / 證券櫃檯買賣中心正式收盤；yfinance 歷史資料,只使用完整收盤日K，不使用盤中未完成K,上市,1603,華電,30.35,30.75,30.1,30.45,30.32,30.24,29.98,34.19,-5.16,-0.82,False,179461,128717,5446641,3897153,0.76,False,True,24.71,一般K,,False,False,False,False,0,False,只觀察,條件不足,箱型突破,30.85,29.2,34.5,接近成形＋可觀察,31.47,30.85,31.47,32.41,29.92,4.9,中,-1.62,6.47,1.97,9.64,31.47,0.49,False,False,False,預備單，等待確認條件,頸線以當日前20日高點計算；收盤站上頸線 30.85 至少2%；成交量>=20日均量2倍；不可長上影；回踩須有近10日突破紀錄且不有效跌破頸線；距離頸線>5%禁止進場,72,C,等更安全位置,條件或風險不夠好，先不列入高關注。,False,2026-10-05,True,True,STOP,STOP 停止進場,觀察,取消新進場，只保留觀察,只看續抱 / 減碼 / 停利 / 停損，不新增部位。,停止新進場，先保留現金，等待大盤止跌。,停止新進場，禁止顯示今日可進場。,False,False
2026-10-05,2026-10-05,收盤確認價,臺灣證券交易所 / 證券櫃檯買賣中心正式收盤；yfinance 歷史資料,只使用完整收盤日K，不使用盤中未完成K,上櫃,3306,鼎天,47.5,47.8,47.05,47.54,46.43,45.67,44.91,48.52,-1.96,0.96,False,65971,91480,3133622,4203150,1.22,False,True,67.95,紅K突破,,False,False,False,False,0,False,只觀察,條件不足,箱型突破,46.55,44.35,51.6,接近成形＋可觀察,47.48,46.55,47.48,48.91,45.15,4.9,中,2.04,3.75,1.77,8.68,47.48,0.63,True,False,False,預備單，等待確認條件,頸線以當日前20日高點計算；收盤站上頸線 46.55 至少2%；成交量>=20日均量2倍；不可長上影；回踩須有近10日突破紀錄且不有效跌破頸線；距離頸線>5%禁止進場,72,C,等更安全位置,條件或風險不夠好，先不列入高關注。,False,2026-10-05,True,True,STOP,STOP 停止進場,接近目標,取消新進場，只保留觀察,只看續抱 / 減碼 / 停利 / 停損，不新增部位。,停止新進場，先保留現金，等待大盤止跌。,停止新進場，禁止顯示今日可進場。,False,False
2026-10-05,2026-10-05,收盤確認價,臺灣證券交易所 / 證券櫃檯買賣中心正式收盤；yfinance 歷史資料,只使用完整收盤日K，不使用盤中未完成K,上櫃,1295,生合,49.05,49.25,48.65,48.02,46.67,45.9,46.71,67.89,-0.71,0.72,False,54086,28364,2652918,1321270,1.1,False,True,43.9,紅K突破,,False,False,False,False,0,False,只觀察,條件不足,箱型突破,49.25,44.05,54.45,接近成形＋可觀察,50.23,49.25,50.23,51.74,47.77,4.9,中,-0.41,9.67,1.71,8.39,50.23,0.41,False,False,False,預備單，等待確認條件,頸線以當日前20日高點計算；收盤站上頸線 49.25 至少2%；成交量>=20日均量2倍；不可長上影；回踩須有近10日突破紀錄且不有效跌破頸線；距離頸線>5%禁止進場,72,C,等更安全位置,條件或風險不夠好，先不列入高關注。,False,2026-10-05,True,True,STOP,STOP 停止進場,接近目標,取消新進場，只保留觀察,只看續抱 / 減碼 / 停利 / 停損，不新增部位。,停止新進場，先保留現金，等待大盤止跌。,停止新進場，禁止顯示今日可進場。,False,False
2026-10-05,2026-10-05,收盤確認價,臺灣證券交易所 / 證券櫃檯買賣中心正式收盤；yfinance 歷史資料,只使用完整收盤日K，不使用盤中未完成K,上櫃,8933,愛地雅,4.56,4.68,4.45,4.57,4.53,4.53,4.52,5.64,0.22,-0.65,False,74456,73749,339519,332570,1.72,False,True,27.55,下影線,,False,False,False,False,0,False,只觀察,條件不足,接近成形,4.68,4.32,5.17,接近成形＋可觀察,4.77,4.68,4.77,4.92,4.54,4.9,中,-2.56,5.59,1.69,8.3,4.77,1.97,False,False,False,預備單，等待確認條件,頸線以當日前20日高點計算；收盤站上頸線 4.68 至少2%；成交量>=20日均量2倍；不可長上影；回踩須有近10日突破紀錄且不有效跌破頸線；距離頸線>5%禁止進場,72,C,等更安全位置,條件或風險不夠好，先不列入高關注。,False,2026-10-05,True,True,STOP,STOP 停止進場,觀察,取消新進場，只保留觀察,只看續抱 / 減碼 / 停利 / 停損，不新增部位。,停止新進場，先保留現金，等待大盤止跌。,停止新進場，禁止顯示今日可進場。,False,False
2026-10-05,2026-10-05,收盤確認價,臺灣證券交易所 / 證券櫃檯買賣中心正式收盤；yfinance 歷史資料,只使用完整收盤日K，不使用盤中未完成K,上市,1618,合機,38.9,39.45,38.8,38.83,38.92,38.98,39.0,41.33,0.26,-0.64,False,303551,262739,11808133,10253441,0.76,False,True,28.19,一般K,,False,False,False,False,0,False,只觀察,條件不足,接近成形,40.0,38.3,44.15,接近成形＋可觀察,40.8,40.0,40.8,42.02,38.8,4.9,中,-2.75,7.82,1.68,8.21,40.8,0.0,False,False,False,預備單，等待確認條件,頸線以當日前20日高點計算；收盤站上頸線 40.0 至少2%；成交量>=20日均量2倍；不可長上影；回踩須有近10日突破紀錄且不有效跌破頸線；距離頸線>5%禁止進場,72,C,等更安全位置,條件或風險不夠好，先不列入高關注。,False,2026-10-05,True,True,STOP,STOP 停止進場,觀察,取消新進場，只保留觀察,只看續抱 / 減碼 / 停利 / 停損，不新增部位。,停止新進場，先保留現金，等待大盤止跌。,停止新進場，禁止顯示今日可進場。,False,False
2026-10-05,2026-10-05,收盤確認價,臺灣證券交易所 / 證券櫃檯買賣中心正式收盤；yfinance 歷史資料,只使用完整收盤日K，不使用盤中未完成K,上櫃,1593,祺驊,31.4,31.6,31.4,31.63,31.77,31.64,31.17,30.68,3.97,-0.95,False,15700,15078,492980,478083,0.55,False,True,20.35,一般K,,False,False,False,False,0,False,只觀察,條件不足,接近成形,32.35,31.15,35.65,接近成形＋可觀察,33.0,32.35,33.0,33.99,31.38,4.9,中,-2.94,6.82,1.64,8.04,33.0,0.0,False,False,False,預備單，等待確認條件,頸線以當日前20日高點計算；收盤站上頸線 32.35 至少2%；成交量>=20日均量2倍；不可長上影；回踩須有近10日突破紀錄且不有效跌破頸線；距離頸線>5%禁止進場,72,C,等更安全位置,條件或風險不夠好，先不列入高關注。,False,2026-10-05,True,True,STOP,STOP 停止進場,觀察,取消新進場，只保留觀察,只看續抱 / 減碼 / 停利 / 停損，不新增部位。,停止新進場，先保留現金，等待大盤止跌。,停止新進場，禁止顯示今日可進場。,False,False
2026-10-05,2026-10-05,收盤確認價,臺灣證券交易所 / 證券櫃檯買賣中心正式收盤；yfinance 歷史資料,只使用完整收盤日K，不使用盤中未完成K,上櫃,4183,福永生技,14.75,14.75,14.75,14.21,13.97,13.85,14.24,15.43,5.36,2.79,False,1040,7704,15340,107697,3.98,False,True,29.84,資料不足,,False,False,False,False,0,False,只觀察,條件不足,箱型突破,14.45,13.16,15.9,接近成形＋可觀察,14.74,14.45,14.74,15.18,14.02,4.9,中,2.08,1.01,1.61,7.88,14.74,0.0,False,False,False,預備單，等待確認條件,頸線以當日前20日高點計算；收盤站上頸線 14.45 至少2%；成交量>=20日均量2倍；不可長上影；回踩須有近10日突破紀錄且不有效跌破頸線；距離頸線>5%禁止進場,72,C,等更安全位置,條件或風險不夠好，先不列入高關注。,False,2026-10-05,True,True,STOP,STOP 停止進場,接近目標,取消新進場，只保留觀察,只看續抱 / 減碼 / 停利 / 停損，不新增部位。,停止新進場，先保留現金，等待大盤止跌。,停止新進場，禁止顯示今日可進場。,False,False
2026-10-05,2026-10-05,收盤確認價,臺灣證券交易所 / 證券櫃檯買賣中心正式收盤；yfinance 歷史資料,只使用完整收盤日K，不使用盤中未完成K,上櫃,4116,明基醫,40.0,40.2,39.9,39.83,39.62,39.69,39.26,41.29,5.54,-0.37,False,39031,22510,1561240,895279,0.55,False,True,29.92,一般K,,False,False,False,False,0,False,只觀察,條件不足,三角收斂突破,41.0,39.25,45.05,接近成形＋可觀察,41.82,41.0,41.82,43.07,39.77,4.9,中,-2.44,3.38,1.58,7.72,41.82,0.0,False,False,False,預備單，等待確認條件,頸線以當日前20日高點計算；收盤站上頸線 41.0 至少2%；成交量>=20日均量2倍；不可長上影；回踩須有近10日突破紀錄且不有效跌破頸線；距離頸線>5%禁止進場,72,C,等更安全位置,條件或風險不夠好，先不列入高關注。,False,2026-10-05,True,True,STOP,STOP 停止進場,觀察,取消新進場，只保留觀察,只看續抱 / 減碼 / 停利 / 停損，不新增部位。,停止新進場，先保留現金，等待大盤止跌。,停止新進場，禁止顯示今日可進場。,False,False
2026-10-05,2026-10-05,收盤確認價,臺灣證券交易所 / 證券櫃檯買賣中心正式收盤；yfinance 歷史資料,只使用完整收盤日K，不使用盤中未完成K,上櫃,4120,友華,46.0,46.5,45.9,46.02,45.99,46.15,47.05,46.08,-2.95,-0.22,False,29170,15110,1341820,696337,0.92,False,True,58.92,一般K,,False,False,False,False,0,False,只觀察,條件不足,三角收斂突破,47.25,44.6,51.85,接近成形＋可觀察,48.2,47.25,48.2,49.64,45.83,4.9,中,-2.65,7.26,1.55,7.58,48.2,0.87,False,False,False,預備單，等待確認條件,頸線以當日前20日高點計算；收盤站上頸線 47.25 至少2%；成交量>=20日均量2倍；不可長上影；回踩須有近10日突破紀錄且不有效跌破頸線；距離頸線>5%禁止進場,72,C,等更安全位置,條件或風險不夠好，先不列入高關注。,False,2026-10-05,True,True,STOP,STOP 停止進場,觀察,取消新進場，只保留觀察,只看續抱 / 減碼 / 停利 / 停損，不新增部位。,停止新進場，先保留現金，等待大盤止跌。,停止新進場，禁止顯示今日可進場。,False,False
2026-10-05,2026-10-05,收盤確認價,臺灣證券交易所 / 證券櫃檯買賣中心正式收盤；yfinance 歷史資料,只使用完整收盤日K，不使用盤中未完成K,上櫃,6904,伯鑫,123.0,123.0,123.0,122.5,121.25,121.9,123.02,122.3,-3.91,0.82,False,1010,1100,124230,133279,1.07,False,True,77.89,資料不足,,False,False,False,False,0,False,只觀察,條件不足,箱型突破,125.0,118.5,137.0,接近成形＋可觀察,127.5,125.0,127.5,131.33,121.25,4.9,中,-1.6,3.91,1.52,7.45,127.5,0.0,False,False,False,預備單，等待確認條件,頸線以當日前20日高點計算；收盤站上頸線 125.0 至少2%；成交量>=20日均量2倍；不可長上影；回踩須有近10日突破紀錄且不有效跌破頸線；距離頸線>5%禁止進場,72,C,等更安全位置,條件或風險不夠好，先不列入高關注。,False,2026-10-05,True,True,STOP,STOP 停止進場,觀察,取消新進場，只保留觀察,只看續抱 / 減碼 / 停利 / 停損，不新增部位。,停止新進場，先保留現金，等待大盤止跌。,停止新進場，禁止顯示今日可進場。,False,False
2026-10-05,2026-10-05,收盤確認價,臺灣證券交易所 / 證券櫃檯買賣中心正式收盤；yfinance 歷史資料,只使用完整收盤日K，不使用盤中未完成K,上櫃,4905,台聯電,97.1,101.5,95.2,85.38,81.58,81.59,77.56,71.76,44.49,4.97,False,456714,67888,44346929,6010048,3.78,False,True,42.49,一般K,,True,True,False,True,3,False,C級觀察：條件或風險尚未達標,趨勢多頭、量能放大、價量條件足,三角收斂突破,92.5,77.52,121.5,接近成形＋可觀察,94.35,92.5,94.35,97.18,89.72,4.9,中,4.97,2.9,5.87,28.78,94.35,4.53,False,False,False,預備單，等待確認條件,頸線以當日前20日高點計算；收盤站上頸線 92.5 至少2%；成交量>=20日均量2倍；不可長上影；回踩須有近10日突破紀錄且不有效跌破頸線；距離頸線>5%禁止進場,70,C,等更安全位置,條件或風險不夠好，先不列入高關注。,False,2026-10-05,True,True,STOP,STOP 停止進場,觀察,取消新進場，只保留觀察,只看續抱 / 減碼 / 停利 / 停損，不新增部位。,停止新進場，先保留現金，等待大盤止跌。,停止新進場，禁止顯示今日可進場。,False,False
2026-10-05,2026-10-05,收盤確認價,臺灣證券交易所 / 證券櫃檯買賣中心正式收盤；yfinance 歷史資料,只使用完整收盤日K，不使用盤中未完成K,上櫃,3226,龍鋒,62.8,62.8,61.7,62.28,60.05,57.86,52.6,47.79,35.05,-0.48,False,11079,48485,695761,2838374,2.13,False,True,66.84,紅K突破,,True,False,False,True,2,False,只觀察,趨勢多頭、價量條件足,旗型整理突破,60.8,54.97,76.75,接近成形＋可觀察,62.02,60.8,62.02,63.88,58.98,4.9,中,3.29,3.38,4.85,23.76,62.02,0.0,True,False,False,預備單，等待確認條件,頸線以當日前20日高點計算；收盤站上頸線 60.8 至少2%；成交量>=20日均量2倍；不可長上影；回踩須有近10日突破紀錄且不有效跌破頸線；距離頸線>5%禁止進場,70,C,等更安全位置,條件或風險不夠好，先不列入高關注。,False,2026-10-05,True,True,STOP,STOP 停止進場,觀察,取消新進場，只保留觀察,只看續抱 / 減碼 / 停利 / 停損，不新增部位。,停止新進場，先保留現金，等待大盤止跌。,停止新進場，禁止顯示今日可進場。,False,False
2026-10-05,2026-10-05,收盤確認價,臺灣證券交易所 / 證券櫃檯買賣中心正式收盤；yfinance 歷史資料,只使用完整收盤日K，不使用盤中未完成K,上櫃,6134,萬旭,29.1,30.3,28.65,29.08,29.12,28.84,27.95,28.93,-4.59,0.69,False,1301918,209236,37885813,6061294,1.13,False,True,28.55,下影線,,True,True,False,False,2,False,只觀察,趨勢多頭、量能放大,三角收斂突破,30.35,27.85,38.2,接近成形＋可觀察,30.96,30.35,30.96,31.89,29.44,4.9,中,-4.12,6.13,4.77,23.4,30.96,3.95,False,False,False,預備單，等待確認條件,頸線以當日前20日高點計算；收盤站上頸線 30.35 至少2%；成交量>=20日均量2倍；不可長上影；回踩須有近10日突破紀錄且不有效跌破頸線；距離頸線>5%禁止進場,70,C,等更安全位置,條件或風險不夠好，先不列入高關注。,False,2026-10-05,True,True,STOP,STOP 停止進場,觀察,取消新進場，只保留觀察,只看續抱 / 減碼 / 停利 / 停損，不新增部位。,停止新進場，先保留現金，等待大盤止跌。,停止新進場，禁止顯示今日可進場。,False,False
2026-10-05,2026-10-05,收盤確認價,臺灣證券交易所 / 證券櫃檯買賣中心正式收盤；yfinance 歷史資料,只使用完整收盤日K，不使用盤中未完成K,上櫃,3623,富晶通,30.05,31.2,29.95,30.02,28.99,27.58,23.59,23.55,28.14,-1.64,False,168904,406072,5075565,11263387,3.29,False,True,70.21,一般K,,True,False,False,False,1,False,只觀察,趨勢多頭,旗型整理突破,31.0,26.2,43.0,接近成形＋可觀察,31.62,31.0,31.62,32.57,30.07,4.9,中,-3.06,3.06,7.34,35.99,31.62,2.16,False,False,False,預備單，等待確認條件,頸線以當日前20日高點計算；收盤站上頸線 31.0 至少2%；成交量>=20日均量2倍；不可長上影；回踩須有近10日突破紀錄且不有效跌破頸線；距離頸線>5%禁止進場,70,C,等更安全位置,條件或風險不夠好，先不列入高關注。,False,2026-10-05,True,True,STOP,STOP 停止進場,觀察,取消新進場，只保留觀察,只看續抱 / 減碼 / 停利 / 停損，不新增部位。,停止新進場，先保留現金，等待大盤止跌。,停止新進場，禁止顯示今日可進場。,False,False
2026-10-05,2026-10-05,收盤確認價,臺灣證券交易所 / 證券櫃檯買賣中心正式收盤；yfinance 歷史資料,只使用完整收盤日K，不使用盤中未完成K,上櫃,6654,天正國際,219.0,223.0,214.5,212.8,205.7,206.55,185.48,124.8,17.11,0.0,False,26836,51011,5877084,10809434,3.64,False,True,29.04,下影線,,True,False,False,False,1,False,只觀察,趨勢多頭,旗型整理突破,226.0,196.22,312.0,接近成形＋可觀察,230.52,226.0,230.52,237.44,219.22,4.9,中,-3.1,3.1,7.21,35.35,230.52,1.83,False,False,False,預備單，等待確認條件,頸線以當日前20日高點計算；收盤站上頸線 226.0 至少2%；成交量>=20日均量2倍；不可長上影；回踩須有近10日突破紀錄且不有效跌破頸線；距離頸線>5%禁止進場,70,C,等更安全位置,條件或風險不夠好，先不列入高關注。,False,2026-10-05,True,True,STOP,STOP 停止進場,觀察,取消新進場，只保留觀察,只看續抱 / 減碼 / 停利 / 停損，不新增部位。,停止新進場，先保留現金，等待大盤止跌。,停止新進場，禁止顯示今日可進場。,False,False
2026-10-05,2026-10-05,收盤確認價,臺灣證券交易所 / 證券櫃檯買賣中心正式收盤；yfinance 歷史資料,只使用完整收盤日K，不使用盤中未完成K,上櫃,6895,宏碩系統,156.5,158.0,145.5,150.7,146.75,148.82,135.03,174.29,13.41,4.68,False,97230,27067,15216495,4043650,2.13,False,True,37.64,紅K突破,,False,True,False,False,1,False,只觀察,量能放大,三角收斂突破,162.5,141.38,215.0,接近成形＋可觀察,165.75,162.5,165.75,170.72,157.62,4.9,中,-3.69,7.67,6.06,29.71,165.75,0.96,False,False,False,預備單，等待確認條件,頸線以當日前20日高點計算；收盤站上頸線 162.5 至少2%；成交量>=20日均量2倍；不可長上影；回踩須有近10日突破紀錄且不有效跌破頸線；距離頸線>5%禁止進場,70,C,等更安全位置,條件或風險不夠好，先不列入高關注。,False,2026-10-05,True,True,STOP,STOP 停止進場,觀察,取消新進場，只保留觀察,只看續抱 / 減碼 / 停利 / 停損，不新增部位。,停止新進場，先保留現金，等待大盤止跌。,停止新進場，禁止顯示今日可進場。,False,False
2026-10-05,2026-10-05,收盤確認價,臺灣證券交易所 / 證券櫃檯買賣中心正式收盤；yfinance 歷史資料,只使用完整收盤日K，不使用盤中未完成K,上櫃,6859,伯特光,123.0,123.5,121.0,121.3,120.75,118.7,109.51,114.12,2.07,0.41,False,51079,45195,6282717,5394669,2.45,False,True,56.36,紅K突破,,True,False,False,False,1,False,只觀察,趨勢多頭,旗型整理突破,129.0,112.77,164.5,接近成形＋可觀察,131.58,129.0,131.58,135.53,125.13,4.9,中,-4.65,4.65,5.1,25.02,131.58,0.41,False,False,False,預備單，等待確認條件,頸線以當日前20日高點計算；收盤站上頸線 129.0 至少2%；成交量>=20日均量2倍；不可長上影；回踩須有近10日突破紀錄且不有效跌破頸線；距離頸線>5%禁止進場,70,C,等更安全位置,條件或風險不夠好，先不列入高關注。,False,2026-10-05,True,True,STOP,STOP 停止進場,觀察,取消新進場，只保留觀察,只看續抱 / 減碼 / 停利 / 停損，不新增部位。,停止新進場，先保留現金，等待大盤止跌。,停止新進場，禁止顯示今日可進場。,False,False
2026-10-05,2026-10-05,收盤確認價,臺灣證券交易所 / 證券櫃檯買賣中心正式收盤；yfinance 歷史資料,只使用完整收盤日K，不使用盤中未完成K,上櫃,6642,富致,82.1,84.2,82.1,82.22,80.43,78.94,78.64,65.9,-1.08,-1.79,False,156910,149263,12882311,11968291,2.13,False,True,29.97,一般K,,True,False,False,False,1,False,只觀察,趨勢多頭,旗型整理突破,84.9,75.1,104.6,接近成形＋可觀察,86.6,84.9,86.6,89.2,82.35,4.9,中,-3.3,7.65,4.24,20.79,86.6,0.0,False,False,False,預備單，等待確認條件,頸線以當日前20日高點計算；收盤站上頸線 84.9 至少2%；成交量>=20日均量2倍；不可長上影；回踩須有近10日突破紀錄且不有效跌破頸線；距離頸線>5%禁止進場,70,C,等更安全位置,條件或風險不夠好，先不列入高關注。,False,2026-10-05,True,True,STOP,STOP 停止進場,觀察,取消新進場，只保留觀察,只看續抱 / 減碼 / 停利 / 停損，不新增部位。,停止新進場，先保留現金，等待大盤止跌。,停止新進場，禁止顯示今日可進場。,False,False
2026-10-05,2026-10-05,收盤確認價,臺灣證券交易所 / 證券櫃檯買賣中心正式收盤；yfinance 歷史資料,只使用完整收盤日K，不使用盤中未完成K,上櫃,3176,基亞,38.25,38.25,37.35,37.67,37.92,37.27,35.49,32.79,0.13,1.86,False,444905,667440,17017616,24873311,2.62,False,True,31.67,紅K突破,,True,False,False,False,1,False,只觀察,趨勢多頭,旗型整理突破,40.0,35.41,49.0,接近成形＋可觀察,40.8,40.0,40.8,42.02,38.8,4.9,中,-4.38,5.67,4.1,20.1,40.8,0.0,False,False,False,預備單，等待確認條件,頸線以當日前20日高點計算；收盤站上頸線 40.0 至少2%；成交量>=20日均量2倍；不可長上影；回踩須有近10日突破紀錄且不有效跌破頸線；距離頸線>5%禁止進場,70,C,等更安全位置,條件或風險不夠好，先不列入高關注。,False,2026-10-05,True,True,STOP,STOP 停止進場,觀察,取消新進場，只保留觀察,只看續抱 / 減碼 / 停利 / 停損，不新增部位。,停止新進場，先保留現金，等待大盤止跌。,停止新進場，禁止顯示今日可進場。,False,False
2026-10-05,2026-10-05,收盤確認價,臺灣證券交易所 / 證券櫃檯買賣中心正式收盤；yfinance 歷史資料,只使用完整收盤日K，不使用盤中未完成K,上市,1558,伸興,110.0,112.0,110.0,112.1,111.8,109.72,100.65,96.33,19.05,-1.35,False,72900,134329,8019000,14762997,1.05,False,True,48.26,一般K,,True,False,False,False,1,False,只觀察,趨勢多頭,接近成形,114.0,104.24,139.4,接近成形＋可觀察,116.28,114.0,116.28,119.77,110.58,4.9,中,-3.51,3.51,4.06,19.88,116.28,0.45,False,False,False,預備單，等待確認條件,頸線以當日前20日高點計算；收盤站上頸線 114.0 至少2%；成交量>=20日均量2倍；不可長上影；回踩須有近10日突破紀錄且不有效跌破頸線；距離頸線>5%禁止進場,70,C,等更安全位置,條件或風險不夠好，先不列入高關注。,False,2026-10-05,True,True,STOP,STOP 停止進場,觀察,取消新進場，只保留觀察,只看續抱 / 減碼 / 停利 / 停損，不新增部位。,停止新進場，先保留現金，等待大盤止跌。,停止新進場，禁止顯示今日可進場。,False,False
2026-10-05,2026-10-05,收盤確認價,臺灣證券交易所 / 證券櫃檯買賣中心正式收盤；yfinance 歷史資料,只使用完整收盤日K，不使用盤中未完成K,上櫃,6263,普萊德,167.0,169.5,165.0,162.9,160.15,159.47,158.68,144.05,0.0,-1.47,False,163813,130750,27356771,21271889,2.18,False,True,41.98,一般K,,True,False,False,False,1,False,只觀察,趨勢多頭,旗型整理突破,174.5,152.0,211.5,接近成形＋可觀察,177.99,174.5,177.99,183.33,169.26,4.9,中,-4.3,4.3,3.84,18.83,177.99,0.0,False,False,False,預備單，等待確認條件,頸線以當日前20日高點計算；收盤站上頸線 174.5 至少2%；成交量>=20日均量2倍；不可長上影；回踩須有近10日突破紀錄且不有效跌破頸線；距離頸線>5%禁止進場,70,C,等更安全位置,條件或風險不夠好，先不列入高關注。,False,2026-10-05,True,True,STOP,STOP 停止進場,觀察,取消新進場，只保留觀察,只看續抱 / 減碼 / 停利 / 停損，不新增部位。,停止新進場，先保留現金，等待大盤止跌。,停止新進場，禁止顯示今日可進場。,False,False
2026-10-05,2026-10-05,收盤確認價,臺灣證券交易所 / 證券櫃檯買賣中心正式收盤；yfinance 歷史資料,只使用完整收盤日K，不使用盤中未完成K,上市,1313,聯成,12.5,12.75,12.45,12.38,12.29,12.11,11.82,11.32,0.0,-1.19,False,3462792,2728624,43284900,33354567,1.46,False,True,42.28,一般K,,True,False,False,False,1,False,只觀察,趨勢多頭,旗型整理突破,12.9,11.65,15.6,接近成形＋可觀察,13.16,12.9,13.16,13.55,12.51,4.9,中,-3.1,3.85,3.79,18.56,13.16,0.0,False,False,False,預備單，等待確認條件,頸線以當日前20日高點計算；收盤站上頸線 12.9 至少2%；成交量>=20日均量2倍；不可長上影；回踩須有近10日突破紀錄且不有效跌破頸線；距離頸線>5%禁止進場,70,C,等更安全位置,條件或風險不夠好，先不列入高關注。,False,2026-10-05,True,True,STOP,STOP 停止進場,觀察,取消新進場，只保留觀察,只看續抱 / 減碼 / 停利 / 停損，不新增部位。,停止新進場，先保留現金，等待大盤止跌。,停止新進場，禁止顯示今日可進場。,False,False
2026-10-05,2026-10-05,收盤確認價,臺灣證券交易所 / 證券櫃檯買賣中心正式收盤；yfinance 歷史資料,只使用完整收盤日K，不使用盤中未完成K,上櫃,4721,美琪瑪,80.9,82.2,80.6,81.0,78.17,74.95,73.89,75.92,-2.88,-0.37,False,560843,419862,45372198,32263466,1.64,False,True,45.61,一般K,,True,False,False,False,1,False,只觀察,趨勢多頭,旗型整理突破,77.6,71.2,92.8,接近成形＋可觀察,79.15,77.6,79.15,81.53,75.27,4.9,中,4.25,4.03,3.52,17.24,79.15,0.0,True,False,False,預備單，等待確認條件,頸線以當日前20日高點計算；收盤站上頸線 77.6 至少2%；成交量>=20日均量2倍；不可長上影；回踩須有近10日突破紀錄且不有效跌破頸線；距離頸線>5%禁止進場,70,C,等更安全位置,條件或風險不夠好，先不列入高關注。,False,2026-10-05,True,True,STOP,STOP 停止進場,觀察,取消新進場，只保留觀察,只看續抱 / 減碼 / 停利 / 停損，不新增部位。,停止新進場，先保留現金，等待大盤止跌。,停止新進場，禁止顯示今日可進場。,False,False
2026-10-05,2026-10-05,收盤確認價,臺灣證券交易所 / 證券櫃檯買賣中心正式收盤；yfinance 歷史資料,只使用完整收盤日K，不使用盤中未完成K,上市,1308,亞聚,14.3,14.5,14.2,14.3,14.25,14.24,13.94,14.02,-2.39,-1.04,False,1079725,1201817,15440067,17163087,1.91,False,True,23.73,一般K,,True,False,False,False,1,False,只觀察,趨勢多頭,旗型整理突破,15.0,13.85,17.75,接近成形＋可觀察,15.3,15.0,15.3,15.76,14.55,4.9,中,-4.67,6.84,3.27,16.01,15.3,0.0,False,False,False,預備單，等待確認條件,頸線以當日前20日高點計算；收盤站上頸線 15.0 至少2%；成交量>=20日均量2倍；不可長上影；回踩須有近10日突破紀錄且不有效跌破頸線；距離頸線>5%禁止進場,70,C,等更安全位置,條件或風險不夠好，先不列入高關注。,False,2026-10-05,True,True,STOP,STOP 停止進場,觀察,取消新進場，只保留觀察,只看續抱 / 減碼 / 停利 / 停損，不新增部位。,停止新進場，先保留現金，等待大盤止跌。,停止新進場，禁止顯示今日可進場。,False,False
2026-10-05,2026-10-05,收盤確認價,臺灣證券交易所 / 證券櫃檯買賣中心正式收盤；yfinance 歷史資料,只使用完整收盤日K，不使用盤中未完成K,上櫃,5209,新鼎,174.5,178.0,174.5,171.2,170.45,168.38,160.87,167.16,10.09,-0.85,False,82446,157251,14386827,26730756,2.58,False,True,58.89,一般K,,True,False,False,False,1,False,只觀察,趨勢多頭,接近成形,182.0,159.96,213.0,接近成形＋可觀察,185.64,182.0,185.64,191.21,176.54,4.9,中,-4.12,4.12,3.01,14.74,185.64,0.57,False,False,False,預備單，等待確認條件,頸線以當日前20日高點計算；收盤站上頸線 182.0 至少2%；成交量>=20日均量2倍；不可長上影；回踩須有近10日突破紀錄且不有效跌破頸線；距離頸線>5%禁止進場,70,C,等更安全位置,條件或風險不夠好，先不列入高關注。,False,2026-10-05,True,True,STOP,STOP 停止進場,觀察,取消新進場，只保留觀察,只看續抱 / 減碼 / 停利 / 停損，不新增部位。,停止新進場，先保留現金，等待大盤止跌。,停止新進場，禁止顯示今日可進場。,False,False
2026-10-05,2026-10-05,收盤確認價,臺灣證券交易所 / 證券櫃檯買賣中心正式收盤；yfinance 歷史資料,只使用完整收盤日K，不使用盤中未完成K,上市,1456,怡華,14.85,15.3,14.8,14.8,14.54,14.3,14.02,13.54,11.24,-1.66,False,77001,210566,1143464,3012855,2.38,False,True,25.46,一般K,,True,False,False,False,1,False,只觀察,趨勢多頭,接近成形,15.45,13.59,17.7,接近成形＋可觀察,15.76,15.45,15.76,16.23,14.99,4.9,中,-3.88,3.88,2.51,12.32,15.76,1.68,False,False,False,預備單，等待確認條件,頸線以當日前20日高點計算；收盤站上頸線 15.45 至少2%；成交量>=20日均量2倍；不可長上影；回踩須有近10日突破紀錄且不有效跌破頸線；距離頸線>5%禁止進場,70,C,等更安全位置,條件或風險不夠好，先不列入高關注。,False,2026-10-05,True,True,STOP,STOP 停止進場,觀察,取消新進場，只保留觀察,只看續抱 / 減碼 / 停利 / 停損，不新增部位。,停止新進場，先保留現金，等待大盤止跌。,停止新進場，禁止顯示今日可進場。,False,False
2026-10-05,2026-10-05,收盤確認價,臺灣證券交易所 / 證券櫃檯買賣中心正式收盤；yfinance 歷史資料,只使用完整收盤日K，不使用盤中未完成K,上市,1470,大統新創,24.1,24.6,24.1,24.12,24.18,24.09,23.55,22.78,12.09,-1.63,False,7010,16701,168941,402658,1.49,False,True,19.11,一般K,,True,False,False,False,1,False,只觀察,趨勢多頭,接近成形,24.85,23.45,28.4,接近成形＋可觀察,25.35,24.85,25.35,26.11,24.1,4.9,中,-3.02,3.02,2.46,12.04,25.35,0.41,False,False,False,預備單，等待確認條件,頸線以當日前20日高點計算；收盤站上頸線 24.85 至少2%；成交量>=20日均量2倍；不可長上影；回踩須有近10日突破紀錄且不有效跌破頸線；距離頸線>5%禁止進場,70,C,等更安全位置,條件或風險不夠好，先不列入高關注。,False,2026-10-05,True,True,STOP,STOP 停止進場,觀察,取消新進場，只保留觀察,只看續抱 / 減碼 / 停利 / 停損，不新增部位。,停止新進場，先保留現金，等待大盤止跌。,停止新進場，禁止顯示今日可進場。,False,False
2026-10-05,2026-10-05,收盤確認價,臺灣證券交易所 / 證券櫃檯買賣中心正式收盤；yfinance 歷史資料,只使用完整收盤日K，不使用盤中未完成K,上市,2029,盛餘,21.8,22.45,21.8,22.14,21.68,21.42,21.26,20.96,4.81,-2.24,False,407904,398785,8892307,8613871,1.42,False,True,32.47,一般K,,True,False,False,False,1,False,只觀察,趨勢多頭,接近成形,22.8,20.55,26.0,接近成形＋可觀察,23.26,22.8,23.26,23.95,22.12,4.9,中,-4.39,4.39,2.41,11.8,23.26,1.38,False,False,False,預備單，等待確認條件,頸線以當日前20日高點計算；收盤站上頸線 22.8 至少2%；成交量>=20日均量2倍；不可長上影；回踩須有近10日突破紀錄且不有效跌破頸線；距離頸線>5%禁止進場,70,C,等更安全位置,條件或風險不夠好，先不列入高關注。,False,2026-10-05,True,True,STOP,STOP 停止進場,觀察,取消新進場，只保留觀察,只看續抱 / 減碼 / 停利 / 停損，不新增部位。,停止新進場，先保留現金，等待大盤止跌。,停止新進場，禁止顯示今日可進場。,False,False
2026-10-05,2026-10-05,收盤確認價,臺灣證券交易所 / 證券櫃檯買賣中心正式收盤；yfinance 歷史資料,只使用完整收盤日K，不使用盤中未完成K,上櫃,4767,誠泰科技,28.5,28.6,28.05,28.36,28.1,28.34,27.66,27.01,4.4,-0.7,False,3006,16850,85671,479218,1.52,False,True,25.18,下影線,,True,False,False,False,1,False,只觀察,趨勢多頭,旗型整理突破,29.5,27.25,33.55,接近成形＋可觀察,30.09,29.5,30.09,30.99,28.61,4.9,中,-3.39,5.94,2.35,11.5,30.09,0.0,False,False,False,預備單，等待確認條件,頸線以當日前20日高點計算；收盤站上頸線 29.5 至少2%；成交量>=20日均量2倍；不可長上影；回踩須有近10日突破紀錄且不有效跌破頸線；距離頸線>5%禁止進場,70,C,等更安全位置,條件或風險不夠好，先不列入高關注。,False,2026-10-05,True,True,STOP,STOP 停止進場,觀察,取消新進場，只保留觀察,只看續抱 / 減碼 / 停利 / 停損，不新增部位。,停止新進場，先保留現金，等待大盤止跌。,停止新進場，禁止顯示今日可進場。,False,False
2026-10-05,2026-10-05,收盤確認價,臺灣證券交易所 / 證券櫃檯買賣中心正式收盤；yfinance 歷史資料,只使用完整收盤日K，不使用盤中未完成K,上市,2115,六暉-KY,23.9,24.1,23.7,23.85,23.81,23.83,23.06,23.29,11.68,0.0,False,30511,50191,729212,1199140,0.65,False,True,36.55,紅K突破,,True,False,False,False,1,False,只觀察,趨勢多頭,旗型整理突破,24.65,23.6,28.0,接近成形＋可觀察,25.14,24.65,25.14,25.9,23.91,4.9,中,-3.04,3.43,2.32,11.36,25.14,0.84,False,False,False,預備單，等待確認條件,頸線以當日前20日高點計算；收盤站上頸線 24.65 至少2%；成交量>=20日均量2倍；不可長上影；回踩須有近10日突破紀錄且不有效跌破頸線；距離頸線>5%禁止進場,70,C,等更安全位置,條件或風險不夠好，先不列入高關注。,False,2026-10-05,True,True,STOP,STOP 停止進場,觀察,取消新進場，只保留觀察,只看續抱 / 減碼 / 停利 / 停損，不新增部位。,停止新進場，先保留現金，等待大盤止跌。,停止新進場，禁止顯示今日可進場。,False,False
2026-10-05,2026-10-05,收盤確認價,臺灣證券交易所 / 證券櫃檯買賣中心正式收盤；yfinance 歷史資料,只使用完整收盤日K，不使用盤中未完成K,上櫃,5220,萬達光電,22.7,23.25,22.15,23.04,21.45,20.55,20.41,19.71,10.19,-1.73,False,173810,175344,3945487,4043566,3.33,False,True,32.86,一般K,,True,False,False,False,1,False,只觀察,趨勢多頭,接近成形,22.0,19.52,24.85,接近成形＋可觀察,22.44,22.0,22.44,23.11,21.34,4.9,中,3.18,6.58,2.19,10.74,22.44,0.22,True,False,False,預備單，等待確認條件,頸線以當日前20日高點計算；收盤站上頸線 22.0 至少2%；成交量>=20日均量2倍；不可長上影；回踩須有近10日突破紀錄且不有效跌破頸線；距離頸線>5%禁止進場,70,C,等更安全位置,條件或風險不夠好，先不列入高關注。,False,2026-10-05,True,True,STOP,STOP 停止進場,接近目標,取消新進場，只保留觀察,只看續抱 / 減碼 / 停利 / 停損，不新增部位。,停止新進場，先保留現金，等待大盤止跌。,停止新進場，禁止顯示今日可進場。,False,False
2026-10-05,2026-10-05,收盤確認價,臺灣證券交易所 / 證券櫃檯買賣中心正式收盤；yfinance 歷史資料,只使用完整收盤日K，不使用盤中未完成K,上櫃,4946,辣椒,98.8,99.8,98.1,100.76,97.89,94.91,88.83,107.39,-1.69,-2.18,False,12582,19215,1243101,1841811,2.0,False,True,31.28,一般K,,False,False,False,False,0,False,只觀察,條件不足,旗型整理突破,102.5,90.17,140.0,接近成形＋可觀察,104.55,102.5,104.55,107.69,99.42,4.9,中,-3.61,3.61,6.92,33.91,104.55,0.0,False,False,False,預備單，等待確認條件,頸線以當日前20日高點計算；收盤站上頸線 102.5 至少2%；成交量>=20日均量2倍；不可長上影；回踩須有近10日突破紀錄且不有效跌破頸線；距離頸線>5%禁止進場,70,C,等更安全位置,條件或風險不夠好，先不列入高關注。,False,2026-10-05,True,True,STOP,STOP 停止進場,觀察,取消新進場，只保留觀察,只看續抱 / 減碼 / 停利 / 停損，不新增部位。,停止新進場，先保留現金，等待大盤止跌。,停止新進場，禁止顯示今日可進場。,False,False
2026-10-05,2026-10-05,收盤確認價,臺灣證券交易所 / 證券櫃檯買賣中心正式收盤；yfinance 歷史資料,只使用完整收盤日K，不使用盤中未完成K,上櫃,7770,君曜,42.0,44.0,41.95,42.47,41.18,38.8,39.17,52.22,-1.41,-3.11,False,22102,18220,928284,716966,3.4,False,True,32.76,一般K,,False,False,False,False,0,False,只觀察,條件不足,接近成形,44.0,36.86,53.6,接近成形＋可觀察,44.88,44.0,44.88,46.23,42.68,4.9,中,-4.55,4.55,3.96,19.43,44.88,1.67,False,False,False,預備單，等待確認條件,頸線以當日前20日高點計算；收盤站上頸線 44.0 至少2%；成交量>=20日均量2倍；不可長上影；回踩須有近10日突破紀錄且不有效跌破頸線；距離頸線>5%禁止進場,70,C,等更安全位置,條件或風險不夠好，先不列入高關注。,False,2026-10-05,True,True,STOP,STOP 停止進場,觀察,取消新進場，只保留觀察,只看續抱 / 減碼 / 停利 / 停損，不新增部位。,停止新進場，先保留現金，等待大盤止跌。,停止新進場，禁止顯示今日可進場。,False,False
2026-10-05,2026-10-05,收盤確認價,臺灣證券交易所 / 證券櫃檯買賣中心正式收盤；yfinance 歷史資料,只使用完整收盤日K，不使用盤中未完成K,上櫃,4549,桓達,98.8,99.5,97.7,97.26,97.21,97.11,95.44,102.23,0.78,1.54,False,65389,48412,6460433,4717765,1.35,False,True,19.03,一般K,,False,False,False,False,0,False,只觀察,條件不足,旗型整理突破,102.45,93.0,123.63,接近成形＋可觀察,104.5,102.45,104.5,107.64,99.38,4.9,中,-3.56,3.56,3.73,18.3,104.5,0.0,False,False,False,預備單，等待確認條件,頸線以當日前20日高點計算；收盤站上頸線 102.45 至少2%；成交量>=20日均量2倍；不可長上影；回踩須有近10日突破紀錄且不有效跌破頸線；距離頸線>5%禁止進場,70,C,等更安全位置,條件或風險不夠好，先不列入高關注。,False,2026-10-05,True,True,STOP,STOP 停止進場,觀察,取消新進場，只保留觀察,只看續抱 / 減碼 / 停利 / 停損，不新增部位。,停止新進場，先保留現金，等待大盤止跌。,停止新進場，禁止顯示今日可進場。,False,False
2026-10-05,2026-10-05,收盤確認價,臺灣證券交易所 / 證券櫃檯買賣中心正式收盤；yfinance 歷史資料,只使用完整收盤日K，不使用盤中未完成K,上櫃,6233,旺玖,23.6,23.75,23.45,23.06,22.12,21.24,21.53,23.44,-4.45,0.21,False,234985,145533,5545646,3192608,1.79,False,True,50.36,一般K,,False,False,False,False,0,False,只觀察,條件不足,旗型整理突破,22.9,20.18,27.5,接近成形＋可觀察,23.36,22.9,23.36,24.06,22.21,4.9,中,3.06,4.84,3.62,17.73,23.36,0.42,True,False,False,預備單，等待確認條件,頸線以當日前20日高點計算；收盤站上頸線 22.9 至少2%；成交量>=20日均量2倍；不可長上影；回踩須有近10日突破紀錄且不有效跌破頸線；距離頸線>5%禁止進場,70,C,等更安全位置,條件或風險不夠好，先不列入高關注。,False,2026-10-05,True,True,STOP,STOP 停止進場,觀察,取消新進場，只保留觀察,只看續抱 / 減碼 / 停利 / 停損，不新增部位。,停止新進場，先保留現金，等待大盤止跌。,停止新進場，禁止顯示今日可進場。,False,False
2026-10-05,2026-10-05,收盤確認價,臺灣證券交易所 / 證券櫃檯買賣中心正式收盤；yfinance 歷史資料,只使用完整收盤日K，不使用盤中未完成K,上市,1582,信錦,72.4,72.9,71.6,71.48,71.04,71.1,72.18,78.89,-8.59,0.7,False,551457,299248,39925486,21294841,1.13,False,True,48.0,一般K,,False,False,False,False,0,False,只觀察,條件不足,三角收斂突破,75.9,68.7,89.8,接近成形＋可觀察,77.42,75.9,77.42,79.74,73.62,4.9,中,-4.61,9.5,3.26,15.99,77.42,0.55,False,False,False,預備單，等待確認條件,頸線以當日前20日高點計算；收盤站上頸線 75.9 至少2%；成交量>=20日均量2倍；不可長上影；回踩須有近10日突破紀錄且不有效跌破頸線；距離頸線>5%禁止進場,70,C,等更安全位置,條件或風險不夠好，先不列入高關注。,False,2026-10-05,True,True,STOP,STOP 停止進場,觀察,取消新進場，只保留觀察,只看續抱 / 減碼 / 停利 / 停損，不新增部位。,停止新進場，先保留現金，等待大盤止跌。,停止新進場，禁止顯示今日可進場。,False,False
2026-10-05,2026-10-05,收盤確認價,臺灣證券交易所 / 證券櫃檯買賣中心正式收盤；yfinance 歷史資料,只使用完整收盤日K，不使用盤中未完成K,上市,1305,華夏,12.35,12.55,12.25,12.3,12.17,12.14,12.07,12.58,-3.52,-1.59,False,1223237,1384990,15106976,16887559,1.83,False,True,16.17,一般K,,False,False,False,False,0,False,只觀察,條件不足,旗型整理突破,12.95,11.7,15.3,接近成形＋可觀察,13.21,12.95,13.21,13.61,12.56,4.9,中,-4.63,8.18,3.23,15.83,13.21,0.0,False,False,False,預備單，等待確認條件,頸線以當日前20日高點計算；收盤站上頸線 12.95 至少2%；成交量>=20日均量2倍；不可長上影；回踩須有近10日突破紀錄且不有效跌破頸線；距離頸線>5%禁止進場,70,C,等更安全位置,條件或風險不夠好，先不列入高關注。,False,2026-10-05,True,True,STOP,STOP 停止進場,觀察,取消新進場，只保留觀察,只看續抱 / 減碼 / 停利 / 停損，不新增部位。,停止新進場，先保留現金，等待大盤止跌。,停止新進場，禁止顯示今日可進場。,False,False
2026-10-05,2026-10-05,收盤確認價,臺灣證券交易所 / 證券櫃檯買賣中心正式收盤；yfinance 歷史資料,只使用完整收盤日K，不使用盤中未完成K,上櫃,1742,台蠟,17.35,17.5,17.35,17.59,17.55,17.58,17.3,15.78,14.14,-0.86,False,42738,52663,741504,925666,0.75,False,True,37.85,一般K,,False,False,False,False,0,False,只觀察,條件不足,接近成形,18.25,17.0,21.5,接近成形＋可觀察,18.62,18.25,18.62,19.17,17.7,4.9,中,-4.93,7.47,3.16,15.5,18.62,0.86,False,False,False,預備單，等待確認條件,頸線以當日前20日高點計算；收盤站上頸線 18.25 至少2%；成交量>=20日均量2倍；不可長上影；回踩須有近10日突破紀錄且不有效跌破頸線；距離頸線>5%禁止進場,70,C,等更安全位置,條件或風險不夠好，先不列入高關注。,False,2026-10-05,True,True,STOP,STOP 停止進場,觀察,取消新進場，只保留觀察,只看續抱 / 減碼 / 停利 / 停損，不新增部位。,停止新進場，先保留現金，等待大盤止跌。,停止新進場，禁止顯示今日可進場。,False,False
2026-10-05,2026-10-05,收盤確認價,臺灣證券交易所 / 證券櫃檯買賣中心正式收盤；yfinance 歷史資料,只使用完整收盤日K，不使用盤中未完成K,上櫃,2740,天蔥,30.95,30.95,30.0,30.25,30.66,30.99,31.77,32.28,-9.24,1.48,False,5510,4056,170534,124138,1.89,False,True,20.94,紅K突破,,False,False,False,False,0,False,只觀察,條件不足,接近成形,32.15,29.44,37.0,接近成形＋可觀察,32.79,32.15,32.79,33.78,31.19,4.9,中,-3.73,9.9,2.62,12.83,32.79,0.0,False,False,False,預備單，等待確認條件,頸線以當日前20日高點計算；收盤站上頸線 32.15 至少2%；成交量>=20日均量2倍；不可長上影；回踩須有近10日突破紀錄且不有效跌破頸線；距離頸線>5%禁止進場,70,C,等更安全位置,條件或風險不夠好，先不列入高關注。,False,2026-10-05,True,True,STOP,STOP 停止進場,觀察,取消新進場，只保留觀察,只看續抱 / 減碼 / 停利 / 停損，不新增部位。,停止新進場，先保留現金，等待大盤止跌。,停止新進場，禁止顯示今日可進場。,False,False
2026-10-05,2026-10-05,收盤確認價,臺灣證券交易所 / 證券櫃檯買賣中心正式收盤；yfinance 歷史資料,只使用完整收盤日K，不使用盤中未完成K,上櫃,3516,亞帝歐,26.25,26.3,25.4,25.47,25.34,25.56,25.66,22.23,-0.57,3.55,False,75728,49783,1987860,1292179,1.29,False,True,14.94,紅K突破,,False,False,False,False,0,False,只觀察,條件不足,三角收斂突破,27.3,24.65,31.1,接近成形＋可觀察,27.85,27.3,27.85,28.68,26.48,4.9,中,-3.85,6.91,2.38,11.69,27.85,0.19,False,False,False,預備單，等待確認條件,頸線以當日前20日高點計算；收盤站上頸線 27.3 至少2%；成交量>=20日均量2倍；不可長上影；回踩須有近10日突破紀錄且不有效跌破頸線；距離頸線>5%禁止進場,70,C,等更安全位置,條件或風險不夠好，先不列入高關注。,False,2026-10-05,True,True,STOP,STOP 停止進場,觀察,取消新進場，只保留觀察,只看續抱 / 減碼 / 停利 / 停損，不新增部位。,停止新進場，先保留現金，等待大盤止跌。,停止新進場，禁止顯示今日可進場。,False,False
2026-10-05,2026-10-05,收盤確認價,臺灣證券交易所 / 證券櫃檯買賣中心正式收盤；yfinance 歷史資料,只使用完整收盤日K，不使用盤中未完成K,上櫃,2756,聯發國際,62.0,62.9,60.9,62.4,62.57,62.62,60.53,72.66,4.2,0.16,False,4398,24536,272676,1531491,1.38,False,True,11.94,一般K,,False,False,False,False,0,False,只觀察,條件不足,接近成形,64.1,61.1,72.9,接近成形＋可觀察,65.38,64.1,65.38,67.34,62.18,4.9,中,-3.28,4.47,2.35,11.5,65.38,0.0,False,False,False,預備單，等待確認條件,頸線以當日前20日高點計算；收盤站上頸線 64.1 至少2%；成交量>=20日均量2倍；不可長上影；回踩須有近10日突破紀錄且不有效跌破頸線；距離頸線>5%禁止進場,70,C,等更安全位置,條件或風險不夠好，先不列入高關注。,False,2026-10-05,True,True,STOP,STOP 停止進場,觀察,取消新進場，只保留觀察,只看續抱 / 減碼 / 停利 / 停損，不新增部位。,停止新進場，先保留現金，等待大盤止跌。,停止新進場，禁止顯示今日可進場。,False,False
2026-10-05,2026-10-05,收盤確認價,臺灣證券交易所 / 證券櫃檯買賣中心正式收盤；yfinance 歷史資料,只使用完整收盤日K，不使用盤中未完成K,上市,1236,宏亞,25.5,26.45,25.4,25.47,25.44,25.7,25.03,25.51,3.87,-0.2,False,61577,42923,1570213,1103165,0.46,False,True,21.5,一般K,,False,False,False,False,0,False,只觀察,條件不足,旗型整理突破,26.3,24.8,29.8,接近成形＋可觀察,26.83,26.3,26.83,27.63,25.51,4.9,中,-3.04,3.04,2.26,11.09,26.83,0.59,False,False,False,預備單，等待確認條件,頸線以當日前20日高點計算；收盤站上頸線 26.3 至少2%；成交量>=20日均量2倍；不可長上影；回踩須有近10日突破紀錄且不有效跌破頸線；距離頸線>5%禁止進場,70,C,等更安全位置,條件或風險不夠好，先不列入高關注。,False,2026-10-05,True,True,STOP,STOP 停止進場,觀察,取消新進場，只保留觀察,只看續抱 / 減碼 / 停利 / 停損，不新增部位。,停止新進場，先保留現金，等待大盤止跌。,停止新進場，禁止顯示今日可進場。,False,False
2026-10-05,2026-10-05,收盤確認價,臺灣證券交易所 / 證券櫃檯買賣中心正式收盤；yfinance 歷史資料,只使用完整收盤日K，不使用盤中未完成K,上櫃,6222,立軒,19.9,19.9,19.35,19.45,19.15,19.33,20.06,20.07,-4.78,-0.25,False,9000,15905,179100,303149,2.24,False,True,29.35,紅K突破,,False,False,False,False,0,False,只觀察,條件不足,接近成形,20.85,18.37,23.5,接近成形＋可觀察,21.27,20.85,21.27,21.91,20.22,4.9,中,-4.56,6.13,2.14,10.5,21.27,0.0,False,False,False,預備單，等待確認條件,頸線以當日前20日高點計算；收盤站上頸線 20.85 至少2%；成交量>=20日均量2倍；不可長上影；回踩須有近10日突破紀錄且不有效跌破頸線；距離頸線>5%禁止進場,70,C,等更安全位置,條件或風險不夠好，先不列入高關注。,False,2026-10-05,True,True,STOP,STOP 停止進場,觀察,取消新進場，只保留觀察,只看續抱 / 減碼 / 停利 / 停損，不新增部位。,停止新進場，先保留現金，等待大盤止跌。,停止新進場，禁止顯示今日可進場。,False,False
2026-10-05,2026-10-05,收盤確認價,臺灣證券交易所 / 證券櫃檯買賣中心正式收盤；yfinance 歷史資料,只使用完整收盤日K，不使用盤中未完成K,上櫃,8099,大世科,59.6,60.6,59.2,59.94,60.12,59.59,58.84,65.2,-1.0,-1.32,False,40923,121667,2439010,7265847,1.4,False,True,21.2,一般K,,False,False,False,False,0,False,只觀察,條件不足,接近成形,61.8,57.9,69.5,接近成形＋可觀察,63.04,61.8,63.04,64.93,59.95,4.9,中,-3.56,7.17,2.09,10.25,63.04,0.67,False,False,False,預備單，等待確認條件,頸線以當日前20日高點計算；收盤站上頸線 61.8 至少2%；成交量>=20日均量2倍；不可長上影；回踩須有近10日突破紀錄且不有效跌破頸線；距離頸線>5%禁止進場,70,C,等更安全位置,條件或風險不夠好，先不列入高關注。,False,2026-10-05,True,True,STOP,STOP 停止進場,觀察,取消新進場，只保留觀察,只看續抱 / 減碼 / 停利 / 停損，不新增部位。,停止新進場，先保留現金，等待大盤止跌。,停止新進場，禁止顯示今日可進場。,False,False
2026-10-05,2026-10-05,收盤確認價,臺灣證券交易所 / 證券櫃檯買賣中心正式收盤；yfinance 歷史資料,只使用完整收盤日K，不使用盤中未完成K,上櫃,5425,台半,105.5,112.0,104.0,99.36,96.64,93.68,91.22,75.2,-19.16,3.43,False,33813826,12008576,3567358643,1148753187,2.56,True,True,30.07,長黑,,True,True,False,False,2,False,C級：已漲遠或接近目標，禁止追高,趨勢多頭、量能放大,旗型整理突破,104.0,89.0,141.8,接近成形＋可觀察,106.08,104.0,106.08,109.26,100.88,4.9,低,1.44,19.16,6.87,33.67,106.08,1.9,False,False,True,距離頸線或前高過遠，禁止追高,頸線以當日前20日高點計算；收盤站上頸線 104.0 至少2%；成交量>=20日均量2倍；不可長上影；回踩須有近10日突破紀錄且不有效跌破頸線；距離頸線>5%禁止進場,65,C,禁止追高,已漲遠或接近目標，空手不追；持有者依策略分批處理。,False,2026-10-05,True,True,STOP,STOP 停止進場,觀察,取消新進場，只保留觀察,只看續抱 / 減碼 / 停利 / 停損，不新增部位。,停止新進場，先保留現金，等待大盤止跌。,停止新進場，禁止顯示今日可進場。,False,False
2026-10-05,2026-10-05,收盤確認價,臺灣證券交易所 / 證券櫃檯買賣中心正式收盤；yfinance 歷史資料,只使用完整收盤日K，不使用盤中未完成K,上櫃,6693,廣閎科,215.5,217.0,208.0,212.7,201.1,190.55,183.06,132.06,-8.88,4.61,False,2183070,1937068,470451585,383980935,4.08,True,True,36.55,紅K突破,,True,False,False,False,1,False,C級：已漲遠或接近目標，禁止追高,趨勢多頭,旗型整理突破,212.5,181.02,290.5,接近成形＋可觀察,216.75,212.5,216.75,223.25,206.12,4.9,低,1.41,10.4,6.94,34.03,216.75,0.7,True,False,True,距離頸線或前高過遠，禁止追高,頸線以當日前20日高點計算；收盤站上頸線 212.5 至少2%；成交量>=20日均量2倍；不可長上影；回踩須有近10日突破紀錄且不有效跌破頸線；距離頸線>5%禁止進場,65,C,禁止追高,已漲遠或接近目標，空手不追；持有者依策略分批處理。,False,2026-10-05,True,True,STOP,STOP 停止進場,觀察,取消新進場，只保留觀察,只看續抱 / 減碼 / 停利 / 停損，不新增部位。,停止新進場，先保留現金，等待大盤止跌。,停止新進場，禁止顯示今日可進場。,False,False
2026-10-05,2026-10-05,收盤確認價,臺灣證券交易所 / 證券櫃檯買賣中心正式收盤；yfinance 歷史資料,只使用完整收盤日K，不使用盤中未完成K,上市,2363,矽統,59.6,62.6,59.6,60.18,59.18,55.48,54.44,54.55,-9.15,-4.49,False,10146062,9861349,604705295,564572496,3.06,True,True,55.4,長黑,,True,False,False,False,1,False,C級：已漲遠或接近目標，禁止追高,趨勢多頭,旗型整理突破,59.0,52.71,73.7,回踩頸線不破,60.18,59.0,60.18,61.99,57.23,3.98,低,1.02,13.87,5.95,23.66,59.6,0.34,True,False,True,距離頸線或前高過遠，禁止追高,頸線以當日前20日高點計算；收盤站上頸線 59.0 至少2%；成交量>=20日均量2倍；不可長上影；回踩須有近10日突破紀錄且不有效跌破頸線；距離頸線>5%禁止進場,65,C,禁止追高,已漲遠或接近目標，空手不追；持有者依策略分批處理。,False,2026-10-05,True,True,STOP,STOP 停止進場,回踩買點,取消新進場，只保留觀察,只看續抱 / 減碼 / 停利 / 停損，不新增部位。,停止新進場，先保留現金，等待大盤止跌。,停止新進場，禁止顯示今日可進場。,False,False
2026-10-05,2026-10-05,收盤確認價,臺灣證券交易所 / 證券櫃檯買賣中心正式收盤；yfinance 歷史資料,只使用完整收盤日K，不使用盤中未完成K,上櫃,3211,順達,399.0,406.5,394.0,394.9,387.35,378.8,375.41,347.62,-12.11,0.5,False,3841007,3421282,1532561793,1308036218,2.23,True,True,23.38,一般K,,True,False,False,False,1,False,C級：已漲遠或接近目標，禁止追高,趨勢多頭,旗型整理突破,406.0,359.86,533.5,接近成形＋可觀察,414.12,406.0,414.12,426.54,393.82,4.9,低,-1.72,19.39,5.88,28.83,414.12,0.63,False,False,True,距離頸線或前高過遠，禁止追高,頸線以當日前20日高點計算；收盤站上頸線 406.0 至少2%；成交量>=20日均量2倍；不可長上影；回踩須有近10日突破紀錄且不有效跌破頸線；距離頸線>5%禁止進場,65,C,禁止追高,已漲遠或接近目標，空手不追；持有者依策略分批處理。,False,2026-10-05,True,True,STOP,STOP 停止進場,觀察,取消新進場，只保留觀察,只看續抱 / 減碼 / 停利 / 停損，不新增部位。,停止新進場，先保留現金，等待大盤止跌。,停止新進場，禁止顯示今日可進場。,False,False
2026-10-05,2026-10-05,收盤確認價,臺灣證券交易所 / 證券櫃檯買賣中心正式收盤；yfinance 歷史資料,只使用完整收盤日K，不使用盤中未完成K,上市,2383,台光電,5700.0,5700.0,5600.0,5143.0,5043.0,5151.75,5229.42,3465.58,7.65,9.93,True,1316051,1849693,7501490700,9386562270,3.58,True,True,38.88,紅K突破,AI PCB CCL 伺服器 高速傳輸,False,False,True,False,1,False,C級：已漲遠或接近目標，禁止追高,題材命中,旗型整理突破,5645.0,4894.16,7360.0,接近成形＋可觀察,5757.9,5645.0,5757.9,5930.64,5475.65,4.9,低,0.97,11.9,5.68,27.82,5757.9,0.0,False,False,True,距離頸線或前高過遠，禁止追高,頸線以當日前20日高點計算；收盤站上頸線 5645.0 至少2%；成交量>=20日均量2倍；不可長上影；回踩須有近10日突破紀錄且不有效跌破頸線；距離頸線>5%禁止進場,65,C,禁止追高,已漲遠或接近目標，空手不追；持有者依策略分批處理。,False,2026-10-05,True,True,STOP,STOP 停止進場,觀察,取消新進場，只保留觀察,只看續抱 / 減碼 / 停利 / 停損，不新增部位。,停止新進場，先保留現金，等待大盤止跌。,停止新進場，禁止顯示今日可進場。,False,False
2026-10-05,2026-10-05,收盤確認價,臺灣證券交易所 / 證券櫃檯買賣中心正式收盤；yfinance 歷史資料,只使用完整收盤日K，不使用盤中未完成K,上櫃,2061,風青,65.2,71.8,63.6,62.78,58.52,53.99,54.86,32.08,-12.72,-3.83,False,5432661,2403705,354209497,136042849,4.87,True,True,35.29,長黑,,False,True,False,False,1,False,C級：已漲遠或接近目標，禁止追高,量能放大,接近成形,65.0,51.29,84.0,接近成形＋可觀察,66.3,65.0,66.3,68.29,63.05,4.9,低,0.31,13.98,5.45,26.7,66.3,3.83,True,False,True,距離頸線或前高過遠，禁止追高,頸線以當日前20日高點計算；收盤站上頸線 65.0 至少2%；成交量>=20日均量2倍；不可長上影；回踩須有近10日突破紀錄且不有效跌破頸線；距離頸線>5%禁止進場,65,C,禁止追高,已漲遠或接近目標，空手不追；持有者依策略分批處理。,False,2026-10-05,True,True,STOP,STOP 停止進場,觀察,取消新進場，只保留觀察,只看續抱 / 減碼 / 停利 / 停損，不新增部位。,停止新進場，先保留現金，等待大盤止跌。,停止新進場，禁止顯示今日可進場。,False,False
2026-10-05,2026-10-05,收盤確認價,臺灣證券交易所 / 證券櫃檯買賣中心正式收盤；yfinance 歷史資料,只使用完整收盤日K，不使用盤中未完成K,上櫃,6127,九豪,57.8,60.5,56.7,55.14,51.74,50.18,51.92,46.16,-22.73,-1.03,False,11211644,5180183,648033023,279690162,3.82,True,True,17.45,一般K,,False,True,False,False,1,False,C級：已漲遠或接近目標，禁止追高,量能放大,旗型整理突破,56.8,47.67,72.5,回踩頸線不破,57.94,56.8,57.94,59.67,55.1,4.68,低,1.76,23.34,5.44,25.43,57.8,1.9,True,False,True,距離頸線或前高過遠，禁止追高,頸線以當日前20日高點計算；收盤站上頸線 56.8 至少2%；成交量>=20日均量2倍；不可長上影；回踩須有近10日突破紀錄且不有效跌破頸線；距離頸線>5%禁止進場,65,C,禁止追高,已漲遠或接近目標，空手不追；持有者依策略分批處理。,False,2026-10-05,True,True,STOP,STOP 停止進場,回踩買點,取消新進場，只保留觀察,只看續抱 / 減碼 / 停利 / 停損，不新增部位。,停止新進場，先保留現金，等待大盤止跌。,停止新進場，禁止顯示今日可進場。,False,False
2026-10-05,2026-10-05,收盤確認價,臺灣證券交易所 / 證券櫃檯買賣中心正式收盤；yfinance 歷史資料,只使用完整收盤日K，不使用盤中未完成K,上櫃,3317,尼克森,71.8,71.8,67.3,66.58,64.06,60.45,67.88,60.19,-25.67,9.95,True,6735439,2487304,483604520,164576357,4.54,True,True,56.84,紅K突破,,False,True,False,False,1,False,C級：已漲遠或接近目標，禁止追高,量能放大,接近成形,73.0,57.43,92.7,接近成形＋可觀察,74.46,73.0,74.46,76.69,70.81,4.9,低,-1.64,26.73,5.0,24.5,74.46,0.0,False,False,True,距離頸線或前高過遠，禁止追高,頸線以當日前20日高點計算；收盤站上頸線 73.0 至少2%；成交量>=20日均量2倍；不可長上影；回踩須有近10日突破紀錄且不有效跌破頸線；距離頸線>5%禁止進場,65,C,禁止追高,已漲遠或接近目標，空手不追；持有者依策略分批處理。,False,2026-10-05,True,True,STOP,STOP 停止進場,觀察,取消新進場，只保留觀察,只看續抱 / 減碼 / 停利 / 停損，不新增部位。,停止新進場，先保留現金，等待大盤止跌。,停止新進場，禁止顯示今日可進場。,False,False
2026-10-05,2026-10-05,收盤確認價,臺灣證券交易所 / 證券櫃檯買賣中心正式收盤；yfinance 歷史資料,只使用完整收盤日K，不使用盤中未完成K,上櫃,8182,加高,44.8,48.6,44.55,43.61,41.77,40.14,40.45,34.62,-13.68,-3.45,False,4144603,1280615,185678214,55196850,2.53,True,True,38.56,一般K,,False,True,False,False,1,False,C級：已漲遠或接近目標，禁止追高,量能放大,旗型整理突破,45.0,38.13,56.5,接近成形＋可觀察,45.9,45.0,45.9,47.28,43.65,4.9,低,-0.44,15.31,4.71,23.09,45.9,4.91,True,False,True,距離頸線或前高過遠，禁止追高,頸線以當日前20日高點計算；收盤站上頸線 45.0 至少2%；成交量>=20日均量2倍；不可長上影；回踩須有近10日突破紀錄且不有效跌破頸線；距離頸線>5%禁止進場,65,C,禁止追高,已漲遠或接近目標，空手不追；持有者依策略分批處理。,False,2026-10-05,True,True,STOP,STOP 停止進場,觀察,取消新進場，只保留觀察,只看續抱 / 減碼 / 停利 / 停損，不新增部位。,停止新進場，先保留現金，等待大盤止跌。,停止新進場，禁止顯示今日可進場。,False,False
2026-10-05,2026-10-05,收盤確認價,臺灣證券交易所 / 證券櫃檯買賣中心正式收盤；yfinance 歷史資料,只使用完整收盤日K，不使用盤中未完成K,上市,1718,中纖,11.15,11.6,10.75,10.79,10.71,10.64,10.98,8.38,-21.48,3.72,False,42928384,12815226,478651481,137558696,2.14,True,True,20.64,一般K,,False,True,False,False,1,False,C級：已漲遠或接近目標，禁止追高,量能放大,箱型突破,11.25,10.2,13.91,接近成形＋可觀察,11.47,11.25,11.47,11.82,10.91,4.9,低,-0.89,25.42,4.33,21.22,11.47,4.04,False,False,True,距離頸線或前高過遠，禁止追高,頸線以當日前20日高點計算；收盤站上頸線 11.25 至少2%；成交量>=20日均量2倍；不可長上影；回踩須有近10日突破紀錄且不有效跌破頸線；距離頸線>5%禁止進場,65,C,禁止追高,已漲遠或接近目標，空手不追；持有者依策略分批處理。,False,2026-10-05,True,True,STOP,STOP 停止進場,觀察,取消新進場，只保留觀察,只看續抱 / 減碼 / 停利 / 停損，不新增部位。,停止新進場，先保留現金，等待大盤止跌。,停止新進場，禁止顯示今日可進場。,False,False
2026-10-05,2026-10-05,收盤確認價,臺灣證券交易所 / 證券櫃檯買賣中心正式收盤；yfinance 歷史資料,只使用完整收盤日K，不使用盤中未完成K,上櫃,3357,臺慶科,218.0,227.0,217.5,210.7,209.25,207.07,213.78,193.5,-20.73,1.16,False,2363542,1135157,515252156,237988129,2.17,True,True,21.43,一般K,,False,True,False,False,1,False,C級：已漲遠或接近目標，禁止追高,量能放大,三角收斂突破,221.0,196.72,272.0,接近成形＋可觀察,225.42,221.0,225.42,232.18,214.37,4.9,低,-1.36,21.3,4.22,20.66,225.42,2.29,False,False,True,距離頸線或前高過遠，禁止追高,頸線以當日前20日高點計算；收盤站上頸線 221.0 至少2%；成交量>=20日均量2倍；不可長上影；回踩須有近10日突破紀錄且不有效跌破頸線；距離頸線>5%禁止進場,65,C,禁止追高,已漲遠或接近目標，空手不追；持有者依策略分批處理。,False,2026-10-05,True,True,STOP,STOP 停止進場,觀察,取消新進場，只保留觀察,只看續抱 / 減碼 / 停利 / 停損，不新增部位。,停止新進場，先保留現金，等待大盤止跌。,停止新進場，禁止顯示今日可進場。,False,False
2026-10-05,2026-10-05,收盤確認價,臺灣證券交易所 / 證券櫃檯買賣中心正式收盤；yfinance 歷史資料,只使用完整收盤日K，不使用盤中未完成K,上市,2355,敬鵬,44.65,45.0,43.45,42.53,41.97,41.78,42.16,42.96,-11.93,3.12,False,6816305,1647635,304348018,69897688,1.68,True,True,28.96,紅K突破,,False,True,False,False,1,False,C級：已漲遠或接近目標，禁止追高,量能放大,箱型突破,44.5,40.25,54.7,接近成形＋可觀察,45.39,44.5,45.39,46.75,43.16,4.9,低,0.34,12.28,4.18,20.51,45.39,0.78,False,False,True,距離頸線或前高過遠，禁止追高,頸線以當日前20日高點計算；收盤站上頸線 44.5 至少2%；成交量>=20日均量2倍；不可長上影；回踩須有近10日突破紀錄且不有效跌破頸線；距離頸線>5%禁止進場,65,C,禁止追高,已漲遠或接近目標，空手不追；持有者依策略分批處理。,False,2026-10-05,True,True,STOP,STOP 停止進場,觀察,取消新進場，只保留觀察,只看續抱 / 減碼 / 停利 / 停損，不新增部位。,停止新進場，先保留現金，等待大盤止跌。,停止新進場，禁止顯示今日可進場。,False,False
2026-10-05,2026-10-05,收盤確認價,臺灣證券交易所 / 證券櫃檯買賣中心正式收盤；yfinance 歷史資料,只使用完整收盤日K，不使用盤中未完成K,上櫃,6284,佳邦,80.2,84.0,80.0,78.58,76.91,76.96,78.47,84.27,-19.4,0.5,False,3432302,1031881,275270620,80741844,2.41,True,True,17.63,一般K,,False,True,False,False,1,False,C級：已漲遠或接近目標，禁止追高,量能放大,三角收斂突破,82.0,73.11,99.1,接近成形＋可觀察,83.64,82.0,83.64,86.15,79.54,4.9,低,-2.2,20.59,3.77,18.48,83.64,4.74,False,False,True,距離頸線或前高過遠，禁止追高,頸線以當日前20日高點計算；收盤站上頸線 82.0 至少2%；成交量>=20日均量2倍；不可長上影；回踩須有近10日突破紀錄且不有效跌破頸線；距離頸線>5%禁止進場,65,C,禁止追高,已漲遠或接近目標，空手不追；持有者依策略分批處理。,False,2026-10-05,True,True,STOP,STOP 停止進場,觀察,取消新進場，只保留觀察,只看續抱 / 減碼 / 停利 / 停損，不新增部位。,停止新進場，先保留現金，等待大盤止跌。,停止新進場，禁止顯示今日可進場。,False,False
2026-10-05,2026-10-05,收盤確認價,臺灣證券交易所 / 證券櫃檯買賣中心正式收盤；yfinance 歷史資料,只使用完整收盤日K，不使用盤中未完成K,上櫃,6603,富強鑫,28.3,29.5,28.1,29.08,28.51,26.92,26.32,24.45,10.12,-3.25,False,4603675,3432196,130284002,97175202,3.61,True,True,46.43,一般K,,True,False,False,False,1,False,C級：已漲遠或接近目標，禁止追高,趨勢多頭,接近成形,27.9,25.57,32.5,回踩頸線不破,28.46,27.9,28.46,29.31,27.06,4.37,低,1.43,10.02,3.4,14.84,28.3,0.71,True,False,True,距離頸線或前高過遠，禁止追高,頸線以當日前20日高點計算；收盤站上頸線 27.9 至少2%；成交量>=20日均量2倍；不可長上影；回踩須有近10日突破紀錄且不有效跌破頸線；距離頸線>5%禁止進場,65,C,禁止追高,已漲遠或接近目標，空手不追；持有者依策略分批處理。,False,2026-10-05,True,True,STOP,STOP 停止進場,回踩買點,取消新進場，只保留觀察,只看續抱 / 減碼 / 停利 / 停損，不新增部位。,停止新進場，先保留現金，等待大盤止跌。,停止新進場，禁止顯示今日可進場。,False,False
2026-10-05,2026-10-05,收盤確認價,臺灣證券交易所 / 證券櫃檯買賣中心正式收盤；yfinance 歷史資料,只使用完整收盤日K，不使用盤中未完成K,上櫃,6903,巨漢,328.0,329.0,319.0,316.2,311.6,307.15,322.26,294.77,-16.75,3.47,False,532058,239149,174515024,74125771,2.16,True,True,24.42,紅K突破,,False,True,False,False,1,False,C級：已漲遠或接近目標，禁止追高,量能放大,箱型突破,327.0,291.79,381.5,接近成形＋可觀察,333.54,327.0,333.54,343.55,317.19,4.9,低,0.31,20.1,2.93,14.38,333.54,0.3,False,False,True,距離頸線或前高過遠，禁止追高,頸線以當日前20日高點計算；收盤站上頸線 327.0 至少2%；成交量>=20日均量2倍；不可長上影；回踩須有近10日突破紀錄且不有效跌破頸線；距離頸線>5%禁止進場,65,C,禁止追高,已漲遠或接近目標，空手不追；持有者依策略分批處理。,False,2026-10-05,True,True,STOP,STOP 停止進場,觀察,取消新進場，只保留觀察,只看續抱 / 減碼 / 停利 / 停損，不新增部位。,停止新進場，先保留現金，等待大盤止跌。,停止新進場，禁止顯示今日可進場。,False,False
2026-10-05,2026-10-05,收盤確認價,臺灣證券交易所 / 證券櫃檯買賣中心正式收盤；yfinance 歷史資料,只使用完整收盤日K，不使用盤中未完成K,上櫃,6175,立敦,75.2,79.3,75.2,73.56,71.81,71.03,77.29,65.74,-28.38,-1.96,False,2790212,1112296,209823942,82110367,2.41,True,True,26.86,長黑,,False,True,False,False,1,False,C級：已漲遠或接近目標，禁止追高,量能放大,三角收斂突破,77.1,67.48,88.5,接近成形＋可觀察,78.64,77.1,78.64,81.0,74.79,4.9,低,-2.46,33.45,2.56,12.54,78.64,0.53,False,False,True,距離頸線或前高過遠，禁止追高,頸線以當日前20日高點計算；收盤站上頸線 77.1 至少2%；成交量>=20日均量2倍；不可長上影；回踩須有近10日突破紀錄且不有效跌破頸線；距離頸線>5%禁止進場,65,C,禁止追高,已漲遠或接近目標，空手不追；持有者依策略分批處理。,False,2026-10-05,True,True,STOP,STOP 停止進場,觀察,取消新進場，只保留觀察,只看續抱 / 減碼 / 停利 / 停損，不新增部位。,停止新進場，先保留現金，等待大盤止跌。,停止新進場，禁止顯示今日可進場。,False,False
2026-10-05,2026-10-05,收盤確認價,臺灣證券交易所 / 證券櫃檯買賣中心正式收盤；yfinance 歷史資料,只使用完整收盤日K，不使用盤中未完成K,上櫃,4743,合一,47.1,49.6,46.65,46.59,45.6,45.21,46.42,54.82,-13.1,-0.11,False,3199726,1147366,150707094,52278512,1.99,True,True,23.45,一般K,,False,True,False,False,1,False,C級：已漲遠或接近目標，禁止追高,量能放大,箱型突破,47.5,43.0,54.2,接近成形＋可觀察,48.45,47.5,48.45,49.9,46.07,4.9,低,-0.84,14.21,2.42,11.87,48.45,4.88,False,False,True,距離頸線或前高過遠，禁止追高,頸線以當日前20日高點計算；收盤站上頸線 47.5 至少2%；成交量>=20日均量2倍；不可長上影；回踩須有近10日突破紀錄且不有效跌破頸線；距離頸線>5%禁止進場,65,C,禁止追高,已漲遠或接近目標，空手不追；持有者依策略分批處理。,False,2026-10-05,True,True,STOP,STOP 停止進場,觀察,取消新進場，只保留觀察,只看續抱 / 減碼 / 停利 / 停損，不新增部位。,停止新進場，先保留現金，等待大盤止跌。,停止新進場，禁止顯示今日可進場。,False,False
2026-10-05,2026-10-05,收盤確認價,臺灣證券交易所 / 證券櫃檯買賣中心正式收盤；yfinance 歷史資料,只使用完整收盤日K，不使用盤中未完成K,上櫃,5536,聖暉*,954.0,977.0,946.0,938.0,912.6,880.8,958.03,866.44,-21.48,-0.21,False,2768851,941555,2641483854,852598592,2.66,True,True,26.89,一般K,,False,True,False,False,1,False,C級：已漲遠或接近目標，禁止追高,量能放大,三角收斂突破,935.0,836.76,1067.0,突破第一根,953.7,935.0,953.7,982.31,906.95,4.93,低,2.03,26.62,2.4,11.84,954.0,0.21,True,False,True,距離頸線或前高過遠，禁止追高,頸線以當日前20日高點計算；收盤站上頸線 935.0 至少2%；成交量>=20日均量2倍；不可長上影；回踩須有近10日突破紀錄且不有效跌破頸線；距離頸線>5%禁止進場,65,C,禁止追高,已漲遠或接近目標，空手不追；持有者依策略分批處理。,False,2026-10-05,True,True,STOP,STOP 停止進場,突破買點,取消新進場，只保留觀察,只看續抱 / 減碼 / 停利 / 停損，不新增部位。,停止新進場，先保留現金，等待大盤止跌。,停止新進場，禁止顯示今日可進場。,False,False
2026-10-05,2026-10-05,收盤確認價,臺灣證券交易所 / 證券櫃檯買賣中心正式收盤；yfinance 歷史資料,只使用完整收盤日K，不使用盤中未完成K,上市,2316,楠梓電,171.5,176.0,169.5,167.4,162.95,160.28,160.53,130.33,-17.55,0.59,False,2621525,1649428,449591537,266169372,1.52,True,True,27.02,一般K,,False,False,False,False,0,False,C級：已漲遠或接近目標，禁止追高,條件不足,箱型突破,172.0,152.5,217.0,接近成形＋可觀察,175.44,172.0,175.44,180.7,166.84,4.9,低,-0.29,17.55,4.83,23.69,175.44,2.33,False,False,True,距離頸線或前高過遠，禁止追高,頸線以當日前20日高點計算；收盤站上頸線 172.0 至少2%；成交量>=20日均量2倍；不可長上影；回踩須有近10日突破紀錄且不有效跌破頸線；距離頸線>5%禁止進場,65,C,禁止追高,已漲遠或接近目標，空手不追；持有者依策略分批處理。,False,2026-10-05,True,True,STOP,STOP 停止進場,觀察,取消新進場，只保留觀察,只看續抱 / 減碼 / 停利 / 停損，不新增部位。,停止新進場，先保留現金，等待大盤止跌。,停止新進場，禁止顯示今日可進場。,False,False
2026-10-05,2026-10-05,收盤確認價,臺灣證券交易所 / 證券櫃檯買賣中心正式收盤；yfinance 歷史資料,只使用完整收盤日K，不使用盤中未完成K,上櫃,8255,朋程,151.5,158.5,151.5,149.2,144.25,140.82,145.79,140.63,-14.16,-0.98,False,683972,342087,103621758,48740310,1.5,True,True,36.8,一般K,,False,False,False,False,0,False,C級：已漲遠或接近目標，禁止追高,條件不足,三角收斂突破,155.0,133.78,184.5,接近成形＋可觀察,158.1,155.0,158.1,162.84,150.35,4.9,低,-2.26,19.41,3.41,16.7,158.1,1.65,False,False,True,距離頸線或前高過遠，禁止追高,頸線以當日前20日高點計算；收盤站上頸線 155.0 至少2%；成交量>=20日均量2倍；不可長上影；回踩須有近10日突破紀錄且不有效跌破頸線；距離頸線>5%禁止進場,65,C,禁止追高,已漲遠或接近目標，空手不追；持有者依策略分批處理。,False,2026-10-05,True,True,STOP,STOP 停止進場,觀察,取消新進場，只保留觀察,只看續抱 / 減碼 / 停利 / 停損，不新增部位。,停止新進場，先保留現金，等待大盤止跌。,停止新進場，禁止顯示今日可進場。,False,False
2026-10-05,2026-10-05,收盤確認價,臺灣證券交易所 / 證券櫃檯買賣中心正式收盤；yfinance 歷史資料,只使用完整收盤日K，不使用盤中未完成K,上市,2329,華泰,45.0,46.25,45.0,44.59,44.33,43.37,44.05,51.48,-12.45,0.0,False,4115875,2413879,185214375,105588385,1.54,True,True,27.8,一般K,,False,False,False,False,0,False,C級：已漲遠或接近目標，禁止追高,條件不足,箱型突破,45.3,41.2,53.5,接近成形＋可觀察,46.21,45.3,46.21,47.59,43.94,4.9,低,-0.66,14.29,3.22,15.79,46.21,0.56,False,False,True,距離頸線或前高過遠，禁止追高,頸線以當日前20日高點計算；收盤站上頸線 45.3 至少2%；成交量>=20日均量2倍；不可長上影；回踩須有近10日突破紀錄且不有效跌破頸線；距離頸線>5%禁止進場,65,C,禁止追高,已漲遠或接近目標，空手不追；持有者依策略分批處理。,False,2026-10-05,True,True,STOP,STOP 停止進場,觀察,取消新進場，只保留觀察,只看續抱 / 減碼 / 停利 / 停損，不新增部位。,停止新進場，先保留現金，等待大盤止跌。,停止新進場，禁止顯示今日可進場。,False,False
2026-10-05,2026-10-05,收盤確認價,臺灣證券交易所 / 證券櫃檯買賣中心正式收盤；yfinance 歷史資料,只使用完整收盤日K，不使用盤中未完成K,上櫃,7777,能率亞洲,38.5,39.8,38.15,37.91,36.82,36.98,38.51,32.41,-5.17,-1.79,False,2254937,1284380,86815074,47927789,2.3,True,True,29.96,一般K,,False,False,False,False,0,False,C級：已漲遠或接近目標，禁止追高,條件不足,三角收斂突破,39.45,35.35,45.4,接近成形＋可觀察,40.24,39.45,40.24,41.45,38.27,4.9,低,-2.41,11.39,2.62,12.83,40.24,0.65,False,False,True,距離頸線或前高過遠，禁止追高,頸線以當日前20日高點計算；收盤站上頸線 39.45 至少2%；成交量>=20日均量2倍；不可長上影；回踩須有近10日突破紀錄且不有效跌破頸線；距離頸線>5%禁止進場,65,C,禁止追高,已漲遠或接近目標，空手不追；持有者依策略分批處理。,False,2026-10-05,True,True,STOP,STOP 停止進場,觀察,取消新進場，只保留觀察,只看續抱 / 減碼 / 停利 / 停損，不新增部位。,停止新進場，先保留現金，等待大盤止跌。,停止新進場，禁止顯示今日可進場。,False,False
2026-10-05,2026-10-05,收盤確認價,臺灣證券交易所 / 證券櫃檯買賣中心正式收盤；yfinance 歷史資料,只使用完整收盤日K，不使用盤中未完成K,上櫃,8050,廣積,62.0,63.4,62.0,63.38,61.51,59.02,59.04,49.56,6.53,-0.32,False,1169417,1595882,72503854,97700271,2.35,True,True,48.05,一般K,,False,False,False,False,0,False,C級：已漲遠或接近目標，禁止追高,條件不足,接近成形,61.5,56.07,70.5,接近成形＋可觀察,62.73,61.5,62.73,64.61,59.66,4.9,低,0.81,10.66,2.53,12.39,62.73,1.61,True,False,True,距離頸線或前高過遠，禁止追高,頸線以當日前20日高點計算；收盤站上頸線 61.5 至少2%；成交量>=20日均量2倍；不可長上影；回踩須有近10日突破紀錄且不有效跌破頸線；距離頸線>5%禁止進場,65,C,禁止追高,已漲遠或接近目標，空手不追；持有者依策略分批處理。,False,2026-10-05,True,True,STOP,STOP 停止進場,觀察,取消新進場，只保留觀察,只看續抱 / 減碼 / 停利 / 停損，不新增部位。,停止新進場，先保留現金，等待大盤止跌。,停止新進場，禁止顯示今日可進場。,False,False
2026-10-05,2026-10-05,收盤確認價,臺灣證券交易所 / 證券櫃檯買賣中心正式收盤；yfinance 歷史資料,只使用完整收盤日K，不使用盤中未完成K,上櫃,1785,光洋科,102.5,105.0,102.5,100.9,98.7,98.32,104.49,97.53,-28.32,0.0,False,6054633,4345811,620599882,429022483,1.61,True,True,44.46,一般K,,False,False,False,False,0,False,C級：已漲遠或接近目標，禁止追高,條件不足,接近成形,105.0,93.5,120.4,接近成形＋可觀察,107.1,105.0,107.1,110.31,101.85,4.9,低,-2.38,28.32,2.53,12.42,107.1,0.0,False,False,True,距離頸線或前高過遠，禁止追高,頸線以當日前20日高點計算；收盤站上頸線 105.0 至少2%；成交量>=20日均量2倍；不可長上影；回踩須有近10日突破紀錄且不有效跌破頸線；距離頸線>5%禁止進場,65,C,禁止追高,已漲遠或接近目標，空手不追；持有者依策略分批處理。,False,2026-10-05,True,True,STOP,STOP 停止進場,觀察,取消新進場，只保留觀察,只看續抱 / 減碼 / 停利 / 停損，不新增部位。,停止新進場，先保留現金，等待大盤止跌。,停止新進場，禁止顯示今日可進場。,False,False
2026-10-05,2026-10-05,收盤確認價,臺灣證券交易所 / 證券櫃檯買賣中心正式收盤；yfinance 歷史資料,只使用完整收盤日K，不使用盤中未完成K,上市,1514,亞力,102.0,103.5,102.0,102.2,102.4,101.85,102.43,108.27,-15.07,-0.49,False,1071327,896145,109275354,91429585,1.26,True,True,19.52,一般K,,False,False,False,False,0,False,C級：已漲遠或接近目標，禁止追高,條件不足,接近成形,105.0,99.4,119.8,接近成形＋可觀察,107.1,105.0,107.1,110.31,101.85,4.9,低,-2.86,15.41,2.42,11.86,107.1,0.49,False,False,True,距離頸線或前高過遠，禁止追高,頸線以當日前20日高點計算；收盤站上頸線 105.0 至少2%；成交量>=20日均量2倍；不可長上影；回踩須有近10日突破紀錄且不有效跌破頸線；距離頸線>5%禁止進場,65,C,禁止追高,已漲遠或接近目標，空手不追；持有者依策略分批處理。,False,2026-10-05,True,True,STOP,STOP 停止進場,觀察,取消新進場，只保留觀察,只看續抱 / 減碼 / 停利 / 停損，不新增部位。,停止新進場，先保留現金，等待大盤止跌。,停止新進場，禁止顯示今日可進場。,False,False
2026-10-05,2026-10-05,收盤確認價,臺灣證券交易所 / 證券櫃檯買賣中心正式收盤；yfinance 歷史資料,只使用完整收盤日K，不使用盤中未完成K,上櫃,6613,朋億*,284.5,286.0,281.0,277.6,273.15,266.82,280.62,235.61,-11.37,1.25,False,331541,218196,94323414,58526732,1.74,True,True,17.02,紅K突破,,False,False,False,False,0,False,C級：已漲遠或接近目標，禁止追高,條件不足,箱型突破,281.5,253.48,320.0,接近成形＋可觀察,287.13,281.5,287.13,295.74,273.06,4.9,低,1.07,24.44,2.34,11.45,287.13,0.53,False,False,True,距離頸線或前高過遠，禁止追高,頸線以當日前20日高點計算；收盤站上頸線 281.5 至少2%；成交量>=20日均量2倍；不可長上影；回踩須有近10日突破紀錄且不有效跌破頸線；距離頸線>5%禁止進場,65,C,禁止追高,已漲遠或接近目標，空手不追；持有者依策略分批處理。,False,2026-10-05,True,True,STOP,STOP 停止進場,觀察,取消新進場，只保留觀察,只看續抱 / 減碼 / 停利 / 停損，不新增部位。,停止新進場，先保留現金，等待大盤止跌。,停止新進場，禁止顯示今日可進場。,False,False
2026-10-05,2026-10-05,收盤確認價,臺灣證券交易所 / 證券櫃檯買賣中心正式收盤；yfinance 歷史資料,只使用完整收盤日K，不使用盤中未完成K,上櫃,3479,安勤,136.0,138.5,136.0,136.6,134.2,131.5,134.82,111.2,-6.85,0.0,False,525562,589829,71476432,78213754,2.37,True,True,33.04,一般K,,False,False,False,False,0,False,C級：已漲遠或接近目標，禁止追高,條件不足,接近成形,140.0,124.92,158.0,接近成形＋可觀察,142.8,140.0,142.8,147.08,135.8,4.9,低,-2.86,16.05,2.17,10.64,142.8,1.1,False,False,True,距離頸線或前高過遠，禁止追高,頸線以當日前20日高點計算；收盤站上頸線 140.0 至少2%；成交量>=20日均量2倍；不可長上影；回踩須有近10日突破紀錄且不有效跌破頸線；距離頸線>5%禁止進場,65,C,禁止追高,已漲遠或接近目標，空手不追；持有者依策略分批處理。,False,2026-10-05,True,True,STOP,STOP 停止進場,觀察,取消新進場，只保留觀察,只看續抱 / 減碼 / 停利 / 停損，不新增部位。,停止新進場，先保留現金，等待大盤止跌。,停止新進場，禁止顯示今日可進場。,False,False
2026-10-05,2026-10-05,收盤確認價,臺灣證券交易所 / 證券櫃檯買賣中心正式收盤；yfinance 歷史資料,只使用完整收盤日K，不使用盤中未完成K,上櫃,3289,宜特,141.0,144.5,140.5,140.9,139.25,137.43,141.22,139.29,-12.69,-1.4,False,1114786,577216,157184826,79563477,1.8,True,True,24.28,一般K,,False,False,False,False,0,False,C級：已漲遠或接近目標，禁止追高,條件不足,三角收斂突破,144.5,130.55,162.5,接近成形＋可觀察,147.39,144.5,147.39,151.81,140.16,4.9,低,-2.42,13.5,2.09,10.25,147.39,0.0,False,False,True,距離頸線或前高過遠，禁止追高,頸線以當日前20日高點計算；收盤站上頸線 144.5 至少2%；成交量>=20日均量2倍；不可長上影；回踩須有近10日突破紀錄且不有效跌破頸線；距離頸線>5%禁止進場,65,C,禁止追高,已漲遠或接近目標，空手不追；持有者依策略分批處理。,False,2026-10-05,True,True,STOP,STOP 停止進場,觀察,取消新進場，只保留觀察,只看續抱 / 減碼 / 停利 / 停損，不新增部位。,停止新進場，先保留現金，等待大盤止跌。,停止新進場，禁止顯示今日可進場。,False,False
2026-10-05,2026-10-05,收盤確認價,臺灣證券交易所 / 證券櫃檯買賣中心正式收盤；yfinance 歷史資料,只使用完整收盤日K，不使用盤中未完成K,上櫃,6292,迅德,71.2,73.1,70.0,68.54,67.65,66.44,60.61,50.34,22.55,0.42,False,889548,430989,63335817,28945660,2.31,False,True,37.95,一般K,,True,True,False,False,2,False,只觀察,趨勢多頭、量能放大,三角收斂突破,68.8,63.11,91.5,突破第一根,70.18,68.8,70.18,72.28,66.74,6.27,高,3.49,0.14,4.55,28.51,71.2,1.4,True,False,False,突破確認，可在追價範圍內掛單,頸線以當日前20日高點計算；收盤站上頸線 68.8 至少2%；成交量>=20日均量2倍；不可長上影；回踩須有近10日突破紀錄且不有效跌破頸線；距離頸線>5%禁止進場,60,C,等更安全位置,條件或風險不夠好，先不列入高關注。,False,2026-10-05,True,True,STOP,STOP 停止進場,突破買點,取消新進場，只保留觀察,只看續抱 / 減碼 / 停利 / 停損，不新增部位。,停止新進場，先保留現金，等待大盤止跌。,停止新進場，禁止顯示今日可進場。,False,False
2026-10-05,2026-10-05,收盤確認價,臺灣證券交易所 / 證券櫃檯買賣中心正式收盤；yfinance 歷史資料,只使用完整收盤日K，不使用盤中未完成K,上櫃,6195,詩肯,28.1,28.2,28.1,28.19,28.05,27.9,27.55,26.25,9.34,-0.0,False,8872,22570,249303,629350,0.51,False,True,24.74,一般K,,True,False,False,False,1,False,只觀察,趨勢多頭,箱型突破,28.35,27.1,31.0,接近成形＋可觀察,28.92,28.35,28.92,29.78,27.5,4.9,中,-0.88,3.93,1.47,7.2,28.92,0.36,False,False,False,預備單，等待確認條件,頸線以當日前20日高點計算；收盤站上頸線 28.35 至少2%；成交量>=20日均量2倍；不可長上影；回踩須有近10日突破紀錄且不有效跌破頸線；距離頸線>5%禁止進場,60,C,等更安全位置,條件或風險不夠好，先不列入高關注。,False,2026-10-05,True,True,STOP,STOP 停止進場,接近目標,取消新進場，只保留觀察,只看續抱 / 減碼 / 停利 / 停損，不新增部位。,停止新進場，先保留現金，等待大盤止跌。,停止新進場，禁止顯示今日可進場。,False,False
2026-10-05,2026-10-05,收盤確認價,臺灣證券交易所 / 證券櫃檯買賣中心正式收盤；yfinance 歷史資料,只使用完整收盤日K，不使用盤中未完成K,上市,1315,達新,68.7,69.0,68.5,68.58,68.41,67.3,65.54,64.12,8.02,0.15,False,84771,43126,5823767,2899325,0.59,False,True,51.47,一般K,,True,False,False,False,1,False,只觀察,趨勢多頭,箱型突破,68.9,65.4,75.3,接近成形＋可觀察,70.28,68.9,70.28,72.39,66.83,4.9,中,-0.29,0.29,1.46,7.15,70.28,0.44,False,False,False,預備單，等待確認條件,頸線以當日前20日高點計算；收盤站上頸線 68.9 至少2%；成交量>=20日均量2倍；不可長上影；回踩須有近10日突破紀錄且不有效跌破頸線；距離頸線>5%禁止進場,60,C,等更安全位置,條件或風險不夠好，先不列入高關注。,False,2026-10-05,True,True,STOP,STOP 停止進場,接近目標,取消新進場，只保留觀察,只看續抱 / 減碼 / 停利 / 停損，不新增部位。,停止新進場，先保留現金，等待大盤止跌。,停止新進場，禁止顯示今日可進場。,False,False
2026-10-05,2026-10-05,收盤確認價,臺灣證券交易所 / 證券櫃檯買賣中心正式收盤；yfinance 歷史資料,只使用完整收盤日K，不使用盤中未完成K,上櫃,4419,皇家美食,49.95,49.95,49.95,49.86,48.23,47.16,46.39,46.36,8.71,-0.0,False,1502,38257,75024,1872349,2.2,False,True,14.85,資料不足,,True,False,False,False,1,False,只觀察,趨勢多頭,箱型突破,49.0,44.8,53.3,接近成形＋可觀察,49.98,49.0,49.98,51.48,47.53,4.9,中,1.94,0.5,1.36,6.64,49.98,0.0,True,False,False,預備單，等待確認條件,頸線以當日前20日高點計算；收盤站上頸線 49.0 至少2%；成交量>=20日均量2倍；不可長上影；回踩須有近10日突破紀錄且不有效跌破頸線；距離頸線>5%禁止進場,60,C,等更安全位置,條件或風險不夠好，先不列入高關注。,False,2026-10-05,True,True,STOP,STOP 停止進場,接近目標,取消新進場，只保留觀察,只看續抱 / 減碼 / 停利 / 停損，不新增部位。,停止新進場，先保留現金，等待大盤止跌。,停止新進場，禁止顯示今日可進場。,False,False
2026-10-05,2026-10-05,收盤確認價,臺灣證券交易所 / 證券櫃檯買賣中心正式收盤；yfinance 歷史資料,只使用完整收盤日K，不使用盤中未完成K,上櫃,3332,幸康,64.9,65.0,64.0,63.86,62.19,61.58,62.77,61.0,-2.11,0.93,False,32061,9445,2080758,599062,1.5,False,True,33.23,紅K突破,,False,True,False,False,1,False,只觀察,量能放大,箱型突破,65.0,59.3,70.7,接近成形＋可觀察,66.3,65.0,66.3,68.29,63.05,4.9,中,-0.15,5.94,1.35,6.64,66.3,0.15,False,False,False,預備單，等待確認條件,頸線以當日前20日高點計算；收盤站上頸線 65.0 至少2%；成交量>=20日均量2倍；不可長上影；回踩須有近10日突破紀錄且不有效跌破頸線；距離頸線>5%禁止進場,60,C,等更安全位置,條件或風險不夠好，先不列入高關注。,False,2026-10-05,True,True,STOP,STOP 停止進場,接近目標,取消新進場，只保留觀察,只看續抱 / 減碼 / 停利 / 停損，不新增部位。,停止新進場，先保留現金，等待大盤止跌。,停止新進場，禁止顯示今日可進場。,False,False
2026-10-05,2026-10-05,收盤確認價,臺灣證券交易所 / 證券櫃檯買賣中心正式收盤；yfinance 歷史資料,只使用完整收盤日K，不使用盤中未完成K,上櫃,5353,台林,29.5,30.0,28.75,28.71,28.31,28.04,28.08,26.9,0.0,2.97,False,106511,45891,3142074,1290023,0.77,False,True,44.88,紅K突破,,False,True,False,False,1,False,只觀察,量能放大,箱型突破,28.9,27.25,31.3,突破第一根,29.48,28.9,29.48,30.36,28.03,4.97,高,2.08,0.17,1.23,6.1,29.5,1.69,False,False,False,突破確認，可在追價範圍內掛單,頸線以當日前20日高點計算；收盤站上頸線 28.9 至少2%；成交量>=20日均量2倍；不可長上影；回踩須有近10日突破紀錄且不有效跌破頸線；距離頸線>5%禁止進場,60,C,等更安全位置,條件或風險不夠好，先不列入高關注。,False,2026-10-05,True,True,STOP,STOP 停止進場,接近目標,取消新進場，只保留觀察,只看續抱 / 減碼 / 停利 / 停損，不新增部位。,停止新進場，先保留現金，等待大盤止跌。,停止新進場，禁止顯示今日可進場。,False,False
2026-10-05,2026-10-05,收盤確認價,臺灣證券交易所 / 證券櫃檯買賣中心正式收盤；yfinance 歷史資料,只使用完整收盤日K，不使用盤中未完成K,上櫃,6881,潤德,215.5,215.5,214.0,214.9,215.0,213.97,209.41,231.69,-3.79,0.23,False,8981,3306,1935405,708274,0.61,False,True,31.01,紅K突破,,False,True,False,False,1,False,只觀察,量能放大,箱型突破,216.0,210.0,233.5,接近成形＋可觀察,220.32,216.0,220.32,226.93,209.52,4.9,中,-0.23,3.79,1.22,5.98,220.32,0.0,False,False,False,預備單，等待確認條件,頸線以當日前20日高點計算；收盤站上頸線 216.0 至少2%；成交量>=20日均量2倍；不可長上影；回踩須有近10日突破紀錄且不有效跌破頸線；距離頸線>5%禁止進場,60,C,等更安全位置,條件或風險不夠好，先不列入高關注。,False,2026-10-05,True,True,STOP,STOP 停止進場,接近目標,取消新進場，只保留觀察,只看續抱 / 減碼 / 停利 / 停損，不新增部位。,停止新進場，先保留現金，等待大盤止跌。,停止新進場，禁止顯示今日可進場。,False,False
2026-10-05,2026-10-05,收盤確認價,臺灣證券交易所 / 證券櫃檯買賣中心正式收盤；yfinance 歷史資料,只使用完整收盤日K，不使用盤中未完成K,上市,1713,國化,44.8,46.3,43.55,42.84,42.19,42.43,44.7,46.51,-6.37,4.92,False,970272,331727,43468185,14203901,1.31,False,True,51.33,一般K,,False,True,False,False,1,False,只觀察,量能放大,箱型突破,44.9,41.3,48.5,接近成形＋可觀察,45.8,44.9,45.8,47.17,43.55,4.9,中,-0.22,7.72,1.2,5.9,45.8,3.35,False,False,False,預備單，等待確認條件,頸線以當日前20日高點計算；收盤站上頸線 44.9 至少2%；成交量>=20日均量2倍；不可長上影；回踩須有近10日突破紀錄且不有效跌破頸線；距離頸線>5%禁止進場,60,C,等更安全位置,條件或風險不夠好，先不列入高關注。,False,2026-10-05,True,True,STOP,STOP 停止進場,接近目標,取消新進場，只保留觀察,只看續抱 / 減碼 / 停利 / 停損，不新增部位。,停止新進場，先保留現金，等待大盤止跌。,停止新進場，禁止顯示今日可進場。,False,False
2026-10-05,2026-10-05,收盤確認價,臺灣證券交易所 / 證券櫃檯買賣中心正式收盤；yfinance 歷史資料,只使用完整收盤日K，不使用盤中未完成K,上市,2107,厚生,27.1,27.15,26.95,26.96,27.0,26.87,26.3,25.28,5.86,0.56,False,258578,216480,7007463,5826614,0.74,False,True,16.61,紅K突破,,True,False,False,False,1,False,只觀察,趨勢多頭,箱型突破,27.3,26.35,29.4,接近成形＋可觀察,27.85,27.3,27.85,28.68,26.48,4.9,中,-0.73,0.73,1.14,5.58,27.85,0.18,False,False,False,預備單，等待確認條件,頸線以當日前20日高點計算；收盤站上頸線 27.3 至少2%；成交量>=20日均量2倍；不可長上影；回踩須有近10日突破紀錄且不有效跌破頸線；距離頸線>5%禁止進場,60,C,等更安全位置,條件或風險不夠好，先不列入高關注。,False,2026-10-05,True,True,STOP,STOP 停止進場,接近目標,取消新進場，只保留觀察,只看續抱 / 減碼 / 停利 / 停損，不新增部位。,停止新進場，先保留現金，等待大盤止跌。,停止新進場，禁止顯示今日可進場。,False,False
2026-10-05,2026-10-05,收盤確認價,臺灣證券交易所 / 證券櫃檯買賣中心正式收盤；yfinance 歷史資料,只使用完整收盤日K，不使用盤中未完成K,上櫃,4580,捷流閥業,82.4,82.6,81.6,81.92,81.59,81.51,80.79,81.52,1.23,0.24,False,59180,66233,4876432,5404015,0.59,False,True,18.51,紅K突破,,True,False,False,False,1,False,只觀察,趨勢多頭,接近成形,84.5,80.1,91.0,接近成形＋可觀察,86.19,84.5,86.19,88.78,81.97,4.9,中,-2.49,5.29,1.14,5.58,86.19,0.24,False,False,False,預備單，等待確認條件,頸線以當日前20日高點計算；收盤站上頸線 84.5 至少2%；成交量>=20日均量2倍；不可長上影；回踩須有近10日突破紀錄且不有效跌破頸線；距離頸線>5%禁止進場,60,C,等更安全位置,條件或風險不夠好，先不列入高關注。,False,2026-10-05,True,True,STOP,STOP 停止進場,接近目標,取消新進場，只保留觀察,只看續抱 / 減碼 / 停利 / 停損，不新增部位。,停止新進場，先保留現金，等待大盤止跌。,停止新進場，禁止顯示今日可進場。,False,False
2026-10-05,2026-10-05,收盤確認價,臺灣證券交易所 / 證券櫃檯買賣中心正式收盤；yfinance 歷史資料,只使用完整收盤日K，不使用盤中未完成K,上櫃,1777,生泰,74.4,74.4,74.0,74.2,74.25,74.34,73.9,73.33,-1.2,-0.0,False,14312,45796,1064812,3410505,0.67,False,True,15.81,紅K突破,,True,False,False,False,1,False,只觀察,趨勢多頭,箱型突破,75.9,73.0,81.1,接近成形＋可觀察,77.42,75.9,77.42,79.74,73.62,4.9,中,-1.98,1.98,0.97,4.76,77.42,0.0,False,False,False,預備單，等待確認條件,頸線以當日前20日高點計算；收盤站上頸線 75.9 至少2%；成交量>=20日均量2倍；不可長上影；回踩須有近10日突破紀錄且不有效跌破頸線；距離頸線>5%禁止進場,60,C,等更安全位置,條件或風險不夠好，先不列入高關注。,False,2026-10-05,True,True,STOP,STOP 停止進場,接近目標,取消新進場，只保留觀察,只看續抱 / 減碼 / 停利 / 停損，不新增部位。,停止新進場，先保留現金，等待大盤止跌。,停止新進場，禁止顯示今日可進場。,False,False
2026-10-05,2026-10-05,收盤確認價,臺灣證券交易所 / 證券櫃檯買賣中心正式收盤；yfinance 歷史資料,只使用完整收盤日K，不使用盤中未完成K,上櫃,6154,順發,14.2,14.35,14.2,14.19,14.16,14.07,13.87,13.62,2.53,0.0,False,25876,24585,367439,346656,0.57,False,True,41.51,一般K,,True,False,False,False,1,False,只觀察,趨勢多頭,箱型突破,14.3,13.8,15.25,接近成形＋可觀察,14.59,14.3,14.59,15.02,13.87,4.9,中,-0.7,0.7,0.93,4.55,14.59,0.35,False,False,False,預備單，等待確認條件,頸線以當日前20日高點計算；收盤站上頸線 14.3 至少2%；成交量>=20日均量2倍；不可長上影；回踩須有近10日突破紀錄且不有效跌破頸線；距離頸線>5%禁止進場,60,C,等更安全位置,條件或風險不夠好，先不列入高關注。,False,2026-10-05,True,True,STOP,STOP 停止進場,接近目標,取消新進場，只保留觀察,只看續抱 / 減碼 / 停利 / 停損，不新增部位。,停止新進場，先保留現金，等待大盤止跌。,停止新進場，禁止顯示今日可進場。,False,False
2026-10-05,2026-10-05,收盤確認價,臺灣證券交易所 / 證券櫃檯買賣中心正式收盤；yfinance 歷史資料,只使用完整收盤日K，不使用盤中未完成K,上櫃,6615,慧智,34.0,34.35,33.6,33.61,33.75,33.78,34.12,33.04,-7.23,1.04,False,70049,8519,2381666,288704,0.65,False,True,19.52,一般K,,False,True,False,False,1,False,只觀察,量能放大,三角收斂突破,34.9,33.3,37.05,接近成形＋可觀察,35.6,34.9,35.6,36.67,33.85,4.9,中,-2.58,7.23,0.83,4.08,35.6,1.03,False,False,False,預備單，等待確認條件,頸線以當日前20日高點計算；收盤站上頸線 34.9 至少2%；成交量>=20日均量2倍；不可長上影；回踩須有近10日突破紀錄且不有效跌破頸線；距離頸線>5%禁止進場,60,C,等更安全位置,條件或風險不夠好，先不列入高關注。,False,2026-10-05,True,True,STOP,STOP 停止進場,接近目標,取消新進場，只保留觀察,只看續抱 / 減碼 / 停利 / 停損，不新增部位。,停止新進場，先保留現金，等待大盤止跌。,停止新進場，禁止顯示今日可進場。,False,False
2026-10-05,2026-10-05,收盤確認價,臺灣證券交易所 / 證券櫃檯買賣中心正式收盤；yfinance 歷史資料,只使用完整收盤日K，不使用盤中未完成K,上櫃,3666,光耀,25.3,25.3,25.0,25.3,25.21,25.11,25.09,27.19,0.4,0.0,False,95609,45501,2418907,1143100,0.13,False,True,34.89,紅K突破,,False,True,False,False,1,False,只觀察,量能放大,箱型突破,25.4,24.7,26.95,接近成形＋可觀察,25.91,25.4,25.91,26.69,24.64,4.9,中,-0.39,1.17,0.82,4.02,25.91,0.0,False,False,False,預備單，等待確認條件,頸線以當日前20日高點計算；收盤站上頸線 25.4 至少2%；成交量>=20日均量2倍；不可長上影；回踩須有近10日突破紀錄且不有效跌破頸線；距離頸線>5%禁止進場,60,C,等更安全位置,條件或風險不夠好，先不列入高關注。,False,2026-10-05,True,True,STOP,STOP 停止進場,接近目標,取消新進場，只保留觀察,只看續抱 / 減碼 / 停利 / 停損，不新增部位。,停止新進場，先保留現金，等待大盤止跌。,停止新進場，禁止顯示今日可進場。,False,False
2026-10-05,2026-10-05,收盤確認價,臺灣證券交易所 / 證券櫃檯買賣中心正式收盤；yfinance 歷史資料,只使用完整收盤日K，不使用盤中未完成K,上櫃,4175,杏一,50.8,51.6,50.7,50.74,50.98,51.15,50.72,54.73,0.0,0.2,False,19053,8526,967892,435423,0.7,False,True,42.78,一般K,,False,True,False,False,1,False,只觀察,量能放大,三角收斂突破,52.0,50.5,54.9,接近成形＋可觀察,53.04,52.0,53.04,54.63,50.44,4.9,中,-2.31,2.31,0.72,3.51,53.04,1.57,False,False,False,預備單，等待確認條件,頸線以當日前20日高點計算；收盤站上頸線 52.0 至少2%；成交量>=20日均量2倍；不可長上影；回踩須有近10日突破紀錄且不有效跌破頸線；距離頸線>5%禁止進場,60,C,等更安全位置,條件或風險不夠好，先不列入高關注。,False,2026-10-05,True,True,STOP,STOP 停止進場,接近目標,取消新進場，只保留觀察,只看續抱 / 減碼 / 停利 / 停損，不新增部位。,停止新進場，先保留現金，等待大盤止跌。,停止新進場，禁止顯示今日可進場。,False,False
2026-10-05,2026-10-05,收盤確認價,臺灣證券交易所 / 證券櫃檯買賣中心正式收盤；yfinance 歷史資料,只使用完整收盤日K，不使用盤中未完成K,上櫃,2752,豆府,176.0,177.5,176.0,176.8,177.75,178.1,177.49,193.39,-1.12,-0.56,False,19953,9526,3511728,1696602,0.93,False,True,26.41,一般K,,False,True,False,False,1,False,只觀察,量能放大,三角收斂突破,181.0,173.0,191.0,接近成形＋可觀察,184.62,181.0,184.62,190.16,175.57,4.9,中,-2.76,3.03,0.7,3.46,184.62,0.0,False,False,False,預備單，等待確認條件,頸線以當日前20日高點計算；收盤站上頸線 181.0 至少2%；成交量>=20日均量2倍；不可長上影；回踩須有近10日突破紀錄且不有效跌破頸線；距離頸線>5%禁止進場,60,C,等更安全位置,條件或風險不夠好，先不列入高關注。,False,2026-10-05,True,True,STOP,STOP 停止進場,接近目標,取消新進場，只保留觀察,只看續抱 / 減碼 / 停利 / 停損，不新增部位。,停止新進場，先保留現金，等待大盤止跌。,停止新進場，禁止顯示今日可進場。,False,False
2026-10-05,2026-10-05,收盤確認價,臺灣證券交易所 / 證券櫃檯買賣中心正式收盤；yfinance 歷史資料,只使用完整收盤日K，不使用盤中未完成K,上市,1341,富林-KY,59.4,59.9,58.7,59.46,59.68,59.49,59.27,59.43,2.06,0.68,False,5071,2504,301217,149258,1.1,False,True,19.9,紅K突破,,False,True,False,False,1,False,只觀察,量能放大,箱型突破,60.0,57.9,63.0,接近成形＋可觀察,61.2,60.0,61.2,63.04,58.2,4.9,中,-1.0,3.1,0.6,2.94,61.2,0.84,False,False,False,預備單，等待確認條件,頸線以當日前20日高點計算；收盤站上頸線 60.0 至少2%；成交量>=20日均量2倍；不可長上影；回踩須有近10日突破紀錄且不有效跌破頸線；距離頸線>5%禁止進場,60,C,等更安全位置,條件或風險不夠好，先不列入高關注。,False,2026-10-05,True,True,STOP,STOP 停止進場,接近目標,取消新進場，只保留觀察,只看續抱 / 減碼 / 停利 / 停損，不新增部位。,停止新進場，先保留現金，等待大盤止跌。,停止新進場，禁止顯示今日可進場。,False,False
2026-10-05,2026-10-05,收盤確認價,臺灣證券交易所 / 證券櫃檯買賣中心正式收盤；yfinance 歷史資料,只使用完整收盤日K，不使用盤中未完成K,上市,1307,三芳,30.85,31.35,30.6,31.19,30.94,30.72,31.13,32.32,-4.04,-1.44,False,1106412,432614,34132810,13323240,0.78,False,True,18.31,一般K,,False,True,False,False,1,False,只觀察,量能放大,三角收斂突破,31.55,30.05,33.1,接近成形＋可觀察,32.18,31.55,32.18,33.15,30.6,4.9,中,-2.22,6.52,0.58,2.86,32.18,0.16,False,False,False,預備單，等待確認條件,頸線以當日前20日高點計算；收盤站上頸線 31.55 至少2%；成交量>=20日均量2倍；不可長上影；回踩須有近10日突破紀錄且不有效跌破頸線；距離頸線>5%禁止進場,60,C,等更安全位置,條件或風險不夠好，先不列入高關注。,False,2026-10-05,True,True,STOP,STOP 停止進場,接近目標,取消新進場，只保留觀察,只看續抱 / 減碼 / 停利 / 停損，不新增部位。,停止新進場，先保留現金，等待大盤止跌。,停止新進場，禁止顯示今日可進場。,False,False
2026-10-05,2026-10-05,收盤確認價,臺灣證券交易所 / 證券櫃檯買賣中心正式收盤；yfinance 歷史資料,只使用完整收盤日K，不使用盤中未完成K,上市,1903,士紙,47.05,47.6,47.05,47.37,47.18,47.33,47.78,51.17,-3.88,-0.63,False,142154,66789,6688345,3152569,0.91,False,True,47.85,一般K,,False,True,False,False,1,False,只觀察,量能放大,箱型突破,47.95,46.15,49.9,接近成形＋可觀察,48.91,47.95,48.91,50.38,46.51,4.9,中,-1.88,6.09,0.41,2.03,48.91,0.64,False,False,False,預備單，等待確認條件,頸線以當日前20日高點計算；收盤站上頸線 47.95 至少2%；成交量>=20日均量2倍；不可長上影；回踩須有近10日突破紀錄且不有效跌破頸線；距離頸線>5%禁止進場,60,C,等更安全位置,條件或風險不夠好，先不列入高關注。,False,2026-10-05,True,True,STOP,STOP 停止進場,接近目標,取消新進場，只保留觀察,只看續抱 / 減碼 / 停利 / 停損，不新增部位。,停止新進場，先保留現金，等待大盤止跌。,停止新進場，禁止顯示今日可進場。,False,False
2026-10-05,2026-10-05,收盤確認價,臺灣證券交易所 / 證券櫃檯買賣中心正式收盤；yfinance 歷史資料,只使用完整收盤日K，不使用盤中未完成K,上櫃,4205,中華食,67.8,68.4,67.7,68.4,68.6,68.89,69.78,76.41,-7.76,-0.88,False,96929,22278,6571786,1529561,0.38,False,True,47.69,一般K,,False,True,False,False,1,False,只觀察,量能放大,三角收斂突破,69.9,68.2,71.6,接近成形＋可觀察,71.3,69.9,71.3,73.44,67.8,4.9,中,-3.0,9.24,0.09,0.42,71.3,0.0,False,False,False,預備單，等待確認條件,頸線以當日前20日高點計算；收盤站上頸線 69.9 至少2%；成交量>=20日均量2倍；不可長上影；回踩須有近10日突破紀錄且不有效跌破頸線；距離頸線>5%禁止進場,60,C,等更安全位置,條件或風險不夠好，先不列入高關注。,False,2026-10-05,True,True,STOP,STOP 停止進場,接近目標,取消新進場，只保留觀察,只看續抱 / 減碼 / 停利 / 停損，不新增部位。,停止新進場，先保留現金，等待大盤止跌。,停止新進場，禁止顯示今日可進場。,False,False
2026-10-05,2026-10-05,收盤確認價,臺灣證券交易所 / 證券櫃檯買賣中心正式收盤；yfinance 歷史資料,只使用完整收盤日K，不使用盤中未完成K,上櫃,5009,榮剛,32.45,33.0,32.35,32.81,32.43,32.46,33.08,33.53,-1.96,-1.96,False,2140879,1503352,69471523,48971089,1.06,True,True,26.28,一般K,,False,False,False,False,0,False,只觀察,條件不足,接近成形,34.15,31.8,37.35,接近成形＋可觀察,34.83,34.15,34.83,35.88,33.13,4.9,中,-4.98,9.61,1.47,7.23,34.83,0.46,False,False,False,預備單，等待確認條件,頸線以當日前20日高點計算；收盤站上頸線 34.15 至少2%；成交量>=20日均量2倍；不可長上影；回踩須有近10日突破紀錄且不有效跌破頸線；距離頸線>5%禁止進場,60,C,等更安全位置,條件或風險不夠好，先不列入高關注。,False,2026-10-05,True,True,STOP,STOP 停止進場,觀察,取消新進場，只保留觀察,只看續抱 / 減碼 / 停利 / 停損，不新增部位。,停止新進場，先保留現金，等待大盤止跌。,停止新進場，禁止顯示今日可進場。,False,False
2026-10-05,2026-10-05,收盤確認價,臺灣證券交易所 / 證券櫃檯買賣中心正式收盤；yfinance 歷史資料,只使用完整收盤日K，不使用盤中未完成K,上櫃,2643,捷迅,62.6,62.6,61.8,62.44,62.62,62.71,61.71,67.84,2.62,0.97,False,10691,9995,669256,627025,0.43,False,True,37.13,紅K突破,,False,False,False,False,0,False,只觀察,條件不足,箱型突破,63.0,61.8,68.8,接近成形＋可觀察,64.26,63.0,64.26,66.19,61.11,4.9,中,-0.63,2.95,1.44,7.07,64.26,0.0,False,False,False,預備單，等待確認條件,頸線以當日前20日高點計算；收盤站上頸線 63.0 至少2%；成交量>=20日均量2倍；不可長上影；回踩須有近10日突破紀錄且不有效跌破頸線；距離頸線>5%禁止進場,60,C,等更安全位置,條件或風險不夠好，先不列入高關注。,False,2026-10-05,True,True,STOP,STOP 停止進場,接近目標,取消新進場，只保留觀察,只看續抱 / 減碼 / 停利 / 停損，不新增部位。,停止新進場，先保留現金，等待大盤止跌。,停止新進場，禁止顯示今日可進場。,False,False
2026-10-05,2026-10-05,收盤確認價,臺灣證券交易所 / 證券櫃檯買賣中心正式收盤；yfinance 歷史資料,只使用完整收盤日K，不使用盤中未完成K,上櫃,2751,王座,53.0,53.0,52.0,52.82,53.42,53.26,52.89,58.23,0.0,0.19,False,7506,5286,397818,281029,1.55,False,True,31.9,紅K突破,,False,False,False,False,0,False,只觀察,條件不足,接近成形,54.5,51.3,59.5,接近成形＋可觀察,55.59,54.5,55.59,57.26,52.87,4.9,中,-2.75,4.68,1.43,7.03,55.59,0.0,False,False,False,預備單，等待確認條件,頸線以當日前20日高點計算；收盤站上頸線 54.5 至少2%；成交量>=20日均量2倍；不可長上影；回踩須有近10日突破紀錄且不有效跌破頸線；距離頸線>5%禁止進場,60,C,等更安全位置,條件或風險不夠好，先不列入高關注。,False,2026-10-05,True,True,STOP,STOP 停止進場,觀察,取消新進場，只保留觀察,只看續抱 / 減碼 / 停利 / 停損，不新增部位。,停止新進場，先保留現金，等待大盤止跌。,停止新進場，禁止顯示今日可進場。,False,False
2026-10-05,2026-10-05,收盤確認價,臺灣證券交易所 / 證券櫃檯買賣中心正式收盤；yfinance 歷史資料,只使用完整收盤日K，不使用盤中未完成K,上市,1418,東華,18.7,19.6,18.3,18.45,18.13,17.88,18.06,18.99,-2.6,1.63,False,30322,31976,567021,573894,1.5,False,True,40.11,長黑,,False,False,False,False,0,False,只觀察,條件不足,箱型突破,18.95,17.25,20.65,接近成形＋可觀察,19.33,18.95,19.33,19.91,18.38,4.9,中,-1.32,3.11,1.39,6.83,19.33,0.0,False,False,False,預備單，等待確認條件,頸線以當日前20日高點計算；收盤站上頸線 18.95 至少2%；成交量>=20日均量2倍；不可長上影；回踩須有近10日突破紀錄且不有效跌破頸線；距離頸線>5%禁止進場,60,C,等更安全位置,條件或風險不夠好，先不列入高關注。,False,2026-10-05,True,True,STOP,STOP 停止進場,接近目標,取消新進場，只保留觀察,只看續抱 / 減碼 / 停利 / 停損，不新增部位。,停止新進場，先保留現金，等待大盤止跌。,停止新進場，禁止顯示今日可進場。,False,False
2026-10-05,2026-10-05,收盤確認價,臺灣證券交易所 / 證券櫃檯買賣中心正式收盤；yfinance 歷史資料,只使用完整收盤日K，不使用盤中未完成K,上櫃,5356,協益,25.8,25.95,25.75,25.73,25.84,25.89,25.5,25.76,-0.58,0.19,False,32346,46187,834526,1194602,0.61,False,True,14.95,一般K,,False,False,False,False,0,False,只觀察,條件不足,接近成形,26.35,25.45,28.7,接近成形＋可觀察,26.88,26.35,26.88,27.68,25.56,4.9,中,-2.09,3.01,1.38,6.78,26.88,0.58,False,False,False,預備單，等待確認條件,頸線以當日前20日高點計算；收盤站上頸線 26.35 至少2%；成交量>=20日均量2倍；不可長上影；回踩須有近10日突破紀錄且不有效跌破頸線；距離頸線>5%禁止進場,60,C,等更安全位置,條件或風險不夠好，先不列入高關注。,False,2026-10-05,True,True,STOP,STOP 停止進場,觀察,取消新進場，只保留觀察,只看續抱 / 減碼 / 停利 / 停損，不新增部位。,停止新進場，先保留現金，等待大盤止跌。,停止新進場，禁止顯示今日可進場。,False,False
2026-10-05,2026-10-05,收盤確認價,臺灣證券交易所 / 證券櫃檯買賣中心正式收盤；yfinance 歷史資料,只使用完整收盤日K，不使用盤中未完成K,上櫃,4430,耀億,17.75,17.85,17.75,17.76,17.54,17.47,17.48,17.75,4.41,0.28,False,37820,22428,671305,392966,1.02,False,True,19.66,一般K,,False,False,False,False,0,False,只觀察,條件不足,箱型突破,18.1,17.0,19.7,接近成形＋可觀察,18.46,18.1,18.46,19.02,17.56,4.9,中,-1.93,8.27,1.37,6.71,18.46,0.0,False,False,False,預備單，等待確認條件,頸線以當日前20日高點計算；收盤站上頸線 18.1 至少2%；成交量>=20日均量2倍；不可長上影；回踩須有近10日突破紀錄且不有效跌破頸線；距離頸線>5%禁止進場,60,C,等更安全位置,條件或風險不夠好，先不列入高關注。,False,2026-10-05,True,True,STOP,STOP 停止進場,接近目標,取消新進場，只保留觀察,只看續抱 / 減碼 / 停利 / 停損，不新增部位。,停止新進場，先保留現金，等待大盤止跌。,停止新進場，禁止顯示今日可進場。,False,False
2026-10-05,2026-10-05,收盤確認價,臺灣證券交易所 / 證券櫃檯買賣中心正式收盤；yfinance 歷史資料,只使用完整收盤日K，不使用盤中未完成K,上櫃,8908,欣雄,39.85,39.85,39.65,40.09,40.16,40.17,39.14,40.38,4.89,0.13,False,21072,31022,839719,1245945,0.54,False,True,48.7,紅K突破,,False,False,False,False,0,False,只觀察,條件不足,接近成形,41.0,39.6,44.64,接近成形＋可觀察,41.82,41.0,41.82,43.07,39.77,4.9,中,-2.8,2.8,1.37,6.74,41.82,0.0,False,False,False,預備單，等待確認條件,頸線以當日前20日高點計算；收盤站上頸線 41.0 至少2%；成交量>=20日均量2倍；不可長上影；回踩須有近10日突破紀錄且不有效跌破頸線；距離頸線>5%禁止進場,60,C,等更安全位置,條件或風險不夠好，先不列入高關注。,False,2026-10-05,True,True,STOP,STOP 停止進場,觀察,取消新進場，只保留觀察,只看續抱 / 減碼 / 停利 / 停損，不新增部位。,停止新進場，先保留現金，等待大盤止跌。,停止新進場，禁止顯示今日可進場。,False,False
2026-10-05,2026-10-05,收盤確認價,臺灣證券交易所 / 證券櫃檯買賣中心正式收盤；yfinance 歷史資料,只使用完整收盤日K，不使用盤中未完成K,上櫃,8426,紅木-KY,20.6,20.65,20.3,20.63,20.61,20.62,20.74,24.3,3.26,-0.0,False,40145,20817,826987,429265,0.57,False,True,77.67,一般K,,False,False,False,False,0,False,只觀察,條件不足,三角收斂突破,21.1,19.85,22.95,接近成形＋可觀察,21.52,21.1,21.52,22.17,20.47,4.9,中,-2.37,6.15,1.35,6.64,21.52,0.0,False,False,False,預備單，等待確認條件,頸線以當日前20日高點計算；收盤站上頸線 21.1 至少2%；成交量>=20日均量2倍；不可長上影；回踩須有近10日突破紀錄且不有效跌破頸線；距離頸線>5%禁止進場,60,C,等更安全位置,條件或風險不夠好，先不列入高關注。,False,2026-10-05,True,True,STOP,STOP 停止進場,觀察,取消新進場，只保留觀察,只看續抱 / 減碼 / 停利 / 停損，不新增部位。,停止新進場，先保留現金，等待大盤止跌。,停止新進場，禁止顯示今日可進場。,False,False
2026-10-05,2026-10-05,收盤確認價,臺灣證券交易所 / 證券櫃檯買賣中心正式收盤；yfinance 歷史資料,只使用完整收盤日K，不使用盤中未完成K,上櫃,6616,特昇-KY,8.45,8.45,8.2,8.27,8.26,8.33,8.58,9.5,-5.9,2.42,False,20001,16217,169008,134513,1.39,False,True,28.82,紅K突破,,False,False,False,False,0,False,只觀察,條件不足,箱型突破,8.59,7.91,9.33,接近成形＋可觀察,8.76,8.59,8.76,9.02,8.33,4.9,中,-1.63,9.14,1.32,6.48,8.76,0.0,False,False,False,預備單，等待確認條件,頸線以當日前20日高點計算；收盤站上頸線 8.59 至少2%；成交量>=20日均量2倍；不可長上影；回踩須有近10日突破紀錄且不有效跌破頸線；距離頸線>5%禁止進場,60,C,等更安全位置,條件或風險不夠好，先不列入高關注。,False,2026-10-05,True,True,STOP,STOP 停止進場,接近目標,取消新進場，只保留觀察,只看續抱 / 減碼 / 停利 / 停損，不新增部位。,停止新進場，先保留現金，等待大盤止跌。,停止新進場，禁止顯示今日可進場。,False,False
2026-10-05,2026-10-05,收盤確認價,臺灣證券交易所 / 證券櫃檯買賣中心正式收盤；yfinance 歷史資料,只使用完整收盤日K，不使用盤中未完成K,上櫃,7713,威力德生醫,73.0,73.5,72.8,74.0,74.03,73.92,72.07,71.48,3.4,-1.75,False,5148,3113,375804,230199,0.89,False,True,11.0,一般K,,False,False,False,False,0,False,只觀察,條件不足,三角收斂突破,75.0,73.0,81.4,接近成形＋可觀察,76.5,75.0,76.5,78.8,72.75,4.9,中,-2.67,2.67,1.31,6.41,76.5,0.0,False,False,False,預備單，等待確認條件,頸線以當日前20日高點計算；收盤站上頸線 75.0 至少2%；成交量>=20日均量2倍；不可長上影；回踩須有近10日突破紀錄且不有效跌破頸線；距離頸線>5%禁止進場,60,C,等更安全位置,條件或風險不夠好，先不列入高關注。,False,2026-10-05,True,True,STOP,STOP 停止進場,觀察,取消新進場，只保留觀察,只看續抱 / 減碼 / 停利 / 停損，不新增部位。,停止新進場，先保留現金，等待大盤止跌。,停止新進場，禁止顯示今日可進場。,False,False
2026-10-05,2026-10-05,收盤確認價,臺灣證券交易所 / 證券櫃檯買賣中心正式收盤；yfinance 歷史資料,只使用完整收盤日K，不使用盤中未完成K,上櫃,4168,醣聯,22.8,23.55,22.5,22.28,22.02,21.9,22.61,24.08,-9.52,1.79,False,168265,103307,3836442,2272992,1.26,False,True,27.51,一般K,,False,False,False,False,0,False,只觀察,條件不足,箱型突破,23.0,21.05,24.95,接近成形＋可觀察,23.46,23.0,23.46,24.16,22.31,4.9,中,-0.87,9.52,1.3,6.35,23.46,3.29,False,False,False,預備單，等待確認條件,頸線以當日前20日高點計算；收盤站上頸線 23.0 至少2%；成交量>=20日均量2倍；不可長上影；回踩須有近10日突破紀錄且不有效跌破頸線；距離頸線>5%禁止進場,60,C,等更安全位置,條件或風險不夠好，先不列入高關注。,False,2026-10-05,True,True,STOP,STOP 停止進場,接近目標,取消新進場，只保留觀察,只看續抱 / 減碼 / 停利 / 停損，不新增部位。,停止新進場，先保留現金，等待大盤止跌。,停止新進場，禁止顯示今日可進場。,False,False
2026-10-05,2026-10-05,收盤確認價,臺灣證券交易所 / 證券櫃檯買賣中心正式收盤；yfinance 歷史資料,只使用完整收盤日K，不使用盤中未完成K,上櫃,6170,統振,48.65,49.4,48.6,48.9,48.49,48.33,47.59,49.8,2.96,-1.22,False,147779,141435,7189448,6835761,0.71,False,True,16.82,一般K,,False,False,False,False,0,False,只觀察,條件不足,箱型突破,49.25,47.65,53.3,接近成形＋可觀察,50.23,49.25,50.23,51.74,47.77,4.9,中,-1.22,1.22,1.24,6.1,50.23,0.21,False,False,False,預備單，等待確認條件,頸線以當日前20日高點計算；收盤站上頸線 49.25 至少2%；成交量>=20日均量2倍；不可長上影；回踩須有近10日突破紀錄且不有效跌破頸線；距離頸線>5%禁止進場,60,C,等更安全位置,條件或風險不夠好，先不列入高關注。,False,2026-10-05,True,True,STOP,STOP 停止進場,接近目標,取消新進場，只保留觀察,只看續抱 / 減碼 / 停利 / 停損，不新增部位。,停止新進場，先保留現金，等待大盤止跌。,停止新進場，禁止顯示今日可進場。,False,False
2026-10-05,2026-10-05,收盤確認價,臺灣證券交易所 / 證券櫃檯買賣中心正式收盤；yfinance 歷史資料,只使用完整收盤日K，不使用盤中未完成K,上櫃,4754,國碳科,37.95,38.45,37.95,37.91,37.75,37.79,37.54,38.09,3.27,-0.52,False,25343,24305,961766,917878,0.75,False,True,17.87,一般K,,False,False,False,False,0,False,只觀察,條件不足,接近成形,39.0,36.95,42.2,接近成形＋可觀察,39.78,39.0,39.78,40.97,37.83,4.9,中,-2.69,5.12,1.24,6.08,39.78,0.13,False,False,False,預備單，等待確認條件,頸線以當日前20日高點計算；收盤站上頸線 39.0 至少2%；成交量>=20日均量2倍；不可長上影；回踩須有近10日突破紀錄且不有效跌破頸線；距離頸線>5%禁止進場,60,C,等更安全位置,條件或風險不夠好，先不列入高關注。,False,2026-10-05,True,True,STOP,STOP 停止進場,觀察,取消新進場，只保留觀察,只看續抱 / 減碼 / 停利 / 停損，不新增部位。,停止新進場，先保留現金，等待大盤止跌。,停止新進場，禁止顯示今日可進場。,False,False
2026-10-05,2026-10-05,收盤確認價,臺灣證券交易所 / 證券櫃檯買賣中心正式收盤；yfinance 歷史資料,只使用完整收盤日K，不使用盤中未完成K,上櫃,3570,大塚,169.5,170.0,169.0,168.8,168.75,167.07,164.82,171.21,3.35,-0.29,False,11350,29482,1923825,4963432,0.84,False,True,44.15,一般K,,False,False,False,False,0,False,只觀察,條件不足,箱型突破,172.0,162.0,186.0,接近成形＋可觀察,175.44,172.0,175.44,180.7,166.84,4.9,中,-1.45,1.45,1.23,6.02,175.44,0.0,False,False,False,預備單，等待確認條件,頸線以當日前20日高點計算；收盤站上頸線 172.0 至少2%；成交量>=20日均量2倍；不可長上影；回踩須有近10日突破紀錄且不有效跌破頸線；距離頸線>5%禁止進場,60,C,等更安全位置,條件或風險不夠好，先不列入高關注。,False,2026-10-05,True,True,STOP,STOP 停止進場,接近目標,取消新進場，只保留觀察,只看續抱 / 減碼 / 停利 / 停損，不新增部位。,停止新進場，先保留現金，等待大盤止跌。,停止新進場，禁止顯示今日可進場。,False,False
2026-10-05,2026-10-05,收盤確認價,臺灣證券交易所 / 證券櫃檯買賣中心正式收盤；yfinance 歷史資料,只使用完整收盤日K，不使用盤中未完成K,上櫃,4728,雙美,395.0,398.0,391.5,396.5,397.65,395.73,390.57,389.52,4.77,0.13,False,20069,11114,7927255,4413025,1.38,False,True,12.44,紅K突破,,False,False,False,False,0,False,只觀察,條件不足,三角收斂突破,406.0,390.0,439.0,接近成形＋可觀察,414.12,406.0,414.12,426.54,393.82,4.9,中,-2.71,5.05,1.23,6.01,414.12,0.76,False,False,False,預備單，等待確認條件,頸線以當日前20日高點計算；收盤站上頸線 406.0 至少2%；成交量>=20日均量2倍；不可長上影；回踩須有近10日突破紀錄且不有效跌破頸線；距離頸線>5%禁止進場,60,C,等更安全位置,條件或風險不夠好，先不列入高關注。,False,2026-10-05,True,True,STOP,STOP 停止進場,觀察,取消新進場，只保留觀察,只看續抱 / 減碼 / 停利 / 停損，不新增部位。,停止新進場，先保留現金，等待大盤止跌。,停止新進場，禁止顯示今日可進場。,False,False
2026-10-05,2026-10-05,收盤確認價,臺灣證券交易所 / 證券櫃檯買賣中心正式收盤；yfinance 歷史資料,只使用完整收盤日K，不使用盤中未完成K,上櫃,8349,恒耀,40.15,40.55,40.0,40.21,39.3,38.9,39.32,42.1,1.65,-0.62,False,90181,111258,3620767,4337490,0.99,False,True,48.94,一般K,,False,False,False,False,0,False,只觀察,條件不足,箱型突破,40.5,37.45,43.55,接近成形＋可觀察,41.31,40.5,41.31,42.55,39.28,4.9,中,-0.86,1.35,1.11,5.42,41.31,0.0,False,False,False,預備單，等待確認條件,頸線以當日前20日高點計算；收盤站上頸線 40.5 至少2%；成交量>=20日均量2倍；不可長上影；回踩須有近10日突破紀錄且不有效跌破頸線；距離頸線>5%禁止進場,60,C,等更安全位置,條件或風險不夠好，先不列入高關注。,False,2026-10-05,True,True,STOP,STOP 停止進場,接近目標,取消新進場，只保留觀察,只看續抱 / 減碼 / 停利 / 停損，不新增部位。,停止新進場，先保留現金，等待大盤止跌。,停止新進場，禁止顯示今日可進場。,False,False
2026-10-05,2026-10-05,收盤確認價,臺灣證券交易所 / 證券櫃檯買賣中心正式收盤；yfinance 歷史資料,只使用完整收盤日K，不使用盤中未完成K,上櫃,5547,久舜,20.05,20.1,20.05,20.11,20.05,19.96,19.92,20.56,-0.99,-0.74,False,14533,25292,291386,506024,0.88,False,True,45.87,一般K,,False,False,False,False,0,False,只觀察,條件不足,箱型突破,20.4,19.55,21.8,接近成形＋可觀察,20.81,20.4,20.81,21.43,19.79,4.9,中,-1.72,2.2,0.97,4.77,20.81,0.0,False,False,False,預備單，等待確認條件,頸線以當日前20日高點計算；收盤站上頸線 20.4 至少2%；成交量>=20日均量2倍；不可長上影；回踩須有近10日突破紀錄且不有效跌破頸線；距離頸線>5%禁止進場,60,C,等更安全位置,條件或風險不夠好，先不列入高關注。,False,2026-10-05,True,True,STOP,STOP 停止進場,接近目標,取消新進場，只保留觀察,只看續抱 / 減碼 / 停利 / 停損，不新增部位。,停止新進場，先保留現金，等待大盤止跌。,停止新進場，禁止顯示今日可進場。,False,False
2026-10-05,2026-10-05,收盤確認價,臺灣證券交易所 / 證券櫃檯買賣中心正式收盤；yfinance 歷史資料,只使用完整收盤日K，不使用盤中未完成K,上櫃,4105,東洋,78.3,79.1,78.2,78.6,78.65,78.13,77.5,78.61,1.29,-0.76,False,376466,392341,29477287,30651898,0.49,False,True,30.15,一般K,,False,False,False,False,0,False,只觀察,條件不足,箱型突破,79.3,76.3,84.7,接近成形＋可觀察,80.89,79.3,80.89,83.31,76.92,4.9,中,-1.26,1.63,0.96,4.72,80.89,0.26,False,False,False,預備單，等待確認條件,頸線以當日前20日高點計算；收盤站上頸線 79.3 至少2%；成交量>=20日均量2倍；不可長上影；回踩須有近10日突破紀錄且不有效跌破頸線；距離頸線>5%禁止進場,60,C,等更安全位置,條件或風險不夠好，先不列入高關注。,False,2026-10-05,True,True,STOP,STOP 停止進場,接近目標,取消新進場，只保留觀察,只看續抱 / 減碼 / 停利 / 停損，不新增部位。,停止新進場，先保留現金，等待大盤止跌。,停止新進場，禁止顯示今日可進場。,False,False
2026-10-05,2026-10-05,收盤確認價,臺灣證券交易所 / 證券櫃檯買賣中心正式收盤；yfinance 歷史資料,只使用完整收盤日K，不使用盤中未完成K,上市,1321,大洋,32.3,32.55,32.3,32.38,32.46,32.4,32.25,33.01,2.7,-0.15,False,67063,72030,2166134,2336329,0.49,False,True,25.12,一般K,,False,False,False,False,0,False,只觀察,條件不足,接近成形,33.1,31.75,35.35,接近成形＋可觀察,33.76,33.1,33.76,34.77,32.11,4.9,中,-2.42,5.28,0.96,4.7,33.76,0.15,False,False,False,預備單，等待確認條件,頸線以當日前20日高點計算；收盤站上頸線 33.1 至少2%；成交量>=20日均量2倍；不可長上影；回踩須有近10日突破紀錄且不有效跌破頸線；距離頸線>5%禁止進場,60,C,等更安全位置,條件或風險不夠好，先不列入高關注。,False,2026-10-05,True,True,STOP,STOP 停止進場,接近目標,取消新進場，只保留觀察,只看續抱 / 減碼 / 停利 / 停損，不新增部位。,停止新進場，先保留現金，等待大盤止跌。,停止新進場，禁止顯示今日可進場。,False,False
2026-10-05,2026-10-05,收盤確認價,臺灣證券交易所 / 證券櫃檯買賣中心正式收盤；yfinance 歷史資料,只使用完整收盤日K，不使用盤中未完成K,上櫃,6496,科懋,24.2,24.4,23.65,23.82,23.91,24.23,24.47,26.41,-4.54,1.04,False,14952,14789,361838,352678,1.1,False,True,45.37,下影線,,False,False,False,False,0,False,只觀察,條件不足,接近成形,24.7,23.05,26.35,接近成形＋可觀察,25.19,24.7,25.19,25.95,23.96,4.9,中,-2.02,5.28,0.94,4.59,25.19,0.62,False,False,False,預備單，等待確認條件,頸線以當日前20日高點計算；收盤站上頸線 24.7 至少2%；成交量>=20日均量2倍；不可長上影；回踩須有近10日突破紀錄且不有效跌破頸線；距離頸線>5%禁止進場,60,C,等更安全位置,條件或風險不夠好，先不列入高關注。,False,2026-10-05,True,True,STOP,STOP 停止進場,接近目標,取消新進場，只保留觀察,只看續抱 / 減碼 / 停利 / 停損，不新增部位。,停止新進場，先保留現金，等待大盤止跌。,停止新進場，禁止顯示今日可進場。,False,False
2026-10-05,2026-10-05,收盤確認價,臺灣證券交易所 / 證券櫃檯買賣中心正式收盤；yfinance 歷史資料,只使用完整收盤日K，不使用盤中未完成K,上櫃,5604,中連,31.75,31.8,31.4,31.34,31.21,31.21,30.77,34.07,3.08,1.11,False,10860,11795,344805,368257,0.72,False,True,26.33,紅K突破,,False,False,False,False,0,False,只觀察,條件不足,箱型突破,31.9,30.8,33.9,接近成形＋可觀察,32.54,31.9,32.54,33.51,30.94,4.9,中,-0.47,0.47,0.85,4.19,32.54,0.16,False,False,False,預備單，等待確認條件,頸線以當日前20日高點計算；收盤站上頸線 31.9 至少2%；成交量>=20日均量2倍；不可長上影；回踩須有近10日突破紀錄且不有效跌破頸線；距離頸線>5%禁止進場,60,C,等更安全位置,條件或風險不夠好，先不列入高關注。,False,2026-10-05,True,True,STOP,STOP 停止進場,接近目標,取消新進場，只保留觀察,只看續抱 / 減碼 / 停利 / 停損，不新增部位。,停止新進場，先保留現金，等待大盤止跌。,停止新進場，禁止顯示今日可進場。,False,False
2026-10-05,2026-10-05,收盤確認價,臺灣證券交易所 / 證券櫃檯買賣中心正式收盤；yfinance 歷史資料,只使用完整收盤日K，不使用盤中未完成K,上櫃,4550,長佳,24.2,24.2,24.0,24.28,24.19,24.09,24.4,24.92,-5.47,0.21,False,2835,11502,68607,277245,1.43,False,True,26.76,紅K突破,,False,False,False,False,0,False,只觀察,條件不足,接近成形,24.8,23.25,26.35,接近成形＋可觀察,25.3,24.8,25.3,26.05,24.06,4.9,中,-2.42,5.47,0.85,4.17,25.3,0.0,False,False,False,預備單，等待確認條件,頸線以當日前20日高點計算；收盤站上頸線 24.8 至少2%；成交量>=20日均量2倍；不可長上影；回踩須有近10日突破紀錄且不有效跌破頸線；距離頸線>5%禁止進場,60,C,等更安全位置,條件或風險不夠好，先不列入高關注。,False,2026-10-05,True,True,STOP,STOP 停止進場,接近目標,取消新進場，只保留觀察,只看續抱 / 減碼 / 停利 / 停損，不新增部位。,停止新進場，先保留現金，等待大盤止跌。,停止新進場，禁止顯示今日可進場。,False,False
2026-10-05,2026-10-05,收盤確認價,臺灣證券交易所 / 證券櫃檯買賣中心正式收盤；yfinance 歷史資料,只使用完整收盤日K，不使用盤中未完成K,上市,1806,冠軍,7.88,7.96,7.87,7.93,7.96,7.99,8.05,8.53,-6.3,-0.38,False,141256,120653,1113097,963502,0.4,False,True,30.72,一般K,,False,False,False,False,0,False,只觀察,條件不足,接近成形,8.08,7.87,8.58,接近成形＋可觀察,8.24,8.08,8.24,8.49,7.84,4.9,中,-2.48,6.64,0.84,4.11,8.24,0.63,False,False,False,預備單，等待確認條件,頸線以當日前20日高點計算；收盤站上頸線 8.08 至少2%；成交量>=20日均量2倍；不可長上影；回踩須有近10日突破紀錄且不有效跌破頸線；距離頸線>5%禁止進場,60,C,等更安全位置,條件或風險不夠好，先不列入高關注。,False,2026-10-05,True,True,STOP,STOP 停止進場,接近目標,取消新進場，只保留觀察,只看續抱 / 減碼 / 停利 / 停損，不新增部位。,停止新進場，先保留現金，等待大盤止跌。,停止新進場，禁止顯示今日可進場。,False,False
2026-10-05,2026-10-05,收盤確認價,臺灣證券交易所 / 證券櫃檯買賣中心正式收盤；yfinance 歷史資料,只使用完整收盤日K，不使用盤中未完成K,上櫃,6123,上奇,42.8,43.0,42.7,43.01,43.04,43.04,42.85,45.43,1.9,-0.58,False,42107,35653,1802179,1533739,0.51,False,True,14.91,一般K,,False,False,False,False,0,False,只觀察,條件不足,接近成形,43.8,42.0,46.45,接近成形＋可觀察,44.68,43.8,44.68,46.02,42.49,4.9,中,-2.28,2.51,0.81,3.97,44.68,0.12,False,False,False,預備單，等待確認條件,頸線以當日前20日高點計算；收盤站上頸線 43.8 至少2%；成交量>=20日均量2倍；不可長上影；回踩須有近10日突破紀錄且不有效跌破頸線；距離頸線>5%禁止進場,60,C,等更安全位置,條件或風險不夠好，先不列入高關注。,False,2026-10-05,True,True,STOP,STOP 停止進場,接近目標,取消新進場，只保留觀察,只看續抱 / 減碼 / 停利 / 停損，不新增部位。,停止新進場，先保留現金，等待大盤止跌。,停止新進場，禁止顯示今日可進場。,False,False
2026-10-05,2026-10-05,收盤確認價,臺灣證券交易所 / 證券櫃檯買賣中心正式收盤；yfinance 歷史資料,只使用完整收盤日K，不使用盤中未完成K,上市,2007,燁興,6.91,7.0,6.9,6.96,6.94,6.89,7.01,7.5,-5.47,-1.29,False,151385,165691,1046070,1141124,0.99,False,True,21.89,一般K,,False,False,False,False,0,False,只觀察,條件不足,箱型突破,7.05,6.63,7.47,接近成形＋可觀察,7.19,7.05,7.19,7.41,6.84,4.9,中,-1.99,7.12,0.79,3.88,7.19,0.0,False,False,False,預備單，等待確認條件,頸線以當日前20日高點計算；收盤站上頸線 7.05 至少2%；成交量>=20日均量2倍；不可長上影；回踩須有近10日突破紀錄且不有效跌破頸線；距離頸線>5%禁止進場,60,C,等更安全位置,條件或風險不夠好，先不列入高關注。,False,2026-10-05,True,True,STOP,STOP 停止進場,接近目標,取消新進場，只保留觀察,只看續抱 / 減碼 / 停利 / 停損，不新增部位。,停止新進場，先保留現金，等待大盤止跌。,停止新進場，禁止顯示今日可進場。,False,False
2026-10-05,2026-10-05,收盤確認價,臺灣證券交易所 / 證券櫃檯買賣中心正式收盤；yfinance 歷史資料,只使用完整收盤日K，不使用盤中未完成K,上市,1817,凱撒衛,39.75,39.85,39.75,39.86,40.1,40.15,39.48,38.99,2.58,-0.25,False,15504,31000,616284,1245999,0.47,False,True,20.35,一般K,,False,False,False,False,0,False,只觀察,條件不足,箱型突破,40.55,39.75,42.9,接近成形＋可觀察,41.36,40.55,41.36,42.6,39.33,4.9,中,-1.97,2.21,0.76,3.72,41.36,0.0,False,False,False,預備單，等待確認條件,頸線以當日前20日高點計算；收盤站上頸線 40.55 至少2%；成交量>=20日均量2倍；不可長上影；回踩須有近10日突破紀錄且不有效跌破頸線；距離頸線>5%禁止進場,60,C,等更安全位置,條件或風險不夠好，先不列入高關注。,False,2026-10-05,True,True,STOP,STOP 停止進場,接近目標,取消新進場，只保留觀察,只看續抱 / 減碼 / 停利 / 停損，不新增部位。,停止新進場，先保留現金，等待大盤止跌。,停止新進場，禁止顯示今日可進場。,False,False
2026-10-05,2026-10-05,收盤確認價,臺灣證券交易所 / 證券櫃檯買賣中心正式收盤；yfinance 歷史資料,只使用完整收盤日K，不使用盤中未完成K,上市,2015,豐興,63.8,64.4,63.8,63.82,64.17,64.35,64.23,63.73,3.74,0.0,False,134639,144373,8589968,9278954,0.86,False,True,36.92,一般K,,False,False,False,False,0,False,只觀察,條件不足,接近成形,65.2,63.1,68.9,接近成形＋可觀察,66.5,65.2,66.5,68.5,63.24,4.9,中,-2.15,5.62,0.73,3.6,66.5,0.63,False,False,False,預備單，等待確認條件,頸線以當日前20日高點計算；收盤站上頸線 65.2 至少2%；成交量>=20日均量2倍；不可長上影；回踩須有近10日突破紀錄且不有效跌破頸線；距離頸線>5%禁止進場,60,C,等更安全位置,條件或風險不夠好，先不列入高關注。,False,2026-10-05,True,True,STOP,STOP 停止進場,接近目標,取消新進場，只保留觀察,只看續抱 / 減碼 / 停利 / 停損，不新增部位。,停止新進場，先保留現金，等待大盤止跌。,停止新進場，禁止顯示今日可進場。,False,False
2026-10-05,2026-10-05,收盤確認價,臺灣證券交易所 / 證券櫃檯買賣中心正式收盤；yfinance 歷史資料,只使用完整收盤日K，不使用盤中未完成K,上櫃,6728,上洋,108.5,108.5,107.0,108.6,108.4,107.97,107.89,121.34,-1.36,0.0,False,28551,17349,3097783,1876006,0.63,False,True,20.7,紅K突破,,False,False,False,False,0,False,只觀察,條件不足,箱型突破,109.0,106.0,115.0,接近成形＋可觀察,111.18,109.0,111.18,114.52,105.73,4.9,中,-0.46,2.25,0.7,3.44,111.18,0.0,False,False,False,預備單，等待確認條件,頸線以當日前20日高點計算；收盤站上頸線 109.0 至少2%；成交量>=20日均量2倍；不可長上影；回踩須有近10日突破紀錄且不有效跌破頸線；距離頸線>5%禁止進場,60,C,等更安全位置,條件或風險不夠好，先不列入高關注。,False,2026-10-05,True,True,STOP,STOP 停止進場,接近目標,取消新進場，只保留觀察,只看續抱 / 減碼 / 停利 / 停損，不新增部位。,停止新進場，先保留現金，等待大盤止跌。,停止新進場，禁止顯示今日可進場。,False,False
2026-10-05,2026-10-05,收盤確認價,臺灣證券交易所 / 證券櫃檯買賣中心正式收盤；yfinance 歷史資料,只使用完整收盤日K，不使用盤中未完成K,上市,1340,勝悅-KY,5.22,5.23,5.16,5.22,5.22,5.2,5.2,6.2,-5.09,0.19,False,100973,89905,527079,467068,1.1,False,True,17.53,紅K突破,,False,False,False,False,0,False,只觀察,條件不足,箱型突破,5.27,5.06,5.55,接近成形＋可觀察,5.38,5.27,5.38,5.54,5.11,4.9,中,-0.95,5.26,0.66,3.25,5.38,0.19,False,False,False,預備單，等待確認條件,頸線以當日前20日高點計算；收盤站上頸線 5.27 至少2%；成交量>=20日均量2倍；不可長上影；回踩須有近10日突破紀錄且不有效跌破頸線；距離頸線>5%禁止進場,60,C,等更安全位置,條件或風險不夠好，先不列入高關注。,False,2026-10-05,True,True,STOP,STOP 停止進場,接近目標,取消新進場，只保留觀察,只看續抱 / 減碼 / 停利 / 停損，不新增部位。,停止新進場，先保留現金，等待大盤止跌。,停止新進場，禁止顯示今日可進場。,False,False
2026-10-05,2026-10-05,收盤確認價,臺灣證券交易所 / 證券櫃檯買賣中心正式收盤；yfinance 歷史資料,只使用完整收盤日K，不使用盤中未完成K,上市,2023,燁輝,13.8,14.0,13.8,13.76,13.69,13.78,13.81,14.29,-0.72,-0.72,False,691501,999122,9542713,13765460,0.69,False,True,18.14,一般K,,False,False,False,False,0,False,只觀察,條件不足,接近成形,14.2,13.55,14.95,接近成形＋可觀察,14.48,14.2,14.48,14.92,13.77,4.9,中,-2.82,5.15,0.66,3.22,14.48,0.0,False,False,False,預備單，等待確認條件,頸線以當日前20日高點計算；收盤站上頸線 14.2 至少2%；成交量>=20日均量2倍；不可長上影；回踩須有近10日突破紀錄且不有效跌破頸線；距離頸線>5%禁止進場,60,C,等更安全位置,條件或風險不夠好，先不列入高關注。,False,2026-10-05,True,True,STOP,STOP 停止進場,接近目標,取消新進場，只保留觀察,只看續抱 / 減碼 / 停利 / 停損，不新增部位。,停止新進場，先保留現金，等待大盤止跌。,停止新進場，禁止顯示今日可進場。,False,False
2026-10-05,2026-10-05,收盤確認價,臺灣證券交易所 / 證券櫃檯買賣中心正式收盤；yfinance 歷史資料,只使用完整收盤日K，不使用盤中未完成K,上櫃,7708,全家餐飲,91.8,92.0,91.8,91.98,91.88,91.93,92.5,93.99,-2.24,-0.0,False,13961,10610,1281619,975443,0.27,False,True,24.34,一般K,,False,False,False,False,0,False,只觀察,條件不足,箱型突破,93.5,91.5,98.4,接近成形＋可觀察,95.37,93.5,95.37,98.23,90.69,4.9,中,-1.82,3.06,0.65,3.18,95.37,0.0,False,False,False,預備單，等待確認條件,頸線以當日前20日高點計算；收盤站上頸線 93.5 至少2%；成交量>=20日均量2倍；不可長上影；回踩須有近10日突破紀錄且不有效跌破頸線；距離頸線>5%禁止進場,60,C,等更安全位置,條件或風險不夠好，先不列入高關注。,False,2026-10-05,True,True,STOP,STOP 停止進場,接近目標,取消新進場，只保留觀察,只看續抱 / 減碼 / 停利 / 停損，不新增部位。,停止新進場，先保留現金，等待大盤止跌。,停止新進場，禁止顯示今日可進場。,False,False
2026-10-05,2026-10-05,收盤確認價,臺灣證券交易所 / 證券櫃檯買賣中心正式收盤；yfinance 歷史資料,只使用完整收盤日K，不使用盤中未完成K,上櫃,1599,宏佳騰,23.1,23.2,22.9,23.09,23.1,23.14,23.3,25.36,-0.43,-0.43,False,17934,18710,414275,434156,0.77,False,True,23.99,一般K,,False,False,False,False,0,False,只觀察,條件不足,接近成形,23.75,22.75,25.0,接近成形＋可觀察,24.23,23.75,24.23,24.95,23.04,4.9,中,-2.74,7.23,0.65,3.2,24.23,0.22,False,False,False,預備單，等待確認條件,頸線以當日前20日高點計算；收盤站上頸線 23.75 至少2%；成交量>=20日均量2倍；不可長上影；回踩須有近10日突破紀錄且不有效跌破頸線；距離頸線>5%禁止進場,60,C,等更安全位置,條件或風險不夠好，先不列入高關注。,False,2026-10-05,True,True,STOP,STOP 停止進場,接近目標,取消新進場，只保留觀察,只看續抱 / 減碼 / 停利 / 停損，不新增部位。,停止新進場，先保留現金，等待大盤止跌。,停止新進場，禁止顯示今日可進場。,False,False
2026-10-05,2026-10-05,收盤確認價,臺灣證券交易所 / 證券櫃檯買賣中心正式收盤；yfinance 歷史資料,只使用完整收盤日K，不使用盤中未完成K,上櫃,2926,誠品生活,30.1,30.1,29.45,30.02,30.03,30.03,30.56,36.21,-7.53,0.5,False,8664,6894,260786,206621,0.89,False,True,39.08,紅K突破,,False,False,False,False,0,False,只觀察,條件不足,箱型突破,30.7,29.1,32.3,接近成形＋可觀察,31.31,30.7,31.31,32.25,29.78,4.9,中,-1.95,7.95,0.64,3.15,31.31,0.0,False,False,False,預備單，等待確認條件,頸線以當日前20日高點計算；收盤站上頸線 30.7 至少2%；成交量>=20日均量2倍；不可長上影；回踩須有近10日突破紀錄且不有效跌破頸線；距離頸線>5%禁止進場,60,C,等更安全位置,條件或風險不夠好，先不列入高關注。,False,2026-10-05,True,True,STOP,STOP 停止進場,接近目標,取消新進場，只保留觀察,只看續抱 / 減碼 / 停利 / 停損，不新增部位。,停止新進場，先保留現金，等待大盤止跌。,停止新進場，禁止顯示今日可進場。,False,False
2026-10-05,2026-10-05,收盤確認價,臺灣證券交易所 / 證券櫃檯買賣中心正式收盤；yfinance 歷史資料,只使用完整收盤日K，不使用盤中未完成K,上市,2024,志聯,13.15,13.2,13.15,13.07,12.99,13.04,13.4,14.85,-3.31,-0.75,False,4305,15104,56610,198644,1.05,False,True,51.14,一般K,,False,False,False,False,0,False,只觀察,條件不足,接近成形,13.45,12.75,14.15,接近成形＋可觀察,13.72,13.45,13.72,14.13,13.05,4.9,中,-2.23,7.39,0.64,3.14,13.72,0.0,False,False,False,預備單，等待確認條件,頸線以當日前20日高點計算；收盤站上頸線 13.45 至少2%；成交量>=20日均量2倍；不可長上影；回踩須有近10日突破紀錄且不有效跌破頸線；距離頸線>5%禁止進場,60,C,等更安全位置,條件或風險不夠好，先不列入高關注。,False,2026-10-05,True,True,STOP,STOP 停止進場,接近目標,取消新進場，只保留觀察,只看續抱 / 減碼 / 停利 / 停損，不新增部位。,停止新進場，先保留現金，等待大盤止跌。,停止新進場，禁止顯示今日可進場。,False,False
2026-10-05,2026-10-05,收盤確認價,臺灣證券交易所 / 證券櫃檯買賣中心正式收盤；yfinance 歷史資料,只使用完整收盤日K，不使用盤中未完成K,上市,1737,臺鹽,30.0,30.15,29.95,30.0,29.99,30.29,31.27,31.6,-5.96,0.0,False,158616,455095,4758480,13582569,1.28,False,True,60.71,一般K,,False,False,False,False,0,False,只觀察,條件不足,接近成形,30.9,29.3,32.5,接近成形＋可觀察,31.52,30.9,31.52,32.46,29.97,4.9,中,-2.91,7.69,0.64,3.12,31.52,0.17,False,False,False,預備單，等待確認條件,頸線以當日前20日高點計算；收盤站上頸線 30.9 至少2%；成交量>=20日均量2倍；不可長上影；回踩須有近10日突破紀錄且不有效跌破頸線；距離頸線>5%禁止進場,60,C,等更安全位置,條件或風險不夠好，先不列入高關注。,False,2026-10-05,True,True,STOP,STOP 停止進場,接近目標,取消新進場，只保留觀察,只看續抱 / 減碼 / 停利 / 停損，不新增部位。,停止新進場，先保留現金，等待大盤止跌。,停止新進場，禁止顯示今日可進場。,False,False
2026-10-05,2026-10-05,收盤確認價,臺灣證券交易所 / 證券櫃檯買賣中心正式收盤；yfinance 歷史資料,只使用完整收盤日K，不使用盤中未完成K,上櫃,8432,東生華,51.0,51.2,50.8,50.82,50.67,50.43,50.37,52.61,0.59,-0.2,False,45982,40065,2345082,2024316,0.64,False,True,17.38,一般K,,False,False,False,False,0,False,只觀察,條件不足,箱型突破,51.4,49.7,54.0,接近成形＋可觀察,52.43,51.4,52.43,54.0,49.86,4.9,中,-0.78,0.78,0.61,3.0,52.43,0.2,False,False,False,預備單，等待確認條件,頸線以當日前20日高點計算；收盤站上頸線 51.4 至少2%；成交量>=20日均量2倍；不可長上影；回踩須有近10日突破紀錄且不有效跌破頸線；距離頸線>5%禁止進場,60,C,等更安全位置,條件或風險不夠好，先不列入高關注。,False,2026-10-05,True,True,STOP,STOP 停止進場,接近目標,取消新進場，只保留觀察,只看續抱 / 減碼 / 停利 / 停損，不新增部位。,停止新進場，先保留現金，等待大盤止跌。,停止新進場，禁止顯示今日可進場。,False,False
2026-10-05,2026-10-05,收盤確認價,臺灣證券交易所 / 證券櫃檯買賣中心正式收盤；yfinance 歷史資料,只使用完整收盤日K，不使用盤中未完成K,上櫃,8176,智捷,9.76,9.79,9.71,9.76,9.78,9.81,9.9,10.52,-5.24,-0.1,False,40040,65573,390790,643167,0.54,False,True,45.87,紅K突破,,False,False,False,False,0,False,只觀察,條件不足,接近成形,10.0,9.5,10.5,接近成形＋可觀察,10.2,10.0,10.2,10.51,9.7,4.9,中,-2.4,6.15,0.6,2.94,10.2,0.31,False,False,False,預備單，等待確認條件,頸線以當日前20日高點計算；收盤站上頸線 10.0 至少2%；成交量>=20日均量2倍；不可長上影；回踩須有近10日突破紀錄且不有效跌破頸線；距離頸線>5%禁止進場,60,C,等更安全位置,條件或風險不夠好，先不列入高關注。,False,2026-10-05,True,True,STOP,STOP 停止進場,接近目標,取消新進場，只保留觀察,只看續抱 / 減碼 / 停利 / 停損，不新增部位。,停止新進場，先保留現金，等待大盤止跌。,停止新進場，禁止顯示今日可進場。,False,False
2026-10-05,2026-10-05,收盤確認價,臺灣證券交易所 / 證券櫃檯買賣中心正式收盤；yfinance 歷史資料,只使用完整收盤日K，不使用盤中未完成K,上櫃,5902,德記,34.1,34.4,34.0,34.26,34.29,34.31,34.37,38.88,1.64,-0.29,False,106090,92155,3617669,3161046,0.77,False,True,23.11,一般K,,False,False,False,False,0,False,只觀察,條件不足,接近成形,35.1,33.5,36.85,接近成形＋可觀察,35.8,35.1,35.8,36.88,34.05,4.9,中,-2.85,3.13,0.6,2.93,35.8,0.0,False,False,False,預備單，等待確認條件,頸線以當日前20日高點計算；收盤站上頸線 35.1 至少2%；成交量>=20日均量2倍；不可長上影；回踩須有近10日突破紀錄且不有效跌破頸線；距離頸線>5%禁止進場,60,C,等更安全位置,條件或風險不夠好，先不列入高關注。,False,2026-10-05,True,True,STOP,STOP 停止進場,接近目標,取消新進場，只保留觀察,只看續抱 / 減碼 / 停利 / 停損，不新增部位。,停止新進場，先保留現金，等待大盤止跌。,停止新進場，禁止顯示今日可進場。,False,False
2026-10-05,2026-10-05,收盤確認價,臺灣證券交易所 / 證券櫃檯買賣中心正式收盤；yfinance 歷史資料,只使用完整收盤日K，不使用盤中未完成K,上市,1457,宜進,14.3,14.5,14.3,14.36,14.41,14.41,14.35,15.08,1.06,-0.35,False,127103,83696,1817572,1206579,0.66,False,True,30.85,一般K,,False,False,False,False,0,False,只觀察,條件不足,三角收斂突破,14.6,14.25,15.3,接近成形＋可觀察,14.89,14.6,14.89,15.34,14.16,4.9,中,-2.05,2.72,0.56,2.74,14.89,0.35,False,False,False,預備單，等待確認條件,頸線以當日前20日高點計算；收盤站上頸線 14.6 至少2%；成交量>=20日均量2倍；不可長上影；回踩須有近10日突破紀錄且不有效跌破頸線；距離頸線>5%禁止進場,60,C,等更安全位置,條件或風險不夠好，先不列入高關注。,False,2026-10-05,True,True,STOP,STOP 停止進場,接近目標,取消新進場，只保留觀察,只看續抱 / 減碼 / 停利 / 停損，不新增部位。,停止新進場，先保留現金，等待大盤止跌。,停止新進場，禁止顯示今日可進場。,False,False
2026-10-05,2026-10-05,收盤確認價,臺灣證券交易所 / 證券櫃檯買賣中心正式收盤；yfinance 歷史資料,只使用完整收盤日K，不使用盤中未完成K,上市,1417,嘉裕,8.12,8.14,8.06,8.11,8.08,8.1,8.3,8.6,-8.14,-0.12,False,201612,163052,1637089,1319397,0.55,False,True,51.75,一般K,,False,False,False,False,0,False,只觀察,條件不足,接近成形,8.33,7.94,8.72,接近成形＋可觀察,8.5,8.33,8.5,8.75,8.08,4.9,中,-2.52,9.07,0.54,2.63,8.5,0.25,False,False,False,預備單，等待確認條件,頸線以當日前20日高點計算；收盤站上頸線 8.33 至少2%；成交量>=20日均量2倍；不可長上影；回踩須有近10日突破紀錄且不有效跌破頸線；距離頸線>5%禁止進場,60,C,等更安全位置,條件或風險不夠好，先不列入高關注。,False,2026-10-05,True,True,STOP,STOP 停止進場,接近目標,取消新進場，只保留觀察,只看續抱 / 減碼 / 停利 / 停損，不新增部位。,停止新進場，先保留現金，等待大盤止跌。,停止新進場，禁止顯示今日可進場。,False,False
2026-10-05,2026-10-05,收盤確認價,臺灣證券交易所 / 證券櫃檯買賣中心正式收盤；yfinance 歷史資料,只使用完整收盤日K，不使用盤中未完成K,上櫃,5287,數字,137.5,137.5,136.5,137.5,137.5,136.38,136.78,146.61,-0.08,0.0,False,77850,59397,10704375,8132017,0.67,False,True,40.8,一般K,,False,False,False,False,0,False,只觀察,條件不足,箱型突破,139.0,134.0,145.43,接近成形＋可觀察,141.78,139.0,141.78,146.03,134.83,4.9,中,-1.08,4.84,0.53,2.58,141.78,0.0,False,False,False,預備單，等待確認條件,頸線以當日前20日高點計算；收盤站上頸線 139.0 至少2%；成交量>=20日均量2倍；不可長上影；回踩須有近10日突破紀錄且不有效跌破頸線；距離頸線>5%禁止進場,60,C,等更安全位置,條件或風險不夠好，先不列入高關注。,False,2026-10-05,True,True,STOP,STOP 停止進場,接近目標,取消新進場，只保留觀察,只看續抱 / 減碼 / 停利 / 停損，不新增部位。,停止新進場，先保留現金，等待大盤止跌。,停止新進場，禁止顯示今日可進場。,False,False
2026-10-05,2026-10-05,收盤確認價,臺灣證券交易所 / 證券櫃檯買賣中心正式收盤；yfinance 歷史資料,只使用完整收盤日K，不使用盤中未完成K,上櫃,8424,惠普,70.3,70.3,69.6,70.26,69.81,69.28,68.99,72.13,2.03,1.01,False,12122,10968,852176,767405,0.88,False,True,35.67,紅K突破,,False,False,False,False,0,False,只觀察,條件不足,箱型突破,71.2,68.5,74.5,接近成形＋可觀察,72.62,71.2,72.62,74.8,69.06,4.9,中,-1.26,1.26,0.53,2.58,72.62,0.0,False,False,False,預備單，等待確認條件,頸線以當日前20日高點計算；收盤站上頸線 71.2 至少2%；成交量>=20日均量2倍；不可長上影；回踩須有近10日突破紀錄且不有效跌破頸線；距離頸線>5%禁止進場,60,C,等更安全位置,條件或風險不夠好，先不列入高關注。,False,2026-10-05,True,True,STOP,STOP 停止進場,接近目標,取消新進場，只保留觀察,只看續抱 / 減碼 / 停利 / 停損，不新增部位。,停止新進場，先保留現金，等待大盤止跌。,停止新進場，禁止顯示今日可進場。,False,False
2026-10-05,2026-10-05,收盤確認價,臺灣證券交易所 / 證券櫃檯買賣中心正式收盤；yfinance 歷史資料,只使用完整收盤日K，不使用盤中未完成K,上櫃,6248,沛波,17.15,17.2,16.95,17.12,16.96,16.91,17.42,19.13,-5.25,-0.29,False,64295,61913,1102659,1048089,0.53,False,True,36.23,一般K,,False,False,False,False,0,False,只觀察,條件不足,箱型突破,17.35,16.55,18.15,接近成形＋可觀察,17.7,17.35,17.7,18.23,16.83,4.9,中,-1.15,7.3,0.52,2.56,17.7,0.0,False,False,False,預備單，等待確認條件,頸線以當日前20日高點計算；收盤站上頸線 17.35 至少2%；成交量>=20日均量2倍；不可長上影；回踩須有近10日突破紀錄且不有效跌破頸線；距離頸線>5%禁止進場,60,C,等更安全位置,條件或風險不夠好，先不列入高關注。,False,2026-10-05,True,True,STOP,STOP 停止進場,接近目標,取消新進場，只保留觀察,只看續抱 / 減碼 / 停利 / 停損，不新增部位。,停止新進場，先保留現金，等待大盤止跌。,停止新進場，禁止顯示今日可進場。,False,False
2026-10-05,2026-10-05,收盤確認價,臺灣證券交易所 / 證券櫃檯買賣中心正式收盤；yfinance 歷史資料,只使用完整收盤日K，不使用盤中未完成K,上櫃,3205,佰研,47.0,47.4,46.9,46.89,46.83,46.73,48.07,51.12,-9.79,-0.42,False,25760,23912,1210720,1115052,0.82,False,True,28.0,一般K,,False,False,False,False,0,False,只觀察,條件不足,接近成形,48.0,45.8,50.2,接近成形＋可觀察,48.96,48.0,48.96,50.43,46.56,4.9,中,-2.08,9.79,0.52,2.53,48.96,0.64,False,False,False,預備單，等待確認條件,頸線以當日前20日高點計算；收盤站上頸線 48.0 至少2%；成交量>=20日均量2倍；不可長上影；回踩須有近10日突破紀錄且不有效跌破頸線；距離頸線>5%禁止進場,60,C,等更安全位置,條件或風險不夠好，先不列入高關注。,False,2026-10-05,True,True,STOP,STOP 停止進場,接近目標,取消新進場，只保留觀察,只看續抱 / 減碼 / 停利 / 停損，不新增部位。,停止新進場，先保留現金，等待大盤止跌。,停止新進場，禁止顯示今日可進場。,False,False
2026-10-05,2026-10-05,收盤確認價,臺灣證券交易所 / 證券櫃檯買賣中心正式收盤；yfinance 歷史資料,只使用完整收盤日K，不使用盤中未完成K,上櫃,4528,江興鍛,14.8,15.1,14.75,14.85,14.88,14.89,15.12,16.69,-3.27,-0.0,False,21557,18493,319043,274901,0.47,False,True,15.61,一般K,,False,False,False,False,0,False,只觀察,條件不足,接近成形,15.2,14.5,15.9,接近成形＋可觀察,15.5,15.2,15.5,15.97,14.74,4.9,中,-2.63,8.92,0.52,2.55,15.5,0.34,False,False,False,預備單，等待確認條件,頸線以當日前20日高點計算；收盤站上頸線 15.2 至少2%；成交量>=20日均量2倍；不可長上影；回踩須有近10日突破紀錄且不有效跌破頸線；距離頸線>5%禁止進場,60,C,等更安全位置,條件或風險不夠好，先不列入高關注。,False,2026-10-05,True,True,STOP,STOP 停止進場,接近目標,取消新進場，只保留觀察,只看續抱 / 減碼 / 停利 / 停損，不新增部位。,停止新進場，先保留現金，等待大盤止跌。,停止新進場，禁止顯示今日可進場。,False,False
2026-10-05,2026-10-05,收盤確認價,臺灣證券交易所 / 證券櫃檯買賣中心正式收盤；yfinance 歷史資料,只使用完整收盤日K，不使用盤中未完成K,上市,2013,中鋼構,41.1,41.6,41.05,41.36,41.3,41.45,41.27,42.17,-0.72,-0.72,False,29632,50198,1217875,2081349,0.45,False,True,18.42,一般K,,False,False,False,False,0,False,只觀察,條件不足,接近成形,42.15,40.55,44.05,接近成形＋可觀察,42.99,42.15,42.99,44.28,40.89,4.9,中,-2.49,3.52,0.5,2.46,42.99,0.0,False,False,False,預備單，等待確認條件,頸線以當日前20日高點計算；收盤站上頸線 42.15 至少2%；成交量>=20日均量2倍；不可長上影；回踩須有近10日突破紀錄且不有效跌破頸線；距離頸線>5%禁止進場,60,C,等更安全位置,條件或風險不夠好，先不列入高關注。,False,2026-10-05,True,True,STOP,STOP 停止進場,接近目標,取消新進場，只保留觀察,只看續抱 / 減碼 / 停利 / 停損，不新增部位。,停止新進場，先保留現金，等待大盤止跌。,停止新進場，禁止顯示今日可進場。,False,False
2026-10-05,2026-10-05,收盤確認價,臺灣證券交易所 / 證券櫃檯買賣中心正式收盤；yfinance 歷史資料,只使用完整收盤日K，不使用盤中未完成K,上櫃,6020,大展證,20.6,20.7,20.55,20.59,20.61,20.61,20.92,20.19,-8.04,0.24,False,20752,21947,427491,452771,0.63,False,True,19.36,一般K,,False,False,False,False,0,False,只觀察,條件不足,接近成形,21.15,20.3,22.1,接近成形＋可觀察,21.57,21.15,21.57,22.22,20.52,4.9,中,-2.6,8.65,0.5,2.44,21.57,0.0,False,False,False,預備單，等待確認條件,頸線以當日前20日高點計算；收盤站上頸線 21.15 至少2%；成交量>=20日均量2倍；不可長上影；回踩須有近10日突破紀錄且不有效跌破頸線；距離頸線>5%禁止進場,60,C,等更安全位置,條件或風險不夠好，先不列入高關注。,False,2026-10-05,True,True,STOP,STOP 停止進場,接近目標,取消新進場，只保留觀察,只看續抱 / 減碼 / 停利 / 停損，不新增部位。,停止新進場，先保留現金，等待大盤止跌。,停止新進場，禁止顯示今日可進場。,False,False
2026-10-05,2026-10-05,收盤確認價,臺灣證券交易所 / 證券櫃檯買賣中心正式收盤；yfinance 歷史資料,只使用完整收盤日K，不使用盤中未完成K,上櫃,8450,霹靂,14.25,14.25,14.1,14.3,14.26,14.33,14.69,16.26,-7.77,0.0,False,15325,25190,218381,361597,0.69,False,True,42.98,紅K突破,,False,False,False,False,0,False,只觀察,條件不足,接近成形,14.65,14.0,15.3,接近成形＋可觀察,14.94,14.65,14.94,15.39,14.21,4.9,中,-2.73,8.95,0.49,2.39,14.94,0.0,False,False,False,預備單，等待確認條件,頸線以當日前20日高點計算；收盤站上頸線 14.65 至少2%；成交量>=20日均量2倍；不可長上影；回踩須有近10日突破紀錄且不有效跌破頸線；距離頸線>5%禁止進場,60,C,等更安全位置,條件或風險不夠好，先不列入高關注。,False,2026-10-05,True,True,STOP,STOP 停止進場,接近目標,取消新進場，只保留觀察,只看續抱 / 減碼 / 停利 / 停損，不新增部位。,停止新進場，先保留現金，等待大盤止跌。,停止新進場，禁止顯示今日可進場。,False,False
2026-10-05,2026-10-05,收盤確認價,臺灣證券交易所 / 證券櫃檯買賣中心正式收盤；yfinance 歷史資料,只使用完整收盤日K，不使用盤中未完成K,上櫃,6194,育富,30.05,30.2,29.95,29.91,30.2,30.08,29.97,32.89,-5.5,0.33,False,8010,40403,240700,1214416,0.94,False,True,28.28,一般K,,False,False,False,False,0,False,只觀察,條件不足,箱型突破,30.55,29.6,31.9,接近成形＋可觀察,31.16,30.55,31.16,32.1,29.63,4.9,中,-1.64,5.65,0.48,2.37,31.16,0.0,False,False,False,預備單，等待確認條件,頸線以當日前20日高點計算；收盤站上頸線 30.55 至少2%；成交量>=20日均量2倍；不可長上影；回踩須有近10日突破紀錄且不有效跌破頸線；距離頸線>5%禁止進場,60,C,等更安全位置,條件或風險不夠好，先不列入高關注。,False,2026-10-05,True,True,STOP,STOP 停止進場,接近目標,取消新進場，只保留觀察,只看續抱 / 減碼 / 停利 / 停損，不新增部位。,停止新進場，先保留現金，等待大盤止跌。,停止新進場，禁止顯示今日可進場。,False,False
2026-10-05,2026-10-05,收盤確認價,臺灣證券交易所 / 證券櫃檯買賣中心正式收盤；yfinance 歷史資料,只使用完整收盤日K，不使用盤中未完成K,上櫃,8401,白紗科,22.7,22.7,22.6,22.74,22.71,22.72,22.83,25.72,-0.87,-0.44,False,20131,29504,456973,670094,0.46,False,True,15.8,紅K突破,,False,False,False,False,0,False,只觀察,條件不足,箱型突破,23.0,22.4,24.0,接近成形＋可觀察,23.46,23.0,23.46,24.16,22.31,4.9,中,-1.3,2.99,0.47,2.3,23.46,0.0,False,False,False,預備單，等待確認條件,頸線以當日前20日高點計算；收盤站上頸線 23.0 至少2%；成交量>=20日均量2倍；不可長上影；回踩須有近10日突破紀錄且不有效跌破頸線；距離頸線>5%禁止進場,60,C,等更安全位置,條件或風險不夠好，先不列入高關注。,False,2026-10-05,True,True,STOP,STOP 停止進場,接近目標,取消新進場，只保留觀察,只看續抱 / 減碼 / 停利 / 停損，不新增部位。,停止新進場，先保留現金，等待大盤止跌。,停止新進場，禁止顯示今日可進場。,False,False
2026-10-05,2026-10-05,收盤確認價,臺灣證券交易所 / 證券櫃檯買賣中心正式收盤；yfinance 歷史資料,只使用完整收盤日K，不使用盤中未完成K,上櫃,8916,光隆,40.95,40.95,40.8,41.01,40.96,40.97,41.55,46.07,-6.83,-0.0,False,38191,50816,1563921,2083601,0.47,False,True,41.14,一般K,,False,False,False,False,0,False,只觀察,條件不足,箱型突破,41.6,40.55,43.4,接近成形＋可觀察,42.43,41.6,42.43,43.7,40.35,4.9,中,-1.56,6.83,0.47,2.28,42.43,0.0,False,False,False,預備單，等待確認條件,頸線以當日前20日高點計算；收盤站上頸線 41.6 至少2%；成交量>=20日均量2倍；不可長上影；回踩須有近10日突破紀錄且不有效跌破頸線；距離頸線>5%禁止進場,60,C,等更安全位置,條件或風險不夠好，先不列入高關注。,False,2026-10-05,True,True,STOP,STOP 停止進場,接近目標,取消新進場，只保留觀察,只看續抱 / 減碼 / 停利 / 停損，不新增部位。,停止新進場，先保留現金，等待大盤止跌。,停止新進場，禁止顯示今日可進場。,False,False
2026-10-05,2026-10-05,收盤確認價,臺灣證券交易所 / 證券櫃檯買賣中心正式收盤；yfinance 歷史資料,只使用完整收盤日K，不使用盤中未完成K,上櫃,1264,德麥,246.5,246.5,245.0,245.1,244.8,246.35,253.54,273.59,-8.87,0.61,False,19310,19927,4759915,4908126,0.49,False,True,56.74,紅K突破,,False,False,False,False,0,False,只觀察,條件不足,接近成形,253.0,242.0,264.0,接近成形＋可觀察,258.06,253.0,258.06,265.8,245.41,4.9,中,-2.57,9.38,0.47,2.3,258.06,0.0,False,False,False,預備單，等待確認條件,頸線以當日前20日高點計算；收盤站上頸線 253.0 至少2%；成交量>=20日均量2倍；不可長上影；回踩須有近10日突破紀錄且不有效跌破頸線；距離頸線>5%禁止進場,60,C,等更安全位置,條件或風險不夠好，先不列入高關注。,False,2026-10-05,True,True,STOP,STOP 停止進場,接近目標,取消新進場，只保留觀察,只看續抱 / 減碼 / 停利 / 停損，不新增部位。,停止新進場，先保留現金，等待大盤止跌。,停止新進場，禁止顯示今日可進場。,False,False
2026-10-05,2026-10-05,收盤確認價,臺灣證券交易所 / 證券櫃檯買賣中心正式收盤；yfinance 歷史資料,只使用完整收盤日K，不使用盤中未完成K,上市,1539,巨庭,15.65,15.95,15.6,15.57,15.59,15.59,15.85,16.66,-1.26,0.0,False,33053,21110,517279,329643,0.7,False,True,41.34,一般K,,False,False,False,False,0,False,只觀察,條件不足,三角收斂突破,16.1,15.45,16.8,接近成形＋可觀察,16.42,16.1,16.42,16.91,15.62,4.9,中,-2.8,9.54,0.47,2.3,16.42,0.64,False,False,False,預備單，等待確認條件,頸線以當日前20日高點計算；收盤站上頸線 16.1 至少2%；成交量>=20日均量2倍；不可長上影；回踩須有近10日突破紀錄且不有效跌破頸線；距離頸線>5%禁止進場,60,C,等更安全位置,條件或風險不夠好，先不列入高關注。,False,2026-10-05,True,True,STOP,STOP 停止進場,接近目標,取消新進場，只保留觀察,只看續抱 / 減碼 / 停利 / 停損，不新增部位。,停止新進場，先保留現金，等待大盤止跌。,停止新進場，禁止顯示今日可進場。,False,False
2026-10-05,2026-10-05,收盤確認價,臺灣證券交易所 / 證券櫃檯買賣中心正式收盤；yfinance 歷史資料,只使用完整收盤日K，不使用盤中未完成K,上櫃,2063,世鎧,23.8,23.9,23.5,23.6,23.68,23.78,24.0,25.35,-1.65,0.63,False,47554,29549,1131785,701638,0.76,False,True,15.69,紅K突破,,False,False,False,False,0,False,只觀察,條件不足,三角收斂突破,24.3,23.25,25.35,接近成形＋可觀察,24.79,24.3,24.79,25.53,23.57,4.9,中,-2.06,4.42,0.46,2.28,24.79,0.42,False,False,False,預備單，等待確認條件,頸線以當日前20日高點計算；收盤站上頸線 24.3 至少2%；成交量>=20日均量2倍；不可長上影；回踩須有近10日突破紀錄且不有效跌破頸線；距離頸線>5%禁止進場,60,C,等更安全位置,條件或風險不夠好，先不列入高關注。,False,2026-10-05,True,True,STOP,STOP 停止進場,接近目標,取消新進場，只保留觀察,只看續抱 / 減碼 / 停利 / 停損，不新增部位。,停止新進場，先保留現金，等待大盤止跌。,停止新進場，禁止顯示今日可進場。,False,False
2026-10-05,2026-10-05,收盤確認價,臺灣證券交易所 / 證券櫃檯買賣中心正式收盤；yfinance 歷史資料,只使用完整收盤日K，不使用盤中未完成K,上市,1339,昭輝,42.7,42.95,42.45,42.51,42.69,42.81,44.0,43.27,-4.69,0.47,False,88420,64331,3775534,2754266,0.67,False,True,32.86,一般K,,False,False,False,False,0,False,只觀察,條件不足,接近成形,43.65,41.85,45.45,接近成形＋可觀察,44.52,43.65,44.52,45.86,42.34,4.9,中,-2.18,9.34,0.42,2.08,44.52,0.0,False,False,False,預備單，等待確認條件,頸線以當日前20日高點計算；收盤站上頸線 43.65 至少2%；成交量>=20日均量2倍；不可長上影；回踩須有近10日突破紀錄且不有效跌破頸線；距離頸線>5%禁止進場,60,C,等更安全位置,條件或風險不夠好，先不列入高關注。,False,2026-10-05,True,True,STOP,STOP 停止進場,接近目標,取消新進場，只保留觀察,只看續抱 / 減碼 / 停利 / 停損，不新增部位。,停止新進場，先保留現金，等待大盤止跌。,停止新進場，禁止顯示今日可進場。,False,False
2026-10-05,2026-10-05,收盤確認價,臺灣證券交易所 / 證券櫃檯買賣中心正式收盤；yfinance 歷史資料,只使用完整收盤日K，不使用盤中未完成K,上櫃,1586,和勤,17.8,18.0,17.65,17.9,17.94,17.97,18.16,22.61,-6.81,-0.56,False,404809,261143,7205600,4687543,0.36,False,True,30.49,一般K,,False,False,False,False,0,False,只觀察,條件不足,三角收斂突破,18.3,17.7,19.05,接近成形＋可觀察,18.67,18.3,18.67,19.23,17.75,4.9,中,-2.73,8.72,0.42,2.06,18.67,0.28,False,False,False,預備單，等待確認條件,頸線以當日前20日高點計算；收盤站上頸線 18.3 至少2%；成交量>=20日均量2倍；不可長上影；回踩須有近10日突破紀錄且不有效跌破頸線；距離頸線>5%禁止進場,60,C,等更安全位置,條件或風險不夠好，先不列入高關注。,False,2026-10-05,True,True,STOP,STOP 停止進場,接近目標,取消新進場，只保留觀察,只看續抱 / 減碼 / 停利 / 停損，不新增部位。,停止新進場，先保留現金，等待大盤止跌。,停止新進場，禁止顯示今日可進場。,False,False
2026-10-05,2026-10-05,收盤確認價,臺灣證券交易所 / 證券櫃檯買賣中心正式收盤；yfinance 歷史資料,只使用完整收盤日K，不使用盤中未完成K,上櫃,5364,力麗店,8.3,8.32,8.26,8.35,8.35,8.35,8.54,11.54,-6.21,-0.12,False,34067,42994,282756,359421,0.54,False,True,21.24,紅K突破,,False,False,False,False,0,False,只觀察,條件不足,接近成形,8.55,8.2,8.9,接近成形＋可觀察,8.72,8.55,8.72,8.98,8.29,4.9,中,-2.92,7.68,0.42,2.05,8.72,0.24,False,False,False,預備單，等待確認條件,頸線以當日前20日高點計算；收盤站上頸線 8.55 至少2%；成交量>=20日均量2倍；不可長上影；回踩須有近10日突破紀錄且不有效跌破頸線；距離頸線>5%禁止進場,60,C,等更安全位置,條件或風險不夠好，先不列入高關注。,False,2026-10-05,True,True,STOP,STOP 停止進場,接近目標,取消新進場，只保留觀察,只看續抱 / 減碼 / 停利 / 停損，不新增部位。,停止新進場，先保留現金，等待大盤止跌。,停止新進場，禁止顯示今日可進場。,False,False
2026-10-05,2026-10-05,收盤確認價,臺灣證券交易所 / 證券櫃檯買賣中心正式收盤；yfinance 歷史資料,只使用完整收盤日K，不使用盤中未完成K,上市,1220,台榮,10.95,10.95,10.8,10.84,10.82,10.81,11.02,12.11,-5.19,1.39,False,118393,67976,1296403,736215,0.86,False,True,24.56,紅K突破,,False,False,False,False,0,False,只觀察,條件不足,箱型突破,11.1,10.65,11.55,接近成形＋可觀察,11.32,11.1,11.32,11.66,10.77,4.9,中,-1.35,5.19,0.41,2.01,11.32,0.0,False,False,False,預備單，等待確認條件,頸線以當日前20日高點計算；收盤站上頸線 11.1 至少2%；成交量>=20日均量2倍；不可長上影；回踩須有近10日突破紀錄且不有效跌破頸線；距離頸線>5%禁止進場,60,C,等更安全位置,條件或風險不夠好，先不列入高關注。,False,2026-10-05,True,True,STOP,STOP 停止進場,接近目標,取消新進場，只保留觀察,只看續抱 / 減碼 / 停利 / 停損，不新增部位。,停止新進場，先保留現金，等待大盤止跌。,停止新進場，禁止顯示今日可進場。,False,False
2026-10-05,2026-10-05,收盤確認價,臺灣證券交易所 / 證券櫃檯買賣中心正式收盤；yfinance 歷史資料,只使用完整收盤日K，不使用盤中未完成K,上櫃,3118,進階,31.2,31.7,31.0,31.38,31.37,31.42,31.66,32.78,-1.58,-0.95,False,15496,16655,483475,522279,0.7,False,True,13.68,一般K,,False,False,False,False,0,False,只觀察,條件不足,接近成形,32.05,30.75,33.35,接近成形＋可觀察,32.69,32.05,32.69,33.67,31.09,4.9,中,-2.65,4.44,0.41,2.02,32.69,0.0,False,False,False,預備單，等待確認條件,頸線以當日前20日高點計算；收盤站上頸線 32.05 至少2%；成交量>=20日均量2倍；不可長上影；回踩須有近10日突破紀錄且不有效跌破頸線；距離頸線>5%禁止進場,60,C,等更安全位置,條件或風險不夠好，先不列入高關注。,False,2026-10-05,True,True,STOP,STOP 停止進場,接近目標,取消新進場，只保留觀察,只看續抱 / 減碼 / 停利 / 停損，不新增部位。,停止新進場，先保留現金，等待大盤止跌。,停止新進場，禁止顯示今日可進場。,False,False
2026-10-05,2026-10-05,收盤確認價,臺灣證券交易所 / 證券櫃檯買賣中心正式收盤；yfinance 歷史資料,只使用完整收盤日K，不使用盤中未完成K,上櫃,6703,軒郁,100.5,100.5,99.9,100.4,100.55,100.9,103.42,101.03,-5.91,0.0,False,24855,32926,2497927,3325066,0.7,False,True,45.95,紅K突破,,False,False,False,False,0,False,只觀察,條件不足,接近成形,103.5,99.5,107.5,接近成形＋可觀察,105.57,103.5,105.57,108.74,100.39,4.9,中,-2.9,7.37,0.37,1.83,105.57,0.0,False,False,False,預備單，等待確認條件,頸線以當日前20日高點計算；收盤站上頸線 103.5 至少2%；成交量>=20日均量2倍；不可長上影；回踩須有近10日突破紀錄且不有效跌破頸線；距離頸線>5%禁止進場,60,C,等更安全位置,條件或風險不夠好，先不列入高關注。,False,2026-10-05,True,True,STOP,STOP 停止進場,接近目標,取消新進場，只保留觀察,只看續抱 / 減碼 / 停利 / 停損，不新增部位。,停止新進場，先保留現金，等待大盤止跌。,停止新進場，禁止顯示今日可進場。,False,False
2026-10-05,2026-10-05,收盤確認價,臺灣證券交易所 / 證券櫃檯買賣中心正式收盤；yfinance 歷史資料,只使用完整收盤日K，不使用盤中未完成K,上櫃,8409,商之器,18.0,18.05,18.0,18.01,18.05,18.09,18.34,20.2,-5.76,-0.28,False,9007,5102,162126,92259,0.57,False,True,13.39,一般K,,False,False,False,False,0,False,只觀察,條件不足,箱型突破,18.35,17.9,19.05,接近成形＋可觀察,18.72,18.35,18.72,19.28,17.8,4.9,中,-1.91,9.09,0.36,1.78,18.72,0.0,False,False,False,預備單，等待確認條件,頸線以當日前20日高點計算；收盤站上頸線 18.35 至少2%；成交量>=20日均量2倍；不可長上影；回踩須有近10日突破紀錄且不有效跌破頸線；距離頸線>5%禁止進場,60,C,等更安全位置,條件或風險不夠好，先不列入高關注。,False,2026-10-05,True,True,STOP,STOP 停止進場,接近目標,取消新進場，只保留觀察,只看續抱 / 減碼 / 停利 / 停損，不新增部位。,停止新進場，先保留現金，等待大盤止跌。,停止新進場，禁止顯示今日可進場。,False,False
2026-10-05,2026-10-05,收盤確認價,臺灣證券交易所 / 證券櫃檯買賣中心正式收盤；yfinance 歷史資料,只使用完整收盤日K，不使用盤中未完成K,上櫃,6721,信實,50.2,50.2,49.8,50.12,50.32,50.31,51.63,57.92,-8.06,-0.0,False,9282,10932,465956,548152,1.01,False,True,28.73,紅K突破,,False,False,False,False,0,False,只觀察,條件不足,接近成形,51.3,49.35,53.25,接近成形＋可觀察,52.33,51.3,52.33,53.9,49.76,4.9,中,-2.14,8.06,0.36,1.77,52.33,0.0,False,False,False,預備單，等待確認條件,頸線以當日前20日高點計算；收盤站上頸線 51.3 至少2%；成交量>=20日均量2倍；不可長上影；回踩須有近10日突破紀錄且不有效跌破頸線；距離頸線>5%禁止進場,60,C,等更安全位置,條件或風險不夠好，先不列入高關注。,False,2026-10-05,True,True,STOP,STOP 停止進場,接近目標,取消新進場，只保留觀察,只看續抱 / 減碼 / 停利 / 停損，不新增部位。,停止新進場，先保留現金，等待大盤止跌。,停止新進場，禁止顯示今日可進場。,False,False
2026-10-05,2026-10-05,收盤確認價,臺灣證券交易所 / 證券櫃檯買賣中心正式收盤；yfinance 歷史資料,只使用完整收盤日K，不使用盤中未完成K,上櫃,8416,實威,169.5,170.0,169.0,169.5,169.45,169.43,169.02,173.42,-1.17,-0.88,False,4155,3626,704272,614638,0.59,False,True,11.79,紅K突破,,False,False,False,False,0,False,只觀察,條件不足,箱型突破,172.5,168.0,179.0,接近成形＋可觀察,175.95,172.5,175.95,181.23,167.32,4.9,中,-1.74,1.74,0.35,1.73,175.95,0.29,False,False,False,預備單，等待確認條件,頸線以當日前20日高點計算；收盤站上頸線 172.5 至少2%；成交量>=20日均量2倍；不可長上影；回踩須有近10日突破紀錄且不有效跌破頸線；距離頸線>5%禁止進場,60,C,等更安全位置,條件或風險不夠好，先不列入高關注。,False,2026-10-05,True,True,STOP,STOP 停止進場,接近目標,取消新進場，只保留觀察,只看續抱 / 減碼 / 停利 / 停損，不新增部位。,停止新進場，先保留現金，等待大盤止跌。,停止新進場，禁止顯示今日可進場。,False,False
2026-10-05,2026-10-05,收盤確認價,臺灣證券交易所 / 證券櫃檯買賣中心正式收盤；yfinance 歷史資料,只使用完整收盤日K，不使用盤中未完成K,上市,1103,嘉泥,13.05,13.2,13.05,13.13,13.14,13.13,13.22,13.53,-2.61,-1.14,False,238019,349383,3106147,4601891,0.86,False,True,20.43,一般K,,False,False,False,False,0,False,只觀察,條件不足,接近成形,13.4,12.95,13.9,接近成形＋可觀察,13.67,13.4,13.67,14.08,13.0,4.9,中,-2.61,5.43,0.35,1.7,13.67,0.38,False,False,False,預備單，等待確認條件,頸線以當日前20日高點計算；收盤站上頸線 13.4 至少2%；成交量>=20日均量2倍；不可長上影；回踩須有近10日突破紀錄且不有效跌破頸線；距離頸線>5%禁止進場,60,C,等更安全位置,條件或風險不夠好，先不列入高關注。,False,2026-10-05,True,True,STOP,STOP 停止進場,接近目標,取消新進場，只保留觀察,只看續抱 / 減碼 / 停利 / 停損，不新增部位。,停止新進場，先保留現金，等待大盤止跌。,停止新進場，禁止顯示今日可進場。,False,False
2026-10-05,2026-10-05,收盤確認價,臺灣證券交易所 / 證券櫃檯買賣中心正式收盤；yfinance 歷史資料,只使用完整收盤日K，不使用盤中未完成K,上櫃,6593,台灣銘板,31.8,31.9,31.65,32.1,32.1,31.88,32.45,36.7,-6.06,-0.31,False,21459,26024,682396,828040,0.72,False,True,30.14,一般K,,False,False,False,False,0,False,只觀察,條件不足,接近成形,32.45,31.25,33.65,接近成形＋可觀察,33.1,32.45,33.1,34.09,31.48,4.9,中,-2.0,9.14,0.34,1.66,33.1,0.0,False,False,False,預備單，等待確認條件,頸線以當日前20日高點計算；收盤站上頸線 32.45 至少2%；成交量>=20日均量2倍；不可長上影；回踩須有近10日突破紀錄且不有效跌破頸線；距離頸線>5%禁止進場,60,C,等更安全位置,條件或風險不夠好，先不列入高關注。,False,2026-10-05,True,True,STOP,STOP 停止進場,接近目標,取消新進場，只保留觀察,只看續抱 / 減碼 / 停利 / 停損，不新增部位。,停止新進場，先保留現金，等待大盤止跌。,停止新進場，禁止顯示今日可進場。,False,False
2026-10-05,2026-10-05,收盤確認價,臺灣證券交易所 / 證券櫃檯買賣中心正式收盤；yfinance 歷史資料,只使用完整收盤日K，不使用盤中未完成K,上市,1726,永記,76.1,76.4,76.1,76.3,76.51,76.8,77.35,76.57,-3.43,-0.13,False,31779,24303,2418381,1865529,0.36,False,True,22.42,一般K,,False,False,False,False,0,False,只觀察,條件不足,接近成形,78.2,76.1,81.1,接近成形＋可觀察,79.76,78.2,79.76,82.16,75.85,4.9,中,-2.69,6.17,0.34,1.67,79.76,0.26,False,False,False,預備單，等待確認條件,頸線以當日前20日高點計算；收盤站上頸線 78.2 至少2%；成交量>=20日均量2倍；不可長上影；回踩須有近10日突破紀錄且不有效跌破頸線；距離頸線>5%禁止進場,60,C,等更安全位置,條件或風險不夠好，先不列入高關注。,False,2026-10-05,True,True,STOP,STOP 停止進場,接近目標,取消新進場，只保留觀察,只看續抱 / 減碼 / 停利 / 停損，不新增部位。,停止新進場，先保留現金，等待大盤止跌。,停止新進場，禁止顯示今日可進場。,False,False
2026-10-05,2026-10-05,收盤確認價,臺灣證券交易所 / 證券櫃檯買賣中心正式收盤；yfinance 歷史資料,只使用完整收盤日K，不使用盤中未完成K,上市,1614,三洋電,30.85,31.2,30.75,31.06,31.11,30.99,31.03,32.67,-3.89,-0.48,False,74561,63464,2300206,1967966,0.56,False,True,49.28,一般K,,False,False,False,False,0,False,只觀察,條件不足,接近成形,31.55,30.45,32.65,接近成形＋可觀察,32.18,31.55,32.18,33.15,30.6,4.9,中,-2.22,4.93,0.3,1.46,32.18,0.0,False,False,False,預備單，等待確認條件,頸線以當日前20日高點計算；收盤站上頸線 31.55 至少2%；成交量>=20日均量2倍；不可長上影；回踩須有近10日突破紀錄且不有效跌破頸線；距離頸線>5%禁止進場,60,C,等更安全位置,條件或風險不夠好，先不列入高關注。,False,2026-10-05,True,True,STOP,STOP 停止進場,接近目標,取消新進場，只保留觀察,只看續抱 / 減碼 / 停利 / 停損，不新增部位。,停止新進場，先保留現金，等待大盤止跌。,停止新進場，禁止顯示今日可進場。,False,False
2026-10-05,2026-10-05,收盤確認價,臺灣證券交易所 / 證券櫃檯買賣中心正式收盤；yfinance 歷史資料,只使用完整收盤日K，不使用盤中未完成K,上櫃,5609,中菲行,77.7,78.2,77.3,77.98,78.39,78.46,78.45,79.15,-1.52,-0.38,False,176469,96548,13711641,7579456,0.38,False,True,26.64,一般K,,False,False,False,False,0,False,只觀察,條件不足,三角收斂突破,79.4,77.8,82.0,接近成形＋可觀察,80.99,79.4,80.99,83.42,77.02,4.9,中,-2.14,3.72,0.25,1.25,80.99,0.0,False,False,False,預備單，等待確認條件,頸線以當日前20日高點計算；收盤站上頸線 79.4 至少2%；成交量>=20日均量2倍；不可長上影；回踩須有近10日突破紀錄且不有效跌破頸線；距離頸線>5%禁止進場,60,C,等更安全位置,條件或風險不夠好，先不列入高關注。,False,2026-10-05,True,True,STOP,STOP 停止進場,接近目標,取消新進場，只保留觀察,只看續抱 / 減碼 / 停利 / 停損，不新增部位。,停止新進場，先保留現金，等待大盤止跌。,停止新進場，禁止顯示今日可進場。,False,False
2026-10-05,2026-10-05,收盤確認價,臺灣證券交易所 / 證券櫃檯買賣中心正式收盤；yfinance 歷史資料,只使用完整收盤日K，不使用盤中未完成K,上市,1451,年興,17.0,17.1,16.9,16.99,17.05,17.09,17.29,17.34,-1.73,-0.29,False,153834,86196,2615178,1470010,0.52,False,True,20.24,一般K,,False,False,False,False,0,False,只觀察,條件不足,三角收斂突破,17.35,16.8,17.9,接近成形＋可觀察,17.7,17.35,17.7,18.23,16.83,4.9,中,-2.02,4.76,0.23,1.15,17.7,0.59,False,False,False,預備單，等待確認條件,頸線以當日前20日高點計算；收盤站上頸線 17.35 至少2%；成交量>=20日均量2倍；不可長上影；回踩須有近10日突破紀錄且不有效跌破頸線；距離頸線>5%禁止進場,60,C,等更安全位置,條件或風險不夠好，先不列入高關注。,False,2026-10-05,True,True,STOP,STOP 停止進場,接近目標,取消新進場，只保留觀察,只看續抱 / 減碼 / 停利 / 停損，不新增部位。,停止新進場，先保留現金，等待大盤止跌。,停止新進場，禁止顯示今日可進場。,False,False
2026-10-05,2026-10-05,收盤確認價,臺灣證券交易所 / 證券櫃檯買賣中心正式收盤；yfinance 歷史資料,只使用完整收盤日K，不使用盤中未完成K,上櫃,4107,邦特,110.5,110.5,109.5,110.4,110.65,111.42,113.95,118.48,-5.56,0.45,False,52319,36099,5781249,4026403,0.41,False,True,68.83,紅K突破,,False,False,False,False,0,False,只觀察,條件不足,接近成形,113.5,110.0,117.0,接近成形＋可觀察,115.77,113.5,115.77,119.24,110.09,4.9,中,-2.64,7.92,0.22,1.06,115.77,0.0,False,False,False,預備單，等待確認條件,頸線以當日前20日高點計算；收盤站上頸線 113.5 至少2%；成交量>=20日均量2倍；不可長上影；回踩須有近10日突破紀錄且不有效跌破頸線；距離頸線>5%禁止進場,60,C,等更安全位置,條件或風險不夠好，先不列入高關注。,False,2026-10-05,True,True,STOP,STOP 停止進場,接近目標,取消新進場，只保留觀察,只看續抱 / 減碼 / 停利 / 停損，不新增部位。,停止新進場，先保留現金，等待大盤止跌。,停止新進場，禁止顯示今日可進場。,False,False
2026-10-05,2026-10-05,收盤確認價,臺灣證券交易所 / 證券櫃檯買賣中心正式收盤；yfinance 歷史資料,只使用完整收盤日K，不使用盤中未完成K,上櫃,5210,寶碩,29.8,30.7,29.75,30.22,29.94,29.31,29.14,25.35,-2.45,-1.65,False,335683,230679,10003353,6786278,1.82,False,True,61.82,一般K,,True,False,False,False,1,False,只觀察,趨勢多頭,接近成形,30.9,27.95,34.5,接近成形＋可觀察,31.52,30.9,31.52,32.46,29.97,4.9,中,-3.56,6.73,1.93,9.46,31.52,0.17,False,False,False,預備單，等待確認條件,頸線以當日前20日高點計算；收盤站上頸線 30.9 至少2%；成交量>=20日均量2倍；不可長上影；回踩須有近10日突破紀錄且不有效跌破頸線；距離頸線>5%禁止進場,57,C,等更安全位置,條件或風險不夠好，先不列入高關注。,False,2026-10-05,True,True,STOP,STOP 停止進場,觀察,取消新進場，只保留觀察,只看續抱 / 減碼 / 停利 / 停損，不新增部位。,停止新進場，先保留現金，等待大盤止跌。,停止新進場，禁止顯示今日可進場。,False,False
2026-10-05,2026-10-05,收盤確認價,臺灣證券交易所 / 證券櫃檯買賣中心正式收盤；yfinance 歷史資料,只使用完整收盤日K，不使用盤中未完成K,上櫃,5487,通泰,29.1,29.8,28.8,28.84,29.08,29.17,28.95,28.86,1.39,-0.68,False,192049,61101,5588625,1775666,1.83,False,True,17.31,一般K,,False,True,False,False,1,False,只觀察,量能放大,三角收斂突破,30.4,28.0,33.8,接近成形＋可觀察,31.01,30.4,31.01,31.94,29.49,4.9,中,-4.28,6.73,1.84,9.0,31.01,1.72,False,False,False,預備單，等待確認條件,頸線以當日前20日高點計算；收盤站上頸線 30.4 至少2%；成交量>=20日均量2倍；不可長上影；回踩須有近10日突破紀錄且不有效跌破頸線；距離頸線>5%禁止進場,57,C,等更安全位置,條件或風險不夠好，先不列入高關注。,False,2026-10-05,True,True,STOP,STOP 停止進場,觀察,取消新進場，只保留觀察,只看續抱 / 減碼 / 停利 / 停損，不新增部位。,停止新進場，先保留現金，等待大盤止跌。,停止新進場，禁止顯示今日可進場。,False,False
2026-10-05,2026-10-05,收盤確認價,臺灣證券交易所 / 證券櫃檯買賣中心正式收盤；yfinance 歷史資料,只使用完整收盤日K，不使用盤中未完成K,上市,2010,春源,22.35,22.7,22.35,22.57,22.29,22.2,22.03,22.21,4.68,-0.89,False,910469,930611,20348982,20774912,1.22,False,True,34.05,一般K,,True,False,False,False,1,False,只觀察,趨勢多頭,接近成形,23.1,21.5,25.55,接近成形＋可觀察,23.56,23.1,23.56,24.27,22.41,4.9,中,-3.25,4.49,1.72,8.44,23.56,0.0,False,False,False,預備單，等待確認條件,頸線以當日前20日高點計算；收盤站上頸線 23.1 至少2%；成交量>=20日均量2倍；不可長上影；回踩須有近10日突破紀錄且不有效跌破頸線；距離頸線>5%禁止進場,57,C,等更安全位置,條件或風險不夠好，先不列入高關注。,False,2026-10-05,True,True,STOP,STOP 停止進場,觀察,取消新進場，只保留觀察,只看續抱 / 減碼 / 停利 / 停損，不新增部位。,停止新進場，先保留現金，等待大盤止跌。,停止新進場，禁止顯示今日可進場。,False,False
2026-10-05,2026-10-05,收盤確認價,臺灣證券交易所 / 證券櫃檯買賣中心正式收盤；yfinance 歷史資料,只使用完整收盤日K，不使用盤中未完成K,上市,1805,寶徠,9.96,10.05,9.95,10.03,10.11,10.1,10.08,10.81,-1.39,-0.2,False,39845,76324,396856,772173,0.64,False,True,14.26,一般K,,False,False,False,False,0,False,只觀察,條件不足,接近成形,10.3,9.96,11.5,接近成形＋可觀察,10.51,10.3,10.51,10.82,9.99,4.9,中,-3.3,7.35,1.93,9.46,10.51,0.5,False,False,False,預備單，等待確認條件,頸線以當日前20日高點計算；收盤站上頸線 10.3 至少2%；成交量>=20日均量2倍；不可長上影；回踩須有近10日突破紀錄且不有效跌破頸線；距離頸線>5%禁止進場,57,C,等更安全位置,條件或風險不夠好，先不列入高關注。,False,2026-10-05,True,True,STOP,STOP 停止進場,觀察,取消新進場，只保留觀察,只看續抱 / 減碼 / 停利 / 停損，不新增部位。,停止新進場，先保留現金，等待大盤止跌。,停止新進場，禁止顯示今日可進場。,False,False
2026-10-05,2026-10-05,收盤確認價,臺灣證券交易所 / 證券櫃檯買賣中心正式收盤；yfinance 歷史資料,只使用完整收盤日K，不使用盤中未完成K,上櫃,6697,東捷資訊,41.1,41.55,41.1,41.15,41.29,41.03,40.78,44.07,0.37,-0.12,False,15306,24172,629076,995368,0.92,False,True,53.47,一般K,,False,False,False,False,0,False,只觀察,條件不足,接近成形,43.0,40.0,48.0,接近成形＋可觀察,43.86,43.0,43.86,45.18,41.71,4.9,中,-4.42,4.42,1.93,9.44,43.86,0.0,False,False,False,預備單，等待確認條件,頸線以當日前20日高點計算；收盤站上頸線 43.0 至少2%；成交量>=20日均量2倍；不可長上影；回踩須有近10日突破紀錄且不有效跌破頸線；距離頸線>5%禁止進場,57,C,等更安全位置,條件或風險不夠好，先不列入高關注。,False,2026-10-05,True,True,STOP,STOP 停止進場,觀察,取消新進場，只保留觀察,只看續抱 / 減碼 / 停利 / 停損，不新增部位。,停止新進場，先保留現金，等待大盤止跌。,停止新進場，禁止顯示今日可進場。,False,False
2026-10-05,2026-10-05,收盤確認價,臺灣證券交易所 / 證券櫃檯買賣中心正式收盤；yfinance 歷史資料,只使用完整收盤日K，不使用盤中未完成K,上市,2038,海光,12.65,13.0,12.65,12.87,12.53,12.37,12.59,14.01,-4.17,-2.32,False,315836,293217,3995325,3685241,1.84,False,True,58.72,一般K,,False,False,False,False,0,False,只觀察,條件不足,接近成形,13.3,11.75,14.85,接近成形＋可觀察,13.57,13.3,13.57,13.97,12.9,4.9,中,-4.89,5.6,1.93,9.46,13.57,0.79,False,False,False,預備單，等待確認條件,頸線以當日前20日高點計算；收盤站上頸線 13.3 至少2%；成交量>=20日均量2倍；不可長上影；回踩須有近10日突破紀錄且不有效跌破頸線；距離頸線>5%禁止進場,57,C,等更安全位置,條件或風險不夠好，先不列入高關注。,False,2026-10-05,True,True,STOP,STOP 停止進場,觀察,取消新進場，只保留觀察,只看續抱 / 減碼 / 停利 / 停損，不新增部位。,停止新進場，先保留現金，等待大盤止跌。,停止新進場，禁止顯示今日可進場。,False,False
2026-10-05,2026-10-05,收盤確認價,臺灣證券交易所 / 證券櫃檯買賣中心正式收盤；yfinance 歷史資料,只使用完整收盤日K，不使用盤中未完成K,上櫃,5511,德昌,68.5,69.0,68.2,69.22,69.52,69.53,70.36,60.85,8.21,-0.72,False,125330,109073,8585105,7585168,0.7,False,True,23.59,一般K,,False,False,False,False,0,False,只觀察,條件不足,接近成形,71.3,68.5,79.3,接近成形＋可觀察,72.73,71.3,72.73,74.91,69.16,4.9,中,-3.93,9.03,1.84,9.04,72.73,0.44,False,False,False,預備單，等待確認條件,頸線以當日前20日高點計算；收盤站上頸線 71.3 至少2%；成交量>=20日均量2倍；不可長上影；回踩須有近10日突破紀錄且不有效跌破頸線；距離頸線>5%禁止進場,57,C,等更安全位置,條件或風險不夠好，先不列入高關注。,False,2026-10-05,True,True,STOP,STOP 停止進場,觀察,取消新進場，只保留觀察,只看續抱 / 減碼 / 停利 / 停損，不新增部位。,停止新進場，先保留現金，等待大盤止跌。,停止新進場，禁止顯示今日可進場。,False,False
2026-10-05,2026-10-05,收盤確認價,臺灣證券交易所 / 證券櫃檯買賣中心正式收盤；yfinance 歷史資料,只使用完整收盤日K，不使用盤中未完成K,上櫃,1565,精華,96.7,97.2,96.5,96.6,96.55,97.04,95.6,107.29,-0.31,-0.51,False,128019,106235,12379437,10328504,0.79,False,True,26.41,一般K,,False,False,False,False,0,False,只觀察,條件不足,旗型整理突破,101.0,95.1,111.6,接近成形＋可觀察,103.02,101.0,103.02,106.11,97.97,4.9,中,-4.26,4.26,1.7,8.33,103.02,0.0,False,False,False,預備單，等待確認條件,頸線以當日前20日高點計算；收盤站上頸線 101.0 至少2%；成交量>=20日均量2倍；不可長上影；回踩須有近10日突破紀錄且不有效跌破頸線；距離頸線>5%禁止進場,57,C,等更安全位置,條件或風險不夠好，先不列入高關注。,False,2026-10-05,True,True,STOP,STOP 停止進場,觀察,取消新進場，只保留觀察,只看續抱 / 減碼 / 停利 / 停損，不新增部位。,停止新進場，先保留現金，等待大盤止跌。,停止新進場，禁止顯示今日可進場。,False,False
2026-10-05,2026-10-05,收盤確認價,臺灣證券交易所 / 證券櫃檯買賣中心正式收盤；yfinance 歷史資料,只使用完整收盤日K，不使用盤中未完成K,上櫃,3158,嘉實,86.0,86.3,85.5,85.32,85.51,85.25,83.74,91.67,3.61,0.0,False,10309,17624,886574,1523386,1.56,False,True,81.14,紅K突破,,False,False,False,False,0,False,只觀察,條件不足,接近成形,90.5,83.3,99.9,接近成形＋可觀察,92.31,90.5,92.31,95.08,87.78,4.9,中,-4.97,4.97,1.68,8.22,92.31,0.35,False,False,False,預備單，等待確認條件,頸線以當日前20日高點計算；收盤站上頸線 90.5 至少2%；成交量>=20日均量2倍；不可長上影；回踩須有近10日突破紀錄且不有效跌破頸線；距離頸線>5%禁止進場,57,C,等更安全位置,條件或風險不夠好，先不列入高關注。,False,2026-10-05,True,True,STOP,STOP 停止進場,觀察,取消新進場，只保留觀察,只看續抱 / 減碼 / 停利 / 停損，不新增部位。,停止新進場，先保留現金，等待大盤止跌。,停止新進場，禁止顯示今日可進場。,False,False
2026-10-05,2026-10-05,收盤確認價,臺灣證券交易所 / 證券櫃檯買賣中心正式收盤；yfinance 歷史資料,只使用完整收盤日K，不使用盤中未完成K,上櫃,9950,萬國通,10.2,10.4,10.1,10.22,10.22,10.26,10.34,10.61,-4.23,0.0,False,33406,25146,340741,258013,0.61,False,True,20.56,一般K,,False,False,False,False,0,False,只觀察,條件不足,接近成形,10.7,10.15,11.8,接近成形＋可觀察,10.91,10.7,10.91,11.24,10.38,4.9,中,-4.67,5.12,1.66,8.12,10.91,1.96,False,False,False,預備單，等待確認條件,頸線以當日前20日高點計算；收盤站上頸線 10.7 至少2%；成交量>=20日均量2倍；不可長上影；回踩須有近10日突破紀錄且不有效跌破頸線；距離頸線>5%禁止進場,57,C,等更安全位置,條件或風險不夠好，先不列入高關注。,False,2026-10-05,True,True,STOP,STOP 停止進場,觀察,取消新進場，只保留觀察,只看續抱 / 減碼 / 停利 / 停損，不新增部位。,停止新進場，先保留現金，等待大盤止跌。,停止新進場，禁止顯示今日可進場。,False,False
2026-10-05,2026-10-05,收盤確認價,臺灣證券交易所 / 證券櫃檯買賣中心正式收盤；yfinance 歷史資料,只使用完整收盤日K，不使用盤中未完成K,上櫃,6692,進能服,23.25,23.45,23.25,23.21,23.19,23.35,23.56,28.68,-7.0,2.42,False,3000,14296,69750,331727,1.8,False,True,20.48,一般K,,False,False,False,False,0,False,只觀察,條件不足,接近成形,24.05,22.35,26.5,接近成形＋可觀察,24.53,24.05,24.53,25.27,23.33,4.9,中,-3.33,7.74,1.64,8.03,24.53,0.0,False,False,False,預備單，等待確認條件,頸線以當日前20日高點計算；收盤站上頸線 24.05 至少2%；成交量>=20日均量2倍；不可長上影；回踩須有近10日突破紀錄且不有效跌破頸線；距離頸線>5%禁止進場,57,C,等更安全位置,條件或風險不夠好，先不列入高關注。,False,2026-10-05,True,True,STOP,STOP 停止進場,觀察,取消新進場，只保留觀察,只看續抱 / 減碼 / 停利 / 停損，不新增部位。,停止新進場，先保留現金，等待大盤止跌。,停止新進場，禁止顯示今日可進場。,False,False
2026-10-05,2026-10-05,收盤確認價,臺灣證券交易所 / 證券櫃檯買賣中心正式收盤；yfinance 歷史資料,只使用完整收盤日K，不使用盤中未完成K,上櫃,8931,大汽電,42.4,43.1,41.95,42.86,42.94,42.42,41.7,44.28,-2.75,-1.05,False,58797,110629,2492992,4716801,1.25,False,True,55.76,一般K,,False,False,False,False,0,False,只觀察,條件不足,接近成形,44.15,40.55,48.5,接近成形＋可觀察,45.03,44.15,45.03,46.38,42.83,4.9,中,-3.96,3.96,1.57,7.7,45.03,0.0,False,False,False,預備單，等待確認條件,頸線以當日前20日高點計算；收盤站上頸線 44.15 至少2%；成交量>=20日均量2倍；不可長上影；回踩須有近10日突破紀錄且不有效跌破頸線；距離頸線>5%禁止進場,57,C,等更安全位置,條件或風險不夠好，先不列入高關注。,False,2026-10-05,True,True,STOP,STOP 停止進場,觀察,取消新進場，只保留觀察,只看續抱 / 減碼 / 停利 / 停損，不新增部位。,停止新進場，先保留現金，等待大盤止跌。,停止新進場，禁止顯示今日可進場。,False,False
2026-10-05,2026-10-05,收盤確認價,臺灣證券交易所 / 證券櫃檯買賣中心正式收盤；yfinance 歷史資料,只使用完整收盤日K，不使用盤中未完成K,上櫃,3310,佳穎,67.6,68.6,67.0,68.18,68.28,68.2,68.15,70.6,-2.17,0.0,False,11306,14203,764285,967274,0.86,False,True,23.97,一般K,,False,False,False,False,0,False,只觀察,條件不足,接近成形,70.4,66.0,77.3,接近成形＋可觀察,71.81,70.4,71.81,73.96,68.29,4.9,中,-3.98,7.65,1.56,7.65,71.81,0.0,False,False,False,預備單，等待確認條件,頸線以當日前20日高點計算；收盤站上頸線 70.4 至少2%；成交量>=20日均量2倍；不可長上影；回踩須有近10日突破紀錄且不有效跌破頸線；距離頸線>5%禁止進場,57,C,等更安全位置,條件或風險不夠好，先不列入高關注。,False,2026-10-05,True,True,STOP,STOP 停止進場,觀察,取消新進場，只保留觀察,只看續抱 / 減碼 / 停利 / 停損，不新增部位。,停止新進場，先保留現金，等待大盤止跌。,停止新進場，禁止顯示今日可進場。,False,False
2026-10-05,2026-10-05,收盤確認價,臺灣證券交易所 / 證券櫃檯買賣中心正式收盤；yfinance 歷史資料,只使用完整收盤日K，不使用盤中未完成K,上櫃,8089,康全電訊,19.35,19.7,19.35,19.44,19.37,18.56,18.47,23.75,-3.97,-1.28,False,159909,176869,3094239,3301584,2.64,False,True,42.98,一般K,,False,False,False,False,0,False,只觀察,條件不足,接近成形,18.65,17.63,20.45,接近成形＋可觀察,19.02,18.65,19.02,19.59,18.09,4.9,中,3.75,5.15,1.53,7.5,19.02,0.52,True,False,False,預備單，等待確認條件,頸線以當日前20日高點計算；收盤站上頸線 18.65 至少2%；成交量>=20日均量2倍；不可長上影；回踩須有近10日突破紀錄且不有效跌破頸線；距離頸線>5%禁止進場,57,C,等更安全位置,條件或風險不夠好，先不列入高關注。,False,2026-10-05,True,True,STOP,STOP 停止進場,接近目標,取消新進場，只保留觀察,只看續抱 / 減碼 / 停利 / 停損，不新增部位。,停止新進場，先保留現金，等待大盤止跌。,停止新進場，禁止顯示今日可進場。,False,False
2026-10-05,2026-10-05,收盤確認價,臺灣證券交易所 / 證券櫃檯買賣中心正式收盤；yfinance 歷史資料,只使用完整收盤日K，不使用盤中未完成K,上櫃,1268,漢來美食,176.0,177.0,176.0,176.3,175.3,174.1,175.2,164.48,6.34,-0.85,False,10048,34291,1768448,5988569,1.47,False,True,49.0,一般K,,False,False,False,False,0,False,只觀察,條件不足,接近成形,182.0,168.0,199.5,接近成形＋可觀察,185.64,182.0,185.64,191.21,176.54,4.9,中,-3.3,5.12,1.52,7.47,185.64,0.0,False,False,False,預備單，等待確認條件,頸線以當日前20日高點計算；收盤站上頸線 182.0 至少2%；成交量>=20日均量2倍；不可長上影；回踩須有近10日突破紀錄且不有效跌破頸線；距離頸線>5%禁止進場,57,C,等更安全位置,條件或風險不夠好，先不列入高關注。,False,2026-10-05,True,True,STOP,STOP 停止進場,觀察,取消新進場，只保留觀察,只看續抱 / 減碼 / 停利 / 停損，不新增部位。,停止新進場，先保留現金，等待大盤止跌。,停止新進場，禁止顯示今日可進場。,False,False
2026-10-05,2026-10-05,收盤確認價,臺灣證券交易所 / 證券櫃檯買賣中心正式收盤；yfinance 歷史資料,只使用完整收盤日K，不使用盤中未完成K,上櫃,6240,松崗,26.0,26.8,25.8,25.75,25.3,24.43,21.63,19.37,40.54,-1.52,False,34876,103170,906776,2530975,4.08,False,True,29.94,一般K,,True,False,False,True,2,False,只觀察,趨勢多頭、價量條件足,旗型整理突破,28.25,23.2,39.35,接近成形＋可觀察,28.82,28.25,28.82,29.68,27.4,4.9,中,-7.96,7.96,7.46,36.56,28.82,1.92,False,False,False,預備單，等待確認條件,頸線以當日前20日高點計算；收盤站上頸線 28.25 至少2%；成交量>=20日均量2倍；不可長上影；回踩須有近10日突破紀錄且不有效跌破頸線；距離頸線>5%禁止進場,55,C,等更安全位置,條件或風險不夠好，先不列入高關注。,False,2026-10-05,True,True,STOP,STOP 停止進場,觀察,取消新進場，只保留觀察,只看續抱 / 減碼 / 停利 / 停損，不新增部位。,停止新進場，先保留現金，等待大盤止跌。,停止新進場，禁止顯示今日可進場。,False,False
2026-10-05,2026-10-05,收盤確認價,臺灣證券交易所 / 證券櫃檯買賣中心正式收盤；yfinance 歷史資料,只使用完整收盤日K，不使用盤中未完成K,上櫃,4577,達航科技,92.5,93.9,91.5,90.26,87.9,87.17,80.08,81.87,9.99,0.54,False,423668,572595,39189290,50774143,2.96,False,True,33.63,一般K,半導體設備 自動化 設備,True,False,True,False,2,False,只觀察,趨勢多頭、題材命中,旗型整理突破,97.9,82.81,133.1,接近成形＋可觀察,99.86,97.9,99.86,102.85,94.96,4.9,中,-5.52,5.52,6.79,33.29,99.86,0.22,False,False,False,預備單，等待確認條件,頸線以當日前20日高點計算；收盤站上頸線 97.9 至少2%；成交量>=20日均量2倍；不可長上影；回踩須有近10日突破紀錄且不有效跌破頸線；距離頸線>5%禁止進場,55,C,等更安全位置,條件或風險不夠好，先不列入高關注。,False,2026-10-05,True,True,STOP,STOP 停止進場,觀察,取消新進場，只保留觀察,只看續抱 / 減碼 / 停利 / 停損，不新增部位。,停止新進場，先保留現金，等待大盤止跌。,停止新進場，禁止顯示今日可進場。,False,False
2026-10-05,2026-10-05,收盤確認價,臺灣證券交易所 / 證券櫃檯買賣中心正式收盤；yfinance 歷史資料,只使用完整收盤日K，不使用盤中未完成K,上櫃,3551,世禾,199.0,205.0,198.0,193.1,188.8,182.15,181.76,186.71,-2.21,-0.25,False,1616839,769207,321750961,145319138,2.41,True,True,20.57,一般K,,True,True,False,False,2,False,C級：已漲遠或接近目標，禁止追高,趨勢多頭、量能放大,三角收斂突破,193.5,173.04,235.0,突破第一根,197.37,193.5,197.37,203.29,187.69,5.68,低,2.84,13.48,3.18,18.09,199.0,1.26,True,False,True,距離頸線或前高過遠，禁止追高,頸線以當日前20日高點計算；收盤站上頸線 193.5 至少2%；成交量>=20日均量2倍；不可長上影；回踩須有近10日突破紀錄且不有效跌破頸線；距離頸線>5%禁止進場,55,C,禁止追高,已漲遠或接近目標，空手不追；持有者依策略分批處理。,False,2026-10-05,True,True,STOP,STOP 停止進場,突破買點,取消新進場，只保留觀察,只看續抱 / 減碼 / 停利 / 停損，不新增部位。,停止新進場，先保留現金，等待大盤止跌。,停止新進場，禁止顯示今日可進場。,False,False
2026-10-05,2026-10-05,收盤確認價,臺灣證券交易所 / 證券櫃檯買賣中心正式收盤；yfinance 歷史資料,只使用完整收盤日K，不使用盤中未完成K,上櫃,7709,榮田,87.6,88.6,85.5,86.3,86.34,85.34,75.65,65.46,16.03,2.7,False,185003,265309,16206262,23341195,4.75,False,True,31.26,下影線,,True,False,False,False,1,False,只觀察,趨勢多頭,旗型整理突破,95.0,81.07,131.5,接近成形＋可觀察,96.9,95.0,96.9,99.81,92.15,4.9,中,-7.79,7.79,7.28,35.71,96.9,0.68,False,False,False,預備單，等待確認條件,頸線以當日前20日高點計算；收盤站上頸線 95.0 至少2%；成交量>=20日均量2倍；不可長上影；回踩須有近10日突破紀錄且不有效跌破頸線；距離頸線>5%禁止進場,55,C,等更安全位置,條件或風險不夠好，先不列入高關注。,False,2026-10-05,True,True,STOP,STOP 停止進場,觀察,取消新進場，只保留觀察,只看續抱 / 減碼 / 停利 / 停損，不新增部位。,停止新進場，先保留現金，等待大盤止跌。,停止新進場，禁止顯示今日可進場。,False,False
2026-10-05,2026-10-05,收盤確認價,臺灣證券交易所 / 證券櫃檯買賣中心正式收盤；yfinance 歷史資料,只使用完整收盤日K，不使用盤中未完成K,上櫃,7744,崴寶,528.0,539.0,523.0,527.6,530.3,521.73,479.04,426.34,14.04,0.19,False,61267,120018,32348976,63226723,3.05,False,True,14.51,一般K,,True,False,False,False,1,False,只觀察,趨勢多頭,接近成形,572.0,495.64,786.0,接近成形＋可觀察,583.44,572.0,583.44,600.94,554.84,4.9,中,-7.69,7.69,7.08,34.72,583.44,2.08,False,False,False,預備單，等待確認條件,頸線以當日前20日高點計算；收盤站上頸線 572.0 至少2%；成交量>=20日均量2倍；不可長上影；回踩須有近10日突破紀錄且不有效跌破頸線；距離頸線>5%禁止進場,55,C,等更安全位置,條件或風險不夠好，先不列入高關注。,False,2026-10-05,True,True,STOP,STOP 停止進場,觀察,取消新進場，只保留觀察,只看續抱 / 減碼 / 停利 / 停損，不新增部位。,停止新進場，先保留現金，等待大盤止跌。,停止新進場，禁止顯示今日可進場。,False,False
2026-10-05,2026-10-05,收盤確認價,臺灣證券交易所 / 證券櫃檯買賣中心正式收盤；yfinance 歷史資料,只使用完整收盤日K，不使用盤中未完成K,上櫃,4413,飛寶企業,19.9,20.3,19.9,20.27,20.13,19.76,17.66,17.8,33.56,-1.97,False,8487,36137,168891,724681,2.4,False,True,14.42,一般K,,True,False,False,False,1,False,只觀察,趨勢多頭,接近成形,21.4,18.78,29.2,接近成形＋可觀察,21.83,21.4,21.83,22.48,20.76,4.9,中,-7.01,7.01,6.89,33.77,21.83,0.0,False,False,False,預備單，等待確認條件,頸線以當日前20日高點計算；收盤站上頸線 21.4 至少2%；成交量>=20日均量2倍；不可長上影；回踩須有近10日突破紀錄且不有效跌破頸線；距離頸線>5%禁止進場,55,C,等更安全位置,條件或風險不夠好，先不列入高關注。,False,2026-10-05,True,True,STOP,STOP 停止進場,觀察,取消新進場，只保留觀察,只看續抱 / 減碼 / 停利 / 停損，不新增部位。,停止新進場，先保留現金，等待大盤止跌。,停止新進場，禁止顯示今日可進場。,False,False
2026-10-05,2026-10-05,收盤確認價,臺灣證券交易所 / 證券櫃檯買賣中心正式收盤；yfinance 歷史資料,只使用完整收盤日K，不使用盤中未完成K,上市,2069,運錩,24.8,26.25,24.8,25.94,25.46,24.2,21.04,18.84,36.26,-4.43,False,1410035,1918355,34968868,47109292,4.0,False,True,58.04,長黑,,True,False,False,False,1,False,只觀察,趨勢多頭,接近成形,27.55,22.99,37.55,接近成形＋可觀察,28.1,27.55,28.1,28.94,26.72,4.9,中,-9.98,9.98,6.86,33.63,28.1,0.4,False,False,False,預備單，等待確認條件,頸線以當日前20日高點計算；收盤站上頸線 27.55 至少2%；成交量>=20日均量2倍；不可長上影；回踩須有近10日突破紀錄且不有效跌破頸線；距離頸線>5%禁止進場,55,C,等更安全位置,條件或風險不夠好，先不列入高關注。,False,2026-10-05,True,True,STOP,STOP 停止進場,觀察,取消新進場，只保留觀察,只看續抱 / 減碼 / 停利 / 停損，不新增部位。,停止新進場，先保留現金，等待大盤止跌。,停止新進場，禁止顯示今日可進場。,False,False
2026-10-05,2026-10-05,收盤確認價,臺灣證券交易所 / 證券櫃檯買賣中心正式收盤；yfinance 歷史資料,只使用完整收盤日K，不使用盤中未完成K,上櫃,6870,騰雲,320.0,323.0,310.5,320.1,318.85,311.25,278.56,215.47,21.67,2.56,False,73240,191772,23436800,61105630,4.02,False,True,53.03,紅K突破,,True,False,False,False,1,False,只觀察,趨勢多頭,旗型整理突破,340.0,295.69,461.0,接近成形＋可觀察,346.8,340.0,346.8,357.2,329.8,4.9,中,-5.88,5.88,6.72,32.93,346.8,0.94,False,False,False,預備單，等待確認條件,頸線以當日前20日高點計算；收盤站上頸線 340.0 至少2%；成交量>=20日均量2倍；不可長上影；回踩須有近10日突破紀錄且不有效跌破頸線；距離頸線>5%禁止進場,55,C,等更安全位置,條件或風險不夠好，先不列入高關注。,False,2026-10-05,True,True,STOP,STOP 停止進場,觀察,取消新進場，只保留觀察,只看續抱 / 減碼 / 停利 / 停損，不新增部位。,停止新進場，先保留現金，等待大盤止跌。,停止新進場，禁止顯示今日可進場。,False,False
2026-10-05,2026-10-05,收盤確認價,臺灣證券交易所 / 證券櫃檯買賣中心正式收盤；yfinance 歷史資料,只使用完整收盤日K，不使用盤中未完成K,上櫃,6441,廣錠,24.9,26.45,24.9,24.84,24.62,24.28,22.3,22.67,8.26,-0.2,False,366322,469748,9121417,11630549,5.1,False,True,18.39,一般K,,True,False,False,False,1,False,只觀察,趨勢多頭,旗型整理突破,26.9,23.07,35.8,接近成形＋可觀察,27.44,26.9,27.44,28.26,26.09,4.9,中,-7.43,7.43,6.22,30.48,27.44,3.82,False,False,False,預備單，等待確認條件,頸線以當日前20日高點計算；收盤站上頸線 26.9 至少2%；成交量>=20日均量2倍；不可長上影；回踩須有近10日突破紀錄且不有效跌破頸線；距離頸線>5%禁止進場,55,C,等更安全位置,條件或風險不夠好，先不列入高關注。,False,2026-10-05,True,True,STOP,STOP 停止進場,觀察,取消新進場，只保留觀察,只看續抱 / 減碼 / 停利 / 停損，不新增部位。,停止新進場，先保留現金，等待大盤止跌。,停止新進場，禁止顯示今日可進場。,False,False
2026-10-05,2026-10-05,收盤確認價,臺灣證券交易所 / 證券櫃檯買賣中心正式收盤；yfinance 歷史資料,只使用完整收盤日K，不使用盤中未完成K,上櫃,3169,亞信,113.5,115.5,113.0,115.2,111.7,106.88,103.35,100.86,9.13,-1.3,False,206499,318085,23437636,35242025,1.92,False,True,50.35,一般K,,True,False,False,False,1,False,只觀察,趨勢多頭,旗型整理突破,121.0,101.53,149.2,接近成形＋可觀察,123.42,121.0,123.42,127.12,117.37,4.9,中,-6.2,6.2,4.26,20.89,123.42,0.0,False,False,False,預備單，等待確認條件,頸線以當日前20日高點計算；收盤站上頸線 121.0 至少2%；成交量>=20日均量2倍；不可長上影；回踩須有近10日突破紀錄且不有效跌破頸線；距離頸線>5%禁止進場,55,C,等更安全位置,條件或風險不夠好，先不列入高關注。,False,2026-10-05,True,True,STOP,STOP 停止進場,觀察,取消新進場，只保留觀察,只看續抱 / 減碼 / 停利 / 停損，不新增部位。,停止新進場，先保留現金，等待大盤止跌。,停止新進場，禁止顯示今日可進場。,False,False
2026-10-05,2026-10-05,收盤確認價,臺灣證券交易所 / 證券櫃檯買賣中心正式收盤；yfinance 歷史資料,只使用完整收盤日K，不使用盤中未完成K,上市,1568,倉佑,31.45,32.25,31.1,32.28,31.57,30.4,29.49,27.4,-4.41,-1.87,False,368279,304304,11582374,9349624,2.3,False,True,47.42,一般K,,True,False,False,False,1,False,只觀察,趨勢多頭,接近成形,33.15,28.88,40.55,接近成形＋可觀察,33.81,33.15,33.81,34.83,32.16,4.9,中,-5.13,9.89,4.06,19.92,33.81,0.0,False,False,False,預備單，等待確認條件,頸線以當日前20日高點計算；收盤站上頸線 33.15 至少2%；成交量>=20日均量2倍；不可長上影；回踩須有近10日突破紀錄且不有效跌破頸線；距離頸線>5%禁止進場,55,C,等更安全位置,條件或風險不夠好，先不列入高關注。,False,2026-10-05,True,True,STOP,STOP 停止進場,觀察,取消新進場，只保留觀察,只看續抱 / 減碼 / 停利 / 停損，不新增部位。,停止新進場，先保留現金，等待大盤止跌。,停止新進場，禁止顯示今日可進場。,False,False
2026-10-05,2026-10-05,收盤確認價,臺灣證券交易所 / 證券櫃檯買賣中心正式收盤；yfinance 歷史資料,只使用完整收盤日K，不使用盤中未完成K,上櫃,3285,微端,41.95,42.0,41.75,41.69,41.84,40.99,39.34,32.6,4.61,0.12,False,25586,33310,1073332,1400284,2.17,False,True,48.7,一般K,,True,False,False,False,1,False,只觀察,趨勢多頭,旗型整理突破,44.8,38.94,54.25,接近成形＋可觀察,45.7,44.8,45.7,47.07,43.46,4.9,中,-6.36,6.36,3.82,18.72,45.7,0.0,False,False,False,預備單，等待確認條件,頸線以當日前20日高點計算；收盤站上頸線 44.8 至少2%；成交量>=20日均量2倍；不可長上影；回踩須有近10日突破紀錄且不有效跌破頸線；距離頸線>5%禁止進場,55,C,等更安全位置,條件或風險不夠好，先不列入高關注。,False,2026-10-05,True,True,STOP,STOP 停止進場,觀察,取消新進場，只保留觀察,只看續抱 / 減碼 / 停利 / 停損，不新增部位。,停止新進場，先保留現金，等待大盤止跌。,停止新進場，禁止顯示今日可進場。,False,False
2026-10-05,2026-10-05,收盤確認價,臺灣證券交易所 / 證券櫃檯買賣中心正式收盤；yfinance 歷史資料,只使用完整收盤日K，不使用盤中未完成K,上櫃,6461,益得,26.7,27.25,25.55,25.19,24.79,25.2,25.54,27.81,2.58,0.95,False,291879,101969,7793169,2590455,3.36,False,True,44.2,下影線,,False,True,False,False,1,False,只觀察,量能放大,接近成形,29.4,23.94,35.5,接近成形＋可觀察,29.99,29.4,29.99,30.89,28.52,4.9,中,-9.18,9.18,3.75,18.38,29.99,2.06,False,False,False,預備單，等待確認條件,頸線以當日前20日高點計算；收盤站上頸線 29.4 至少2%；成交量>=20日均量2倍；不可長上影；回踩須有近10日突破紀錄且不有效跌破頸線；距離頸線>5%禁止進場,55,C,等更安全位置,條件或風險不夠好，先不列入高關注。,False,2026-10-05,True,True,STOP,STOP 停止進場,觀察,取消新進場，只保留觀察,只看續抱 / 減碼 / 停利 / 停損，不新增部位。,停止新進場，先保留現金，等待大盤止跌。,停止新進場，禁止顯示今日可進場。,False,False
2026-10-05,2026-10-05,收盤確認價,臺灣證券交易所 / 證券櫃檯買賣中心正式收盤；yfinance 歷史資料,只使用完整收盤日K，不使用盤中未完成K,上市,1455,集盛,9.87,10.1,9.87,9.87,9.82,9.82,9.58,8.77,6.13,-1.3,False,869674,725250,8583682,7148287,1.49,False,True,15.74,一般K,,True,False,False,False,1,False,只觀察,趨勢多頭,旗型整理突破,10.4,9.51,12.33,接近成形＋可觀察,10.61,10.4,10.61,10.93,10.09,4.9,中,-5.1,6.89,3.31,16.23,10.61,0.0,False,False,False,預備單，等待確認條件,頸線以當日前20日高點計算；收盤站上頸線 10.4 至少2%；成交量>=20日均量2倍；不可長上影；回踩須有近10日突破紀錄且不有效跌破頸線；距離頸線>5%禁止進場,55,C,等更安全位置,條件或風險不夠好，先不列入高關注。,False,2026-10-05,True,True,STOP,STOP 停止進場,觀察,取消新進場，只保留觀察,只看續抱 / 減碼 / 停利 / 停損，不新增部位。,停止新進場，先保留現金，等待大盤止跌。,停止新進場，禁止顯示今日可進場。,False,False
2026-10-05,2026-10-05,收盤確認價,臺灣證券交易所 / 證券櫃檯買賣中心正式收盤；yfinance 歷史資料,只使用完整收盤日K，不使用盤中未完成K,上櫃,3434,哲固,31.0,31.5,30.5,31.31,31.83,30.9,30.32,30.74,3.33,-0.64,False,74704,208383,2315824,6606801,3.03,False,True,63.66,一般K,,True,False,False,False,1,False,只觀察,趨勢多頭,接近成形,34.15,29.36,40.2,接近成形＋可觀察,34.83,34.15,34.83,35.88,33.13,4.9,中,-9.22,9.22,3.14,15.41,34.83,0.0,False,False,False,預備單，等待確認條件,頸線以當日前20日高點計算；收盤站上頸線 34.15 至少2%；成交量>=20日均量2倍；不可長上影；回踩須有近10日突破紀錄且不有效跌破頸線；距離頸線>5%禁止進場,55,C,等更安全位置,條件或風險不夠好，先不列入高關注。,False,2026-10-05,True,True,STOP,STOP 停止進場,觀察,取消新進場，只保留觀察,只看續抱 / 減碼 / 停利 / 停損，不新增部位。,停止新進場，先保留現金，等待大盤止跌。,停止新進場，禁止顯示今日可進場。,False,False
2026-10-05,2026-10-05,收盤確認價,臺灣證券交易所 / 證券櫃檯買賣中心正式收盤；yfinance 歷史資料,只使用完整收盤日K，不使用盤中未完成K,上櫃,8942,森鉅,39.85,40.1,39.75,40.09,40.33,41.01,40.3,38.96,-0.62,-0.5,False,265729,125096,10589300,5117204,0.71,False,True,59.4,一般K,,False,True,False,False,1,False,只觀察,量能放大,三角收斂突破,42.9,39.95,50.25,接近成形＋可觀察,43.76,42.9,43.76,45.07,41.61,4.9,中,-7.11,9.43,3.03,14.84,43.76,0.0,False,False,False,預備單，等待確認條件,頸線以當日前20日高點計算；收盤站上頸線 42.9 至少2%；成交量>=20日均量2倍；不可長上影；回踩須有近10日突破紀錄且不有效跌破頸線；距離頸線>5%禁止進場,55,C,等更安全位置,條件或風險不夠好，先不列入高關注。,False,2026-10-05,True,True,STOP,STOP 停止進場,觀察,取消新進場，只保留觀察,只看續抱 / 減碼 / 停利 / 停損，不新增部位。,停止新進場，先保留現金，等待大盤止跌。,停止新進場，禁止顯示今日可進場。,False,False
2026-10-05,2026-10-05,收盤確認價,臺灣證券交易所 / 證券櫃檯買賣中心正式收盤；yfinance 歷史資料,只使用完整收盤日K，不使用盤中未完成K,上櫃,6680,鑫創電子,51.5,51.6,51.5,51.54,52.94,53.27,52.79,57.62,7.48,0.0,False,10500,3937,540750,207439,2.28,False,True,35.53,一般K,,False,True,False,False,1,False,只觀察,量能放大,三角收斂突破,57.0,50.6,66.42,接近成形＋可觀察,58.14,57.0,58.14,59.88,55.29,4.9,中,-9.65,9.65,2.91,14.25,58.14,0.0,False,False,False,預備單，等待確認條件,頸線以當日前20日高點計算；收盤站上頸線 57.0 至少2%；成交量>=20日均量2倍；不可長上影；回踩須有近10日突破紀錄且不有效跌破頸線；距離頸線>5%禁止進場,55,C,等更安全位置,條件或風險不夠好，先不列入高關注。,False,2026-10-05,True,True,STOP,STOP 停止進場,觀察,取消新進場，只保留觀察,只看續抱 / 減碼 / 停利 / 停損，不新增部位。,停止新進場，先保留現金，等待大盤止跌。,停止新進場，禁止顯示今日可進場。,False,False
2026-10-05,2026-10-05,收盤確認價,臺灣證券交易所 / 證券櫃檯買賣中心正式收盤；yfinance 歷史資料,只使用完整收盤日K，不使用盤中未完成K,上櫃,4554,橙的,27.85,28.1,27.8,28.08,28.2,28.43,27.84,25.9,2.65,-0.89,False,62356,19823,1736614,562054,0.85,False,True,20.75,一般K,,False,True,False,False,1,False,只觀察,量能放大,三角收斂突破,30.1,27.95,34.81,接近成形＋可觀察,30.7,30.1,30.7,31.62,29.2,4.9,中,-7.48,7.48,2.73,13.38,30.7,0.0,False,False,False,預備單，等待確認條件,頸線以當日前20日高點計算；收盤站上頸線 30.1 至少2%；成交量>=20日均量2倍；不可長上影；回踩須有近10日突破紀錄且不有效跌破頸線；距離頸線>5%禁止進場,55,C,等更安全位置,條件或風險不夠好，先不列入高關注。,False,2026-10-05,True,True,STOP,STOP 停止進場,觀察,取消新進場，只保留觀察,只看續抱 / 減碼 / 停利 / 停損，不新增部位。,停止新進場，先保留現金，等待大盤止跌。,停止新進場，禁止顯示今日可進場。,False,False
2026-10-05,2026-10-05,收盤確認價,臺灣證券交易所 / 證券櫃檯買賣中心正式收盤；yfinance 歷史資料,只使用完整收盤日K，不使用盤中未完成K,上櫃,4154,樂威科-KY,11.85,11.85,11.25,12.2,11.96,12.04,12.04,13.67,0.42,5.33,False,32000,13005,379200,156509,3.87,False,True,44.2,紅K突破,,False,True,False,False,1,False,只觀察,量能放大,三角收斂突破,12.5,11.44,14.2,接近成形＋可觀察,12.75,12.5,12.75,13.13,12.12,4.9,中,-5.2,9.54,2.32,11.37,12.75,0.0,True,False,False,預備單，等待確認條件,頸線以當日前20日高點計算；收盤站上頸線 12.5 至少2%；成交量>=20日均量2倍；不可長上影；回踩須有近10日突破紀錄且不有效跌破頸線；距離頸線>5%禁止進場,55,C,等更安全位置,條件或風險不夠好，先不列入高關注。,False,2026-10-05,True,True,STOP,STOP 停止進場,觀察,取消新進場，只保留觀察,只看續抱 / 減碼 / 停利 / 停損，不新增部位。,停止新進場，先保留現金，等待大盤止跌。,停止新進場，禁止顯示今日可進場。,False,False
2026-10-05,2026-10-05,收盤確認價,臺灣證券交易所 / 證券櫃檯買賣中心正式收盤；yfinance 歷史資料,只使用完整收盤日K，不使用盤中未完成K,上櫃,6294,智基,28.05,28.1,28.0,28.15,28.35,28.47,28.02,36.83,0.0,0.0,False,23710,8959,665065,254342,0.57,False,True,19.64,一般K,,False,True,False,False,1,False,只觀察,量能放大,三角收斂突破,29.8,28.0,33.8,接近成形＋可觀察,30.4,29.8,30.4,31.31,28.91,4.9,中,-5.87,6.19,2.28,11.2,30.4,0.0,False,False,False,預備單，等待確認條件,頸線以當日前20日高點計算；收盤站上頸線 29.8 至少2%；成交量>=20日均量2倍；不可長上影；回踩須有近10日突破紀錄且不有效跌破頸線；距離頸線>5%禁止進場,55,C,等更安全位置,條件或風險不夠好，先不列入高關注。,False,2026-10-05,True,True,STOP,STOP 停止進場,觀察,取消新進場，只保留觀察,只看續抱 / 減碼 / 停利 / 停損，不新增部位。,停止新進場，先保留現金，等待大盤止跌。,停止新進場，禁止顯示今日可進場。,False,False
2026-10-05,2026-10-05,收盤確認價,臺灣證券交易所 / 證券櫃檯買賣中心正式收盤；yfinance 歷史資料,只使用完整收盤日K，不使用盤中未完成K,上櫃,6021,美好證,42.75,43.1,42.45,41.83,42.91,43.01,38.76,32.71,10.75,2.27,False,170310,380170,7280752,16536475,2.22,False,True,35.97,紅K突破,,False,False,False,False,0,False,只觀察,條件不足,接近成形,45.85,40.86,60.25,接近成形＋可觀察,46.77,45.85,46.77,48.17,44.47,4.9,中,-6.76,6.76,5.88,28.83,46.77,0.82,False,False,False,預備單，等待確認條件,頸線以當日前20日高點計算；收盤站上頸線 45.85 至少2%；成交量>=20日均量2倍；不可長上影；回踩須有近10日突破紀錄且不有效跌破頸線；距離頸線>5%禁止進場,55,C,等更安全位置,條件或風險不夠好，先不列入高關注。,False,2026-10-05,True,True,STOP,STOP 停止進場,觀察,取消新進場，只保留觀察,只看續抱 / 減碼 / 停利 / 停損，不新增部位。,停止新進場，先保留現金，等待大盤止跌。,停止新進場，禁止顯示今日可進場。,False,False
2026-10-05,2026-10-05,收盤確認價,臺灣證券交易所 / 證券櫃檯買賣中心正式收盤；yfinance 歷史資料,只使用完整收盤日K，不使用盤中未完成K,上櫃,7703,銳澤,205.5,206.0,203.0,203.3,202.35,200.57,187.15,206.68,2.24,0.24,False,54020,82111,11101110,16459378,2.04,False,True,48.08,一般K,,False,False,False,False,0,False,只觀察,條件不足,旗型整理突破,217.0,190.55,282.0,接近成形＋可觀察,221.34,217.0,221.34,227.98,210.49,4.9,中,-5.3,6.59,5.59,27.41,221.34,0.24,False,False,False,預備單，等待確認條件,頸線以當日前20日高點計算；收盤站上頸線 217.0 至少2%；成交量>=20日均量2倍；不可長上影；回踩須有近10日突破紀錄且不有效跌破頸線；距離頸線>5%禁止進場,55,C,等更安全位置,條件或風險不夠好，先不列入高關注。,False,2026-10-05,True,True,STOP,STOP 停止進場,觀察,取消新進場，只保留觀察,只看續抱 / 減碼 / 停利 / 停損，不新增部位。,停止新進場，先保留現金，等待大盤止跌。,停止新進場，禁止顯示今日可進場。,False,False
2026-10-05,2026-10-05,收盤確認價,臺灣證券交易所 / 證券櫃檯買賣中心正式收盤；yfinance 歷史資料,只使用完整收盤日K，不使用盤中未完成K,上櫃,4198,欣大健康,48.95,48.95,47.35,49.32,49.41,49.13,44.4,39.1,7.82,-0.1,False,2324,7746,113759,382743,2.31,False,True,27.53,紅K突破,,False,False,False,False,0,False,只觀察,條件不足,接近成形,52.5,46.67,67.35,接近成形＋可觀察,53.55,52.5,53.55,55.16,50.92,4.9,中,-6.76,6.76,5.26,25.77,53.55,0.0,False,False,False,預備單，等待確認條件,頸線以當日前20日高點計算；收盤站上頸線 52.5 至少2%；成交量>=20日均量2倍；不可長上影；回踩須有近10日突破紀錄且不有效跌破頸線；距離頸線>5%禁止進場,55,C,等更安全位置,條件或風險不夠好，先不列入高關注。,False,2026-10-05,True,True,STOP,STOP 停止進場,觀察,取消新進場，只保留觀察,只看續抱 / 減碼 / 停利 / 停損，不新增部位。,停止新進場，先保留現金，等待大盤止跌。,停止新進場，禁止顯示今日可進場。,False,False
2026-10-05,2026-10-05,收盤確認價,臺灣證券交易所 / 證券櫃檯買賣中心正式收盤；yfinance 歷史資料,只使用完整收盤日K，不使用盤中未完成K,上櫃,4714,永捷,11.95,12.6,11.9,12.0,12.07,11.6,11.04,14.55,0.84,-3.24,False,2012042,1949081,24043901,23033216,2.89,False,True,43.99,長黑,,False,False,False,False,0,False,只觀察,條件不足,接近成形,12.95,11.02,16.2,接近成形＋可觀察,13.21,12.95,13.21,13.61,12.56,4.9,中,-7.72,7.72,4.62,22.64,13.21,0.0,False,False,False,預備單，等待確認條件,頸線以當日前20日高點計算；收盤站上頸線 12.95 至少2%；成交量>=20日均量2倍；不可長上影；回踩須有近10日突破紀錄且不有效跌破頸線；距離頸線>5%禁止進場,55,C,等更安全位置,條件或風險不夠好，先不列入高關注。,False,2026-10-05,True,True,STOP,STOP 停止進場,觀察,取消新進場，只保留觀察,只看續抱 / 減碼 / 停利 / 停損，不新增部位。,停止新進場，先保留現金，等待大盤止跌。,停止新進場，禁止顯示今日可進場。,False,False
2026-10-05,2026-10-05,收盤確認價,臺灣證券交易所 / 證券櫃檯買賣中心正式收盤；yfinance 歷史資料,只使用完整收盤日K，不使用盤中未完成K,上櫃,6894,衛司特,358.0,365.0,355.0,360.8,364.55,358.57,343.62,299.56,0.28,-1.38,False,93368,60853,33425744,21956322,2.27,False,True,45.07,一般K,,False,False,False,False,0,False,只觀察,條件不足,三角收斂突破,382.5,340.65,470.0,接近成形＋可觀察,390.15,382.5,390.15,401.85,371.02,4.9,中,-6.41,6.41,4.18,20.47,390.15,0.56,False,False,False,預備單，等待確認條件,頸線以當日前20日高點計算；收盤站上頸線 382.5 至少2%；成交量>=20日均量2倍；不可長上影；回踩須有近10日突破紀錄且不有效跌破頸線；距離頸線>5%禁止進場,55,C,等更安全位置,條件或風險不夠好，先不列入高關注。,False,2026-10-05,True,True,STOP,STOP 停止進場,觀察,取消新進場，只保留觀察,只看續抱 / 減碼 / 停利 / 停損，不新增部位。,停止新進場，先保留現金，等待大盤止跌。,停止新進場，禁止顯示今日可進場。,False,False
2026-10-05,2026-10-05,收盤確認價,臺灣證券交易所 / 證券櫃檯買賣中心正式收盤；yfinance 歷史資料,只使用完整收盤日K，不使用盤中未完成K,上櫃,2596,綠意,34.3,35.25,34.1,34.87,34.95,35.16,33.33,32.32,8.2,-1.44,False,74410,118795,2552263,4197653,1.42,False,True,16.99,一般K,,False,False,False,False,0,False,只觀察,條件不足,接近成形,36.75,34.0,44.9,接近成形＋可觀察,37.48,36.75,37.48,38.61,35.65,4.9,中,-6.67,6.67,4.04,19.78,37.48,1.31,False,False,False,預備單，等待確認條件,頸線以當日前20日高點計算；收盤站上頸線 36.75 至少2%；成交量>=20日均量2倍；不可長上影；回踩須有近10日突破紀錄且不有效跌破頸線；距離頸線>5%禁止進場,55,C,等更安全位置,條件或風險不夠好，先不列入高關注。,False,2026-10-05,True,True,STOP,STOP 停止進場,觀察,取消新進場，只保留觀察,只看續抱 / 減碼 / 停利 / 停損，不新增部位。,停止新進場，先保留現金，等待大盤止跌。,停止新進場，禁止顯示今日可進場。,False,False
2026-10-05,2026-10-05,收盤確認價,臺灣證券交易所 / 證券櫃檯買賣中心正式收盤；yfinance 歷史資料,只使用完整收盤日K，不使用盤中未完成K,上櫃,3628,盈正,72.2,72.9,71.5,72.48,73.0,72.71,69.37,71.21,-2.96,0.56,False,94889,180923,6850985,13425586,2.39,False,True,46.8,一般K,,False,False,False,False,0,False,只觀察,條件不足,接近成形,78.2,69.07,95.4,接近成形＋可觀察,79.76,78.2,79.76,82.16,75.85,4.9,中,-7.67,7.67,4.0,19.6,79.76,0.0,False,False,False,預備單，等待確認條件,頸線以當日前20日高點計算；收盤站上頸線 78.2 至少2%；成交量>=20日均量2倍；不可長上影；回踩須有近10日突破紀錄且不有效跌破頸線；距離頸線>5%禁止進場,55,C,等更安全位置,條件或風險不夠好，先不列入高關注。,False,2026-10-05,True,True,STOP,STOP 停止進場,觀察,取消新進場，只保留觀察,只看續抱 / 減碼 / 停利 / 停損，不新增部位。,停止新進場，先保留現金，等待大盤止跌。,停止新進場，禁止顯示今日可進場。,False,False
2026-10-05,2026-10-05,收盤確認價,臺灣證券交易所 / 證券櫃檯買賣中心正式收盤；yfinance 歷史資料,只使用完整收盤日K，不使用盤中未完成K,上櫃,5543,桓鼎-KY,27.45,28.5,26.3,27.12,27.13,27.39,27.24,28.11,-4.02,-0.18,False,9000,10363,247050,284530,2.17,False,True,15.75,一般K,,False,False,False,False,0,False,只觀察,條件不足,旗型整理突破,29.6,26.02,35.7,接近成形＋可觀察,30.19,29.6,30.19,31.1,28.71,4.9,中,-7.26,9.11,3.72,18.24,30.19,0.0,False,False,False,預備單，等待確認條件,頸線以當日前20日高點計算；收盤站上頸線 29.6 至少2%；成交量>=20日均量2倍；不可長上影；回踩須有近10日突破紀錄且不有效跌破頸線；距離頸線>5%禁止進場,55,C,等更安全位置,條件或風險不夠好，先不列入高關注。,False,2026-10-05,True,True,STOP,STOP 停止進場,觀察,取消新進場，只保留觀察,只看續抱 / 減碼 / 停利 / 停損，不新增部位。,停止新進場，先保留現金，等待大盤止跌。,停止新進場，禁止顯示今日可進場。,False,False
2026-10-05,2026-10-05,收盤確認價,臺灣證券交易所 / 證券櫃檯買賣中心正式收盤；yfinance 歷史資料,只使用完整收盤日K，不使用盤中未完成K,上櫃,8906,花王,28.95,28.95,28.4,28.76,29.16,28.97,27.84,29.85,1.4,1.58,False,15205,13811,440184,401229,1.14,False,True,12.92,紅K突破,,False,False,False,False,0,False,只觀察,條件不足,接近成形,30.5,27.53,36.75,接近成形＋可觀察,31.11,30.5,31.11,32.04,29.59,4.9,中,-5.08,5.08,3.7,18.13,31.11,0.0,False,False,False,預備單，等待確認條件,頸線以當日前20日高點計算；收盤站上頸線 30.5 至少2%；成交量>=20日均量2倍；不可長上影；回踩須有近10日突破紀錄且不有效跌破頸線；距離頸線>5%禁止進場,55,C,等更安全位置,條件或風險不夠好，先不列入高關注。,False,2026-10-05,True,True,STOP,STOP 停止進場,觀察,取消新進場，只保留觀察,只看續抱 / 減碼 / 停利 / 停損，不新增部位。,停止新進場，先保留現金，等待大盤止跌。,停止新進場，禁止顯示今日可進場。,False,False
2026-10-05,2026-10-05,收盤確認價,臺灣證券交易所 / 證券櫃檯買賣中心正式收盤；yfinance 歷史資料,只使用完整收盤日K，不使用盤中未完成K,上櫃,6212,理銘,32.0,32.0,32.0,32.73,32.54,32.33,30.45,33.43,11.3,-0.31,False,1000,2430,32000,78501,2.15,False,True,11.44,資料不足,,False,False,False,False,0,False,只觀察,條件不足,接近成形,34.95,30.71,41.8,接近成形＋可觀察,35.65,34.95,35.65,36.72,33.9,4.9,中,-8.44,8.44,3.52,17.25,35.65,0.0,False,False,False,預備單，等待確認條件,頸線以當日前20日高點計算；收盤站上頸線 34.95 至少2%；成交量>=20日均量2倍；不可長上影；回踩須有近10日突破紀錄且不有效跌破頸線；距離頸線>5%禁止進場,55,C,等更安全位置,條件或風險不夠好，先不列入高關注。,False,2026-10-05,True,True,STOP,STOP 停止進場,觀察,取消新進場，只保留觀察,只看續抱 / 減碼 / 停利 / 停損，不新增部位。,停止新進場，先保留現金，等待大盤止跌。,停止新進場，禁止顯示今日可進場。,False,False
2026-10-05,2026-10-05,收盤確認價,臺灣證券交易所 / 證券櫃檯買賣中心正式收盤；yfinance 歷史資料,只使用完整收盤日K，不使用盤中未完成K,上櫃,5211,蒙恬,20.9,21.3,20.8,20.84,20.59,20.36,19.86,22.92,-5.86,-2.11,False,25628,63361,535625,1316609,2.71,False,True,57.01,一般K,,False,False,False,False,0,False,只觀察,條件不足,接近成形,22.6,19.34,27.0,接近成形＋可觀察,23.05,22.6,23.05,23.74,21.92,4.9,中,-7.52,8.53,3.49,17.13,23.05,0.0,False,False,False,預備單，等待確認條件,頸線以當日前20日高點計算；收盤站上頸線 22.6 至少2%；成交量>=20日均量2倍；不可長上影；回踩須有近10日突破紀錄且不有效跌破頸線；距離頸線>5%禁止進場,55,C,等更安全位置,條件或風險不夠好，先不列入高關注。,False,2026-10-05,True,True,STOP,STOP 停止進場,觀察,取消新進場，只保留觀察,只看續抱 / 減碼 / 停利 / 停損，不新增部位。,停止新進場，先保留現金，等待大盤止跌。,停止新進場，禁止顯示今日可進場。,False,False
2026-10-05,2026-10-05,收盤確認價,臺灣證券交易所 / 證券櫃檯買賣中心正式收盤；yfinance 歷史資料,只使用完整收盤日K，不使用盤中未完成K,上市,1904,正隆,24.0,24.3,24.0,24.23,24.52,24.62,23.73,19.98,2.56,-0.83,False,1408636,1556248,33807264,38373710,1.71,False,True,12.1,一般K,,False,False,False,False,0,False,只觀察,條件不足,接近成形,25.55,23.85,30.5,接近成形＋可觀察,26.06,25.55,26.06,26.84,24.78,4.9,中,-6.07,9.26,3.47,17.03,26.06,0.21,False,False,False,預備單，等待確認條件,頸線以當日前20日高點計算；收盤站上頸線 25.55 至少2%；成交量>=20日均量2倍；不可長上影；回踩須有近10日突破紀錄且不有效跌破頸線；距離頸線>5%禁止進場,55,C,等更安全位置,條件或風險不夠好，先不列入高關注。,False,2026-10-05,True,True,STOP,STOP 停止進場,觀察,取消新進場，只保留觀察,只看續抱 / 減碼 / 停利 / 停損，不新增部位。,停止新進場，先保留現金，等待大盤止跌。,停止新進場，禁止顯示今日可進場。,False,False
2026-10-05,2026-10-05,收盤確認價,臺灣證券交易所 / 證券櫃檯買賣中心正式收盤；yfinance 歷史資料,只使用完整收盤日K，不使用盤中未完成K,上櫃,6865,偉康科技,27.7,27.7,27.1,28.03,27.84,27.02,26.09,35.92,2.59,0.18,False,20000,29129,554000,796251,3.18,False,True,35.93,紅K突破,,False,False,False,False,0,False,只觀察,條件不足,接近成形,29.55,25.67,35.25,接近成形＋可觀察,30.14,29.55,30.14,31.05,28.66,4.9,中,-6.26,6.26,3.46,16.95,30.14,0.0,False,False,False,預備單，等待確認條件,頸線以當日前20日高點計算；收盤站上頸線 29.55 至少2%；成交量>=20日均量2倍；不可長上影；回踩須有近10日突破紀錄且不有效跌破頸線；距離頸線>5%禁止進場,55,C,等更安全位置,條件或風險不夠好，先不列入高關注。,False,2026-10-05,True,True,STOP,STOP 停止進場,觀察,取消新進場，只保留觀察,只看續抱 / 減碼 / 停利 / 停損，不新增部位。,停止新進場，先保留現金，等待大盤止跌。,停止新進場，禁止顯示今日可進場。,False,False
2026-10-05,2026-10-05,收盤確認價,臺灣證券交易所 / 證券櫃檯買賣中心正式收盤；yfinance 歷史資料,只使用完整收盤日K，不使用盤中未完成K,上市,1440,南紡,13.4,13.7,13.35,13.41,13.39,13.41,13.27,13.22,0.37,0.75,False,3080225,2757251,41275015,37121629,1.75,False,True,18.4,一般K,,False,False,False,False,0,False,只觀察,條件不足,旗型整理突破,14.85,12.9,17.7,接近成形＋可觀察,15.15,14.85,15.15,15.6,14.4,4.9,中,-9.76,9.76,3.44,16.85,15.15,1.49,False,False,False,預備單，等待確認條件,頸線以當日前20日高點計算；收盤站上頸線 14.85 至少2%；成交量>=20日均量2倍；不可長上影；回踩須有近10日突破紀錄且不有效跌破頸線；距離頸線>5%禁止進場,55,C,等更安全位置,條件或風險不夠好，先不列入高關注。,False,2026-10-05,True,True,STOP,STOP 停止進場,觀察,取消新進場，只保留觀察,只看續抱 / 減碼 / 停利 / 停損，不新增部位。,停止新進場，先保留現金，等待大盤止跌。,停止新進場，禁止顯示今日可進場。,False,False
2026-10-05,2026-10-05,收盤確認價,臺灣證券交易所 / 證券櫃檯買賣中心正式收盤；yfinance 歷史資料,只使用完整收盤日K，不使用盤中未完成K,上櫃,8034,榮群,19.75,19.95,19.7,20.08,20.29,20.14,19.6,23.05,-6.62,-0.5,False,73930,111436,1460117,2275043,2.11,False,True,19.1,一般K,,False,False,False,False,0,False,只觀察,條件不足,接近成形,21.6,19.4,25.6,接近成形＋可觀察,22.03,21.6,22.03,22.69,20.95,4.9,中,-8.56,8.56,3.3,16.19,22.03,0.51,False,False,False,預備單，等待確認條件,頸線以當日前20日高點計算；收盤站上頸線 21.6 至少2%；成交量>=20日均量2倍；不可長上影；回踩須有近10日突破紀錄且不有效跌破頸線；距離頸線>5%禁止進場,55,C,等更安全位置,條件或風險不夠好，先不列入高關注。,False,2026-10-05,True,True,STOP,STOP 停止進場,觀察,取消新進場，只保留觀察,只看續抱 / 減碼 / 停利 / 停損，不新增部位。,停止新進場，先保留現金，等待大盤止跌。,停止新進場，禁止顯示今日可進場。,False,False
2026-10-05,2026-10-05,收盤確認價,臺灣證券交易所 / 證券櫃檯買賣中心正式收盤；yfinance 歷史資料,只使用完整收盤日K，不使用盤中未完成K,上櫃,8354,冠好,16.7,16.85,16.6,16.8,16.95,17.08,16.77,16.14,-0.3,-0.3,False,37781,49020,630942,840185,1.11,False,True,14.31,一般K,,False,False,False,False,0,False,只觀察,條件不足,接近成形,18.0,16.65,21.2,接近成形＋可觀察,18.36,18.0,18.36,18.91,17.46,4.9,中,-7.22,9.73,3.16,15.47,18.36,0.0,False,False,False,預備單，等待確認條件,頸線以當日前20日高點計算；收盤站上頸線 18.0 至少2%；成交量>=20日均量2倍；不可長上影；回踩須有近10日突破紀錄且不有效跌破頸線；距離頸線>5%禁止進場,55,C,等更安全位置,條件或風險不夠好，先不列入高關注。,False,2026-10-05,True,True,STOP,STOP 停止進場,觀察,取消新進場，只保留觀察,只看續抱 / 減碼 / 停利 / 停損，不新增部位。,停止新進場，先保留現金，等待大盤止跌。,停止新進場，禁止顯示今日可進場。,False,False
2026-10-05,2026-10-05,收盤確認價,臺灣證券交易所 / 證券櫃檯買賣中心正式收盤；yfinance 歷史資料,只使用完整收盤日K，不使用盤中未完成K,上櫃,3552,同致,44.4,46.1,44.2,44.41,42.82,42.4,44.26,54.18,-6.53,-3.06,False,477755,671900,21212322,28456104,3.37,False,True,38.56,一般K,,False,False,False,False,0,False,只觀察,條件不足,接近成形,47.0,40.28,55.2,接近成形＋可觀察,47.94,47.0,47.94,49.38,45.59,4.9,中,-5.53,8.55,3.09,15.14,47.94,0.0,False,False,False,預備單，等待確認條件,頸線以當日前20日高點計算；收盤站上頸線 47.0 至少2%；成交量>=20日均量2倍；不可長上影；回踩須有近10日突破紀錄且不有效跌破頸線；距離頸線>5%禁止進場,55,C,等更安全位置,條件或風險不夠好，先不列入高關注。,False,2026-10-05,True,True,STOP,STOP 停止進場,觀察,取消新進場，只保留觀察,只看續抱 / 減碼 / 停利 / 停損，不新增部位。,停止新進場，先保留現金，等待大盤止跌。,停止新進場，禁止顯示今日可進場。,False,False
2026-10-05,2026-10-05,收盤確認價,臺灣證券交易所 / 證券櫃檯買賣中心正式收盤；yfinance 歷史資料,只使用完整收盤日K，不使用盤中未完成K,上櫃,5206,坤悅,22.6,22.85,22.5,22.74,22.76,22.61,22.02,25.86,3.85,-1.09,False,115209,225918,2603723,5021365,1.56,False,True,21.33,一般K,,False,False,False,False,0,False,只觀察,條件不足,接近成形,23.8,21.48,27.85,接近成形＋可觀察,24.28,23.8,24.28,25.0,23.09,4.9,中,-5.04,7.0,3.0,14.72,24.28,0.66,False,False,False,預備單，等待確認條件,頸線以當日前20日高點計算；收盤站上頸線 23.8 至少2%；成交量>=20日均量2倍；不可長上影；回踩須有近10日突破紀錄且不有效跌破頸線；距離頸線>5%禁止進場,55,C,等更安全位置,條件或風險不夠好，先不列入高關注。,False,2026-10-05,True,True,STOP,STOP 停止進場,觀察,取消新進場，只保留觀察,只看續抱 / 減碼 / 停利 / 停損，不新增部位。,停止新進場，先保留現金，等待大盤止跌。,停止新進場，禁止顯示今日可進場。,False,False
2026-10-05,2026-10-05,收盤確認價,臺灣證券交易所 / 證券櫃檯買賣中心正式收盤；yfinance 歷史資料,只使用完整收盤日K，不使用盤中未完成K,上市,1438,三地開發,21.5,21.6,21.35,21.4,21.62,21.47,20.87,25.67,5.79,0.47,False,53017,61855,1139865,1327454,1.69,False,True,34.25,紅K突破,,False,False,False,False,0,False,只觀察,條件不足,接近成形,22.75,20.6,26.56,接近成形＋可觀察,23.21,22.75,23.21,23.9,22.07,4.9,中,-5.49,5.49,2.95,14.48,23.21,0.47,False,False,False,預備單，等待確認條件,頸線以當日前20日高點計算；收盤站上頸線 22.75 至少2%；成交量>=20日均量2倍；不可長上影；回踩須有近10日突破紀錄且不有效跌破頸線；距離頸線>5%禁止進場,55,C,等更安全位置,條件或風險不夠好，先不列入高關注。,False,2026-10-05,True,True,STOP,STOP 停止進場,觀察,取消新進場，只保留觀察,只看續抱 / 減碼 / 停利 / 停損，不新增部位。,停止新進場，先保留現金，等待大盤止跌。,停止新進場，禁止顯示今日可進場。,False,False
2026-10-05,2026-10-05,收盤確認價,臺灣證券交易所 / 證券櫃檯買賣中心正式收盤；yfinance 歷史資料,只使用完整收盤日K，不使用盤中未完成K,上櫃,4157,太景*-KY,8.52,8.68,8.52,8.69,8.81,8.85,8.75,10.23,-6.68,-1.5,False,1077321,784341,9178774,6960494,1.81,False,True,19.63,一般K,,False,False,False,False,0,False,只觀察,條件不足,接近成形,9.28,8.63,10.83,接近成形＋可觀察,9.47,9.28,9.47,9.75,9.0,4.9,中,-8.19,8.78,2.94,14.41,9.47,0.0,False,False,False,預備單，等待確認條件,頸線以當日前20日高點計算；收盤站上頸線 9.28 至少2%；成交量>=20日均量2倍；不可長上影；回踩須有近10日突破紀錄且不有效跌破頸線；距離頸線>5%禁止進場,55,C,等更安全位置,條件或風險不夠好，先不列入高關注。,False,2026-10-05,True,True,STOP,STOP 停止進場,觀察,取消新進場，只保留觀察,只看續抱 / 減碼 / 停利 / 停損，不新增部位。,停止新進場，先保留現金，等待大盤止跌。,停止新進場，禁止顯示今日可進場。,False,False
2026-10-05,2026-10-05,收盤確認價,臺灣證券交易所 / 證券櫃檯買賣中心正式收盤；yfinance 歷史資料,只使用完整收盤日K，不使用盤中未完成K,上櫃,4974,亞泰,71.1,71.4,70.6,71.04,71.04,71.32,69.56,71.84,0.85,-0.14,False,125390,130505,8915229,9424256,1.51,False,True,33.35,一般K,,False,False,False,False,0,False,只觀察,條件不足,旗型整理突破,75.5,70.0,87.7,接近成形＋可觀察,77.01,75.5,77.01,79.32,73.23,4.9,中,-5.83,5.83,2.83,13.88,77.01,0.14,False,False,False,預備單，等待確認條件,頸線以當日前20日高點計算；收盤站上頸線 75.5 至少2%；成交量>=20日均量2倍；不可長上影；回踩須有近10日突破紀錄且不有效跌破頸線；距離頸線>5%禁止進場,55,C,等更安全位置,條件或風險不夠好，先不列入高關注。,False,2026-10-05,True,True,STOP,STOP 停止進場,觀察,取消新進場，只保留觀察,只看續抱 / 減碼 / 停利 / 停損，不新增部位。,停止新進場，先保留現金，等待大盤止跌。,停止新進場，禁止顯示今日可進場。,False,False
2026-10-05,2026-10-05,收盤確認價,臺灣證券交易所 / 證券櫃檯買賣中心正式收盤；yfinance 歷史資料,只使用完整收盤日K，不使用盤中未完成K,上櫃,8440,綠電,20.2,20.45,20.2,20.39,20.27,20.11,20.07,23.12,-4.49,-0.25,False,20424,51544,412564,1039542,1.2,False,True,23.97,一般K,,False,False,False,False,0,False,只觀察,條件不足,接近成形,21.5,19.5,24.8,接近成形＋可觀察,21.93,21.5,21.93,22.59,20.86,4.9,中,-6.05,6.05,2.67,13.09,21.93,0.0,False,False,False,預備單，等待確認條件,頸線以當日前20日高點計算；收盤站上頸線 21.5 至少2%；成交量>=20日均量2倍；不可長上影；回踩須有近10日突破紀錄且不有效跌破頸線；距離頸線>5%禁止進場,55,C,等更安全位置,條件或風險不夠好，先不列入高關注。,False,2026-10-05,True,True,STOP,STOP 停止進場,觀察,取消新進場，只保留觀察,只看續抱 / 減碼 / 停利 / 停損，不新增部位。,停止新進場，先保留現金，等待大盤止跌。,停止新進場，禁止顯示今日可進場。,False,False
2026-10-05,2026-10-05,收盤確認價,臺灣證券交易所 / 證券櫃檯買賣中心正式收盤；yfinance 歷史資料,只使用完整收盤日K，不使用盤中未完成K,上櫃,6527,明達醫,74.3,74.8,74.2,74.82,74.77,75.03,73.35,74.73,2.62,-0.67,False,29600,27822,2199280,2099741,0.92,False,True,30.67,一般K,,False,False,False,False,0,False,只觀察,條件不足,接近成形,78.4,73.1,90.3,接近成形＋可觀察,79.97,78.4,79.97,82.37,76.05,4.9,中,-5.23,5.23,2.64,12.92,79.97,0.4,False,False,False,預備單，等待確認條件,頸線以當日前20日高點計算；收盤站上頸線 78.4 至少2%；成交量>=20日均量2倍；不可長上影；回踩須有近10日突破紀錄且不有效跌破頸線；距離頸線>5%禁止進場,55,C,等更安全位置,條件或風險不夠好，先不列入高關注。,False,2026-10-05,True,True,STOP,STOP 停止進場,觀察,取消新進場，只保留觀察,只看續抱 / 減碼 / 停利 / 停損，不新增部位。,停止新進場，先保留現金，等待大盤止跌。,停止新進場，禁止顯示今日可進場。,False,False
2026-10-05,2026-10-05,收盤確認價,臺灣證券交易所 / 證券櫃檯買賣中心正式收盤；yfinance 歷史資料,只使用完整收盤日K，不使用盤中未完成K,上櫃,3630,新鉅科,27.3,27.6,26.85,26.92,26.67,26.59,26.26,28.86,-4.04,1.87,False,890211,698236,24302760,18996732,2.03,False,True,31.01,一般K,,False,False,False,False,0,False,只觀察,條件不足,接近成形,28.95,25.75,33.25,接近成形＋可觀察,29.53,28.95,29.53,30.41,28.08,4.9,中,-5.7,7.93,2.57,12.6,29.53,1.1,False,False,False,預備單，等待確認條件,頸線以當日前20日高點計算；收盤站上頸線 28.95 至少2%；成交量>=20日均量2倍；不可長上影；回踩須有近10日突破紀錄且不有效跌破頸線；距離頸線>5%禁止進場,55,C,等更安全位置,條件或風險不夠好，先不列入高關注。,False,2026-10-05,True,True,STOP,STOP 停止進場,觀察,取消新進場，只保留觀察,只看續抱 / 減碼 / 停利 / 停損，不新增部位。,停止新進場，先保留現金，等待大盤止跌。,停止新進場，禁止顯示今日可進場。,False,False
2026-10-05,2026-10-05,收盤確認價,臺灣證券交易所 / 證券櫃檯買賣中心正式收盤；yfinance 歷史資料,只使用完整收盤日K，不使用盤中未完成K,上櫃,6752,叡揚,96.6,97.0,96.5,96.24,96.44,96.42,96.25,107.49,-1.0,0.1,False,16473,27621,1591291,2687876,1.3,False,True,40.07,紅K突破,,False,False,False,False,0,False,只觀察,條件不足,旗型整理突破,105.5,95.0,121.1,接近成形＋可觀察,107.61,105.5,107.61,110.84,102.33,4.9,中,-8.44,8.44,2.56,12.53,107.61,0.41,False,False,False,預備單，等待確認條件,頸線以當日前20日高點計算；收盤站上頸線 105.5 至少2%；成交量>=20日均量2倍；不可長上影；回踩須有近10日突破紀錄且不有效跌破頸線；距離頸線>5%禁止進場,55,C,等更安全位置,條件或風險不夠好，先不列入高關注。,False,2026-10-05,True,True,STOP,STOP 停止進場,觀察,取消新進場，只保留觀察,只看續抱 / 減碼 / 停利 / 停損，不新增部位。,停止新進場，先保留現金，等待大盤止跌。,停止新進場，禁止顯示今日可進場。,False,False
2026-10-05,2026-10-05,收盤確認價,臺灣證券交易所 / 證券櫃檯買賣中心正式收盤；yfinance 歷史資料,只使用完整收盤日K，不使用盤中未完成K,上櫃,8107,大億金茂,11.95,11.95,11.75,11.95,12.04,12.18,12.06,13.27,-5.16,0.0,False,36576,35394,437083,429830,0.75,False,True,30.57,下影線,,False,False,False,False,0,False,只觀察,條件不足,接近成形,12.8,11.7,14.6,接近成形＋可觀察,13.06,12.8,13.06,13.45,12.42,4.9,中,-6.64,6.64,2.41,11.83,13.06,0.0,False,False,False,預備單，等待確認條件,頸線以當日前20日高點計算；收盤站上頸線 12.8 至少2%；成交量>=20日均量2倍；不可長上影；回踩須有近10日突破紀錄且不有效跌破頸線；距離頸線>5%禁止進場,55,C,等更安全位置,條件或風險不夠好，先不列入高關注。,False,2026-10-05,True,True,STOP,STOP 停止進場,觀察,取消新進場，只保留觀察,只看續抱 / 減碼 / 停利 / 停損，不新增部位。,停止新進場，先保留現金，等待大盤止跌。,停止新進場，禁止顯示今日可進場。,False,False
2026-10-05,2026-10-05,收盤確認價,臺灣證券交易所 / 證券櫃檯買賣中心正式收盤；yfinance 歷史資料,只使用完整收盤日K，不使用盤中未完成K,上櫃,5223,安力-KY,23.0,23.3,22.95,23.09,22.94,23.03,23.32,26.25,-8.37,0.22,False,5000,10150,115000,234237,1.24,False,True,24.95,一般K,,False,False,False,False,0,False,只觀察,條件不足,接近成形,25.0,22.45,28.25,接近成形＋可觀察,25.5,25.0,25.5,26.27,24.25,4.9,中,-8.0,9.63,2.2,10.78,25.5,1.3,False,False,False,預備單，等待確認條件,頸線以當日前20日高點計算；收盤站上頸線 25.0 至少2%；成交量>=20日均量2倍；不可長上影；回踩須有近10日突破紀錄且不有效跌破頸線；距離頸線>5%禁止進場,55,C,等更安全位置,條件或風險不夠好，先不列入高關注。,False,2026-10-05,True,True,STOP,STOP 停止進場,觀察,取消新進場，只保留觀察,只看續抱 / 減碼 / 停利 / 停損，不新增部位。,停止新進場，先保留現金，等待大盤止跌。,停止新進場，禁止顯示今日可進場。,False,False
2026-10-05,2026-10-05,收盤確認價,臺灣證券交易所 / 證券櫃檯買賣中心正式收盤；yfinance 歷史資料,只使用完整收盤日K，不使用盤中未完成K,上市,1598,岱宇,20.35,20.55,20.25,20.44,20.44,20.45,20.21,20.62,6.54,-0.73,False,162747,182252,3311901,3750066,1.55,False,True,15.17,一般K,,False,False,False,False,0,False,只觀察,條件不足,接近成形,21.6,19.7,24.35,接近成形＋可觀察,22.03,21.6,22.03,22.69,20.95,4.9,中,-5.79,6.22,2.15,10.52,22.03,0.25,False,False,False,預備單，等待確認條件,頸線以當日前20日高點計算；收盤站上頸線 21.6 至少2%；成交量>=20日均量2倍；不可長上影；回踩須有近10日突破紀錄且不有效跌破頸線；距離頸線>5%禁止進場,55,C,等更安全位置,條件或風險不夠好，先不列入高關注。,False,2026-10-05,True,True,STOP,STOP 停止進場,觀察,取消新進場，只保留觀察,只看續抱 / 減碼 / 停利 / 停損，不新增部位。,停止新進場，先保留現金，等待大盤止跌。,停止新進場，禁止顯示今日可進場。,False,False
2026-10-05,2026-10-05,收盤確認價,臺灣證券交易所 / 證券櫃檯買賣中心正式收盤；yfinance 歷史資料,只使用完整收盤日K，不使用盤中未完成K,上櫃,2941,米斯特,30.75,30.75,30.75,31.01,31.33,31.29,31.27,37.7,-5.24,1.99,False,1011,3455,31088,108565,3.43,False,True,20.54,資料不足,,False,False,False,False,0,False,只觀察,條件不足,接近成形,33.9,29.73,38.2,接近成形＋可觀察,34.58,33.9,34.58,35.62,32.88,4.9,中,-9.29,9.43,2.14,10.47,34.58,0.0,False,False,False,預備單，等待確認條件,頸線以當日前20日高點計算；收盤站上頸線 33.9 至少2%；成交量>=20日均量2倍；不可長上影；回踩須有近10日突破紀錄且不有效跌破頸線；距離頸線>5%禁止進場,55,C,等更安全位置,條件或風險不夠好，先不列入高關注。,False,2026-10-05,True,True,STOP,STOP 停止進場,觀察,取消新進場，只保留觀察,只看續抱 / 減碼 / 停利 / 停損，不新增部位。,停止新進場，先保留現金，等待大盤止跌。,停止新進場，禁止顯示今日可進場。,False,False
2026-10-05,2026-10-05,收盤確認價,臺灣證券交易所 / 證券櫃檯買賣中心正式收盤；yfinance 歷史資料,只使用完整收盤日K，不使用盤中未完成K,上櫃,3088,艾訊,134.5,136.0,132.0,133.7,130.85,127.67,130.38,105.08,-6.6,1.89,False,770015,681623,103567017,87644252,2.4,True,True,38.01,一般K,,False,False,False,False,0,False,C級：已漲遠或接近目標，禁止追高,條件不足,旗型整理突破,131.5,121.29,149.0,回踩頸線不破,134.13,131.5,134.13,138.15,127.55,5.16,低,2.28,15.41,2.09,10.78,134.5,1.12,True,False,True,距離頸線或前高過遠，禁止追高,頸線以當日前20日高點計算；收盤站上頸線 131.5 至少2%；成交量>=20日均量2倍；不可長上影；回踩須有近10日突破紀錄且不有效跌破頸線；距離頸線>5%禁止進場,55,C,禁止追高,已漲遠或接近目標，空手不追；持有者依策略分批處理。,False,2026-10-05,True,True,STOP,STOP 停止進場,接近目標,取消新進場，只保留觀察,只看續抱 / 減碼 / 停利 / 停損，不新增部位。,停止新進場，先保留現金，等待大盤止跌。,停止新進場，禁止顯示今日可進場。,False,False
2026-10-05,2026-10-05,收盤確認價,臺灣證券交易所 / 證券櫃檯買賣中心正式收盤；yfinance 歷史資料,只使用完整收盤日K，不使用盤中未完成K,上櫃,8928,鉅明,22.85,22.9,22.55,22.92,23.01,23.3,23.32,23.84,-2.14,-0.22,False,18569,19576,424301,459736,1.6,False,True,33.58,一般K,,False,False,False,False,0,False,只觀察,條件不足,接近成形,24.95,22.6,28.05,接近成形＋可觀察,25.45,24.95,25.45,26.21,24.2,4.9,中,-8.42,9.86,2.08,10.22,25.45,0.0,False,False,False,預備單，等待確認條件,頸線以當日前20日高點計算；收盤站上頸線 24.95 至少2%；成交量>=20日均量2倍；不可長上影；回踩須有近10日突破紀錄且不有效跌破頸線；距離頸線>5%禁止進場,55,C,等更安全位置,條件或風險不夠好，先不列入高關注。,False,2026-10-05,True,True,STOP,STOP 停止進場,觀察,取消新進場，只保留觀察,只看續抱 / 減碼 / 停利 / 停損，不新增部位。,停止新進場，先保留現金，等待大盤止跌。,停止新進場，禁止顯示今日可進場。,False,False
2026-10-05,2026-10-05,收盤確認價,臺灣證券交易所 / 證券櫃檯買賣中心正式收盤；yfinance 歷史資料,只使用完整收盤日K，不使用盤中未完成K,上櫃,8080,泰霖,28.0,28.85,28.0,27.96,28.17,28.56,28.14,29.4,1.27,0.0,False,20822,14100,583016,403600,0.99,False,True,19.74,一般K,,False,False,False,False,0,False,只觀察,條件不足,接近成形,30.45,27.7,34.2,接近成形＋可觀察,31.06,30.45,31.06,31.99,29.54,4.9,中,-8.05,8.05,2.06,10.11,31.06,3.04,False,False,False,預備單，等待確認條件,頸線以當日前20日高點計算；收盤站上頸線 30.45 至少2%；成交量>=20日均量2倍；不可長上影；回踩須有近10日突破紀錄且不有效跌破頸線；距離頸線>5%禁止進場,55,C,等更安全位置,條件或風險不夠好，先不列入高關注。,False,2026-10-05,True,True,STOP,STOP 停止進場,觀察,取消新進場，只保留觀察,只看續抱 / 減碼 / 停利 / 停損，不新增部位。,停止新進場，先保留現金，等待大盤止跌。,停止新進場，禁止顯示今日可進場。,False,False
2026-10-05,2026-10-05,收盤確認價,臺灣證券交易所 / 證券櫃檯買賣中心正式收盤；yfinance 歷史資料,只使用完整收盤日K，不使用盤中未完成K,上櫃,8423,保綠-KY,17.8,18.0,17.8,18.01,17.99,18.01,17.86,18.01,-0.28,-1.11,False,16904,19344,300891,348746,1.03,False,True,20.64,一般K,,False,False,False,False,0,False,只觀察,條件不足,接近成形,19.5,17.11,21.9,接近成形＋可觀察,19.89,19.5,19.89,20.49,18.91,4.9,中,-8.72,8.72,2.06,10.11,19.89,0.0,False,False,False,預備單，等待確認條件,頸線以當日前20日高點計算；收盤站上頸線 19.5 至少2%；成交量>=20日均量2倍；不可長上影；回踩須有近10日突破紀錄且不有效跌破頸線；距離頸線>5%禁止進場,55,C,等更安全位置,條件或風險不夠好，先不列入高關注。,False,2026-10-05,True,True,STOP,STOP 停止進場,觀察,取消新進場，只保留觀察,只看續抱 / 減碼 / 停利 / 停損，不新增部位。,停止新進場，先保留現金，等待大盤止跌。,停止新進場，禁止顯示今日可進場。,False,False
2026-10-05,2026-10-05,收盤確認價,臺灣證券交易所 / 證券櫃檯買賣中心正式收盤；yfinance 歷史資料,只使用完整收盤日K，不使用盤中未完成K,上櫃,4966,譜瑞-KY,574.0,580.0,573.0,572.0,571.3,558.5,578.52,612.25,-12.37,0.0,False,417287,441304,239522738,247710966,2.01,True,True,24.19,一般K,光通訊 CPO 矽光子,False,False,True,False,1,False,C級：已漲遠或接近目標，禁止追高,題材命中,接近成形,586.0,530.57,651.0,接近成形＋可觀察,597.72,586.0,597.72,615.65,568.42,4.9,低,-2.05,12.37,1.82,8.91,597.72,0.0,False,False,True,距離頸線或前高過遠，禁止追高,頸線以當日前20日高點計算；收盤站上頸線 586.0 至少2%；成交量>=20日均量2倍；不可長上影；回踩須有近10日突破紀錄且不有效跌破頸線；距離頸線>5%禁止進場,52,C,禁止追高,已漲遠或接近目標，空手不追；持有者依策略分批處理。,False,2026-10-05,True,True,STOP,STOP 停止進場,觀察,取消新進場，只保留觀察,只看續抱 / 減碼 / 停利 / 停損，不新增部位。,停止新進場，先保留現金，等待大盤止跌。,停止新進場，禁止顯示今日可進場。,False,False
2026-10-05,2026-10-05,收盤確認價,臺灣證券交易所 / 證券櫃檯買賣中心正式收盤；yfinance 歷史資料,只使用完整收盤日K，不使用盤中未完成K,上市,2233,宇隆,169.0,173.0,168.0,168.5,165.75,163.72,186.65,226.93,-33.07,-0.59,False,392863,409388,66393847,67020112,1.97,True,True,28.99,一般K,,False,False,False,False,0,False,C級：已漲遠或接近目標，禁止追高,條件不足,接近成形,174.0,155.54,194.0,接近成形＋可觀察,177.48,174.0,177.48,182.8,168.78,4.9,低,-2.87,33.07,1.9,9.31,177.48,0.59,False,False,True,距離頸線或前高過遠，禁止追高,頸線以當日前20日高點計算；收盤站上頸線 174.0 至少2%；成交量>=20日均量2倍；不可長上影；回踩須有近10日突破紀錄且不有效跌破頸線；距離頸線>5%禁止進場,52,C,禁止追高,已漲遠或接近目標，空手不追；持有者依策略分批處理。,False,2026-10-05,True,True,STOP,STOP 停止進場,觀察,取消新進場，只保留觀察,只看續抱 / 減碼 / 停利 / 停損，不新增部位。,停止新進場，先保留現金，等待大盤止跌。,停止新進場，禁止顯示今日可進場。,False,False
2026-10-05,2026-10-05,收盤確認價,臺灣證券交易所 / 證券櫃檯買賣中心正式收盤；yfinance 歷史資料,只使用完整收盤日K，不使用盤中未完成K,上櫃,8383,千附,69.3,70.3,68.9,68.32,67.75,66.53,70.88,53.81,-0.57,1.32,False,1322779,978036,91668584,65387757,2.17,True,True,30.41,一般K,,False,False,False,False,0,False,C級：已漲遠或接近目標，禁止追高,條件不足,箱型突破,70.2,63.2,78.1,接近成形＋可觀察,71.6,70.2,71.6,73.75,68.09,4.9,低,-1.28,27.05,1.85,9.07,71.6,1.15,False,False,True,距離頸線或前高過遠，禁止追高,頸線以當日前20日高點計算；收盤站上頸線 70.2 至少2%；成交量>=20日均量2倍；不可長上影；回踩須有近10日突破紀錄且不有效跌破頸線；距離頸線>5%禁止進場,52,C,禁止追高,已漲遠或接近目標，空手不追；持有者依策略分批處理。,False,2026-10-05,True,True,STOP,STOP 停止進場,觀察,取消新進場，只保留觀察,只看續抱 / 減碼 / 停利 / 停損，不新增部位。,停止新進場，先保留現金，等待大盤止跌。,停止新進場，禁止顯示今日可進場。,False,False
2026-10-05,2026-10-05,收盤確認價,臺灣證券交易所 / 證券櫃檯買賣中心正式收盤；yfinance 歷史資料,只使用完整收盤日K，不使用盤中未完成K,上櫃,3508,位速,24.9,26.15,24.75,25.7,25.6,23.46,20.14,24.18,33.51,-3.3,False,434576,460593,10820942,11505699,3.86,False,True,41.89,一般K,,True,False,False,True,2,False,C級：已漲遠或接近目標，禁止追高,趨勢多頭、價量條件足,接近成形,25.0,22.29,35.25,回踩頸線不破,25.5,25.0,25.5,26.27,24.25,2.61,低,-0.4,10.11,15.92,41.57,24.9,1.2,True,False,True,距離頸線或前高過遠，禁止追高,頸線以當日前20日高點計算；收盤站上頸線 25.0 至少2%；成交量>=20日均量2倍；不可長上影；回踩須有近10日突破紀錄且不有效跌破頸線；距離頸線>5%禁止進場,50,C,禁止追高,已漲遠或接近目標，空手不追；持有者依策略分批處理。,False,2026-10-05,True,True,STOP,STOP 停止進場,回踩買點,取消新進場，只保留觀察,只看續抱 / 減碼 / 停利 / 停損，不新增部位。,停止新進場，先保留現金，等待大盤止跌。,停止新進場，禁止顯示今日可進場。,False,False
2026-10-05,2026-10-05,收盤確認價,臺灣證券交易所 / 證券櫃檯買賣中心正式收盤；yfinance 歷史資料,只使用完整收盤日K，不使用盤中未完成K,上櫃,6218,豪勉,61.4,63.4,61.0,62.74,62.89,55.22,42.6,31.38,63.08,-4.66,False,2097208,5320995,128768571,297302887,5.33,True,True,55.13,一般K,,True,False,False,True,2,False,C級：已漲遠或接近目標，禁止追高,趨勢多頭、價量條件足,接近成形,58.9,52.46,89.3,接近成形＋可觀察,60.08,58.9,60.08,61.88,57.13,4.9,低,4.24,11.01,9.92,48.64,60.08,1.14,True,False,True,距離頸線或前高過遠，禁止追高,頸線以當日前20日高點計算；收盤站上頸線 58.9 至少2%；成交量>=20日均量2倍；不可長上影；回踩須有近10日突破紀錄且不有效跌破頸線；距離頸線>5%禁止進場,50,C,禁止追高,已漲遠或接近目標，空手不追；持有者依策略分批處理。,False,2026-10-05,True,True,STOP,STOP 停止進場,觀察,取消新進場，只保留觀察,只看續抱 / 減碼 / 停利 / 停損，不新增部位。,停止新進場，先保留現金，等待大盤止跌。,停止新進場，禁止顯示今日可進場。,False,False
2026-10-05,2026-10-05,收盤確認價,臺灣證券交易所 / 證券櫃檯買賣中心正式收盤；yfinance 歷史資料,只使用完整收盤日K，不使用盤中未完成K,上櫃,5465,富驊,32.7,33.7,32.2,33.48,32.15,28.2,24.79,27.01,31.33,-1.21,False,548638,994535,17940462,32223125,4.0,False,True,52.58,一般K,,True,False,False,True,2,False,C級：已漲遠或接近目標，禁止追高,趨勢多頭、價量條件足,旗型整理突破,33.15,26.79,45.5,接近成形＋可觀察,33.81,33.15,33.81,34.83,32.16,4.9,低,-1.36,11.5,7.05,34.56,33.81,0.0,True,False,True,距離頸線或前高過遠，禁止追高,頸線以當日前20日高點計算；收盤站上頸線 33.15 至少2%；成交量>=20日均量2倍；不可長上影；回踩須有近10日突破紀錄且不有效跌破頸線；距離頸線>5%禁止進場,50,C,禁止追高,已漲遠或接近目標，空手不追；持有者依策略分批處理。,False,2026-10-05,True,True,STOP,STOP 停止進場,觀察,取消新進場，只保留觀察,只看續抱 / 減碼 / 停利 / 停損，不新增部位。,停止新進場，先保留現金，等待大盤止跌。,停止新進場，禁止顯示今日可進場。,False,False
2026-10-05,2026-10-05,收盤確認價,臺灣證券交易所 / 證券櫃檯買賣中心正式收盤；yfinance 歷史資料,只使用完整收盤日K，不使用盤中未完成K,上櫃,5498,凱崴,54.8,57.8,54.7,52.41,51.77,51.82,51.01,51.96,-8.21,-1.44,False,7457949,1564942,408695605,83030750,3.01,True,True,20.96,長黑,,True,True,False,False,2,False,C級：已漲遠或接近目標，禁止追高,趨勢多頭、量能放大,三角收斂突破,56.9,49.23,76.2,接近成形＋可觀察,58.04,56.9,58.04,59.78,55.19,4.9,低,-3.69,12.74,6.38,31.29,58.04,0.0,False,False,True,距離頸線或前高過遠，禁止追高,頸線以當日前20日高點計算；收盤站上頸線 56.9 至少2%；成交量>=20日均量2倍；不可長上影；回踩須有近10日突破紀錄且不有效跌破頸線；距離頸線>5%禁止進場,50,C,禁止追高,已漲遠或接近目標，空手不追；持有者依策略分批處理。,False,2026-10-05,True,True,STOP,STOP 停止進場,觀察,取消新進場，只保留觀察,只看續抱 / 減碼 / 停利 / 停損，不新增部位。,停止新進場，先保留現金，等待大盤止跌。,停止新進場，禁止顯示今日可進場。,False,False
2026-10-05,2026-10-05,收盤確認價,臺灣證券交易所 / 證券櫃檯買賣中心正式收盤；yfinance 歷史資料,只使用完整收盤日K，不使用盤中未完成K,上櫃,6234,高僑,38.85,40.5,38.8,39.4,39.26,36.88,36.37,33.72,-7.94,-2.75,False,739945,851728,28746863,33133072,4.44,False,True,36.46,長黑,,True,False,False,False,1,False,C級：已漲遠或接近目標，禁止追高,趨勢多頭,接近成形,38.5,35.04,48.2,回踩頸線不破,39.27,38.5,39.27,40.45,37.34,3.87,低,0.91,13.95,6.21,24.07,38.85,0.0,True,False,True,距離頸線或前高過遠，禁止追高,頸線以當日前20日高點計算；收盤站上頸線 38.5 至少2%；成交量>=20日均量2倍；不可長上影；回踩須有近10日突破紀錄且不有效跌破頸線；距離頸線>5%禁止進場,50,C,禁止追高,已漲遠或接近目標，空手不追；持有者依策略分批處理。,False,2026-10-05,True,True,STOP,STOP 停止進場,回踩買點,取消新進場，只保留觀察,只看續抱 / 減碼 / 停利 / 停損，不新增部位。,停止新進場，先保留現金，等待大盤止跌。,停止新進場，禁止顯示今日可進場。,False,False
2026-10-05,2026-10-05,收盤確認價,臺灣證券交易所 / 證券櫃檯買賣中心正式收盤；yfinance 歷史資料,只使用完整收盤日K，不使用盤中未完成K,上櫃,5439,高技,261.0,263.0,256.5,254.4,252.35,252.15,249.78,307.85,-19.82,3.16,False,2730631,1324365,712694691,335954419,2.19,True,True,27.98,紅K突破,,False,True,False,False,1,False,C級：已漲遠或接近目標，禁止追高,量能放大,三角收斂突破,272.0,239.54,360.5,接近成形＋可觀察,277.44,272.0,277.44,285.76,263.84,4.9,低,-4.04,21.5,6.11,29.94,277.44,0.77,False,False,True,距離頸線或前高過遠，禁止追高,頸線以當日前20日高點計算；收盤站上頸線 272.0 至少2%；成交量>=20日均量2倍；不可長上影；回踩須有近10日突破紀錄且不有效跌破頸線；距離頸線>5%禁止進場,50,C,禁止追高,已漲遠或接近目標，空手不追；持有者依策略分批處理。,False,2026-10-05,True,True,STOP,STOP 停止進場,觀察,取消新進場，只保留觀察,只看續抱 / 減碼 / 停利 / 停損，不新增部位。,停止新進場，先保留現金，等待大盤止跌。,停止新進場，禁止顯示今日可進場。,False,False
2026-10-05,2026-10-05,收盤確認價,臺灣證券交易所 / 證券櫃檯買賣中心正式收盤；yfinance 歷史資料,只使用完整收盤日K，不使用盤中未完成K,上櫃,3178,公準,69.8,72.8,69.1,69.88,70.57,65.68,62.53,60.63,6.08,-2.24,False,294344,477443,20545211,33951782,3.97,False,True,36.03,一般K,,True,False,False,False,1,False,C級：已漲遠或接近目標，禁止追高,趨勢多頭,接近成形,69.0,62.39,85.3,接近成形＋可觀察,70.38,69.0,70.38,72.49,66.93,4.9,低,1.16,14.46,4.32,21.2,70.38,1.0,True,False,True,距離頸線或前高過遠，禁止追高,頸線以當日前20日高點計算；收盤站上頸線 69.0 至少2%；成交量>=20日均量2倍；不可長上影；回踩須有近10日突破紀錄且不有效跌破頸線；距離頸線>5%禁止進場,50,C,禁止追高,已漲遠或接近目標，空手不追；持有者依策略分批處理。,False,2026-10-05,True,True,STOP,STOP 停止進場,觀察,取消新進場，只保留觀察,只看續抱 / 減碼 / 停利 / 停損，不新增部位。,停止新進場，先保留現金，等待大盤止跌。,停止新進場，禁止顯示今日可進場。,False,False
2026-10-05,2026-10-05,收盤確認價,臺灣證券交易所 / 證券櫃檯買賣中心正式收盤；yfinance 歷史資料,只使用完整收盤日K，不使用盤中未完成K,上櫃,3587,閎康,257.5,261.0,245.5,244.3,241.6,241.72,248.04,245.04,-11.21,5.1,False,1325565,360815,341332987,88347870,2.13,True,True,21.02,紅K突破,,False,True,False,False,1,False,C級：已漲遠或接近目標，禁止追高,量能放大,三角收斂突破,269.5,229.64,333.0,接近成形＋可觀察,274.89,269.5,274.89,283.14,261.42,4.9,低,-4.45,12.12,4.31,21.14,274.89,1.36,False,False,True,距離頸線或前高過遠，禁止追高,頸線以當日前20日高點計算；收盤站上頸線 269.5 至少2%；成交量>=20日均量2倍；不可長上影；回踩須有近10日突破紀錄且不有效跌破頸線；距離頸線>5%禁止進場,50,C,禁止追高,已漲遠或接近目標，空手不追；持有者依策略分批處理。,False,2026-10-05,True,True,STOP,STOP 停止進場,觀察,取消新進場，只保留觀察,只看續抱 / 減碼 / 停利 / 停損，不新增部位。,停止新進場，先保留現金，等待大盤止跌。,停止新進場，禁止顯示今日可進場。,False,False
2026-10-05,2026-10-05,收盤確認價,臺灣證券交易所 / 證券櫃檯買賣中心正式收盤；yfinance 歷史資料,只使用完整收盤日K，不使用盤中未完成K,上櫃,8074,鉅橡,57.3,58.3,56.1,53.68,52.27,51.75,54.19,56.47,-9.48,0.7,False,3460379,490323,198279716,26600985,2.81,False,True,39.89,下影線,,False,True,False,False,1,False,C級：已漲遠或接近目標，禁止追高,量能放大,三角收斂突破,56.9,49.16,69.15,接近成形＋可觀察,58.04,56.9,58.04,59.78,55.19,4.9,低,0.7,13.18,3.91,19.15,58.04,0.7,False,False,True,距離頸線或前高過遠，禁止追高,頸線以當日前20日高點計算；收盤站上頸線 56.9 至少2%；成交量>=20日均量2倍；不可長上影；回踩須有近10日突破紀錄且不有效跌破頸線；距離頸線>5%禁止進場,50,C,禁止追高,已漲遠或接近目標，空手不追；持有者依策略分批處理。,False,2026-10-05,True,True,STOP,STOP 停止進場,觀察,取消新進場，只保留觀察,只看續抱 / 減碼 / 停利 / 停損，不新增部位。,停止新進場，先保留現金，等待大盤止跌。,停止新進場，禁止顯示今日可進場。,False,False
2026-10-05,2026-10-05,收盤確認價,臺灣證券交易所 / 證券櫃檯買賣中心正式收盤；yfinance 歷史資料,只使用完整收盤日K，不使用盤中未完成K,上櫃,6259,百徽,33.15,33.5,32.7,31.43,30.36,29.54,30.94,23.33,-13.78,1.53,False,518308,238821,17181910,7290469,2.14,False,True,29.65,一般K,,False,True,False,False,1,False,C級：已漲遠或接近目標，禁止追高,量能放大,三角收斂突破,32.8,28.07,39.3,接近成形＋可觀察,33.46,32.8,33.46,34.46,31.82,4.9,低,1.07,17.64,3.56,17.47,33.46,1.06,False,False,True,距離頸線或前高過遠，禁止追高,頸線以當日前20日高點計算；收盤站上頸線 32.8 至少2%；成交量>=20日均量2倍；不可長上影；回踩須有近10日突破紀錄且不有效跌破頸線；距離頸線>5%禁止進場,50,C,禁止追高,已漲遠或接近目標，空手不追；持有者依策略分批處理。,False,2026-10-05,True,True,STOP,STOP 停止進場,觀察,取消新進場，只保留觀察,只看續抱 / 減碼 / 停利 / 停損，不新增部位。,停止新進場，先保留現金，等待大盤止跌。,停止新進場，禁止顯示今日可進場。,False,False
2026-10-05,2026-10-05,收盤確認價,臺灣證券交易所 / 證券櫃檯買賣中心正式收盤；yfinance 歷史資料,只使用完整收盤日K，不使用盤中未完成K,上櫃,5299,杰力,105.0,108.5,105.0,103.1,100.68,97.27,98.99,88.57,-11.02,0.48,False,517477,227102,54335085,22513036,1.94,False,True,42.3,一般K,,False,True,False,False,1,False,C級：已漲遠或接近目標，禁止追高,量能放大,三角收斂突破,105.5,92.41,124.8,接近成形＋可觀察,107.61,105.5,107.61,110.84,102.33,4.9,低,-0.47,13.22,3.26,15.97,107.61,2.38,False,False,True,距離頸線或前高過遠，禁止追高,頸線以當日前20日高點計算；收盤站上頸線 105.5 至少2%；成交量>=20日均量2倍；不可長上影；回踩須有近10日突破紀錄且不有效跌破頸線；距離頸線>5%禁止進場,50,C,禁止追高,已漲遠或接近目標，空手不追；持有者依策略分批處理。,False,2026-10-05,True,True,STOP,STOP 停止進場,觀察,取消新進場，只保留觀察,只看續抱 / 減碼 / 停利 / 停損，不新增部位。,停止新進場，先保留現金，等待大盤止跌。,停止新進場，禁止顯示今日可進場。,False,False
2026-10-05,2026-10-05,收盤確認價,臺灣證券交易所 / 證券櫃檯買賣中心正式收盤；yfinance 歷史資料,只使用完整收盤日K，不使用盤中未完成K,上櫃,6804,明係,18.55,18.55,18.4,18.34,18.29,18.23,18.11,17.48,16.67,1.09,False,46054,55518,854301,1010181,1.0,False,True,10.07,紅K突破,,True,False,False,False,1,False,C級：已漲遠或接近目標，禁止追高,趨勢多頭,箱型突破,18.75,17.6,22.0,接近成形＋可觀察,19.12,18.75,19.12,19.7,18.19,4.9,低,-1.07,11.88,3.07,15.03,19.12,0.0,False,False,True,距離頸線或前高過遠，禁止追高,頸線以當日前20日高點計算；收盤站上頸線 18.75 至少2%；成交量>=20日均量2倍；不可長上影；回踩須有近10日突破紀錄且不有效跌破頸線；距離頸線>5%禁止進場,50,C,禁止追高,已漲遠或接近目標，空手不追；持有者依策略分批處理。,False,2026-10-05,True,True,STOP,STOP 停止進場,觀察,取消新進場，只保留觀察,只看續抱 / 減碼 / 停利 / 停損，不新增部位。,停止新進場，先保留現金，等待大盤止跌。,停止新進場，禁止顯示今日可進場。,False,False
2026-10-05,2026-10-05,收盤確認價,臺灣證券交易所 / 證券櫃檯買賣中心正式收盤；yfinance 歷史資料,只使用完整收盤日K，不使用盤中未完成K,上櫃,3323,加百裕,30.6,31.05,30.0,29.86,28.81,28.1,29.6,35.51,-12.32,0.82,False,857978,340689,26254126,9792585,1.92,False,True,51.08,下影線,,False,True,False,False,1,False,C級：已漲遠或接近目標，禁止追高,量能放大,三角收斂突破,30.45,26.69,35.4,接近成形＋可觀察,31.06,30.45,31.06,31.99,29.54,4.9,低,0.49,16.85,2.85,13.98,31.06,0.82,False,False,True,距離頸線或前高過遠，禁止追高,頸線以當日前20日高點計算；收盤站上頸線 30.45 至少2%；成交量>=20日均量2倍；不可長上影；回踩須有近10日突破紀錄且不有效跌破頸線；距離頸線>5%禁止進場,50,C,禁止追高,已漲遠或接近目標，空手不追；持有者依策略分批處理。,False,2026-10-05,True,True,STOP,STOP 停止進場,觀察,取消新進場，只保留觀察,只看續抱 / 減碼 / 停利 / 停損，不新增部位。,停止新進場，先保留現金，等待大盤止跌。,停止新進場，禁止顯示今日可進場。,False,False
2026-10-05,2026-10-05,收盤確認價,臺灣證券交易所 / 證券櫃檯買賣中心正式收盤；yfinance 歷史資料,只使用完整收盤日K，不使用盤中未完成K,上櫃,3093,港建*,46.7,47.3,45.9,45.47,45.22,44.79,46.7,42.11,-17.2,1.08,False,284846,198069,13302308,8889309,1.46,False,True,44.86,一般K,半導體 電子零組件,False,False,True,False,1,False,C級：已漲遠或接近目標，禁止追高,題材命中,箱型突破,47.5,43.0,55.1,接近成形＋可觀察,48.45,47.5,48.45,49.9,46.07,4.9,低,-1.68,19.34,2.8,13.73,48.45,0.0,False,False,True,距離頸線或前高過遠，禁止追高,頸線以當日前20日高點計算；收盤站上頸線 47.5 至少2%；成交量>=20日均量2倍；不可長上影；回踩須有近10日突破紀錄且不有效跌破頸線；距離頸線>5%禁止進場,50,C,禁止追高,已漲遠或接近目標，空手不追；持有者依策略分批處理。,False,2026-10-05,True,True,STOP,STOP 停止進場,觀察,取消新進場，只保留觀察,只看續抱 / 減碼 / 停利 / 停損，不新增部位。,停止新進場，先保留現金，等待大盤止跌。,停止新進場，禁止顯示今日可進場。,False,False
2026-10-05,2026-10-05,收盤確認價,臺灣證券交易所 / 證券櫃檯買賣中心正式收盤；yfinance 歷史資料,只使用完整收盤日K，不使用盤中未完成K,上櫃,6138,茂達,287.5,296.5,287.5,282.0,278.7,276.07,291.31,264.9,-23.54,1.05,False,1200738,460576,345212175,128326635,1.84,True,True,30.86,一般K,,False,True,False,False,1,False,C級：已漲遠或接近目標，禁止追高,量能放大,三角收斂突破,298.0,262.27,341.0,接近成形＋可觀察,303.96,298.0,303.96,313.08,289.06,4.9,低,-3.52,24.14,2.49,12.19,303.96,2.78,False,False,True,距離頸線或前高過遠，禁止追高,頸線以當日前20日高點計算；收盤站上頸線 298.0 至少2%；成交量>=20日均量2倍；不可長上影；回踩須有近10日突破紀錄且不有效跌破頸線；距離頸線>5%禁止進場,50,C,禁止追高,已漲遠或接近目標，空手不追；持有者依策略分批處理。,False,2026-10-05,True,True,STOP,STOP 停止進場,觀察,取消新進場，只保留觀察,只看續抱 / 減碼 / 停利 / 停損，不新增部位。,停止新進場，先保留現金，等待大盤止跌。,停止新進場，禁止顯示今日可進場。,False,False
2026-10-05,2026-10-05,收盤確認價,臺灣證券交易所 / 證券櫃檯買賣中心正式收盤；yfinance 歷史資料,只使用完整收盤日K，不使用盤中未完成K,上市,2020,美亞,25.25,26.9,25.25,25.87,23.74,22.69,21.85,22.79,17.72,-6.13,False,4703196,2395516,118755699,61408288,3.58,True,True,39.15,長黑,,True,False,False,False,1,False,C級：已漲遠或接近目標，禁止追高,趨勢多頭,接近成形,24.3,21.55,27.75,接近成形＋可觀察,24.79,24.3,24.79,25.53,23.57,4.9,低,3.91,13.68,2.44,11.96,24.79,0.0,True,False,True,距離頸線或前高過遠，禁止追高,頸線以當日前20日高點計算；收盤站上頸線 24.3 至少2%；成交量>=20日均量2倍；不可長上影；回踩須有近10日突破紀錄且不有效跌破頸線；距離頸線>5%禁止進場,50,C,禁止追高,已漲遠或接近目標，空手不追；持有者依策略分批處理。,False,2026-10-05,True,True,STOP,STOP 停止進場,接近目標,取消新進場，只保留觀察,只看續抱 / 減碼 / 停利 / 停損，不新增部位。,停止新進場，先保留現金，等待大盤止跌。,停止新進場，禁止顯示今日可進場。,False,False
2026-10-05,2026-10-05,收盤確認價,臺灣證券交易所 / 證券櫃檯買賣中心正式收盤；yfinance 歷史資料,只使用完整收盤日K，不使用盤中未完成K,上櫃,3511,矽瑪,20.25,20.5,19.75,19.76,19.59,19.25,19.93,20.77,-19.48,2.53,False,297490,115369,6024172,2227737,1.78,False,True,22.35,紅K突破,,False,True,False,False,1,False,C級：已漲遠或接近目標，禁止追高,量能放大,箱型突破,20.15,18.29,22.75,接近成形＋可觀察,20.55,20.15,20.55,21.17,19.55,4.9,低,0.5,20.12,2.18,10.69,20.55,1.23,False,False,True,距離頸線或前高過遠，禁止追高,頸線以當日前20日高點計算；收盤站上頸線 20.15 至少2%；成交量>=20日均量2倍；不可長上影；回踩須有近10日突破紀錄且不有效跌破頸線；距離頸線>5%禁止進場,50,C,禁止追高,已漲遠或接近目標，空手不追；持有者依策略分批處理。,False,2026-10-05,True,True,STOP,STOP 停止進場,觀察,取消新進場，只保留觀察,只看續抱 / 減碼 / 停利 / 停損，不新增部位。,停止新進場，先保留現金，等待大盤止跌。,停止新進場，禁止顯示今日可進場。,False,False
2026-10-05,2026-10-05,收盤確認價,臺灣證券交易所 / 證券櫃檯買賣中心正式收盤；yfinance 歷史資料,只使用完整收盤日K，不使用盤中未完成K,上櫃,8042,金山電,118.5,126.5,118.0,116.1,114.24,113.79,114.84,88.49,-33.43,-2.07,False,7199586,5847008,853150941,675075363,4.64,True,True,46.54,長黑,,False,False,False,False,0,False,C級：已漲遠或接近目標，禁止追高,條件不足,旗型整理突破,124.0,108.1,160.0,接近成形＋可觀察,126.48,124.0,126.48,130.27,120.28,4.9,低,-4.44,33.43,5.41,26.5,126.48,0.84,False,False,True,距離頸線或前高過遠，禁止追高,頸線以當日前20日高點計算；收盤站上頸線 124.0 至少2%；成交量>=20日均量2倍；不可長上影；回踩須有近10日突破紀錄且不有效跌破頸線；距離頸線>5%禁止進場,50,C,禁止追高,已漲遠或接近目標，空手不追；持有者依策略分批處理。,False,2026-10-05,True,True,STOP,STOP 停止進場,觀察,取消新進場，只保留觀察,只看續抱 / 減碼 / 停利 / 停損，不新增部位。,停止新進場，先保留現金，等待大盤止跌。,停止新進場，禁止顯示今日可進場。,False,False
2026-10-05,2026-10-05,收盤確認價,臺灣證券交易所 / 證券櫃檯買賣中心正式收盤；yfinance 歷史資料,只使用完整收盤日K，不使用盤中未完成K,上櫃,6925,意藍,69.2,74.3,67.5,71.72,66.29,59.57,55.13,75.3,17.29,1.02,False,703360,471364,48672512,32165549,5.37,False,True,56.98,下影線,,False,False,False,False,0,False,C級：已漲遠或接近目標，禁止追高,條件不足,接近成形,68.2,56.59,87.7,接近成形＋可觀察,69.56,68.2,69.56,71.65,66.15,4.9,低,1.47,13.5,5.32,26.07,69.56,7.37,True,False,True,距離頸線或前高過遠，禁止追高,頸線以當日前20日高點計算；收盤站上頸線 68.2 至少2%；成交量>=20日均量2倍；不可長上影；回踩須有近10日突破紀錄且不有效跌破頸線；距離頸線>5%禁止進場,50,C,禁止追高,已漲遠或接近目標，空手不追；持有者依策略分批處理。,False,2026-10-05,True,True,STOP,STOP 停止進場,觀察,取消新進場，只保留觀察,只看續抱 / 減碼 / 停利 / 停損，不新增部位。,停止新進場，先保留現金，等待大盤止跌。,停止新進場，禁止顯示今日可進場。,False,False
2026-10-05,2026-10-05,收盤確認價,臺灣證券交易所 / 證券櫃檯買賣中心正式收盤；yfinance 歷史資料,只使用完整收盤日K，不使用盤中未完成K,上市,2327,國巨*,626.0,658.0,626.0,590.0,578.1,566.35,596.58,441.59,-30.44,0.0,False,67379604,41009254,42179632104,23717920594,4.05,True,True,18.41,一般K,,False,False,False,False,0,False,C級：已漲遠或接近目標，禁止追高,條件不足,旗型整理突破,605.0,538.03,753.5,接近成形＋可觀察,617.1,605.0,617.1,635.61,586.85,4.9,低,3.47,32.03,4.51,22.1,617.1,1.44,True,False,True,距離頸線或前高過遠，禁止追高,頸線以當日前20日高點計算；收盤站上頸線 605.0 至少2%；成交量>=20日均量2倍；不可長上影；回踩須有近10日突破紀錄且不有效跌破頸線；距離頸線>5%禁止進場,50,C,禁止追高,已漲遠或接近目標，空手不追；持有者依策略分批處理。,False,2026-10-05,True,True,STOP,STOP 停止進場,觀察,取消新進場，只保留觀察,只看續抱 / 減碼 / 停利 / 停損，不新增部位。,停止新進場，先保留現金，等待大盤止跌。,停止新進場，禁止顯示今日可進場。,False,False
2026-10-05,2026-10-05,收盤確認價,臺灣證券交易所 / 證券櫃檯買賣中心正式收盤；yfinance 歷史資料,只使用完整收盤日K，不使用盤中未完成K,上櫃,3537,堡達,56.0,57.5,55.6,55.46,54.35,53.79,54.86,53.44,-18.25,-1.41,False,628838,386667,35214928,21586440,2.92,False,True,32.3,一般K,,False,False,False,False,0,False,C級：已漲遠或接近目標，禁止追高,條件不足,三角收斂突破,57.0,51.11,70.45,接近成形＋可觀察,58.14,57.0,58.14,59.88,55.29,4.9,低,-1.75,19.42,4.32,21.17,58.14,0.36,True,False,True,距離頸線或前高過遠，禁止追高,頸線以當日前20日高點計算；收盤站上頸線 57.0 至少2%；成交量>=20日均量2倍；不可長上影；回踩須有近10日突破紀錄且不有效跌破頸線；距離頸線>5%禁止進場,50,C,禁止追高,已漲遠或接近目標，空手不追；持有者依策略分批處理。,False,2026-10-05,True,True,STOP,STOP 停止進場,觀察,取消新進場，只保留觀察,只看續抱 / 減碼 / 停利 / 停損，不新增部位。,停止新進場，先保留現金，等待大盤止跌。,停止新進場，禁止顯示今日可進場。,False,False
2026-10-05,2026-10-05,收盤確認價,臺灣證券交易所 / 證券櫃檯買賣中心正式收盤；yfinance 歷史資料,只使用完整收盤日K，不使用盤中未完成K,上櫃,6231,系微,236.0,245.0,235.0,238.4,232.25,223.68,223.74,240.24,-10.61,-2.88,False,378942,382068,89430312,86408379,3.41,True,True,26.21,一般K,,False,False,False,False,0,False,C級：已漲遠或接近目標，禁止追高,條件不足,旗型整理突破,247.5,212.49,305.0,接近成形＋可觀察,252.45,247.5,252.45,260.02,240.07,4.9,低,-4.65,12.75,4.25,20.82,252.45,0.64,False,False,True,距離頸線或前高過遠，禁止追高,頸線以當日前20日高點計算；收盤站上頸線 247.5 至少2%；成交量>=20日均量2倍；不可長上影；回踩須有近10日突破紀錄且不有效跌破頸線；距離頸線>5%禁止進場,50,C,禁止追高,已漲遠或接近目標，空手不追；持有者依策略分批處理。,False,2026-10-05,True,True,STOP,STOP 停止進場,觀察,取消新進場，只保留觀察,只看續抱 / 減碼 / 停利 / 停損，不新增部位。,停止新進場，先保留現金，等待大盤止跌。,停止新進場，禁止顯示今日可進場。,False,False
2026-10-05,2026-10-05,收盤確認價,臺灣證券交易所 / 證券櫃檯買賣中心正式收盤；yfinance 歷史資料,只使用完整收盤日K，不使用盤中未完成K,上櫃,3294,英濟,32.35,33.3,32.35,32.71,32.27,30.85,31.07,36.26,-14.19,-1.37,False,732507,896237,23696601,29326402,2.62,False,True,47.39,一般K,,False,False,False,False,0,False,C級：已漲遠或接近目標，禁止追高,條件不足,旗型整理突破,31.95,29.31,37.7,回踩頸線不破,32.59,31.95,32.59,33.57,30.99,4.2,低,1.25,15.97,3.94,16.54,32.35,0.15,True,False,True,距離頸線或前高過遠，禁止追高,頸線以當日前20日高點計算；收盤站上頸線 31.95 至少2%；成交量>=20日均量2倍；不可長上影；回踩須有近10日突破紀錄且不有效跌破頸線；距離頸線>5%禁止進場,50,C,禁止追高,已漲遠或接近目標，空手不追；持有者依策略分批處理。,False,2026-10-05,True,True,STOP,STOP 停止進場,回踩買點,取消新進場，只保留觀察,只看續抱 / 減碼 / 停利 / 停損，不新增部位。,停止新進場，先保留現金，等待大盤止跌。,停止新進場，禁止顯示今日可進場。,False,False
2026-10-05,2026-10-05,收盤確認價,臺灣證券交易所 / 證券櫃檯買賣中心正式收盤；yfinance 歷史資料,只使用完整收盤日K，不使用盤中未完成K,上市,2375,凱美,126.0,130.5,125.0,122.4,120.4,120.88,128.8,112.57,-33.16,0.0,False,3717848,2772218,468448848,339919836,2.36,True,True,28.15,一般K,,False,False,False,False,0,False,C級：已漲遠或接近目標，禁止追高,條件不足,旗型整理突破,130.5,114.83,157.5,接近成形＋可觀察,133.11,130.5,133.11,137.1,126.58,4.9,低,-3.45,37.16,3.74,18.32,133.11,0.4,False,False,True,距離頸線或前高過遠，禁止追高,頸線以當日前20日高點計算；收盤站上頸線 130.5 至少2%；成交量>=20日均量2倍；不可長上影；回踩須有近10日突破紀錄且不有效跌破頸線；距離頸線>5%禁止進場,50,C,禁止追高,已漲遠或接近目標，空手不追；持有者依策略分批處理。,False,2026-10-05,True,True,STOP,STOP 停止進場,觀察,取消新進場，只保留觀察,只看續抱 / 減碼 / 停利 / 停損，不新增部位。,停止新進場，先保留現金，等待大盤止跌。,停止新進場，禁止顯示今日可進場。,False,False
2026-10-05,2026-10-05,收盤確認價,臺灣證券交易所 / 證券櫃檯買賣中心正式收盤；yfinance 歷史資料,只使用完整收盤日K，不使用盤中未完成K,上櫃,8121,越峰,32.5,34.45,32.2,32.93,30.68,28.84,30.2,30.99,-24.77,-4.69,False,1902347,957881,61826277,29967370,3.82,False,True,41.82,長黑,,False,False,False,False,0,False,C級：已漲遠或接近目標，禁止追高,條件不足,接近成形,32.75,27.39,39.5,接近成形＋可觀察,33.41,32.75,33.41,34.41,31.77,4.9,低,-0.76,26.8,3.72,18.25,33.41,0.92,True,False,True,距離頸線或前高過遠，禁止追高,頸線以當日前20日高點計算；收盤站上頸線 32.75 至少2%；成交量>=20日均量2倍；不可長上影；回踩須有近10日突破紀錄且不有效跌破頸線；距離頸線>5%禁止進場,50,C,禁止追高,已漲遠或接近目標，空手不追；持有者依策略分批處理。,False,2026-10-05,True,True,STOP,STOP 停止進場,觀察,取消新進場，只保留觀察,只看續抱 / 減碼 / 停利 / 停損，不新增部位。,停止新進場，先保留現金，等待大盤止跌。,停止新進場，禁止顯示今日可進場。,False,False
2026-10-05,2026-10-05,收盤確認價,臺灣證券交易所 / 證券櫃檯買賣中心正式收盤；yfinance 歷史資料,只使用完整收盤日K，不使用盤中未完成K,上櫃,6432,今展科,67.1,68.5,65.8,65.3,62.97,59.29,66.22,48.67,-11.24,0.75,False,1230669,945548,82577889,59977959,4.39,True,True,36.55,下影線,,False,False,False,False,0,False,C級：已漲遠或接近目標，禁止追高,條件不足,接近成形,65.1,56.33,78.2,接近成形＋可觀察,66.4,65.1,66.4,68.39,63.15,4.9,低,3.07,16.13,3.62,17.77,66.4,1.04,True,False,True,距離頸線或前高過遠，禁止追高,頸線以當日前20日高點計算；收盤站上頸線 65.1 至少2%；成交量>=20日均量2倍；不可長上影；回踩須有近10日突破紀錄且不有效跌破頸線；距離頸線>5%禁止進場,50,C,禁止追高,已漲遠或接近目標，空手不追；持有者依策略分批處理。,False,2026-10-05,True,True,STOP,STOP 停止進場,觀察,取消新進場，只保留觀察,只看續抱 / 減碼 / 停利 / 停損，不新增部位。,停止新進場，先保留現金，等待大盤止跌。,停止新進場，禁止顯示今日可進場。,False,False
2026-10-05,2026-10-05,收盤確認價,臺灣證券交易所 / 證券櫃檯買賣中心正式收盤；yfinance 歷史資料,只使用完整收盤日K，不使用盤中未完成K,上櫃,6841,長佳智能,55.6,57.1,55.6,56.64,55.17,54.01,55.26,61.51,-14.06,-1.59,False,232167,214823,12908485,11884139,2.1,False,True,34.19,一般K,,False,False,False,False,0,False,C級：已漲遠或接近目標，禁止追高,條件不足,接近成形,55.8,51.31,60.6,回踩頸線不破,56.92,55.8,56.92,58.62,54.13,2.65,低,-0.36,15.11,3.39,8.99,55.6,0.0,True,False,True,距離頸線或前高過遠，禁止追高,頸線以當日前20日高點計算；收盤站上頸線 55.8 至少2%；成交量>=20日均量2倍；不可長上影；回踩須有近10日突破紀錄且不有效跌破頸線；距離頸線>5%禁止進場,50,C,禁止追高,已漲遠或接近目標，空手不追；持有者依策略分批處理。,False,2026-10-05,True,True,STOP,STOP 停止進場,接近目標,取消新進場，只保留觀察,只看續抱 / 減碼 / 停利 / 停損，不新增部位。,停止新進場，先保留現金，等待大盤止跌。,停止新進場，禁止顯示今日可進場。,False,False
2026-10-05,2026-10-05,收盤確認價,臺灣證券交易所 / 證券櫃檯買賣中心正式收盤；yfinance 歷史資料,只使用完整收盤日K，不使用盤中未完成K,上櫃,6113,亞矽,24.2,25.0,24.2,23.67,23.03,22.72,23.12,22.52,-12.64,-1.02,False,207577,142434,5023363,3379316,2.6,False,True,24.34,一般K,,False,False,False,False,0,False,C級：已漲遠或接近目標，禁止追高,條件不足,旗型整理突破,23.8,21.59,27.85,回踩頸線不破,24.28,23.8,24.28,25.0,23.09,4.6,低,1.68,15.09,3.28,15.08,24.2,2.27,True,False,True,距離頸線或前高過遠，禁止追高,頸線以當日前20日高點計算；收盤站上頸線 23.8 至少2%；成交量>=20日均量2倍；不可長上影；回踩須有近10日突破紀錄且不有效跌破頸線；距離頸線>5%禁止進場,50,C,禁止追高,已漲遠或接近目標，空手不追；持有者依策略分批處理。,False,2026-10-05,True,True,STOP,STOP 停止進場,回踩買點,取消新進場，只保留觀察,只看續抱 / 減碼 / 停利 / 停損，不新增部位。,停止新進場，先保留現金，等待大盤止跌。,停止新進場，禁止顯示今日可進場。,False,False
2026-10-05,2026-10-05,收盤確認價,臺灣證券交易所 / 證券櫃檯買賣中心正式收盤；yfinance 歷史資料,只使用完整收盤日K，不使用盤中未完成K,上櫃,3691,碩禾,105.5,113.0,105.0,113.8,112.0,104.17,108.92,109.62,-25.7,-6.64,False,1717973,947033,181246151,106950980,4.14,True,True,30.79,長黑,,False,False,False,False,0,False,C級：已漲遠或接近目標，禁止追高,條件不足,接近成形,110.5,98.96,130.5,接近成形＋可觀察,112.71,110.5,112.71,116.09,107.19,4.9,低,-4.52,27.49,3.22,15.78,112.71,0.0,True,False,True,距離頸線或前高過遠，禁止追高,頸線以當日前20日高點計算；收盤站上頸線 110.5 至少2%；成交量>=20日均量2倍；不可長上影；回踩須有近10日突破紀錄且不有效跌破頸線；距離頸線>5%禁止進場,50,C,禁止追高,已漲遠或接近目標，空手不追；持有者依策略分批處理。,False,2026-10-05,True,True,STOP,STOP 停止進場,觀察,取消新進場，只保留觀察,只看續抱 / 減碼 / 停利 / 停損，不新增部位。,停止新進場，先保留現金，等待大盤止跌。,停止新進場，禁止顯示今日可進場。,False,False
2026-10-05,2026-10-05,收盤確認價,臺灣證券交易所 / 證券櫃檯買賣中心正式收盤；yfinance 歷史資料,只使用完整收盤日K，不使用盤中未完成K,上市,2379,瑞昱,755.0,766.0,747.0,758.2,752.3,730.65,733.75,595.18,-10.12,0.13,False,2088058,2721423,1576483790,1989703271,1.81,True,True,36.96,一般K,,False,False,False,False,0,False,C級：已漲遠或接近目標，禁止追高,條件不足,接近成形,794.0,694.12,933.0,接近成形＋可觀察,809.88,794.0,809.88,834.18,770.18,4.9,低,-4.91,10.12,3.1,15.2,809.88,0.79,False,False,True,距離頸線或前高過遠，禁止追高,頸線以當日前20日高點計算；收盤站上頸線 794.0 至少2%；成交量>=20日均量2倍；不可長上影；回踩須有近10日突破紀錄且不有效跌破頸線；距離頸線>5%禁止進場,50,C,禁止追高,已漲遠或接近目標，空手不追；持有者依策略分批處理。,False,2026-10-05,True,True,STOP,STOP 停止進場,觀察,取消新進場，只保留觀察,只看續抱 / 減碼 / 停利 / 停損，不新增部位。,停止新進場，先保留現金，等待大盤止跌。,停止新進場，禁止顯示今日可進場。,False,False
2026-10-05,2026-10-05,收盤確認價,臺灣證券交易所 / 證券櫃檯買賣中心正式收盤；yfinance 歷史資料,只使用完整收盤日K，不使用盤中未完成K,上櫃,3152,璟德,240.0,240.5,235.0,233.0,228.5,227.22,233.0,258.87,-12.73,1.91,False,144596,93004,34703040,21282247,1.92,False,True,51.86,紅K突破,,False,False,False,False,0,False,C級：已漲遠或接近目標，禁止追高,條件不足,三角收斂突破,245.0,217.0,286.5,接近成形＋可觀察,249.9,245.0,249.9,257.4,237.65,4.9,低,-2.04,13.98,2.99,14.65,249.9,0.21,False,False,True,距離頸線或前高過遠，禁止追高,頸線以當日前20日高點計算；收盤站上頸線 245.0 至少2%；成交量>=20日均量2倍；不可長上影；回踩須有近10日突破紀錄且不有效跌破頸線；距離頸線>5%禁止進場,50,C,禁止追高,已漲遠或接近目標，空手不追；持有者依策略分批處理。,False,2026-10-05,True,True,STOP,STOP 停止進場,觀察,取消新進場，只保留觀察,只看續抱 / 減碼 / 停利 / 停損，不新增部位。,停止新進場，先保留現金，等待大盤止跌。,停止新進場，禁止顯示今日可進場。,False,False
2026-10-05,2026-10-05,收盤確認價,臺灣證券交易所 / 證券櫃檯買賣中心正式收盤；yfinance 歷史資料,只使用完整收盤日K，不使用盤中未完成K,上櫃,5516,雙喜,12.0,12.0,11.75,11.95,11.98,11.95,11.63,12.73,14.29,2.13,False,9558,10380,114696,123063,1.77,False,True,10.37,紅K突破,,False,False,False,False,0,False,C級：已漲遠或接近目標，禁止追高,條件不足,旗型整理突破,12.35,11.5,14.4,接近成形＋可觀察,12.6,12.35,12.6,12.97,11.98,4.9,低,-2.83,11.44,2.92,14.31,12.6,0.0,False,False,True,距離頸線或前高過遠，禁止追高,頸線以當日前20日高點計算；收盤站上頸線 12.35 至少2%；成交量>=20日均量2倍；不可長上影；回踩須有近10日突破紀錄且不有效跌破頸線；距離頸線>5%禁止進場,50,C,禁止追高,已漲遠或接近目標，空手不追；持有者依策略分批處理。,False,2026-10-05,True,True,STOP,STOP 停止進場,觀察,取消新進場，只保留觀察,只看續抱 / 減碼 / 停利 / 停損，不新增部位。,停止新進場，先保留現金，等待大盤止跌。,停止新進場，禁止顯示今日可進場。,False,False
2026-10-05,2026-10-05,收盤確認價,臺灣證券交易所 / 證券櫃檯買賣中心正式收盤；yfinance 歷史資料,只使用完整收盤日K，不使用盤中未完成K,上櫃,8038,長園科,35.4,35.95,34.7,34.22,33.28,32.22,33.12,41.21,-20.27,1.72,False,327949,200279,11609394,6530286,3.17,False,True,37.08,一般K,,False,False,False,False,0,False,C級：已漲遠或接近目標，禁止追高,條件不足,三角收斂突破,34.85,30.61,40.6,接近成形＋可觀察,35.55,34.85,35.55,36.61,33.8,4.9,低,1.58,20.27,2.9,14.21,35.55,1.55,False,False,True,距離頸線或前高過遠，禁止追高,頸線以當日前20日高點計算；收盤站上頸線 34.85 至少2%；成交量>=20日均量2倍；不可長上影；回踩須有近10日突破紀錄且不有效跌破頸線；距離頸線>5%禁止進場,50,C,禁止追高,已漲遠或接近目標，空手不追；持有者依策略分批處理。,False,2026-10-05,True,True,STOP,STOP 停止進場,觀察,取消新進場，只保留觀察,只看續抱 / 減碼 / 停利 / 停損，不新增部位。,停止新進場，先保留現金，等待大盤止跌。,停止新進場，禁止顯示今日可進場。,False,False
2026-10-05,2026-10-05,收盤確認價,臺灣證券交易所 / 證券櫃檯買賣中心正式收盤；yfinance 歷史資料,只使用完整收盤日K，不使用盤中未完成K,上櫃,4163,鐿鈦,136.0,137.0,133.5,136.1,134.6,133.28,133.33,111.32,6.67,-0.73,False,62388,38300,8484768,5046261,1.52,False,True,35.54,紅K突破,,False,False,False,False,0,False,C級：已漲遠或接近目標，禁止追高,條件不足,三角收斂突破,139.5,126.61,162.0,接近成形＋可觀察,142.29,139.5,142.29,146.56,135.31,4.9,低,-2.51,11.4,2.83,13.85,142.29,0.74,False,False,True,距離頸線或前高過遠，禁止追高,頸線以當日前20日高點計算；收盤站上頸線 139.5 至少2%；成交量>=20日均量2倍；不可長上影；回踩須有近10日突破紀錄且不有效跌破頸線；距離頸線>5%禁止進場,50,C,禁止追高,已漲遠或接近目標，空手不追；持有者依策略分批處理。,False,2026-10-05,True,True,STOP,STOP 停止進場,觀察,取消新進場，只保留觀察,只看續抱 / 減碼 / 停利 / 停損，不新增部位。,停止新進場，先保留現金，等待大盤止跌。,停止新進場，禁止顯示今日可進場。,False,False
2026-10-05,2026-10-05,收盤確認價,臺灣證券交易所 / 證券櫃檯買賣中心正式收盤；yfinance 歷史資料,只使用完整收盤日K，不使用盤中未完成K,上櫃,4745,合富-KY,12.15,12.2,12.1,12.16,12.01,11.86,12.21,17.71,-11.96,-0.41,False,28000,21304,340200,253799,0.74,False,True,47.93,一般K,,False,False,False,False,0,False,C級：已漲遠或接近目標，禁止追高,條件不足,箱型突破,12.25,11.5,14.1,接近成形＋可觀察,12.5,12.25,12.5,12.87,11.88,4.9,低,-0.82,20.85,2.62,12.85,12.5,0.41,False,False,True,距離頸線或前高過遠，禁止追高,頸線以當日前20日高點計算；收盤站上頸線 12.25 至少2%；成交量>=20日均量2倍；不可長上影；回踩須有近10日突破紀錄且不有效跌破頸線；距離頸線>5%禁止進場,50,C,禁止追高,已漲遠或接近目標，空手不追；持有者依策略分批處理。,False,2026-10-05,True,True,STOP,STOP 停止進場,觀察,取消新進場，只保留觀察,只看續抱 / 減碼 / 停利 / 停損，不新增部位。,停止新進場，先保留現金，等待大盤止跌。,停止新進場，禁止顯示今日可進場。,False,False
2026-10-05,2026-10-05,收盤確認價,臺灣證券交易所 / 證券櫃檯買賣中心正式收盤；yfinance 歷史資料,只使用完整收盤日K，不使用盤中未完成K,上櫃,4543,萬在,30.15,30.25,29.75,29.7,29.15,28.85,29.88,30.14,-10.7,-0.33,False,103075,84371,3107711,2447982,1.46,False,True,42.48,一般K,,False,False,False,False,0,False,C級：已漲遠或接近目標，禁止追高,條件不足,箱型突破,30.7,27.5,35.21,接近成形＋可觀察,31.31,30.7,31.31,32.25,29.78,4.9,低,-1.79,11.45,2.54,12.44,31.31,0.0,False,False,True,距離頸線或前高過遠，禁止追高,頸線以當日前20日高點計算；收盤站上頸線 30.7 至少2%；成交量>=20日均量2倍；不可長上影；回踩須有近10日突破紀錄且不有效跌破頸線；距離頸線>5%禁止進場,50,C,禁止追高,已漲遠或接近目標，空手不追；持有者依策略分批處理。,False,2026-10-05,True,True,STOP,STOP 停止進場,觀察,取消新進場，只保留觀察,只看續抱 / 減碼 / 停利 / 停損，不新增部位。,停止新進場，先保留現金，等待大盤止跌。,停止新進場，禁止顯示今日可進場。,False,False
2026-10-05,2026-10-05,收盤確認價,臺灣證券交易所 / 證券櫃檯買賣中心正式收盤；yfinance 歷史資料,只使用完整收盤日K，不使用盤中未完成K,上櫃,6535,順藥,85.0,89.3,84.1,82.76,81.17,79.23,84.34,144.83,-15.42,0.0,False,411444,238075,34972740,19036787,3.03,False,True,25.98,一般K,,False,False,False,False,0,False,C級：已漲遠或接近目標，禁止追高,條件不足,三角收斂突破,86.0,75.27,98.3,接近成形＋可觀察,87.72,86.0,87.72,90.35,83.42,4.9,低,-1.16,17.48,2.46,12.06,87.72,2.71,False,False,True,距離頸線或前高過遠，禁止追高,頸線以當日前20日高點計算；收盤站上頸線 86.0 至少2%；成交量>=20日均量2倍；不可長上影；回踩須有近10日突破紀錄且不有效跌破頸線；距離頸線>5%禁止進場,50,C,禁止追高,已漲遠或接近目標，空手不追；持有者依策略分批處理。,False,2026-10-05,True,True,STOP,STOP 停止進場,觀察,取消新進場，只保留觀察,只看續抱 / 減碼 / 停利 / 停損，不新增部位。,停止新進場，先保留現金，等待大盤止跌。,停止新進場，禁止顯示今日可進場。,False,False
2026-10-05,2026-10-05,收盤確認價,臺灣證券交易所 / 證券櫃檯買賣中心正式收盤；yfinance 歷史資料,只使用完整收盤日K，不使用盤中未完成K,上櫃,6156,松上,22.25,22.5,21.9,21.97,21.41,20.92,21.86,21.43,-17.44,-0.45,False,575124,503578,12796509,10603101,1.44,False,True,34.83,一般K,,False,False,False,False,0,False,C級：已漲遠或接近目標，禁止追高,條件不足,箱型突破,22.4,19.87,25.45,接近成形＋可觀察,22.85,22.4,22.85,23.53,21.73,4.9,低,-0.67,24.83,2.32,11.39,22.85,0.0,False,False,True,距離頸線或前高過遠，禁止追高,頸線以當日前20日高點計算；收盤站上頸線 22.4 至少2%；成交量>=20日均量2倍；不可長上影；回踩須有近10日突破紀錄且不有效跌破頸線；距離頸線>5%禁止進場,50,C,禁止追高,已漲遠或接近目標，空手不追；持有者依策略分批處理。,False,2026-10-05,True,True,STOP,STOP 停止進場,觀察,取消新進場，只保留觀察,只看續抱 / 減碼 / 停利 / 停損，不新增部位。,停止新進場，先保留現金，等待大盤止跌。,停止新進場，禁止顯示今日可進場。,False,False
2026-10-05,2026-10-05,收盤確認價,臺灣證券交易所 / 證券櫃檯買賣中心正式收盤；yfinance 歷史資料,只使用完整收盤日K，不使用盤中未完成K,上市,2352,佳世達,28.95,29.8,28.95,29.18,29.21,29.04,29.06,27.59,-12.27,-0.86,False,4972300,4389235,143948085,127747383,1.39,True,True,40.74,一般K,,False,False,False,False,0,False,C級：已漲遠或接近目標，禁止追高,條件不足,接近成形,29.95,28.2,33.85,接近成形＋可觀察,30.55,29.95,30.55,31.47,29.05,4.9,低,-3.34,13.32,2.2,10.81,30.55,1.38,False,False,True,距離頸線或前高過遠，禁止追高,頸線以當日前20日高點計算；收盤站上頸線 29.95 至少2%；成交量>=20日均量2倍；不可長上影；回踩須有近10日突破紀錄且不有效跌破頸線；距離頸線>5%禁止進場,50,C,禁止追高,已漲遠或接近目標，空手不追；持有者依策略分批處理。,False,2026-10-05,True,True,STOP,STOP 停止進場,觀察,取消新進場，只保留觀察,只看續抱 / 減碼 / 停利 / 停損，不新增部位。,停止新進場，先保留現金，等待大盤止跌。,停止新進場，禁止顯示今日可進場。,False,False
2026-10-05,2026-10-05,收盤確認價,臺灣證券交易所 / 證券櫃檯買賣中心正式收盤；yfinance 歷史資料,只使用完整收盤日K，不使用盤中未完成K,上櫃,8032,光菱,36.15,36.5,36.1,36.09,35.97,35.51,36.2,38.4,-13.52,0.14,False,25752,36621,930934,1302401,0.91,False,True,27.61,一般K,,False,False,False,False,0,False,C級：已漲遠或接近目標，禁止追高,條件不足,箱型突破,36.75,34.1,41.3,接近成形＋可觀察,37.48,36.75,37.48,38.61,35.65,4.9,低,-1.63,13.52,2.08,10.18,37.48,0.0,False,False,True,距離頸線或前高過遠，禁止追高,頸線以當日前20日高點計算；收盤站上頸線 36.75 至少2%；成交量>=20日均量2倍；不可長上影；回踩須有近10日突破紀錄且不有效跌破頸線；距離頸線>5%禁止進場,50,C,禁止追高,已漲遠或接近目標，空手不追；持有者依策略分批處理。,False,2026-10-05,True,True,STOP,STOP 停止進場,觀察,取消新進場，只保留觀察,只看續抱 / 減碼 / 停利 / 停損，不新增部位。,停止新進場，先保留現金，等待大盤止跌。,停止新進場，禁止顯示今日可進場。,False,False
2026-10-05,2026-10-05,收盤確認價,臺灣證券交易所 / 證券櫃檯買賣中心正式收盤；yfinance 歷史資料,只使用完整收盤日K，不使用盤中未完成K,上櫃,6208,日揚,79.9,82.0,79.6,78.08,76.64,75.6,80.24,65.06,-11.52,-0.62,False,238144,187728,19027705,14334334,2.15,False,True,29.62,一般K,,False,False,False,False,0,False,C級：已漲遠或接近目標，禁止追高,條件不足,接近成形,82.0,71.9,92.1,接近成形＋可觀察,83.64,82.0,83.64,86.15,79.54,4.9,低,-2.56,12.2,2.06,10.11,83.64,2.0,False,False,True,距離頸線或前高過遠，禁止追高,頸線以當日前20日高點計算；收盤站上頸線 82.0 至少2%；成交量>=20日均量2倍；不可長上影；回踩須有近10日突破紀錄且不有效跌破頸線；距離頸線>5%禁止進場,50,C,禁止追高,已漲遠或接近目標，空手不追；持有者依策略分批處理。,False,2026-10-05,True,True,STOP,STOP 停止進場,觀察,取消新進場，只保留觀察,只看續抱 / 減碼 / 停利 / 停損，不新增部位。,停止新進場，先保留現金，等待大盤止跌。,停止新進場，禁止顯示今日可進場。,False,False
2026-10-05,2026-10-05,收盤確認價,臺灣證券交易所 / 證券櫃檯買賣中心正式收盤；yfinance 歷史資料,只使用完整收盤日K，不使用盤中未完成K,上櫃,8068,全達,17.5,18.05,17.5,17.67,17.45,16.9,17.45,20.44,-4.63,-1.41,False,114833,210599,2009577,3726034,2.83,False,True,41.85,一般K,,False,False,False,False,0,False,C級：已漲遠或接近目標，禁止追高,條件不足,接近成形,17.65,16.06,19.8,接近成形＋可觀察,18.0,17.65,18.0,18.54,17.12,4.9,低,-0.85,12.5,2.04,9.98,18.0,0.0,True,False,True,距離頸線或前高過遠，禁止追高,頸線以當日前20日高點計算；收盤站上頸線 17.65 至少2%；成交量>=20日均量2倍；不可長上影；回踩須有近10日突破紀錄且不有效跌破頸線；距離頸線>5%禁止進場,50,C,禁止追高,已漲遠或接近目標，空手不追；持有者依策略分批處理。,False,2026-10-05,True,True,STOP,STOP 停止進場,觀察,取消新進場，只保留觀察,只看續抱 / 減碼 / 停利 / 停損，不新增部位。,停止新進場，先保留現金，等待大盤止跌。,停止新進場，禁止顯示今日可進場。,False,False
2026-10-05,2026-10-05,收盤確認價,臺灣證券交易所 / 證券櫃檯買賣中心正式收盤；yfinance 歷史資料,只使用完整收盤日K，不使用盤中未完成K,上櫃,8088,品安,44.0,44.75,44.0,43.75,43.11,42.77,45.53,50.46,-21.71,-1.01,False,428592,370739,18858048,15966690,1.9,False,True,20.5,一般K,,False,False,False,False,0,False,C級：已漲遠或接近目標，禁止追高,條件不足,接近成形,45.25,40.8,50.7,接近成形＋可觀察,46.16,45.25,46.16,47.54,43.89,4.9,低,-2.76,23.21,2.01,9.85,46.16,0.0,False,False,True,距離頸線或前高過遠，禁止追高,頸線以當日前20日高點計算；收盤站上頸線 45.25 至少2%；成交量>=20日均量2倍；不可長上影；回踩須有近10日突破紀錄且不有效跌破頸線；距離頸線>5%禁止進場,50,C,禁止追高,已漲遠或接近目標，空手不追；持有者依策略分批處理。,False,2026-10-05,True,True,STOP,STOP 停止進場,觀察,取消新進場，只保留觀察,只看續抱 / 減碼 / 停利 / 停損，不新增部位。,停止新進場，先保留現金，等待大盤止跌。,停止新進場，禁止顯示今日可進場。,False,False
2026-10-05,2026-10-05,收盤確認價,臺灣證券交易所 / 證券櫃檯買賣中心正式收盤；yfinance 歷史資料,只使用完整收盤日K，不使用盤中未完成K,上櫃,1240,茂生農經,53.9,54.2,53.8,54.02,54.6,54.95,53.93,55.41,-2.08,-0.19,False,62566,10555,3372307,574474,0.83,False,True,31.09,一般K,,False,True,False,False,1,False,只觀察,量能放大,三角收斂突破,55.7,53.8,60.64,接近成形＋可觀察,56.81,55.7,56.81,58.52,54.03,4.9,中,-3.23,3.41,1.37,6.73,56.81,0.37,False,False,False,預備單，等待確認條件,頸線以當日前20日高點計算；收盤站上頸線 55.7 至少2%；成交量>=20日均量2倍；不可長上影；回踩須有近10日突破紀錄且不有效跌破頸線；距離頸線>5%禁止進場,45,C,等更安全位置,條件或風險不夠好，先不列入高關注。,False,2026-10-05,True,True,STOP,STOP 停止進場,觀察,取消新進場，只保留觀察,只看續抱 / 減碼 / 停利 / 停損，不新增部位。,停止新進場，先保留現金，等待大盤止跌。,停止新進場，禁止顯示今日可進場。,False,False
2026-10-05,2026-10-05,收盤確認價,臺灣證券交易所 / 證券櫃檯買賣中心正式收盤；yfinance 歷史資料,只使用完整收盤日K，不使用盤中未完成K,上櫃,6843,進典,38.3,38.75,37.9,38.45,38.7,38.54,39.06,46.82,-4.61,-0.78,False,29400,9971,1126020,383523,0.96,False,True,6.67,一般K,,False,True,False,False,1,False,只觀察,量能放大,三角收斂突破,39.85,37.7,42.4,接近成形＋可觀察,40.65,39.85,40.65,41.87,38.65,4.9,中,-3.89,6.01,0.88,4.31,40.65,0.0,False,False,False,預備單，等待確認條件,頸線以當日前20日高點計算；收盤站上頸線 39.85 至少2%；成交量>=20日均量2倍；不可長上影；回踩須有近10日突破紀錄且不有效跌破頸線；距離頸線>5%禁止進場,45,C,等更安全位置,條件或風險不夠好，先不列入高關注。,False,2026-10-05,True,True,STOP,STOP 停止進場,接近目標,取消新進場，只保留觀察,只看續抱 / 減碼 / 停利 / 停損，不新增部位。,停止新進場，先保留現金，等待大盤止跌。,停止新進場，禁止顯示今日可進場。,False,False
2026-10-05,2026-10-05,收盤確認價,臺灣證券交易所 / 證券櫃檯買賣中心正式收盤；yfinance 歷史資料,只使用完整收盤日K，不使用盤中未完成K,上櫃,5403,中菲,92.5,92.9,92.0,92.78,92.91,93.03,93.19,103.02,-2.01,-0.22,False,68946,29808,6377505,2772834,0.36,False,True,46.98,一般K,,False,True,False,False,1,False,只觀察,量能放大,三角收斂突破,95.7,92.0,100.9,接近成形＋可觀察,97.61,95.7,97.61,100.54,92.83,4.9,中,-3.34,3.85,0.69,3.37,97.61,0.0,False,False,False,預備單，等待確認條件,頸線以當日前20日高點計算；收盤站上頸線 95.7 至少2%；成交量>=20日均量2倍；不可長上影；回踩須有近10日突破紀錄且不有效跌破頸線；距離頸線>5%禁止進場,45,C,等更安全位置,條件或風險不夠好，先不列入高關注。,False,2026-10-05,True,True,STOP,STOP 停止進場,接近目標,取消新進場，只保留觀察,只看續抱 / 減碼 / 停利 / 停損，不新增部位。,停止新進場，先保留現金，等待大盤止跌。,停止新進場，禁止顯示今日可進場。,False,False
2026-10-05,2026-10-05,收盤確認價,臺灣證券交易所 / 證券櫃檯買賣中心正式收盤；yfinance 歷史資料,只使用完整收盤日K，不使用盤中未完成K,上櫃,4972,湯石照明,16.2,16.65,16.15,16.27,16.3,16.33,16.55,17.31,-4.71,-0.0,False,47126,18064,763441,294841,0.52,False,True,19.44,一般K,,False,True,False,False,1,False,只觀察,量能放大,三角收斂突破,17.05,16.15,17.95,接近成形＋可觀察,17.39,17.05,17.39,17.91,16.54,4.9,中,-4.99,4.99,0.66,3.21,17.39,2.47,False,False,False,預備單，等待確認條件,頸線以當日前20日高點計算；收盤站上頸線 17.05 至少2%；成交量>=20日均量2倍；不可長上影；回踩須有近10日突破紀錄且不有效跌破頸線；距離頸線>5%禁止進場,45,C,等更安全位置,條件或風險不夠好，先不列入高關注。,False,2026-10-05,True,True,STOP,STOP 停止進場,接近目標,取消新進場，只保留觀察,只看續抱 / 減碼 / 停利 / 停損，不新增部位。,停止新進場，先保留現金，等待大盤止跌。,停止新進場，禁止顯示今日可進場。,False,False
2026-10-05,2026-10-05,收盤確認價,臺灣證券交易所 / 證券櫃檯買賣中心正式收盤；yfinance 歷史資料,只使用完整收盤日K，不使用盤中未完成K,上櫃,4568,科際精密,39.05,39.2,39.0,39.12,39.45,39.32,39.61,41.34,-5.68,0.13,False,14050,5474,548652,215237,1.28,False,True,12.57,紅K突破,,False,True,False,False,1,False,只觀察,量能放大,三角收斂突破,40.45,38.5,42.5,接近成形＋可觀察,41.26,40.45,41.26,42.5,39.24,4.9,中,-3.46,6.58,0.61,3.01,41.26,0.38,False,False,False,預備單，等待確認條件,頸線以當日前20日高點計算；收盤站上頸線 40.45 至少2%；成交量>=20日均量2倍；不可長上影；回踩須有近10日突破紀錄且不有效跌破頸線；距離頸線>5%禁止進場,45,C,等更安全位置,條件或風險不夠好，先不列入高關注。,False,2026-10-05,True,True,STOP,STOP 停止進場,接近目標,取消新進場，只保留觀察,只看續抱 / 減碼 / 停利 / 停損，不新增部位。,停止新進場，先保留現金，等待大盤止跌。,停止新進場，禁止顯示今日可進場。,False,False
2026-10-05,2026-10-05,收盤確認價,臺灣證券交易所 / 證券櫃檯買賣中心正式收盤；yfinance 歷史資料,只使用完整收盤日K，不使用盤中未完成K,上櫃,2754,亞洲藏壽司,67.2,69.4,67.0,67.86,68.22,68.59,69.17,75.35,-3.45,-1.32,False,58004,23807,3897868,1632551,0.84,False,True,18.9,一般K,,False,True,False,False,1,False,只觀察,量能放大,三角收斂突破,70.3,67.1,73.5,接近成形＋可觀察,71.71,70.3,71.71,73.86,68.19,4.9,中,-4.41,8.32,0.51,2.5,71.71,0.0,False,False,False,預備單，等待確認條件,頸線以當日前20日高點計算；收盤站上頸線 70.3 至少2%；成交量>=20日均量2倍；不可長上影；回踩須有近10日突破紀錄且不有效跌破頸線；距離頸線>5%禁止進場,45,C,等更安全位置,條件或風險不夠好，先不列入高關注。,False,2026-10-05,True,True,STOP,STOP 停止進場,接近目標,取消新進場，只保留觀察,只看續抱 / 減碼 / 停利 / 停損，不新增部位。,停止新進場，先保留現金，等待大盤止跌。,停止新進場，禁止顯示今日可進場。,False,False
2026-10-05,2026-10-05,收盤確認價,臺灣證券交易所 / 證券櫃檯買賣中心正式收盤；yfinance 歷史資料,只使用完整收盤日K，不使用盤中未完成K,上市,1231,聯華食,78.5,79.7,78.4,79.36,79.71,79.85,80.79,84.11,-0.06,-1.01,False,697762,222253,54774317,17718874,0.66,False,True,20.09,一般K,,False,True,False,False,1,False,只觀察,量能放大,三角收斂突破,81.0,79.1,84.64,接近成形＋可觀察,82.62,81.0,82.62,85.1,78.57,4.9,中,-3.09,7.65,0.5,2.44,82.62,0.0,False,False,False,預備單，等待確認條件,頸線以當日前20日高點計算；收盤站上頸線 81.0 至少2%；成交量>=20日均量2倍；不可長上影；回踩須有近10日突破紀錄且不有效跌破頸線；距離頸線>5%禁止進場,45,C,等更安全位置,條件或風險不夠好，先不列入高關注。,False,2026-10-05,True,True,STOP,STOP 停止進場,接近目標,取消新進場，只保留觀察,只看續抱 / 減碼 / 停利 / 停損，不新增部位。,停止新進場，先保留現金，等待大盤止跌。,停止新進場，禁止顯示今日可進場。,False,False
2026-10-05,2026-10-05,收盤確認價,臺灣證券交易所 / 證券櫃檯買賣中心正式收盤；yfinance 歷史資料,只使用完整收盤日K，不使用盤中未完成K,上櫃,4114,健喬,29.05,29.4,29.05,29.35,29.47,29.54,29.72,29.56,-5.94,-1.02,False,1360638,552675,39526533,16311832,0.63,False,True,14.89,一般K,,False,True,False,False,1,False,只觀察,量能放大,三角收斂突破,30.1,29.3,31.45,接近成形＋可觀察,30.7,30.1,30.7,31.62,29.2,4.9,中,-3.49,7.48,0.5,2.44,30.7,0.0,False,False,False,預備單，等待確認條件,頸線以當日前20日高點計算；收盤站上頸線 30.1 至少2%；成交量>=20日均量2倍；不可長上影；回踩須有近10日突破紀錄且不有效跌破頸線；距離頸線>5%禁止進場,45,C,等更安全位置,條件或風險不夠好，先不列入高關注。,False,2026-10-05,True,True,STOP,STOP 停止進場,接近目標,取消新進場，只保留觀察,只看續抱 / 減碼 / 停利 / 停損，不新增部位。,停止新進場，先保留現金，等待大盤止跌。,停止新進場，禁止顯示今日可進場。,False,False
2026-10-05,2026-10-05,收盤確認價,臺灣證券交易所 / 證券櫃檯買賣中心正式收盤；yfinance 歷史資料,只使用完整收盤日K，不使用盤中未完成K,上櫃,5512,力麒,7.51,7.62,7.49,7.66,7.66,7.69,7.76,7.86,-5.3,-2.34,False,1323964,587056,9942969,4498731,1.18,False,True,36.56,一般K,,False,True,False,False,1,False,只觀察,量能放大,三角收斂突破,7.84,7.49,8.19,接近成形＋可觀察,8.0,7.84,8.0,8.24,7.6,4.9,中,-4.21,7.63,0.49,2.42,8.0,0.0,False,False,False,預備單，等待確認條件,頸線以當日前20日高點計算；收盤站上頸線 7.84 至少2%；成交量>=20日均量2倍；不可長上影；回踩須有近10日突破紀錄且不有效跌破頸線；距離頸線>5%禁止進場,45,C,等更安全位置,條件或風險不夠好，先不列入高關注。,False,2026-10-05,True,True,STOP,STOP 停止進場,接近目標,取消新進場，只保留觀察,只看續抱 / 減碼 / 停利 / 停損，不新增部位。,停止新進場，先保留現金，等待大盤止跌。,停止新進場，禁止顯示今日可進場。,False,False
2026-10-05,2026-10-05,收盤確認價,臺灣證券交易所 / 證券櫃檯買賣中心正式收盤；yfinance 歷史資料,只使用完整收盤日K，不使用盤中未完成K,上市,1324,地球,9.91,9.95,9.9,9.97,9.98,10.01,10.1,10.57,-5.17,0.0,False,60618,29736,600724,297270,0.77,False,True,26.92,一般K,,False,True,False,False,1,False,只觀察,量能放大,三角收斂突破,10.3,9.9,10.73,接近成形＋可觀察,10.51,10.3,10.51,10.82,9.99,4.9,中,-3.79,5.62,0.43,2.13,10.51,0.4,False,False,False,預備單，等待確認條件,頸線以當日前20日高點計算；收盤站上頸線 10.3 至少2%；成交量>=20日均量2倍；不可長上影；回踩須有近10日突破紀錄且不有效跌破頸線；距離頸線>5%禁止進場,45,C,等更安全位置,條件或風險不夠好，先不列入高關注。,False,2026-10-05,True,True,STOP,STOP 停止進場,接近目標,取消新進場，只保留觀察,只看續抱 / 減碼 / 停利 / 停損，不新增部位。,停止新進場，先保留現金，等待大盤止跌。,停止新進場，禁止顯示今日可進場。,False,False
2026-10-05,2026-10-05,收盤確認價,臺灣證券交易所 / 證券櫃檯買賣中心正式收盤；yfinance 歷史資料,只使用完整收盤日K，不使用盤中未完成K,上市,1227,佳格,27.75,28.0,27.75,27.98,28.12,28.24,28.89,29.66,-6.72,-0.72,False,1406884,569615,39041031,16056348,0.5,False,True,28.37,一般K,,False,True,False,False,1,False,只觀察,量能放大,三角收斂突破,28.85,27.9,29.8,接近成形＋可觀察,29.43,28.85,29.43,30.31,27.98,4.9,中,-3.81,8.72,0.26,1.27,29.43,0.0,False,False,False,預備單，等待確認條件,頸線以當日前20日高點計算；收盤站上頸線 28.85 至少2%；成交量>=20日均量2倍；不可長上影；回踩須有近10日突破紀錄且不有效跌破頸線；距離頸線>5%禁止進場,45,C,等更安全位置,條件或風險不夠好，先不列入高關注。,False,2026-10-05,True,True,STOP,STOP 停止進場,接近目標,取消新進場，只保留觀察,只看續抱 / 減碼 / 停利 / 停損，不新增部位。,停止新進場，先保留現金，等待大盤止跌。,停止新進場，禁止顯示今日可進場。,False,False
2026-10-05,2026-10-05,收盤確認價,臺灣證券交易所 / 證券櫃檯買賣中心正式收盤；yfinance 歷史資料,只使用完整收盤日K，不使用盤中未完成K,上櫃,5878,台名,37.5,37.65,37.5,37.78,37.95,38.05,38.39,40.29,-3.23,-0.79,False,18201,3960,682537,150143,0.31,False,True,55.96,一般K,,False,True,False,False,1,False,只觀察,量能放大,三角收斂突破,38.7,37.8,39.6,接近成形＋可觀察,39.47,38.7,39.47,40.66,37.54,4.9,中,-3.1,5.18,0.07,0.32,39.47,0.0,False,False,False,預備單，等待確認條件,頸線以當日前20日高點計算；收盤站上頸線 38.7 至少2%；成交量>=20日均量2倍；不可長上影；回踩須有近10日突破紀錄且不有效跌破頸線；距離頸線>5%禁止進場,45,C,等更安全位置,條件或風險不夠好，先不列入高關注。,False,2026-10-05,True,True,STOP,STOP 停止進場,接近目標,取消新進場，只保留觀察,只看續抱 / 減碼 / 停利 / 停損，不新增部位。,停止新進場，先保留現金，等待大盤止跌。,停止新進場，禁止顯示今日可進場。,False,False
2026-10-05,2026-10-05,收盤確認價,臺灣證券交易所 / 證券櫃檯買賣中心正式收盤；yfinance 歷史資料,只使用完整收盤日K，不使用盤中未完成K,上市,1475,業旺,26.1,26.3,25.8,26.01,26.11,26.13,26.5,29.64,-4.4,-0.0,False,16435,19228,428953,502037,0.85,False,True,50.6,一般K,,False,False,False,False,0,False,只觀察,條件不足,接近成形,27.4,25.7,29.9,接近成形＋可觀察,27.95,27.4,27.95,28.79,26.58,4.9,中,-4.74,7.12,1.42,6.98,27.95,0.57,False,False,False,預備單，等待確認條件,頸線以當日前20日高點計算；收盤站上頸線 27.4 至少2%；成交量>=20日均量2倍；不可長上影；回踩須有近10日突破紀錄且不有效跌破頸線；距離頸線>5%禁止進場,45,C,等更安全位置,條件或風險不夠好，先不列入高關注。,False,2026-10-05,True,True,STOP,STOP 停止進場,觀察,取消新進場，只保留觀察,只看續抱 / 減碼 / 停利 / 停損，不新增部位。,停止新進場，先保留現金，等待大盤止跌。,停止新進場，禁止顯示今日可進場。,False,False
2026-10-05,2026-10-05,收盤確認價,臺灣證券交易所 / 證券櫃檯買賣中心正式收盤；yfinance 歷史資料,只使用完整收盤日K，不使用盤中未完成K,上櫃,5530,龍巖,48.25,48.6,48.1,48.66,48.8,49.19,49.06,49.03,-2.92,-0.92,False,278781,169885,13451183,8341634,0.63,False,True,54.28,一般K,,False,False,False,False,0,False,只觀察,條件不足,三角收斂突破,50.5,47.7,55.05,接近成形＋可觀察,51.51,50.5,51.51,53.06,48.98,4.9,中,-4.46,6.49,1.4,6.87,51.51,0.0,False,False,False,預備單，等待確認條件,頸線以當日前20日高點計算；收盤站上頸線 50.5 至少2%；成交量>=20日均量2倍；不可長上影；回踩須有近10日突破紀錄且不有效跌破頸線；距離頸線>5%禁止進場,45,C,等更安全位置,條件或風險不夠好，先不列入高關注。,False,2026-10-05,True,True,STOP,STOP 停止進場,觀察,取消新進場，只保留觀察,只看續抱 / 減碼 / 停利 / 停損，不新增部位。,停止新進場，先保留現金，等待大盤止跌。,停止新進場，禁止顯示今日可進場。,False,False
2026-10-05,2026-10-05,收盤確認價,臺灣證券交易所 / 證券櫃檯買賣中心正式收盤；yfinance 歷史資料,只使用完整收盤日K，不使用盤中未完成K,上櫃,4160,訊聯基因,38.4,38.8,38.4,38.85,39.15,38.93,38.34,43.62,-3.23,-1.03,False,35821,23375,1375526,911376,1.06,False,True,53.58,一般K,,False,False,False,False,0,False,只觀察,條件不足,三角收斂突破,40.35,37.4,43.97,接近成形＋可觀察,41.16,40.35,41.16,42.39,39.14,4.9,中,-4.83,4.83,1.39,6.84,41.16,0.78,False,False,False,預備單，等待確認條件,頸線以當日前20日高點計算；收盤站上頸線 40.35 至少2%；成交量>=20日均量2倍；不可長上影；回踩須有近10日突破紀錄且不有效跌破頸線；距離頸線>5%禁止進場,45,C,等更安全位置,條件或風險不夠好，先不列入高關注。,False,2026-10-05,True,True,STOP,STOP 停止進場,觀察,取消新進場，只保留觀察,只看續抱 / 減碼 / 停利 / 停損，不新增部位。,停止新進場，先保留現金，等待大盤止跌。,停止新進場，禁止顯示今日可進場。,False,False
2026-10-05,2026-10-05,收盤確認價,臺灣證券交易所 / 證券櫃檯買賣中心正式收盤；yfinance 歷史資料,只使用完整收盤日K，不使用盤中未完成K,上櫃,8917,欣泰,53.6,53.6,53.6,53.84,53.99,53.42,53.04,55.15,-0.74,-0.19,False,1100,28883,58960,1512039,1.41,False,True,19.09,資料不足,,False,False,False,False,0,False,只觀察,條件不足,接近成形,55.5,51.5,60.3,接近成形＋可觀察,56.61,55.5,56.61,58.31,53.84,4.9,中,-3.42,3.42,1.33,6.52,56.61,0.0,False,False,False,預備單，等待確認條件,頸線以當日前20日高點計算；收盤站上頸線 55.5 至少2%；成交量>=20日均量2倍；不可長上影；回踩須有近10日突破紀錄且不有效跌破頸線；距離頸線>5%禁止進場,45,C,等更安全位置,條件或風險不夠好，先不列入高關注。,False,2026-10-05,True,True,STOP,STOP 停止進場,觀察,取消新進場，只保留觀察,只看續抱 / 減碼 / 停利 / 停損，不新增部位。,停止新進場，先保留現金，等待大盤止跌。,停止新進場，禁止顯示今日可進場。,False,False
2026-10-05,2026-10-05,收盤確認價,臺灣證券交易所 / 證券櫃檯買賣中心正式收盤；yfinance 歷史資料,只使用完整收盤日K，不使用盤中未完成K,上櫃,9962,有益,10.15,10.4,10.15,10.27,10.14,10.11,10.06,10.35,2.73,-1.93,False,26473,53526,268700,543376,0.91,False,True,29.72,一般K,,False,False,False,False,0,False,只觀察,條件不足,接近成形,10.5,9.81,11.4,接近成形＋可觀察,10.71,10.5,10.71,11.03,10.19,4.9,中,-3.33,4.25,1.31,6.44,10.71,0.0,False,False,False,預備單，等待確認條件,頸線以當日前20日高點計算；收盤站上頸線 10.5 至少2%；成交量>=20日均量2倍；不可長上影；回踩須有近10日突破紀錄且不有效跌破頸線；距離頸線>5%禁止進場,45,C,等更安全位置,條件或風險不夠好，先不列入高關注。,False,2026-10-05,True,True,STOP,STOP 停止進場,觀察,取消新進場，只保留觀察,只看續抱 / 減碼 / 停利 / 停損，不新增部位。,停止新進場，先保留現金，等待大盤止跌。,停止新進場，禁止顯示今日可進場。,False,False
2026-10-05,2026-10-05,收盤確認價,臺灣證券交易所 / 證券櫃檯買賣中心正式收盤；yfinance 歷史資料,只使用完整收盤日K，不使用盤中未完成K,上市,2008,高興昌,30.5,30.6,30.5,30.69,30.65,30.69,30.71,29.17,2.18,0.0,False,9124,13232,278282,406287,0.99,False,True,54.8,一般K,,False,False,False,False,0,False,只觀察,條件不足,接近成形,31.5,30.5,34.15,接近成形＋可觀察,32.13,31.5,32.13,33.09,30.55,4.9,中,-3.17,4.39,1.28,6.29,32.13,0.0,False,False,False,預備單，等待確認條件,頸線以當日前20日高點計算；收盤站上頸線 31.5 至少2%；成交量>=20日均量2倍；不可長上影；回踩須有近10日突破紀錄且不有效跌破頸線；距離頸線>5%禁止進場,45,C,等更安全位置,條件或風險不夠好，先不列入高關注。,False,2026-10-05,True,True,STOP,STOP 停止進場,觀察,取消新進場，只保留觀察,只看續抱 / 減碼 / 停利 / 停損，不新增部位。,停止新進場，先保留現金，等待大盤止跌。,停止新進場，禁止顯示今日可進場。,False,False
2026-10-05,2026-10-05,收盤確認價,臺灣證券交易所 / 證券櫃檯買賣中心正式收盤；yfinance 歷史資料,只使用完整收盤日K，不使用盤中未完成K,上市,2206,三陽工業,62.6,63.0,62.0,62.52,63.09,63.34,63.01,60.91,-2.49,-0.32,False,582647,581570,36473702,36895000,0.62,False,True,20.96,一般K,,False,False,False,False,0,False,只觀察,條件不足,接近成形,64.6,62.1,69.8,接近成形＋可觀察,65.89,64.6,65.89,67.87,62.66,4.9,中,-3.1,6.15,1.21,5.93,65.89,0.16,False,False,False,預備單，等待確認條件,頸線以當日前20日高點計算；收盤站上頸線 64.6 至少2%；成交量>=20日均量2倍；不可長上影；回踩須有近10日突破紀錄且不有效跌破頸線；距離頸線>5%禁止進場,45,C,等更安全位置,條件或風險不夠好，先不列入高關注。,False,2026-10-05,True,True,STOP,STOP 停止進場,觀察,取消新進場，只保留觀察,只看續抱 / 減碼 / 停利 / 停損，不新增部位。,停止新進場，先保留現金，等待大盤止跌。,停止新進場，禁止顯示今日可進場。,False,False
2026-10-05,2026-10-05,收盤確認價,臺灣證券交易所 / 證券櫃檯買賣中心正式收盤；yfinance 歷史資料,只使用完整收盤日K，不使用盤中未完成K,上市,1419,新紡,65.3,65.8,65.3,65.68,65.85,66.34,66.25,65.88,-2.1,-0.46,False,35939,52649,2346816,3497701,0.94,False,True,23.6,一般K,,False,False,False,False,0,False,只觀察,條件不足,接近成形,68.6,64.9,74.1,接近成形＋可觀察,69.97,68.6,69.97,72.07,66.54,4.9,中,-4.81,7.11,1.2,5.9,69.97,0.0,False,False,False,預備單，等待確認條件,頸線以當日前20日高點計算；收盤站上頸線 68.6 至少2%；成交量>=20日均量2倍；不可長上影；回踩須有近10日突破紀錄且不有效跌破頸線；距離頸線>5%禁止進場,45,C,等更安全位置,條件或風險不夠好，先不列入高關注。,False,2026-10-05,True,True,STOP,STOP 停止進場,觀察,取消新進場，只保留觀察,只看續抱 / 減碼 / 停利 / 停損，不新增部位。,停止新進場，先保留現金，等待大盤止跌。,停止新進場，禁止顯示今日可進場。,False,False
2026-10-05,2026-10-05,收盤確認價,臺灣證券交易所 / 證券櫃檯買賣中心正式收盤；yfinance 歷史資料,只使用完整收盤日K，不使用盤中未完成K,上櫃,2729,瓦城,154.5,155.0,154.0,156.2,157.05,155.47,157.68,168.05,-2.22,-0.64,False,18327,22673,2831521,3526990,1.12,False,True,22.17,一般K,,False,False,False,False,0,False,只觀察,條件不足,接近成形,162.5,149.5,175.5,接近成形＋可觀察,165.75,162.5,165.75,170.72,157.62,4.9,中,-4.92,6.36,1.2,5.88,165.75,0.0,False,False,False,預備單，等待確認條件,頸線以當日前20日高點計算；收盤站上頸線 162.5 至少2%；成交量>=20日均量2倍；不可長上影；回踩須有近10日突破紀錄且不有效跌破頸線；距離頸線>5%禁止進場,45,C,等更安全位置,條件或風險不夠好，先不列入高關注。,False,2026-10-05,True,True,STOP,STOP 停止進場,觀察,取消新進場，只保留觀察,只看續抱 / 減碼 / 停利 / 停損，不新增部位。,停止新進場，先保留現金，等待大盤止跌。,停止新進場，禁止顯示今日可進場。,False,False
2026-10-05,2026-10-05,收盤確認價,臺灣證券交易所 / 證券櫃檯買賣中心正式收盤；yfinance 歷史資料,只使用完整收盤日K，不使用盤中未完成K,上櫃,5315,光聯,18.85,18.95,18.85,18.81,18.92,18.65,19.05,22.11,-6.91,-0.0,False,102722,207198,1936309,3871721,1.24,False,True,40.83,一般K,,False,False,False,False,0,False,只觀察,條件不足,接近成形,19.55,18.0,21.1,接近成形＋可觀察,19.94,19.55,19.94,20.54,18.96,4.9,中,-3.58,7.14,1.19,5.81,19.94,0.27,False,False,False,預備單，等待確認條件,頸線以當日前20日高點計算；收盤站上頸線 19.55 至少2%；成交量>=20日均量2倍；不可長上影；回踩須有近10日突破紀錄且不有效跌破頸線；距離頸線>5%禁止進場,45,C,等更安全位置,條件或風險不夠好，先不列入高關注。,False,2026-10-05,True,True,STOP,STOP 停止進場,觀察,取消新進場，只保留觀察,只看續抱 / 減碼 / 停利 / 停損，不新增部位。,停止新進場，先保留現金，等待大盤止跌。,停止新進場，禁止顯示今日可進場。,False,False
2026-10-05,2026-10-05,收盤確認價,臺灣證券交易所 / 證券櫃檯買賣中心正式收盤；yfinance 歷史資料,只使用完整收盤日K，不使用盤中未完成K,上市,1524,耿鼎,25.8,25.95,25.7,25.91,26.03,26.14,26.68,29.1,-8.83,-0.19,False,358666,230602,9253582,6032658,0.68,False,True,52.61,一般K,,False,False,False,False,0,False,只觀察,條件不足,三角收斂突破,27.15,25.65,29.3,接近成形＋可觀察,27.69,27.15,27.69,28.52,26.34,4.9,中,-4.97,9.63,1.18,5.8,27.69,0.0,False,False,False,預備單，等待確認條件,頸線以當日前20日高點計算；收盤站上頸線 27.15 至少2%；成交量>=20日均量2倍；不可長上影；回踩須有近10日突破紀錄且不有效跌破頸線；距離頸線>5%禁止進場,45,C,等更安全位置,條件或風險不夠好，先不列入高關注。,False,2026-10-05,True,True,STOP,STOP 停止進場,觀察,取消新進場，只保留觀察,只看續抱 / 減碼 / 停利 / 停損，不新增部位。,停止新進場，先保留現金，等待大盤止跌。,停止新進場，禁止顯示今日可進場。,False,False
2026-10-05,2026-10-05,收盤確認價,臺灣證券交易所 / 證券櫃檯買賣中心正式收盤；yfinance 歷史資料,只使用完整收盤日K，不使用盤中未完成K,上櫃,8066,來思達,14.85,14.85,14.8,14.98,15.03,14.81,14.79,17.77,-1.0,-0.67,False,13307,12558,197608,186811,1.75,False,True,40.89,一般K,,False,False,False,False,0,False,只觀察,條件不足,接近成形,15.4,14.25,16.55,接近成形＋可觀察,15.71,15.4,15.71,16.18,14.94,4.9,中,-3.57,3.88,1.09,5.36,15.71,0.0,False,False,False,預備單，等待確認條件,頸線以當日前20日高點計算；收盤站上頸線 15.4 至少2%；成交量>=20日均量2倍；不可長上影；回踩須有近10日突破紀錄且不有效跌破頸線；距離頸線>5%禁止進場,45,C,等更安全位置,條件或風險不夠好，先不列入高關注。,False,2026-10-05,True,True,STOP,STOP 停止進場,觀察,取消新進場，只保留觀察,只看續抱 / 減碼 / 停利 / 停損，不新增部位。,停止新進場，先保留現金，等待大盤止跌。,停止新進場，禁止顯示今日可進場。,False,False
2026-10-05,2026-10-05,收盤確認價,臺灣證券交易所 / 證券櫃檯買賣中心正式收盤；yfinance 歷史資料,只使用完整收盤日K，不使用盤中未完成K,上市,2247,汎德永業,226.0,226.5,225.0,225.2,228.0,229.53,227.62,249.67,-3.0,-0.44,False,21221,27817,4795946,6376232,0.82,False,True,28.91,紅K突破,,False,False,False,False,0,False,只觀察,條件不足,接近成形,235.5,222.5,253.0,接近成形＋可觀察,240.21,235.5,240.21,247.42,228.44,4.9,中,-4.03,4.03,1.09,5.32,240.21,0.22,False,False,False,預備單，等待確認條件,頸線以當日前20日高點計算；收盤站上頸線 235.5 至少2%；成交量>=20日均量2倍；不可長上影；回踩須有近10日突破紀錄且不有效跌破頸線；距離頸線>5%禁止進場,45,C,等更安全位置,條件或風險不夠好，先不列入高關注。,False,2026-10-05,True,True,STOP,STOP 停止進場,觀察,取消新進場，只保留觀察,只看續抱 / 減碼 / 停利 / 停損，不新增部位。,停止新進場，先保留現金，等待大盤止跌。,停止新進場，禁止顯示今日可進場。,False,False
2026-10-05,2026-10-05,收盤確認價,臺灣證券交易所 / 證券櫃檯買賣中心正式收盤；yfinance 歷史資料,只使用完整收盤日K，不使用盤中未完成K,上櫃,8941,關中,43.95,43.95,43.15,43.94,43.95,44.19,43.88,44.48,2.21,-0.11,False,8306,4540,365048,200028,0.94,False,True,41.86,紅K突破,,False,False,False,False,0,False,只觀察,條件不足,三角收斂突破,45.4,42.3,48.75,接近成形＋可觀察,46.31,45.4,46.31,47.7,44.04,4.9,中,-3.19,3.19,1.08,5.27,46.31,0.0,False,False,False,預備單，等待確認條件,頸線以當日前20日高點計算；收盤站上頸線 45.4 至少2%；成交量>=20日均量2倍；不可長上影；回踩須有近10日突破紀錄且不有效跌破頸線；距離頸線>5%禁止進場,45,C,等更安全位置,條件或風險不夠好，先不列入高關注。,False,2026-10-05,True,True,STOP,STOP 停止進場,接近目標,取消新進場，只保留觀察,只看續抱 / 減碼 / 停利 / 停損，不新增部位。,停止新進場，先保留現金，等待大盤止跌。,停止新進場，禁止顯示今日可進場。,False,False
2026-10-05,2026-10-05,收盤確認價,臺灣證券交易所 / 證券櫃檯買賣中心正式收盤；yfinance 歷史資料,只使用完整收盤日K，不使用盤中未完成K,上櫃,4702,中美實,9.3,9.35,9.27,9.3,9.32,9.32,9.51,9.85,-6.06,0.11,False,57141,64488,531411,602015,0.55,False,True,29.66,一般K,,False,False,False,False,0,False,只觀察,條件不足,接近成形,9.78,9.15,10.5,接近成形＋可觀察,9.98,9.78,9.98,10.27,9.49,4.9,中,-4.91,6.91,1.07,5.26,9.98,0.54,False,False,False,預備單，等待確認條件,頸線以當日前20日高點計算；收盤站上頸線 9.78 至少2%；成交量>=20日均量2倍；不可長上影；回踩須有近10日突破紀錄且不有效跌破頸線；距離頸線>5%禁止進場,45,C,等更安全位置,條件或風險不夠好，先不列入高關注。,False,2026-10-05,True,True,STOP,STOP 停止進場,觀察,取消新進場，只保留觀察,只看續抱 / 減碼 / 停利 / 停損，不新增部位。,停止新進場，先保留現金，等待大盤止跌。,停止新進場，禁止顯示今日可進場。,False,False
2026-10-05,2026-10-05,收盤確認價,臺灣證券交易所 / 證券櫃檯買賣中心正式收盤；yfinance 歷史資料,只使用完整收盤日K，不使用盤中未完成K,上櫃,6198,瑞築,19.45,19.85,19.45,19.78,19.62,19.55,19.66,23.22,-4.42,-2.51,False,6003,3006,116758,58596,1.03,False,True,47.82,一般K,,False,False,False,False,0,False,只觀察,條件不足,三角收斂突破,20.15,19.4,21.6,接近成形＋可觀察,20.55,20.15,20.55,21.17,19.55,4.9,中,-3.47,8.04,1.04,5.09,20.55,2.06,False,False,False,預備單，等待確認條件,頸線以當日前20日高點計算；收盤站上頸線 20.15 至少2%；成交量>=20日均量2倍；不可長上影；回踩須有近10日突破紀錄且不有效跌破頸線；距離頸線>5%禁止進場,45,C,等更安全位置,條件或風險不夠好，先不列入高關注。,False,2026-10-05,True,True,STOP,STOP 停止進場,接近目標,取消新進場，只保留觀察,只看續抱 / 減碼 / 停利 / 停損，不新增部位。,停止新進場，先保留現金，等待大盤止跌。,停止新進場，禁止顯示今日可進場。,False,False
2026-10-05,2026-10-05,收盤確認價,臺灣證券交易所 / 證券櫃檯買賣中心正式收盤；yfinance 歷史資料,只使用完整收盤日K，不使用盤中未完成K,上市,1453,大將,10.9,11.05,10.75,10.89,10.92,10.95,10.92,11.63,0.69,-0.46,False,56122,28203,611729,309261,0.79,False,True,17.97,一般K,,False,False,False,False,0,False,只觀察,條件不足,三角收斂突破,11.35,10.75,12.17,接近成形＋可觀察,11.58,11.35,11.58,11.92,11.01,4.9,中,-3.96,5.26,1.04,5.09,11.58,0.92,False,False,False,預備單，等待確認條件,頸線以當日前20日高點計算；收盤站上頸線 11.35 至少2%；成交量>=20日均量2倍；不可長上影；回踩須有近10日突破紀錄且不有效跌破頸線；距離頸線>5%禁止進場,45,C,等更安全位置,條件或風險不夠好，先不列入高關注。,False,2026-10-05,True,True,STOP,STOP 停止進場,觀察,取消新進場，只保留觀察,只看續抱 / 減碼 / 停利 / 停損，不新增部位。,停止新進場，先保留現金，等待大盤止跌。,停止新進場，禁止顯示今日可進場。,False,False
2026-10-05,2026-10-05,收盤確認價,臺灣證券交易所 / 證券櫃檯買賣中心正式收盤；yfinance 歷史資料,只使用完整收盤日K，不使用盤中未完成K,上市,2014,中鴻,16.85,17.2,16.85,17.05,16.85,16.79,17.02,16.96,-1.75,-1.46,False,2253453,2218924,37970683,37416107,1.24,False,True,24.38,一般K,,False,False,False,False,0,False,只觀察,條件不足,接近成形,17.45,16.2,18.7,接近成形＋可觀察,17.8,17.45,17.8,18.33,16.93,4.9,中,-3.44,6.91,1.03,5.06,17.8,0.0,False,False,False,預備單，等待確認條件,頸線以當日前20日高點計算；收盤站上頸線 17.45 至少2%；成交量>=20日均量2倍；不可長上影；回踩須有近10日突破紀錄且不有效跌破頸線；距離頸線>5%禁止進場,45,C,等更安全位置,條件或風險不夠好，先不列入高關注。,False,2026-10-05,True,True,STOP,STOP 停止進場,接近目標,取消新進場，只保留觀察,只看續抱 / 減碼 / 停利 / 停損，不新增部位。,停止新進場，先保留現金，等待大盤止跌。,停止新進場，禁止顯示今日可進場。,False,False
2026-10-05,2026-10-05,收盤確認價,臺灣證券交易所 / 證券櫃檯買賣中心正式收盤；yfinance 歷史資料,只使用完整收盤日K，不使用盤中未完成K,上櫃,2732,六角,63.3,63.5,63.1,63.4,63.36,63.06,63.79,67.13,-2.47,-0.16,False,18370,24052,1162821,1522688,1.33,False,True,23.48,一般K,,False,False,False,False,0,False,只觀察,條件不足,接近成形,66.5,61.8,71.2,接近成形＋可觀察,67.83,66.5,67.83,69.86,64.5,4.9,中,-4.81,4.81,1.01,4.97,67.83,0.16,False,False,False,預備單，等待確認條件,頸線以當日前20日高點計算；收盤站上頸線 66.5 至少2%；成交量>=20日均量2倍；不可長上影；回踩須有近10日突破紀錄且不有效跌破頸線；距離頸線>5%禁止進場,45,C,等更安全位置,條件或風險不夠好，先不列入高關注。,False,2026-10-05,True,True,STOP,STOP 停止進場,觀察,取消新進場，只保留觀察,只看續抱 / 減碼 / 停利 / 停損，不新增部位。,停止新進場，先保留現金，等待大盤止跌。,停止新進場，禁止顯示今日可進場。,False,False
2026-10-05,2026-10-05,收盤確認價,臺灣證券交易所 / 證券櫃檯買賣中心正式收盤；yfinance 歷史資料,只使用完整收盤日K，不使用盤中未完成K,上櫃,4535,至興,26.9,26.9,26.4,26.89,26.96,27.24,27.92,28.13,-6.43,0.56,False,10229,17592,275160,477104,0.78,False,True,41.18,紅K突破,,False,False,False,False,0,False,只觀察,條件不足,接近成形,28.15,26.2,30.1,接近成形＋可觀察,28.71,28.15,28.71,29.57,27.31,4.9,中,-4.44,9.88,0.99,4.83,28.71,0.0,False,False,False,預備單，等待確認條件,頸線以當日前20日高點計算；收盤站上頸線 28.15 至少2%；成交量>=20日均量2倍；不可長上影；回踩須有近10日突破紀錄且不有效跌破頸線；距離頸線>5%禁止進場,45,C,等更安全位置,條件或風險不夠好，先不列入高關注。,False,2026-10-05,True,True,STOP,STOP 停止進場,觀察,取消新進場，只保留觀察,只看續抱 / 減碼 / 停利 / 停損，不新增部位。,停止新進場，先保留現金，等待大盤止跌。,停止新進場，禁止顯示今日可進場。,False,False
2026-10-05,2026-10-05,收盤確認價,臺灣證券交易所 / 證券櫃檯買賣中心正式收盤；yfinance 歷史資料,只使用完整收盤日K，不使用盤中未完成K,上櫃,6512,啟發電,20.2,20.2,20.2,20.23,20.25,20.33,20.25,20.19,-0.25,-0.0,False,3141,5182,63448,105319,1.07,False,True,20.11,資料不足,,False,False,False,False,0,False,只觀察,條件不足,接近成形,21.05,19.95,22.5,接近成形＋可觀察,21.47,21.05,21.47,22.12,20.42,4.9,中,-4.04,4.04,0.98,4.79,21.47,0.0,False,False,False,預備單，等待確認條件,頸線以當日前20日高點計算；收盤站上頸線 21.05 至少2%；成交量>=20日均量2倍；不可長上影；回踩須有近10日突破紀錄且不有效跌破頸線；距離頸線>5%禁止進場,45,C,等更安全位置,條件或風險不夠好，先不列入高關注。,False,2026-10-05,True,True,STOP,STOP 停止進場,觀察,取消新進場，只保留觀察,只看續抱 / 減碼 / 停利 / 停損，不新增部位。,停止新進場，先保留現金，等待大盤止跌。,停止新進場，禁止顯示今日可進場。,False,False
2026-10-05,2026-10-05,收盤確認價,臺灣證券交易所 / 證券櫃檯買賣中心正式收盤；yfinance 歷史資料,只使用完整收盤日K，不使用盤中未完成K,上櫃,4523,永彰,23.75,23.9,23.7,23.88,23.93,23.85,24.35,28.94,-6.31,-0.63,False,24064,57161,571520,1371254,1.81,False,True,29.04,一般K,,False,False,False,False,0,False,只觀察,條件不足,接近成形,25.0,23.35,26.7,接近成形＋可觀察,25.5,25.0,25.5,26.27,24.25,4.9,中,-5.0,8.83,0.96,4.71,25.5,0.0,False,False,False,預備單，等待確認條件,頸線以當日前20日高點計算；收盤站上頸線 25.0 至少2%；成交量>=20日均量2倍；不可長上影；回踩須有近10日突破紀錄且不有效跌破頸線；距離頸線>5%禁止進場,45,C,等更安全位置,條件或風險不夠好，先不列入高關注。,False,2026-10-05,True,True,STOP,STOP 停止進場,觀察,取消新進場，只保留觀察,只看續抱 / 減碼 / 停利 / 停損，不新增部位。,停止新進場，先保留現金，等待大盤止跌。,停止新進場，禁止顯示今日可進場。,False,False
2026-10-05,2026-10-05,收盤確認價,臺灣證券交易所 / 證券櫃檯買賣中心正式收盤；yfinance 歷史資料,只使用完整收盤日K，不使用盤中未完成K,上市,1229,聯華,39.65,40.2,39.65,39.86,40.04,40.56,40.95,43.26,-1.12,-0.88,False,2011301,1949640,79748084,78861488,0.92,True,True,43.49,一般K,,False,False,False,False,0,False,只觀察,條件不足,接近成形,42.35,39.5,45.2,接近成形＋可觀察,43.2,42.35,43.2,44.49,41.08,4.9,中,-6.38,7.14,0.95,4.64,43.2,0.0,False,False,False,預備單，等待確認條件,頸線以當日前20日高點計算；收盤站上頸線 42.35 至少2%；成交量>=20日均量2倍；不可長上影；回踩須有近10日突破紀錄且不有效跌破頸線；距離頸線>5%禁止進場,45,C,等更安全位置,條件或風險不夠好，先不列入高關注。,False,2026-10-05,True,True,STOP,STOP 停止進場,觀察,取消新進場，只保留觀察,只看續抱 / 減碼 / 停利 / 停損，不新增部位。,停止新進場，先保留現金，等待大盤止跌。,停止新進場，禁止顯示今日可進場。,False,False
2026-10-05,2026-10-05,收盤確認價,臺灣證券交易所 / 證券櫃檯買賣中心正式收盤；yfinance 歷史資料,只使用完整收盤日K，不使用盤中未完成K,上櫃,8433,弘帆,52.6,52.8,52.6,52.8,52.91,53.36,54.14,54.2,-0.38,-0.38,False,15000,13450,789000,716220,0.36,False,True,59.49,一般K,,False,False,False,False,0,False,只觀察,條件不足,接近成形,55.2,52.2,58.9,接近成形＋可觀察,56.3,55.2,56.3,57.99,53.54,4.9,中,-4.71,9.15,0.94,4.61,56.3,0.0,False,False,False,預備單，等待確認條件,頸線以當日前20日高點計算；收盤站上頸線 55.2 至少2%；成交量>=20日均量2倍；不可長上影；回踩須有近10日突破紀錄且不有效跌破頸線；距離頸線>5%禁止進場,45,C,等更安全位置,條件或風險不夠好，先不列入高關注。,False,2026-10-05,True,True,STOP,STOP 停止進場,觀察,取消新進場，只保留觀察,只看續抱 / 減碼 / 停利 / 停損，不新增部位。,停止新進場，先保留現金，等待大盤止跌。,停止新進場，禁止顯示今日可進場。,False,False
2026-10-05,2026-10-05,收盤確認價,臺灣證券交易所 / 證券櫃檯買賣中心正式收盤；yfinance 歷史資料,只使用完整收盤日K，不使用盤中未完成K,上櫃,6561,是方,314.0,316.0,312.0,310.6,311.6,314.05,320.48,345.83,-4.99,0.32,False,52153,55791,16376042,17444079,0.83,False,True,48.44,紅K突破,,False,False,False,False,0,False,只觀察,條件不足,接近成形,326.5,305.0,348.0,接近成形＋可觀察,333.03,326.5,333.03,343.02,316.7,4.9,中,-3.83,7.1,0.92,4.5,333.03,0.64,False,False,False,預備單，等待確認條件,頸線以當日前20日高點計算；收盤站上頸線 326.5 至少2%；成交量>=20日均量2倍；不可長上影；回踩須有近10日突破紀錄且不有效跌破頸線；距離頸線>5%禁止進場,45,C,等更安全位置,條件或風險不夠好，先不列入高關注。,False,2026-10-05,True,True,STOP,STOP 停止進場,接近目標,取消新進場，只保留觀察,只看續抱 / 減碼 / 停利 / 停損，不新增部位。,停止新進場，先保留現金，等待大盤止跌。,停止新進場，禁止顯示今日可進場。,False,False
2026-10-05,2026-10-05,收盤確認價,臺灣證券交易所 / 證券櫃檯買賣中心正式收盤；yfinance 歷史資料,只使用完整收盤日K，不使用盤中未完成K,上市,1441,大東,9.81,10.0,9.8,9.93,10.03,10.09,10.35,11.47,-9.8,-0.1,False,26755,21989,262466,222043,0.81,False,True,55.2,一般K,,False,False,False,False,0,False,只觀察,條件不足,接近成形,10.25,9.59,10.92,接近成形＋可觀察,10.45,10.25,10.45,10.77,9.94,4.9,中,-4.28,9.9,0.9,4.44,10.45,1.94,False,False,False,預備單，等待確認條件,頸線以當日前20日高點計算；收盤站上頸線 10.25 至少2%；成交量>=20日均量2倍；不可長上影；回踩須有近10日突破紀錄且不有效跌破頸線；距離頸線>5%禁止進場,45,C,等更安全位置,條件或風險不夠好，先不列入高關注。,False,2026-10-05,True,True,STOP,STOP 停止進場,觀察,取消新進場，只保留觀察,只看續抱 / 減碼 / 停利 / 停損，不新增部位。,停止新進場，先保留現金，等待大盤止跌。,停止新進場，禁止顯示今日可進場。,False,False
2026-10-05,2026-10-05,收盤確認價,臺灣證券交易所 / 證券櫃檯買賣中心正式收盤；yfinance 歷史資料,只使用完整收盤日K，不使用盤中未完成K,上市,1472,三洋實業,86.9,88.0,86.9,88.02,87.8,88.5,88.66,90.17,-1.81,-0.69,False,65041,48263,5652062,4255406,0.78,False,True,42.55,一般K,,False,False,False,False,0,False,只觀察,條件不足,接近成形,90.9,85.9,96.7,接近成形＋可觀察,92.72,90.9,92.72,95.5,88.17,4.9,中,-4.4,4.51,0.88,4.29,92.72,0.58,False,False,False,預備單，等待確認條件,頸線以當日前20日高點計算；收盤站上頸線 90.9 至少2%；成交量>=20日均量2倍；不可長上影；回踩須有近10日突破紀錄且不有效跌破頸線；距離頸線>5%禁止進場,45,C,等更安全位置,條件或風險不夠好，先不列入高關注。,False,2026-10-05,True,True,STOP,STOP 停止進場,觀察,取消新進場，只保留觀察,只看續抱 / 減碼 / 停利 / 停損，不新增部位。,停止新進場，先保留現金，等待大盤止跌。,停止新進場，禁止顯示今日可進場。,False,False
2026-10-05,2026-10-05,收盤確認價,臺灣證券交易所 / 證券櫃檯買賣中心正式收盤；yfinance 歷史資料,只使用完整收盤日K，不使用盤中未完成K,上市,1463,強盛新,17.5,17.55,17.3,17.5,17.56,17.44,17.61,18.01,-2.78,0.29,False,18892,71108,330610,1243447,1.02,False,True,22.7,紅K突破,,False,False,False,False,0,False,只觀察,條件不足,接近成形,18.05,16.9,19.2,接近成形＋可觀察,18.41,18.05,18.41,18.96,17.51,4.9,中,-3.05,3.31,0.87,4.29,18.41,0.29,False,False,False,預備單，等待確認條件,頸線以當日前20日高點計算；收盤站上頸線 18.05 至少2%；成交量>=20日均量2倍；不可長上影；回踩須有近10日突破紀錄且不有效跌破頸線；距離頸線>5%禁止進場,45,C,等更安全位置,條件或風險不夠好，先不列入高關注。,False,2026-10-05,True,True,STOP,STOP 停止進場,接近目標,取消新進場，只保留觀察,只看續抱 / 減碼 / 停利 / 停損，不新增部位。,停止新進場，先保留現金，等待大盤止跌。,停止新進場，禁止顯示今日可進場。,False,False
2026-10-05,2026-10-05,收盤確認價,臺灣證券交易所 / 證券櫃檯買賣中心正式收盤；yfinance 歷史資料,只使用完整收盤日K，不使用盤中未完成K,上櫃,5278,尚凡*,23.6,23.8,23.45,23.73,23.81,23.8,24.16,26.68,-2.28,-0.42,False,108986,75375,2572069,1791576,1.18,False,True,20.43,一般K,,False,False,False,False,0,False,只觀察,條件不足,接近成形,24.6,23.05,26.15,接近成形＋可觀察,25.09,24.6,25.09,25.84,23.86,4.9,中,-4.07,6.16,0.86,4.22,25.09,0.42,False,False,False,預備單，等待確認條件,頸線以當日前20日高點計算；收盤站上頸線 24.6 至少2%；成交量>=20日均量2倍；不可長上影；回踩須有近10日突破紀錄且不有效跌破頸線；距離頸線>5%禁止進場,45,C,等更安全位置,條件或風險不夠好，先不列入高關注。,False,2026-10-05,True,True,STOP,STOP 停止進場,接近目標,取消新進場，只保留觀察,只看續抱 / 減碼 / 停利 / 停損，不新增部位。,停止新進場，先保留現金，等待大盤止跌。,停止新進場，禁止顯示今日可進場。,False,False
2026-10-05,2026-10-05,收盤確認價,臺灣證券交易所 / 證券櫃檯買賣中心正式收盤；yfinance 歷史資料,只使用完整收盤日K，不使用盤中未完成K,上市,1712,興農,39.65,39.8,39.6,39.7,39.81,40.05,39.66,42.19,0.13,-0.38,False,400889,490653,15895248,19689413,0.63,False,True,37.71,一般K,,False,False,False,False,0,False,只觀察,條件不足,接近成形,41.05,39.6,43.6,接近成形＋可觀察,41.87,41.05,41.87,43.13,39.82,4.9,中,-3.41,4.0,0.84,4.13,41.87,0.0,False,False,False,預備單，等待確認條件,頸線以當日前20日高點計算；收盤站上頸線 41.05 至少2%；成交量>=20日均量2倍；不可長上影；回踩須有近10日突破紀錄且不有效跌破頸線；距離頸線>5%禁止進場,45,C,等更安全位置,條件或風險不夠好，先不列入高關注。,False,2026-10-05,True,True,STOP,STOP 停止進場,接近目標,取消新進場，只保留觀察,只看續抱 / 減碼 / 停利 / 停損，不新增部位。,停止新進場，先保留現金，等待大盤止跌。,停止新進場，禁止顯示今日可進場。,False,False
2026-10-05,2026-10-05,收盤確認價,臺灣證券交易所 / 證券櫃檯買賣中心正式收盤；yfinance 歷史資料,只使用完整收盤日K，不使用盤中未完成K,上市,1702,南僑,32.8,33.15,32.75,33.08,33.09,32.79,33.01,35.46,0.61,-1.06,False,120387,141547,3948693,4651070,0.68,False,True,40.07,一般K,,False,False,False,False,0,False,只觀察,條件不足,接近成形,34.0,32.1,36.0,接近成形＋可觀察,34.68,34.0,34.68,35.72,32.98,4.9,中,-3.53,4.93,0.78,3.81,34.68,0.0,False,False,False,預備單，等待確認條件,頸線以當日前20日高點計算；收盤站上頸線 34.0 至少2%；成交量>=20日均量2倍；不可長上影；回踩須有近10日突破紀錄且不有效跌破頸線；距離頸線>5%禁止進場,45,C,等更安全位置,條件或風險不夠好，先不列入高關注。,False,2026-10-05,True,True,STOP,STOP 停止進場,接近目標,取消新進場，只保留觀察,只看續抱 / 減碼 / 停利 / 停損，不新增部位。,停止新進場，先保留現金，等待大盤止跌。,停止新進場，禁止顯示今日可進場。,False,False
2026-10-05,2026-10-05,收盤確認價,臺灣證券交易所 / 證券櫃檯買賣中心正式收盤；yfinance 歷史資料,只使用完整收盤日K，不使用盤中未完成K,上櫃,4538,大詠城,17.25,17.5,17.25,17.38,17.4,17.44,17.6,17.9,-7.26,-0.29,False,12417,17888,214193,312513,0.79,False,True,25.16,一般K,,False,False,False,False,0,False,只觀察,條件不足,接近成形,18.0,17.1,19.05,接近成形＋可觀察,18.36,18.0,18.36,18.91,17.46,4.9,中,-4.17,7.51,0.77,3.76,18.36,0.58,False,False,False,預備單，等待確認條件,頸線以當日前20日高點計算；收盤站上頸線 18.0 至少2%；成交量>=20日均量2倍；不可長上影；回踩須有近10日突破紀錄且不有效跌破頸線；距離頸線>5%禁止進場,45,C,等更安全位置,條件或風險不夠好，先不列入高關注。,False,2026-10-05,True,True,STOP,STOP 停止進場,接近目標,取消新進場，只保留觀察,只看續抱 / 減碼 / 停利 / 停損，不新增部位。,停止新進場，先保留現金，等待大盤止跌。,停止新進場，禁止顯示今日可進場。,False,False
2026-10-05,2026-10-05,收盤確認價,臺灣證券交易所 / 證券櫃檯買賣中心正式收盤；yfinance 歷史資料,只使用完整收盤日K，不使用盤中未完成K,上市,1216,統一,72.7,73.3,72.6,73.48,74.16,74.74,76.08,74.79,-7.27,0.0,False,9833552,8588427,714899230,641332915,0.86,True,True,27.75,一般K,,False,False,False,False,0,False,只觀察,條件不足,接近成形,76.7,72.6,81.0,接近成形＋可觀察,78.23,76.7,78.23,80.58,74.4,4.9,中,-5.22,9.91,0.72,3.54,78.23,0.0,False,False,False,預備單，等待確認條件,頸線以當日前20日高點計算；收盤站上頸線 76.7 至少2%；成交量>=20日均量2倍；不可長上影；回踩須有近10日突破紀錄且不有效跌破頸線；距離頸線>5%禁止進場,45,C,等更安全位置,條件或風險不夠好，先不列入高關注。,False,2026-10-05,True,True,STOP,STOP 停止進場,觀察,取消新進場，只保留觀察,只看續抱 / 減碼 / 停利 / 停損，不新增部位。,停止新進場，先保留現金，等待大盤止跌。,停止新進場，禁止顯示今日可進場。,False,False
2026-10-05,2026-10-05,收盤確認價,臺灣證券交易所 / 證券櫃檯買賣中心正式收盤；yfinance 歷史資料,只使用完整收盤日K，不使用盤中未完成K,上櫃,4401,東隆興,13.8,14.0,13.75,13.88,13.9,13.89,14.13,15.34,-7.38,-1.08,False,32011,46104,441751,639758,1.21,False,True,10.0,一般K,,False,False,False,False,0,False,只觀察,條件不足,接近成形,14.35,13.55,15.15,接近成形＋可觀察,14.64,14.35,14.64,15.08,13.92,4.9,中,-3.83,9.21,0.71,3.5,14.64,0.0,False,False,False,預備單，等待確認條件,頸線以當日前20日高點計算；收盤站上頸線 14.35 至少2%；成交量>=20日均量2倍；不可長上影；回踩須有近10日突破紀錄且不有效跌破頸線；距離頸線>5%禁止進場,45,C,等更安全位置,條件或風險不夠好，先不列入高關注。,False,2026-10-05,True,True,STOP,STOP 停止進場,接近目標,取消新進場，只保留觀察,只看續抱 / 減碼 / 停利 / 停損，不新增部位。,停止新進場，先保留現金，等待大盤止跌。,停止新進場，禁止顯示今日可進場。,False,False
2026-10-05,2026-10-05,收盤確認價,臺灣證券交易所 / 證券櫃檯買賣中心正式收盤；yfinance 歷史資料,只使用完整收盤日K，不使用盤中未完成K,上市,2387,精元,36.15,36.5,36.05,36.38,36.69,36.52,37.19,39.65,-9.28,-0.96,False,303009,212860,10953775,7776574,0.78,False,True,14.12,一般K,,False,False,False,False,0,False,只觀察,條件不足,接近成形,37.45,35.75,39.4,接近成形＋可觀察,38.2,37.45,38.2,39.34,36.33,4.9,中,-3.47,9.51,0.64,3.14,38.2,0.0,False,False,False,預備單，等待確認條件,頸線以當日前20日高點計算；收盤站上頸線 37.45 至少2%；成交量>=20日均量2倍；不可長上影；回踩須有近10日突破紀錄且不有效跌破頸線；距離頸線>5%禁止進場,45,C,等更安全位置,條件或風險不夠好，先不列入高關注。,False,2026-10-05,True,True,STOP,STOP 停止進場,接近目標,取消新進場，只保留觀察,只看續抱 / 減碼 / 停利 / 停損，不新增部位。,停止新進場，先保留現金，等待大盤止跌。,停止新進場，禁止顯示今日可進場。,False,False
2026-10-05,2026-10-05,收盤確認價,臺灣證券交易所 / 證券櫃檯買賣中心正式收盤；yfinance 歷史資料,只使用完整收盤日K，不使用盤中未完成K,上櫃,1813,寶利徠,11.25,11.3,11.25,11.28,11.32,11.34,11.54,12.58,-6.25,0.0,False,5701,13758,64136,156503,0.84,False,True,36.55,一般K,,False,False,False,False,0,False,只觀察,條件不足,接近成形,11.7,11.1,12.3,接近成形＋可觀察,11.93,11.7,11.93,12.29,11.35,4.9,中,-3.85,8.16,0.63,3.07,11.93,0.0,False,False,False,預備單，等待確認條件,頸線以當日前20日高點計算；收盤站上頸線 11.7 至少2%；成交量>=20日均量2倍；不可長上影；回踩須有近10日突破紀錄且不有效跌破頸線；距離頸線>5%禁止進場,45,C,等更安全位置,條件或風險不夠好，先不列入高關注。,False,2026-10-05,True,True,STOP,STOP 停止進場,接近目標,取消新進場，只保留觀察,只看續抱 / 減碼 / 停利 / 停損，不新增部位。,停止新進場，先保留現金，等待大盤止跌。,停止新進場，禁止顯示今日可進場。,False,False
2026-10-05,2026-10-05,收盤確認價,臺灣證券交易所 / 證券櫃檯買賣中心正式收盤；yfinance 歷史資料,只使用完整收盤日K，不使用盤中未完成K,上櫃,4506,崇友,117.5,119.0,117.0,117.8,118.2,119.33,121.24,119.74,-4.47,0.0,False,94223,54004,11071202,6446807,0.46,False,True,30.85,一般K,,False,False,False,False,0,False,只觀察,條件不足,三角收斂突破,123.0,117.0,129.0,接近成形＋可觀察,125.46,123.0,125.46,129.22,119.31,4.9,中,-4.47,6.75,0.58,2.82,125.46,1.28,False,False,False,預備單，等待確認條件,頸線以當日前20日高點計算；收盤站上頸線 123.0 至少2%；成交量>=20日均量2倍；不可長上影；回踩須有近10日突破紀錄且不有效跌破頸線；距離頸線>5%禁止進場,45,C,等更安全位置,條件或風險不夠好，先不列入高關注。,False,2026-10-05,True,True,STOP,STOP 停止進場,接近目標,取消新進場，只保留觀察,只看續抱 / 減碼 / 停利 / 停損，不新增部位。,停止新進場，先保留現金，等待大盤止跌。,停止新進場，禁止顯示今日可進場。,False,False
2026-10-05,2026-10-05,收盤確認價,臺灣證券交易所 / 證券櫃檯買賣中心正式收盤；yfinance 歷史資料,只使用完整收盤日K，不使用盤中未完成K,上櫃,6523,達爾膚,89.0,89.3,89.0,89.82,89.72,89.73,90.01,106.55,-2.2,-0.22,False,23046,22474,2051094,2022694,0.6,False,True,40.2,一般K,,False,False,False,False,0,False,只觀察,條件不足,接近成形,93.0,89.0,97.0,接近成形＋可觀察,94.86,93.0,94.86,97.71,90.21,4.9,中,-4.3,8.06,0.46,2.26,94.86,0.11,False,False,False,預備單，等待確認條件,頸線以當日前20日高點計算；收盤站上頸線 93.0 至少2%；成交量>=20日均量2倍；不可長上影；回踩須有近10日突破紀錄且不有效跌破頸線；距離頸線>5%禁止進場,45,C,等更安全位置,條件或風險不夠好，先不列入高關注。,False,2026-10-05,True,True,STOP,STOP 停止進場,接近目標,取消新進場，只保留觀察,只看續抱 / 減碼 / 停利 / 停損，不新增部位。,停止新進場，先保留現金，等待大盤止跌。,停止新進場，禁止顯示今日可進場。,False,False
2026-10-05,2026-10-05,收盤確認價,臺灣證券交易所 / 證券櫃檯買賣中心正式收盤；yfinance 歷史資料,只使用完整收盤日K，不使用盤中未完成K,上櫃,4432,銘旺實,15.3,15.6,15.25,15.4,15.47,15.55,15.82,15.96,-6.13,-1.61,False,14090,22763,215577,353784,1.0,False,True,27.37,一般K,,False,False,False,False,0,False,只觀察,條件不足,接近成形,15.9,15.25,16.55,接近成形＋可觀察,16.22,15.9,16.22,16.7,15.42,4.9,中,-3.77,9.2,0.42,2.05,16.22,1.63,False,False,False,預備單，等待確認條件,頸線以當日前20日高點計算；收盤站上頸線 15.9 至少2%；成交量>=20日均量2倍；不可長上影；回踩須有近10日突破紀錄且不有效跌破頸線；距離頸線>5%禁止進場,45,C,等更安全位置,條件或風險不夠好，先不列入高關注。,False,2026-10-05,True,True,STOP,STOP 停止進場,接近目標,取消新進場，只保留觀察,只看續抱 / 減碼 / 停利 / 停損，不新增部位。,停止新進場，先保留現金，等待大盤止跌。,停止新進場，禁止顯示今日可進場。,False,False
2026-10-05,2026-10-05,收盤確認價,臺灣證券交易所 / 證券櫃檯買賣中心正式收盤；yfinance 歷史資料,只使用完整收盤日K，不使用盤中未完成K,上櫃,8923,時報,18.0,18.1,18.0,18.09,18.36,18.39,18.72,19.55,-6.49,0.0,False,2607,6530,46926,120222,1.41,False,True,12.98,一般K,,False,False,False,False,0,False,只觀察,條件不足,接近成形,18.75,18.0,19.5,接近成形＋可觀察,19.12,18.75,19.12,19.7,18.19,4.9,中,-4.0,8.63,0.4,1.96,19.12,0.0,False,False,False,預備單，等待確認條件,頸線以當日前20日高點計算；收盤站上頸線 18.75 至少2%；成交量>=20日均量2倍；不可長上影；回踩須有近10日突破紀錄且不有效跌破頸線；距離頸線>5%禁止進場,45,C,等更安全位置,條件或風險不夠好，先不列入高關注。,False,2026-10-05,True,True,STOP,STOP 停止進場,接近目標,取消新進場，只保留觀察,只看續抱 / 減碼 / 停利 / 停損，不新增部位。,停止新進場，先保留現金，等待大盤止跌。,停止新進場，禁止顯示今日可進場。,False,False
2026-10-05,2026-10-05,收盤確認價,臺灣證券交易所 / 證券櫃檯買賣中心正式收盤；yfinance 歷史資料,只使用完整收盤日K，不使用盤中未完成K,上櫃,7718,友鋮,45.95,45.95,45.8,46.06,45.95,46.11,46.91,46.44,-1.92,0.22,False,32000,21412,1470400,987057,0.73,False,True,16.49,紅K突破,,False,False,False,False,0,False,只觀察,條件不足,接近成形,47.45,45.6,49.3,接近成形＋可觀察,48.4,47.45,48.4,49.85,46.03,4.9,中,-3.16,5.26,0.38,1.86,48.4,0.0,False,False,False,預備單，等待確認條件,頸線以當日前20日高點計算；收盤站上頸線 47.45 至少2%；成交量>=20日均量2倍；不可長上影；回踩須有近10日突破紀錄且不有效跌破頸線；距離頸線>5%禁止進場,45,C,等更安全位置,條件或風險不夠好，先不列入高關注。,False,2026-10-05,True,True,STOP,STOP 停止進場,接近目標,取消新進場，只保留觀察,只看續抱 / 減碼 / 停利 / 停損，不新增部位。,停止新進場，先保留現金，等待大盤止跌。,停止新進場，禁止顯示今日可進場。,False,False
2026-10-05,2026-10-05,收盤確認價,臺灣證券交易所 / 證券櫃檯買賣中心正式收盤；yfinance 歷史資料,只使用完整收盤日K，不使用盤中未完成K,上櫃,7747,昕奇雲端,111.5,112.0,111.5,111.5,112.4,112.8,114.17,113.88,-4.92,-0.45,False,2099,32896,234038,3680635,0.86,False,True,16.1,一般K,,False,False,False,False,0,False,只觀察,條件不足,接近成形,115.5,111.0,120.0,接近成形＋可觀察,117.81,115.5,117.81,121.34,112.03,4.9,中,-3.46,4.92,0.38,1.86,117.81,0.0,False,False,False,預備單，等待確認條件,頸線以當日前20日高點計算；收盤站上頸線 115.5 至少2%；成交量>=20日均量2倍；不可長上影；回踩須有近10日突破紀錄且不有效跌破頸線；距離頸線>5%禁止進場,45,C,等更安全位置,條件或風險不夠好，先不列入高關注。,False,2026-10-05,True,True,STOP,STOP 停止進場,接近目標,取消新進場，只保留觀察,只看續抱 / 減碼 / 停利 / 停損，不新增部位。,停止新進場，先保留現金，等待大盤止跌。,停止新進場，禁止顯示今日可進場。,False,False
2026-10-05,2026-10-05,收盤確認價,臺灣證券交易所 / 證券櫃檯買賣中心正式收盤；yfinance 歷史資料,只使用完整收盤日K，不使用盤中未完成K,上櫃,2736,富野,11.2,11.3,11.2,11.28,11.3,11.38,11.61,13.2,-5.08,0.0,False,9255,30943,103656,351762,0.48,False,True,40.58,一般K,,False,False,False,False,0,False,只觀察,條件不足,接近成形,11.65,11.2,12.1,接近成形＋可觀察,11.88,11.65,11.88,12.24,11.3,4.9,中,-3.86,9.68,0.37,1.83,11.88,0.0,False,False,False,預備單，等待確認條件,頸線以當日前20日高點計算；收盤站上頸線 11.65 至少2%；成交量>=20日均量2倍；不可長上影；回踩須有近10日突破紀錄且不有效跌破頸線；距離頸線>5%禁止進場,45,C,等更安全位置,條件或風險不夠好，先不列入高關注。,False,2026-10-05,True,True,STOP,STOP 停止進場,接近目標,取消新進場，只保留觀察,只看續抱 / 減碼 / 停利 / 停損，不新增部位。,停止新進場，先保留現金，等待大盤止跌。,停止新進場，禁止顯示今日可進場。,False,False
2026-10-05,2026-10-05,收盤確認價,臺灣證券交易所 / 證券櫃檯買賣中心正式收盤；yfinance 歷史資料,只使用完整收盤日K，不使用盤中未完成K,上市,1234,黑松,32.4,32.7,32.4,32.77,32.92,33.11,33.41,35.59,-2.41,-0.77,False,175757,94288,5694526,3116587,0.41,False,True,18.42,一般K,,False,False,False,False,0,False,只觀察,條件不足,三角收斂突破,33.6,32.55,34.65,接近成形＋可觀察,34.27,33.6,34.27,35.3,32.59,4.9,中,-3.57,5.95,0.22,1.1,34.27,0.0,False,False,False,預備單，等待確認條件,頸線以當日前20日高點計算；收盤站上頸線 33.6 至少2%；成交量>=20日均量2倍；不可長上影；回踩須有近10日突破紀錄且不有效跌破頸線；距離頸線>5%禁止進場,45,C,等更安全位置,條件或風險不夠好，先不列入高關注。,False,2026-10-05,True,True,STOP,STOP 停止進場,接近目標,取消新進場，只保留觀察,只看續抱 / 減碼 / 停利 / 停損，不新增部位。,停止新進場，先保留現金，等待大盤止跌。,停止新進場，禁止顯示今日可進場。,False,False
2026-10-05,2026-10-05,收盤確認價,臺灣證券交易所 / 證券櫃檯買賣中心正式收盤；yfinance 歷史資料,只使用完整收盤日K，不使用盤中未完成K,上櫃,3188,鑫龍騰,22.65,23.0,22.65,23.14,23.39,23.71,23.68,26.96,-4.03,-1.95,False,396981,139373,8991619,3306162,1.0,False,True,8.6,一般K,,False,True,False,False,1,False,只觀察,量能放大,三角收斂突破,25.1,23.05,28.05,接近成形＋可觀察,25.6,25.1,25.6,26.37,24.35,4.9,中,-9.76,9.76,1.95,9.56,25.6,0.0,False,False,False,預備單，等待確認條件,頸線以當日前20日高點計算；收盤站上頸線 25.1 至少2%；成交量>=20日均量2倍；不可長上影；回踩須有近10日突破紀錄且不有效跌破頸線；距離頸線>5%禁止進場,42,C,等更安全位置,條件或風險不夠好，先不列入高關注。,False,2026-10-05,True,True,STOP,STOP 停止進場,觀察,取消新進場，只保留觀察,只看續抱 / 減碼 / 停利 / 停損，不新增部位。,停止新進場，先保留現金，等待大盤止跌。,停止新進場，禁止顯示今日可進場。,False,False
2026-10-05,2026-10-05,收盤確認價,臺灣證券交易所 / 證券櫃檯買賣中心正式收盤；yfinance 歷史資料,只使用完整收盤日K，不使用盤中未完成K,上櫃,5324,士開,12.4,12.45,12.4,12.43,12.47,12.37,12.23,11.37,2.9,-0.4,False,87313,137525,1082681,1698633,1.01,False,True,55.89,一般K,,True,False,False,False,1,False,只觀察,趨勢多頭,接近成形,13.15,12.05,14.5,接近成形＋可觀察,13.41,13.15,13.41,13.82,12.76,4.9,中,-5.7,5.7,1.65,8.1,13.41,0.4,False,False,False,預備單，等待確認條件,頸線以當日前20日高點計算；收盤站上頸線 13.15 至少2%；成交量>=20日均量2倍；不可長上影；回踩須有近10日突破紀錄且不有效跌破頸線；距離頸線>5%禁止進場,42,C,等更安全位置,條件或風險不夠好，先不列入高關注。,False,2026-10-05,True,True,STOP,STOP 停止進場,觀察,取消新進場，只保留觀察,只看續抱 / 減碼 / 停利 / 停損，不新增部位。,停止新進場，先保留現金，等待大盤止跌。,停止新進場，禁止顯示今日可進場。,False,False
2026-10-05,2026-10-05,收盤確認價,臺灣證券交易所 / 證券櫃檯買賣中心正式收盤；yfinance 歷史資料,只使用完整收盤日K，不使用盤中未完成K,上市,1532,勤美,21.65,22.1,21.55,22.07,22.32,22.47,22.56,23.72,-6.07,-2.04,False,915027,327485,19810334,7329760,0.8,False,True,21.5,一般K,,False,True,False,False,1,False,只觀察,量能放大,三角收斂突破,23.3,21.95,25.55,接近成形＋可觀察,23.77,23.3,23.77,24.48,22.6,4.9,中,-7.08,8.84,1.53,7.51,23.77,0.0,False,False,False,預備單，等待確認條件,頸線以當日前20日高點計算；收盤站上頸線 23.3 至少2%；成交量>=20日均量2倍；不可長上影；回踩須有近10日突破紀錄且不有效跌破頸線；距離頸線>5%禁止進場,42,C,等更安全位置,條件或風險不夠好，先不列入高關注。,False,2026-10-05,True,True,STOP,STOP 停止進場,觀察,取消新進場，只保留觀察,只看續抱 / 減碼 / 停利 / 停損，不新增部位。,停止新進場，先保留現金，等待大盤止跌。,停止新進場，禁止顯示今日可進場。,False,False
2026-10-05,2026-10-05,收盤確認價,臺灣證券交易所 / 證券櫃檯買賣中心正式收盤；yfinance 歷史資料,只使用完整收盤日K，不使用盤中未完成K,上櫃,4138,曜亞,53.5,54.7,53.3,54.14,54.63,54.08,52.16,57.6,5.11,0.0,False,35658,40642,1907703,2199902,1.18,False,True,40.98,一般K,,False,False,False,False,0,False,只觀察,條件不足,接近成形,56.9,51.9,63.6,接近成形＋可觀察,58.04,56.9,58.04,59.78,55.19,4.9,中,-5.98,5.98,1.96,9.58,58.04,0.19,False,False,False,預備單，等待確認條件,頸線以當日前20日高點計算；收盤站上頸線 56.9 至少2%；成交量>=20日均量2倍；不可長上影；回踩須有近10日突破紀錄且不有效跌破頸線；距離頸線>5%禁止進場,42,C,等更安全位置,條件或風險不夠好，先不列入高關注。,False,2026-10-05,True,True,STOP,STOP 停止進場,觀察,取消新進場，只保留觀察,只看續抱 / 減碼 / 停利 / 停損，不新增部位。,停止新進場，先保留現金，等待大盤止跌。,停止新進場，禁止顯示今日可進場。,False,False
2026-10-05,2026-10-05,收盤確認價,臺灣證券交易所 / 證券櫃檯買賣中心正式收盤；yfinance 歷史資料,只使用完整收盤日K，不使用盤中未完成K,上櫃,6910,德鴻,25.8,26.25,25.8,26.46,26.05,25.48,25.06,32.17,-4.09,-1.71,False,19078,20478,492212,522941,1.43,False,True,47.94,一般K,,False,False,False,False,0,False,只觀察,條件不足,接近成形,27.2,24.2,30.4,接近成形＋可觀察,27.74,27.2,27.74,28.58,26.38,4.9,中,-5.15,5.15,1.95,9.57,27.74,0.0,False,False,False,預備單，等待確認條件,頸線以當日前20日高點計算；收盤站上頸線 27.2 至少2%；成交量>=20日均量2倍；不可長上影；回踩須有近10日突破紀錄且不有效跌破頸線；距離頸線>5%禁止進場,42,C,等更安全位置,條件或風險不夠好，先不列入高關注。,False,2026-10-05,True,True,STOP,STOP 停止進場,觀察,取消新進場，只保留觀察,只看續抱 / 減碼 / 停利 / 停損，不新增部位。,停止新進場，先保留現金，等待大盤止跌。,停止新進場，禁止顯示今日可進場。,False,False
2026-10-05,2026-10-05,收盤確認價,臺灣證券交易所 / 證券櫃檯買賣中心正式收盤；yfinance 歷史資料,只使用完整收盤日K，不使用盤中未完成K,上市,1437,勤益控,31.25,31.6,31.25,31.67,32.26,32.15,31.52,31.31,1.46,-0.95,False,139528,111282,4360250,3584391,0.89,False,True,23.16,一般K,,False,False,False,False,0,False,只觀察,條件不足,接近成形,33.1,31.45,36.9,接近成形＋可觀察,33.76,33.1,33.76,34.77,32.11,4.9,中,-5.59,5.59,1.9,9.29,33.76,0.0,False,False,False,預備單，等待確認條件,頸線以當日前20日高點計算；收盤站上頸線 33.1 至少2%；成交量>=20日均量2倍；不可長上影；回踩須有近10日突破紀錄且不有效跌破頸線；距離頸線>5%禁止進場,42,C,等更安全位置,條件或風險不夠好，先不列入高關注。,False,2026-10-05,True,True,STOP,STOP 停止進場,觀察,取消新進場，只保留觀察,只看續抱 / 減碼 / 停利 / 停損，不新增部位。,停止新進場，先保留現金，等待大盤止跌。,停止新進場，禁止顯示今日可進場。,False,False
2026-10-05,2026-10-05,收盤確認價,臺灣證券交易所 / 證券櫃檯買賣中心正式收盤；yfinance 歷史資料,只使用完整收盤日K，不使用盤中未完成K,上櫃,5704,老爺知,22.5,23.0,22.3,22.54,22.62,22.76,22.36,23.43,4.17,0.22,False,50829,28594,1143652,652036,0.61,False,True,43.68,一般K,,False,False,False,False,0,False,只觀察,條件不足,三角收斂突破,23.7,22.2,26.4,接近成形＋可觀察,24.17,23.7,24.17,24.9,22.99,4.9,中,-5.06,5.26,1.88,9.21,24.17,2.22,False,False,False,預備單，等待確認條件,頸線以當日前20日高點計算；收盤站上頸線 23.7 至少2%；成交量>=20日均量2倍；不可長上影；回踩須有近10日突破紀錄且不有效跌破頸線；距離頸線>5%禁止進場,42,C,等更安全位置,條件或風險不夠好，先不列入高關注。,False,2026-10-05,True,True,STOP,STOP 停止進場,觀察,取消新進場，只保留觀察,只看續抱 / 減碼 / 停利 / 停損，不新增部位。,停止新進場，先保留現金，等待大盤止跌。,停止新進場，禁止顯示今日可進場。,False,False
2026-10-05,2026-10-05,收盤確認價,臺灣證券交易所 / 證券櫃檯買賣中心正式收盤；yfinance 歷史資料,只使用完整收盤日K，不使用盤中未完成K,上市,1521,大億,25.7,25.95,25.7,25.69,25.64,25.38,25.45,25.36,-0.39,-0.39,False,19011,39483,488582,1015474,1.65,False,True,49.83,一般K,,False,False,False,False,0,False,只觀察,條件不足,接近成形,27.3,24.3,30.3,接近成形＋可觀察,27.85,27.3,27.85,28.68,26.48,4.9,中,-5.86,5.86,1.8,8.81,27.85,0.39,False,False,False,預備單，等待確認條件,頸線以當日前20日高點計算；收盤站上頸線 27.3 至少2%；成交量>=20日均量2倍；不可長上影；回踩須有近10日突破紀錄且不有效跌破頸線；距離頸線>5%禁止進場,42,C,等更安全位置,條件或風險不夠好，先不列入高關注。,False,2026-10-05,True,True,STOP,STOP 停止進場,觀察,取消新進場，只保留觀察,只看續抱 / 減碼 / 停利 / 停損，不新增部位。,停止新進場，先保留現金，等待大盤止跌。,停止新進場，禁止顯示今日可進場。,False,False
2026-10-05,2026-10-05,收盤確認價,臺灣證券交易所 / 證券櫃檯買賣中心正式收盤；yfinance 歷史資料,只使用完整收盤日K，不使用盤中未完成K,上櫃,6874,倍力,69.7,70.6,69.7,70.1,69.67,69.31,71.24,70.07,-8.4,-0.99,False,16775,25668,1169217,1777129,0.89,False,True,32.62,一般K,,False,False,False,False,0,False,只觀察,條件不足,接近成形,73.8,67.5,81.6,接近成形＋可觀察,75.28,73.8,75.28,77.53,71.59,4.9,中,-5.56,9.8,1.71,8.4,75.28,1.0,False,False,False,預備單，等待確認條件,頸線以當日前20日高點計算；收盤站上頸線 73.8 至少2%；成交量>=20日均量2倍；不可長上影；回踩須有近10日突破紀錄且不有效跌破頸線；距離頸線>5%禁止進場,42,C,等更安全位置,條件或風險不夠好，先不列入高關注。,False,2026-10-05,True,True,STOP,STOP 停止進場,觀察,取消新進場，只保留觀察,只看續抱 / 減碼 / 停利 / 停損，不新增部位。,停止新進場，先保留現金，等待大盤止跌。,停止新進場，禁止顯示今日可進場。,False,False
2026-10-05,2026-10-05,收盤確認價,臺灣證券交易所 / 證券櫃檯買賣中心正式收盤；yfinance 歷史資料,只使用完整收盤日K，不使用盤中未完成K,上櫃,6264,富裔,6.05,6.06,6.04,6.09,6.05,6.03,6.04,6.58,-2.1,-4.72,False,25069,44646,151667,268905,1.64,False,True,56.68,一般K,,False,False,False,False,0,False,只觀察,條件不足,接近成形,6.57,5.9,7.24,接近成形＋可觀察,6.7,6.57,6.7,6.9,6.37,4.9,中,-7.91,7.91,1.64,8.04,6.7,0.0,False,False,False,預備單，等待確認條件,頸線以當日前20日高點計算；收盤站上頸線 6.57 至少2%；成交量>=20日均量2倍；不可長上影；回踩須有近10日突破紀錄且不有效跌破頸線；距離頸線>5%禁止進場,42,C,等更安全位置,條件或風險不夠好，先不列入高關注。,False,2026-10-05,True,True,STOP,STOP 停止進場,觀察,取消新進場，只保留觀察,只看續抱 / 減碼 / 停利 / 停損，不新增部位。,停止新進場，先保留現金，等待大盤止跌。,停止新進場，禁止顯示今日可進場。,False,False
2026-10-05,2026-10-05,收盤確認價,臺灣證券交易所 / 證券櫃檯買賣中心正式收盤；yfinance 歷史資料,只使用完整收盤日K，不使用盤中未完成K,上櫃,7782,光速火箭,25.2,25.2,25.2,25.14,25.32,25.55,25.89,28.06,-3.82,0.2,False,2082,5255,52466,134556,0.89,False,True,11.04,資料不足,,False,False,False,False,0,False,只觀察,條件不足,接近成形,27.25,24.5,30.0,接近成形＋可觀察,27.8,27.25,27.8,28.63,26.43,4.9,中,-7.52,9.68,1.62,7.93,27.8,0.0,False,False,False,預備單，等待確認條件,頸線以當日前20日高點計算；收盤站上頸線 27.25 至少2%；成交量>=20日均量2倍；不可長上影；回踩須有近10日突破紀錄且不有效跌破頸線；距離頸線>5%禁止進場,42,C,等更安全位置,條件或風險不夠好，先不列入高關注。,False,2026-10-05,True,True,STOP,STOP 停止進場,觀察,取消新進場，只保留觀察,只看續抱 / 減碼 / 停利 / 停損，不新增部位。,停止新進場，先保留現金，等待大盤止跌。,停止新進場，禁止顯示今日可進場。,False,False
2026-10-05,2026-10-05,收盤確認價,臺灣證券交易所 / 證券櫃檯買賣中心正式收盤；yfinance 歷史資料,只使用完整收盤日K，不使用盤中未完成K,上櫃,6884,海柏特,30.6,30.7,30.6,31.0,31.39,31.0,31.11,38.27,-7.27,-2.39,False,4000,6351,122400,194965,2.27,False,True,48.08,一般K,,False,False,False,False,0,False,只觀察,條件不足,接近成形,32.5,29.45,35.7,接近成形＋可觀察,33.15,32.5,33.15,34.14,31.52,4.9,中,-5.85,8.66,1.57,7.69,33.15,0.0,False,False,False,預備單，等待確認條件,頸線以當日前20日高點計算；收盤站上頸線 32.5 至少2%；成交量>=20日均量2倍；不可長上影；回踩須有近10日突破紀錄且不有效跌破頸線；距離頸線>5%禁止進場,42,C,等更安全位置,條件或風險不夠好，先不列入高關注。,False,2026-10-05,True,True,STOP,STOP 停止進場,觀察,取消新進場，只保留觀察,只看續抱 / 減碼 / 停利 / 停損，不新增部位。,停止新進場，先保留現金，等待大盤止跌。,停止新進場，禁止顯示今日可進場。,False,False
2026-10-05,2026-10-05,收盤確認價,臺灣證券交易所 / 證券櫃檯買賣中心正式收盤；yfinance 歷史資料,只使用完整收盤日K，不使用盤中未完成K,上市,1733,五鼎,30.15,30.8,30.15,29.86,30.03,30.47,31.26,30.56,-0.5,-0.33,False,111959,106415,3375563,3259758,1.18,False,True,51.24,一般K,,False,False,False,False,0,False,只觀察,條件不足,接近成形,32.5,29.3,35.7,接近成形＋可觀察,33.15,32.5,33.15,34.14,31.52,4.9,中,-7.23,8.91,1.57,7.69,33.15,1.82,False,False,False,預備單，等待確認條件,頸線以當日前20日高點計算；收盤站上頸線 32.5 至少2%；成交量>=20日均量2倍；不可長上影；回踩須有近10日突破紀錄且不有效跌破頸線；距離頸線>5%禁止進場,42,C,等更安全位置,條件或風險不夠好，先不列入高關注。,False,2026-10-05,True,True,STOP,STOP 停止進場,觀察,取消新進場，只保留觀察,只看續抱 / 減碼 / 停利 / 停損，不新增部位。,停止新進場，先保留現金，等待大盤止跌。,停止新進場，禁止顯示今日可進場。,False,False
2026-10-05,2026-10-05,收盤確認價,臺灣證券交易所 / 證券櫃檯買賣中心正式收盤；yfinance 歷史資料,只使用完整收盤日K，不使用盤中未完成K,上櫃,4502,健信,15.75,15.75,15.4,15.8,15.76,15.74,15.71,15.89,0.0,-0.63,False,44848,24073,706356,378801,0.46,False,True,53.8,紅K突破,,False,False,False,False,0,False,只觀察,條件不足,三角收斂突破,16.65,15.45,18.25,接近成形＋可觀察,16.98,16.65,16.98,17.49,16.15,4.9,中,-5.41,5.41,1.52,7.46,16.98,0.0,False,False,False,預備單，等待確認條件,頸線以當日前20日高點計算；收盤站上頸線 16.65 至少2%；成交量>=20日均量2倍；不可長上影；回踩須有近10日突破紀錄且不有效跌破頸線；距離頸線>5%禁止進場,42,C,等更安全位置,條件或風險不夠好，先不列入高關注。,False,2026-10-05,True,True,STOP,STOP 停止進場,觀察,取消新進場，只保留觀察,只看續抱 / 減碼 / 停利 / 停損，不新增部位。,停止新進場，先保留現金，等待大盤止跌。,停止新進場，禁止顯示今日可進場。,False,False
2026-10-05,2026-10-05,收盤確認價,臺灣證券交易所 / 證券櫃檯買賣中心正式收盤；yfinance 歷史資料,只使用完整收盤日K，不使用盤中未完成K,上市,1310,台苯,9.53,9.66,9.37,9.26,9.03,8.85,8.76,9.17,-7.92,-0.83,False,3452484,3025272,32902172,27202005,2.71,False,True,46.88,下影線,,True,False,False,False,1,False,C級：已漲遠或接近目標，禁止追高,趨勢多頭,旗型整理突破,9.33,8.45,11.62,回踩頸線不破,9.52,9.33,9.52,9.8,9.05,5.04,低,2.14,13.36,4.36,21.93,9.53,0.52,True,False,True,距離頸線或前高過遠，禁止追高,頸線以當日前20日高點計算；收盤站上頸線 9.33 至少2%；成交量>=20日均量2倍；不可長上影；回踩須有近10日突破紀錄且不有效跌破頸線；距離頸線>5%禁止進場,40,C,禁止追高,已漲遠或接近目標，空手不追；持有者依策略分批處理。,False,2026-10-05,True,True,STOP,STOP 停止進場,回踩買點,取消新進場，只保留觀察,只看續抱 / 減碼 / 停利 / 停損，不新增部位。,停止新進場，先保留現金，等待大盤止跌。,停止新進場，禁止顯示今日可進場。,False,False
2026-10-05,2026-10-05,收盤確認價,臺灣證券交易所 / 證券櫃檯買賣中心正式收盤；yfinance 歷史資料,只使用完整收盤日K，不使用盤中未完成K,上市,1477,聚陽,197.5,199.0,191.0,192.4,192.15,193.7,205.82,252.65,-11.24,2.86,False,2063969,1174068,407633877,227640865,1.14,True,True,31.71,紅K突破,,False,False,False,False,0,False,C級：已漲遠或接近目標，禁止追高,條件不足,箱型突破,199.5,188.5,210.5,接近成形＋可觀察,203.49,199.5,203.49,209.59,193.51,4.9,低,-1.0,13.94,0.7,3.44,203.49,0.76,False,False,True,距離頸線或前高過遠，禁止追高,頸線以當日前20日高點計算；收盤站上頸線 199.5 至少2%；成交量>=20日均量2倍；不可長上影；回踩須有近10日突破紀錄且不有效跌破頸線；距離頸線>5%禁止進場,40,C,禁止追高,已漲遠或接近目標，空手不追；持有者依策略分批處理。,False,2026-10-05,True,True,STOP,STOP 停止進場,接近目標,取消新進場，只保留觀察,只看續抱 / 減碼 / 停利 / 停損，不新增部位。,停止新進場，先保留現金，等待大盤止跌。,停止新進場，禁止顯示今日可進場。,False,False
2026-10-05,2026-10-05,收盤確認價,臺灣證券交易所 / 證券櫃檯買賣中心正式收盤；yfinance 歷史資料,只使用完整收盤日K，不使用盤中未完成K,上市,1210,大成,51.6,51.9,51.1,51.68,51.99,52.02,53.86,53.12,-9.47,0.19,False,1210495,988129,62461542,51412038,0.64,True,True,24.82,一般K,,False,False,False,False,0,False,C級：已漲遠或接近目標，禁止追高,條件不足,接近成形,52.8,51.4,54.2,接近成形＋可觀察,53.86,52.8,53.86,55.47,51.22,4.9,低,-2.27,12.84,0.13,0.64,53.86,0.0,False,True,True,接近目標區，只給持有者分批停利參考，空手不追高,頸線以當日前20日高點計算；收盤站上頸線 52.8 至少2%；成交量>=20日均量2倍；不可長上影；回踩須有近10日突破紀錄且不有效跌破頸線；距離頸線>5%禁止進場,40,C,禁止追高,已漲遠或接近目標，空手不追；持有者依策略分批處理。,False,2026-10-05,True,True,STOP,STOP 停止進場,接近目標,取消新進場，只保留觀察,只看續抱 / 減碼 / 停利 / 停損，不新增部位。,停止新進場，先保留現金，等待大盤止跌。,停止新進場，禁止顯示今日可進場。,False,False
2026-10-05,2026-10-05,收盤確認價,臺灣證券交易所 / 證券櫃檯買賣中心正式收盤；yfinance 歷史資料,只使用完整收盤日K，不使用盤中未完成K,上櫃,4128,中天,15.45,16.0,15.25,15.25,14.99,14.81,14.96,17.38,-9.91,0.98,False,2393423,988057,36978385,14708954,1.02,False,True,19.25,一般K,,False,True,False,False,1,False,C級：已漲遠或接近目標，禁止追高,量能放大,箱型突破,15.45,14.1,17.3,接近成形＋可觀察,15.76,15.45,15.76,16.23,14.99,4.9,低,0.0,10.69,1.99,9.78,15.76,3.56,False,False,True,距離頸線或前高過遠，禁止追高,頸線以當日前20日高點計算；收盤站上頸線 15.45 至少2%；成交量>=20日均量2倍；不可長上影；回踩須有近10日突破紀錄且不有效跌破頸線；距離頸線>5%禁止進場,37,C,禁止追高,已漲遠或接近目標，空手不追；持有者依策略分批處理。,False,2026-10-05,True,True,STOP,STOP 停止進場,觀察,取消新進場，只保留觀察,只看續抱 / 減碼 / 停利 / 停損，不新增部位。,停止新進場，先保留現金，等待大盤止跌。,停止新進場，禁止顯示今日可進場。,False,False
2026-10-05,2026-10-05,收盤確認價,臺灣證券交易所 / 證券櫃檯買賣中心正式收盤；yfinance 歷史資料,只使用完整收盤日K，不使用盤中未完成K,上市,2332,友訊,20.15,20.7,20.0,20.29,20.22,19.67,21.18,17.22,-16.22,-1.47,False,7145358,8809873,143978963,174080902,2.33,True,True,51.5,一般K,,False,False,False,False,0,False,C級：已漲遠或接近目標，禁止追高,條件不足,接近成形,21.15,18.68,23.65,接近成形＋可觀察,21.57,21.15,21.57,22.22,20.52,4.9,低,-4.73,23.82,1.96,9.63,21.57,0.0,False,False,True,距離頸線或前高過遠，禁止追高,頸線以當日前20日高點計算；收盤站上頸線 21.15 至少2%；成交量>=20日均量2倍；不可長上影；回踩須有近10日突破紀錄且不有效跌破頸線；距離頸線>5%禁止進場,37,C,禁止追高,已漲遠或接近目標，空手不追；持有者依策略分批處理。,False,2026-10-05,True,True,STOP,STOP 停止進場,觀察,取消新進場，只保留觀察,只看續抱 / 減碼 / 停利 / 停損，不新增部位。,停止新進場，先保留現金，等待大盤止跌。,停止新進場，禁止顯示今日可進場。,False,False
2026-10-05,2026-10-05,收盤確認價,臺灣證券交易所 / 證券櫃檯買賣中心正式收盤；yfinance 歷史資料,只使用完整收盤日K，不使用盤中未完成K,上櫃,4534,慶騰,30.3,30.75,29.85,30.65,30.86,29.64,32.15,24.84,-9.82,1.0,False,707612,758719,21440643,22921734,3.55,False,True,44.3,一般K,,False,False,False,False,0,False,C級：已漲遠或接近目標，禁止追高,條件不足,接近成形,30.8,28.16,34.4,接近成形＋可觀察,31.42,30.8,31.42,32.36,29.88,4.9,低,-1.62,31.91,1.94,9.5,31.42,1.49,True,False,True,距離頸線或前高過遠，禁止追高,頸線以當日前20日高點計算；收盤站上頸線 30.8 至少2%；成交量>=20日均量2倍；不可長上影；回踩須有近10日突破紀錄且不有效跌破頸線；距離頸線>5%禁止進場,37,C,禁止追高,已漲遠或接近目標，空手不追；持有者依策略分批處理。,False,2026-10-05,True,True,STOP,STOP 停止進場,觀察,取消新進場，只保留觀察,只看續抱 / 減碼 / 停利 / 停損，不新增部位。,停止新進場，先保留現金，等待大盤止跌。,停止新進場，禁止顯示今日可進場。,False,False
2026-10-05,2026-10-05,收盤確認價,臺灣證券交易所 / 證券櫃檯買賣中心正式收盤；yfinance 歷史資料,只使用完整收盤日K，不使用盤中未完成K,上櫃,3290,東浦,49.95,51.3,49.6,50.05,48.17,47.19,52.6,49.55,-26.97,-0.7,False,570531,688881,28498023,33127791,2.77,False,True,50.4,一般K,,False,False,False,False,0,False,C級：已漲遠或接近目標，禁止追高,條件不足,接近成形,50.3,44.83,55.95,接近成形＋可觀察,51.31,50.3,51.31,52.85,48.79,4.9,低,-0.7,28.54,1.85,9.05,51.31,0.6,True,False,True,距離頸線或前高過遠，禁止追高,頸線以當日前20日高點計算；收盤站上頸線 50.3 至少2%；成交量>=20日均量2倍；不可長上影；回踩須有近10日突破紀錄且不有效跌破頸線；距離頸線>5%禁止進場,37,C,禁止追高,已漲遠或接近目標，空手不追；持有者依策略分批處理。,False,2026-10-05,True,True,STOP,STOP 停止進場,觀察,取消新進場，只保留觀察,只看續抱 / 減碼 / 停利 / 停損，不新增部位。,停止新進場，先保留現金，等待大盤止跌。,停止新進場，禁止顯示今日可進場。,False,False
2026-10-05,2026-10-05,收盤確認價,臺灣證券交易所 / 證券櫃檯買賣中心正式收盤；yfinance 歷史資料,只使用完整收盤日K，不使用盤中未完成K,上櫃,3227,原相,188.5,190.0,187.5,186.4,185.5,185.1,193.35,207.05,-14.9,0.53,False,958600,619677,180696100,114843721,1.1,True,True,38.79,一般K,,False,False,False,False,0,False,C級：已漲遠或接近目標，禁止追高,條件不足,三角收斂突破,196.5,179.5,218.5,接近成形＋可觀察,200.43,196.5,200.43,206.44,190.6,4.9,低,-4.07,14.9,1.84,9.02,200.43,0.53,False,False,True,距離頸線或前高過遠，禁止追高,頸線以當日前20日高點計算；收盤站上頸線 196.5 至少2%；成交量>=20日均量2倍；不可長上影；回踩須有近10日突破紀錄且不有效跌破頸線；距離頸線>5%禁止進場,37,C,禁止追高,已漲遠或接近目標，空手不追；持有者依策略分批處理。,False,2026-10-05,True,True,STOP,STOP 停止進場,觀察,取消新進場，只保留觀察,只看續抱 / 減碼 / 停利 / 停損，不新增部位。,停止新進場，先保留現金，等待大盤止跌。,停止新進場，禁止顯示今日可進場。,False,False
2026-10-05,2026-10-05,收盤確認價,臺灣證券交易所 / 證券櫃檯買賣中心正式收盤；yfinance 歷史資料,只使用完整收盤日K，不使用盤中未完成K,上市,2248,華勝-KY,60.7,61.5,60.0,61.18,61.22,60.69,61.01,53.83,2.88,-0.49,False,31409,42570,1906526,2582926,0.99,False,True,15.08,一般K,,False,False,False,False,0,False,C級：已漲遠或接近目標，禁止追高,條件不足,接近成形,62.5,58.9,69.2,接近成形＋可觀察,63.75,62.5,63.75,65.66,60.62,4.9,低,-2.88,14.27,1.74,8.55,63.75,0.0,False,False,True,距離頸線或前高過遠，禁止追高,頸線以當日前20日高點計算；收盤站上頸線 62.5 至少2%；成交量>=20日均量2倍；不可長上影；回踩須有近10日突破紀錄且不有效跌破頸線；距離頸線>5%禁止進場,37,C,禁止追高,已漲遠或接近目標，空手不追；持有者依策略分批處理。,False,2026-10-05,True,True,STOP,STOP 停止進場,觀察,取消新進場，只保留觀察,只看續抱 / 減碼 / 停利 / 停損，不新增部位。,停止新進場，先保留現金，等待大盤止跌。,停止新進場，禁止顯示今日可進場。,False,False
2026-10-05,2026-10-05,收盤確認價,臺灣證券交易所 / 證券櫃檯買賣中心正式收盤；yfinance 歷史資料,只使用完整收盤日K，不使用盤中未完成K,上櫃,3360,尚立,15.3,15.75,15.25,15.31,15.16,14.87,16.21,14.97,-23.88,-1.61,False,288310,258836,4411143,3851812,1.4,False,True,34.63,一般K,,False,False,False,False,0,False,C級：已漲遠或接近目標，禁止追高,條件不足,箱型突破,15.6,14.12,17.2,接近成形＋可觀察,15.91,15.6,15.91,16.39,15.13,4.9,低,-1.92,34.89,1.65,8.09,15.91,0.33,False,False,True,距離頸線或前高過遠，禁止追高,頸線以當日前20日高點計算；收盤站上頸線 15.6 至少2%；成交量>=20日均量2倍；不可長上影；回踩須有近10日突破紀錄且不有效跌破頸線；距離頸線>5%禁止進場,37,C,禁止追高,已漲遠或接近目標，空手不追；持有者依策略分批處理。,False,2026-10-05,True,True,STOP,STOP 停止進場,觀察,取消新進場，只保留觀察,只看續抱 / 減碼 / 停利 / 停損，不新增部位。,停止新進場，先保留現金，等待大盤止跌。,停止新進場，禁止顯示今日可進場。,False,False
2026-10-05,2026-10-05,收盤確認價,臺灣證券交易所 / 證券櫃檯買賣中心正式收盤；yfinance 歷史資料,只使用完整收盤日K，不使用盤中未完成K,上市,1338,廣華-KY,14.95,15.4,14.8,15.16,14.9,14.63,15.06,17.56,-11.54,-1.64,False,122115,106552,1825619,1581710,1.78,False,True,41.98,一般K,,False,False,False,False,0,False,C級：已漲遠或接近目標，禁止追高,條件不足,接近成形,14.9,14.05,15.75,回踩頸線不破,15.2,14.9,15.2,15.65,14.45,3.32,低,0.34,11.54,1.61,5.35,14.95,0.0,True,False,True,距離頸線或前高過遠，禁止追高,頸線以當日前20日高點計算；收盤站上頸線 14.9 至少2%；成交量>=20日均量2倍；不可長上影；回踩須有近10日突破紀錄且不有效跌破頸線；距離頸線>5%禁止進場,37,C,禁止追高,已漲遠或接近目標，空手不追；持有者依策略分批處理。,False,2026-10-05,True,True,STOP,STOP 停止進場,接近目標,取消新進場，只保留觀察,只看續抱 / 減碼 / 停利 / 停損，不新增部位。,停止新進場，先保留現金，等待大盤止跌。,停止新進場，禁止顯示今日可進場。,False,False
2026-10-05,2026-10-05,收盤確認價,臺灣證券交易所 / 證券櫃檯買賣中心正式收盤；yfinance 歷史資料,只使用完整收盤日K，不使用盤中未完成K,上櫃,6556,勝品,60.9,60.9,60.2,61.46,61.45,61.31,62.57,67.86,-13.74,0.16,False,9474,5985,576966,366905,0.75,False,True,26.72,紅K突破,,False,False,False,False,0,False,C級：已漲遠或接近目標，禁止追高,條件不足,三角收斂突破,62.2,59.5,68.4,接近成形＋可觀察,63.44,62.2,63.44,65.35,60.33,4.9,低,-2.09,14.23,1.59,7.81,63.44,0.0,False,False,True,距離頸線或前高過遠，禁止追高,頸線以當日前20日高點計算；收盤站上頸線 62.2 至少2%；成交量>=20日均量2倍；不可長上影；回踩須有近10日突破紀錄且不有效跌破頸線；距離頸線>5%禁止進場,37,C,禁止追高,已漲遠或接近目標，空手不追；持有者依策略分批處理。,False,2026-10-05,True,True,STOP,STOP 停止進場,觀察,取消新進場，只保留觀察,只看續抱 / 減碼 / 停利 / 停損，不新增部位。,停止新進場，先保留現金，等待大盤止跌。,停止新進場，禁止顯示今日可進場。,False,False
2026-10-05,2026-10-05,收盤確認價,臺灣證券交易所 / 證券櫃檯買賣中心正式收盤；yfinance 歷史資料,只使用完整收盤日K，不使用盤中未完成K,上櫃,6151,晉倫,35.1,35.6,34.75,34.89,35.03,34.8,35.55,33.78,-10.0,-0.28,False,71682,91084,2516038,3166903,1.05,False,True,26.55,一般K,,False,False,False,False,0,False,C級：已漲遠或接近目標，禁止追高,條件不足,箱型突破,35.7,33.75,39.15,接近成形＋可觀察,36.41,35.7,36.41,37.51,34.63,4.9,低,-1.68,10.34,1.53,7.51,36.41,0.0,False,False,True,距離頸線或前高過遠，禁止追高,頸線以當日前20日高點計算；收盤站上頸線 35.7 至少2%；成交量>=20日均量2倍；不可長上影；回踩須有近10日突破紀錄且不有效跌破頸線；距離頸線>5%禁止進場,37,C,禁止追高,已漲遠或接近目標，空手不追；持有者依策略分批處理。,False,2026-10-05,True,True,STOP,STOP 停止進場,觀察,取消新進場，只保留觀察,只看續抱 / 減碼 / 停利 / 停損，不新增部位。,停止新進場，先保留現金，等待大盤止跌。,停止新進場，禁止顯示今日可進場。,False,False
2026-10-05,2026-10-05,收盤確認價,臺灣證券交易所 / 證券櫃檯買賣中心正式收盤；yfinance 歷史資料,只使用完整收盤日K，不使用盤中未完成K,上市,1325,恆大,25.7,26.15,25.7,25.76,25.73,25.76,26.0,27.98,5.11,-0.96,False,182302,158578,4685161,4094406,1.16,False,True,14.29,一般K,,False,False,False,False,0,False,C級：已漲遠或接近目標，禁止追高,條件不足,接近成形,26.45,25.1,29.0,接近成形＋可觀察,26.98,26.45,26.98,27.79,25.66,4.9,低,-2.84,12.44,1.53,7.49,26.98,0.0,False,False,True,距離頸線或前高過遠，禁止追高,頸線以當日前20日高點計算；收盤站上頸線 26.45 至少2%；成交量>=20日均量2倍；不可長上影；回踩須有近10日突破紀錄且不有效跌破頸線；距離頸線>5%禁止進場,37,C,禁止追高,已漲遠或接近目標，空手不追；持有者依策略分批處理。,False,2026-10-05,True,True,STOP,STOP 停止進場,觀察,取消新進場，只保留觀察,只看續抱 / 減碼 / 停利 / 停損，不新增部位。,停止新進場，先保留現金，等待大盤止跌。,停止新進場，禁止顯示今日可進場。,False,False
2026-10-05,2026-10-05,收盤確認價,臺灣證券交易所 / 證券櫃檯買賣中心正式收盤；yfinance 歷史資料,只使用完整收盤日K，不使用盤中未完成K,上櫃,8935,邦泰,18.75,19.05,18.7,19.24,18.36,18.09,18.3,19.47,-17.22,-2.34,False,98464,142793,1846200,2629025,2.56,False,True,56.37,一般K,,False,False,False,False,0,False,C級：已漲遠或接近目標，禁止追高,條件不足,接近成形,18.25,17.18,20.0,接近成形＋可觀察,18.62,18.25,18.62,19.17,17.7,4.9,低,2.74,17.94,1.52,7.44,18.62,1.33,True,False,True,距離頸線或前高過遠，禁止追高,頸線以當日前20日高點計算；收盤站上頸線 18.25 至少2%；成交量>=20日均量2倍；不可長上影；回踩須有近10日突破紀錄且不有效跌破頸線；距離頸線>5%禁止進場,37,C,禁止追高,已漲遠或接近目標，空手不追；持有者依策略分批處理。,False,2026-10-05,True,True,STOP,STOP 停止進場,接近目標,取消新進場，只保留觀察,只看續抱 / 減碼 / 停利 / 停損，不新增部位。,停止新進場，先保留現金，等待大盤止跌。,停止新進場，禁止顯示今日可進場。,False,False
2026-10-05,2026-10-05,收盤確認價,臺灣證券交易所 / 證券櫃檯買賣中心正式收盤；yfinance 歷史資料,只使用完整收盤日K，不使用盤中未完成K,上櫃,4908,前鼎,234.5,242.0,228.0,215.2,219.4,226.28,180.87,140.29,42.99,4.45,False,9988177,4958431,2342227506,1158821176,4.8,True,True,29.62,下影線,光通訊 CPO 網通,True,True,True,True,4,False,C級：已漲遠或接近目標，禁止追高,趨勢多頭、量能放大、題材命中、價量條件足,旗型整理突破,265.0,214.96,413.0,接近成形＋可觀察,270.3,265.0,270.3,278.41,257.05,4.9,低,-11.51,11.51,10.77,52.79,270.3,3.2,False,False,True,距離頸線或前高過遠，禁止追高,頸線以當日前20日高點計算；收盤站上頸線 265.0 至少2%；成交量>=20日均量2倍；不可長上影；回踩須有近10日突破紀錄且不有效跌破頸線；距離頸線>5%禁止進場,35,C,禁止追高,已漲遠或接近目標，空手不追；持有者依策略分批處理。,False,2026-10-05,True,True,STOP,STOP 停止進場,觀察,取消新進場，只保留觀察,只看續抱 / 減碼 / 停利 / 停損，不新增部位。,停止新進場，先保留現金，等待大盤止跌。,停止新進場，禁止顯示今日可進場。,False,False
2026-10-05,2026-10-05,收盤確認價,臺灣證券交易所 / 證券櫃檯買賣中心正式收盤；yfinance 歷史資料,只使用完整收盤日K，不使用盤中未完成K,上櫃,3081,聯亞,3000.0,3105.0,2900.0,2786.0,2789.0,2821.5,2496.7,1596.28,64.59,2.56,False,7078580,3332864,21235740000,9531538912,3.85,True,True,36.77,下影線,,True,True,False,True,3,False,C級：已漲遠或接近目標，禁止追高,趨勢多頭、量能放大、價量條件足,旗型整理突破,3485.0,2680.42,5635.0,接近成形＋可觀察,3554.7,3485.0,3554.7,3661.34,3380.45,4.9,低,-13.92,16.67,11.94,58.52,3554.7,3.5,False,False,True,距離頸線或前高過遠，禁止追高,頸線以當日前20日高點計算；收盤站上頸線 3485.0 至少2%；成交量>=20日均量2倍；不可長上影；回踩須有近10日突破紀錄且不有效跌破頸線；距離頸線>5%禁止進場,35,C,禁止追高,已漲遠或接近目標，空手不追；持有者依策略分批處理。,False,2026-10-05,True,True,STOP,STOP 停止進場,觀察,取消新進場，只保留觀察,只看續抱 / 減碼 / 停利 / 停損，不新增部位。,停止新進場，先保留現金，等待大盤止跌。,停止新進場，禁止顯示今日可進場。,False,False
2026-10-05,2026-10-05,收盤確認價,臺灣證券交易所 / 證券櫃檯買賣中心正式收盤；yfinance 歷史資料,只使用完整收盤日K，不使用盤中未完成K,上櫃,3324,雙鴻,1550.0,1575.0,1490.0,1548.0,1564.5,1470.25,1158.62,1043.43,68.48,2.99,False,4586005,3622718,7108307750,5417413555,5.14,True,True,25.39,紅K突破,光通訊 網通 低軌,True,False,True,True,3,False,C級：已漲遠或接近目標，禁止追高,趨勢多頭、題材命中、價量條件足,接近成形,1750.0,1396.74,2690.0,接近成形＋可觀察,1785.0,1750.0,1785.0,1838.55,1697.5,4.9,低,-11.43,11.43,10.34,50.7,1785.0,1.61,False,False,True,距離頸線或前高過遠，禁止追高,頸線以當日前20日高點計算；收盤站上頸線 1750.0 至少2%；成交量>=20日均量2倍；不可長上影；回踩須有近10日突破紀錄且不有效跌破頸線；距離頸線>5%禁止進場,35,C,禁止追高,已漲遠或接近目標，空手不追；持有者依策略分批處理。,False,2026-10-05,True,True,STOP,STOP 停止進場,觀察,取消新進場，只保留觀察,只看續抱 / 減碼 / 停利 / 停損，不新增部位。,停止新進場，先保留現金，等待大盤止跌。,停止新進場，禁止顯示今日可進場。,False,False
2026-10-05,2026-10-05,收盤確認價,臺灣證券交易所 / 證券櫃檯買賣中心正式收盤；yfinance 歷史資料,只使用完整收盤日K，不使用盤中未完成K,上櫃,5274,信驊,19520.0,19770.0,19100.0,19109.0,19567.5,18939.75,16568.42,11686.18,42.85,3.61,False,126196,224305,2463345920,4267345214,3.75,True,True,32.49,紅K突破,光學 低軌 車用,True,False,True,True,3,False,C級：已漲遠或接近目標，禁止追高,趨勢多頭、題材命中、價量條件足,接近成形,21800.0,17992.76,31720.0,接近成形＋可觀察,22236.0,21800.0,22236.0,22903.08,21146.0,4.9,低,-10.46,10.46,8.7,42.65,22236.0,1.28,False,False,True,距離頸線或前高過遠，禁止追高,頸線以當日前20日高點計算；收盤站上頸線 21800.0 至少2%；成交量>=20日均量2倍；不可長上影；回踩須有近10日突破紀錄且不有效跌破頸線；距離頸線>5%禁止進場,35,C,禁止追高,已漲遠或接近目標，空手不追；持有者依策略分批處理。,False,2026-10-05,True,True,STOP,STOP 停止進場,觀察,取消新進場，只保留觀察,只看續抱 / 減碼 / 停利 / 停損，不新增部位。,停止新進場，先保留現金，等待大盤止跌。,停止新進場，禁止顯示今日可進場。,False,False
2026-10-05,2026-10-05,收盤確認價,臺灣證券交易所 / 證券櫃檯買賣中心正式收盤；yfinance 歷史資料,只使用完整收盤日K，不使用盤中未完成K,上櫃,3163,波若威,709.0,725.0,707.0,672.4,667.7,681.85,673.78,585.72,11.67,-0.56,False,5016672,2218230,3556820448,1542815265,3.62,True,True,33.94,一般K,CPO 光通訊 AI 伺服器,True,True,True,False,3,False,C級：已漲遠或接近目標，禁止追高,趨勢多頭、量能放大、題材命中,旗型整理突破,790.0,647.76,1094.0,接近成形＋可觀察,805.8,790.0,805.8,829.97,766.3,4.9,低,-10.25,12.9,7.3,35.77,805.8,0.42,False,False,True,距離頸線或前高過遠，禁止追高,頸線以當日前20日高點計算；收盤站上頸線 790.0 至少2%；成交量>=20日均量2倍；不可長上影；回踩須有近10日突破紀錄且不有效跌破頸線；距離頸線>5%禁止進場,35,C,禁止追高,已漲遠或接近目標，空手不追；持有者依策略分批處理。,False,2026-10-05,True,True,STOP,STOP 停止進場,觀察,取消新進場，只保留觀察,只看續抱 / 減碼 / 停利 / 停損，不新增部位。,停止新進場，先保留現金，等待大盤止跌。,停止新進場，禁止顯示今日可進場。,False,False
2026-10-05,2026-10-05,收盤確認價,臺灣證券交易所 / 證券櫃檯買賣中心正式收盤；yfinance 歷史資料,只使用完整收盤日K，不使用盤中未完成K,上櫃,2221,大甲,186.0,191.0,181.0,186.1,167.45,131.25,80.82,45.68,292.41,-1.06,False,786964,6018612,146375304,720082842,6.21,True,True,70.21,下影線,,True,False,False,True,2,False,C級：已漲遠或接近目標，禁止追高,趨勢多頭、價量條件足,旗型整理突破,154.0,124.69,265.9,接近成形＋可觀察,157.08,154.0,157.08,161.79,149.38,4.9,低,20.78,6.06,14.13,69.28,157.08,1.08,True,False,True,距離頸線或前高過遠，禁止追高,頸線以當日前20日高點計算；收盤站上頸線 154.0 至少2%；成交量>=20日均量2倍；不可長上影；回踩須有近10日突破紀錄且不有效跌破頸線；距離頸線>5%禁止進場,35,C,禁止追高,已漲遠或接近目標，空手不追；持有者依策略分批處理。,False,2026-10-05,True,True,STOP,STOP 停止進場,觀察,取消新進場，只保留觀察,只看續抱 / 減碼 / 停利 / 停損，不新增部位。,停止新進場，先保留現金，等待大盤止跌。,停止新進場，禁止顯示今日可進場。,False,False
2026-10-05,2026-10-05,收盤確認價,臺灣證券交易所 / 證券櫃檯買賣中心正式收盤；yfinance 歷史資料,只使用完整收盤日K，不使用盤中未完成K,上櫃,3441,聯一光,232.0,232.0,215.0,203.0,191.75,174.62,118.34,60.8,243.2,9.95,True,9682549,14857947,2246351368,2563087990,5.58,True,True,66.87,紅K突破,,True,False,False,True,2,False,C級：已漲遠或接近目標，禁止追高,趨勢多頭、價量條件足,旗型整理突破,186.0,165.89,309.8,接近成形＋可觀察,189.72,186.0,189.72,195.41,180.42,4.9,低,24.73,4.27,12.91,63.29,189.72,0.0,True,False,True,距離頸線或前高過遠，禁止追高,頸線以當日前20日高點計算；收盤站上頸線 186.0 至少2%；成交量>=20日均量2倍；不可長上影；回踩須有近10日突破紀錄且不有效跌破頸線；距離頸線>5%禁止進場,35,C,禁止追高,已漲遠或接近目標，空手不追；持有者依策略分批處理。,False,2026-10-05,True,True,STOP,STOP 停止進場,觀察,取消新進場，只保留觀察,只看續抱 / 減碼 / 停利 / 停損，不新增部位。,停止新進場，先保留現金，等待大盤止跌。,停止新進場，禁止顯示今日可進場。,False,False
2026-10-05,2026-10-05,收盤確認價,臺灣證券交易所 / 證券櫃檯買賣中心正式收盤；yfinance 歷史資料,只使用完整收盤日K，不使用盤中未完成K,上市,2305,全友,57.8,60.7,56.6,63.54,62.17,51.38,37.4,21.68,60.56,-3.99,False,12758509,19429811,737441820,907315455,5.76,True,True,89.71,一般K,,True,False,False,True,2,False,C級：已漲遠或接近目標，禁止追高,趨勢多頭、價量條件足,接近成形,72.5,48.81,119.3,接近成形＋可觀察,73.95,72.5,73.95,76.17,70.33,4.9,低,-20.28,20.28,12.51,61.33,73.95,1.56,False,False,True,距離頸線或前高過遠，禁止追高,頸線以當日前20日高點計算；收盤站上頸線 72.5 至少2%；成交量>=20日均量2倍；不可長上影；回踩須有近10日突破紀錄且不有效跌破頸線；距離頸線>5%禁止進場,35,C,禁止追高,已漲遠或接近目標，空手不追；持有者依策略分批處理。,False,2026-10-05,True,True,STOP,STOP 停止進場,觀察,取消新進場，只保留觀察,只看續抱 / 減碼 / 停利 / 停損，不新增部位。,停止新進場，先保留現金，等待大盤止跌。,停止新進場，禁止顯示今日可進場。,False,False
2026-10-05,2026-10-05,收盤確認價,臺灣證券交易所 / 證券櫃檯買賣中心正式收盤；yfinance 歷史資料,只使用完整收盤日K，不使用盤中未完成K,上櫃,7792,安葆,438.5,440.0,425.0,424.9,403.65,358.7,281.55,275.38,86.2,3.18,False,408808,813424,179262308,311732089,3.93,True,True,47.2,紅K突破,,True,False,False,True,2,False,C級：已漲遠或接近目標，禁止追高,趨勢多頭、價量條件足,旗型整理突破,415.5,340.76,651.5,接近成形＋可觀察,423.81,415.5,423.81,436.52,403.03,4.9,低,5.54,3.2,10.96,53.72,423.81,0.34,True,False,True,距離頸線或前高過遠，禁止追高,頸線以當日前20日高點計算；收盤站上頸線 415.5 至少2%；成交量>=20日均量2倍；不可長上影；回踩須有近10日突破紀錄且不有效跌破頸線；距離頸線>5%禁止進場,35,C,禁止追高,已漲遠或接近目標，空手不追；持有者依策略分批處理。,False,2026-10-05,True,True,STOP,STOP 停止進場,觀察,取消新進場，只保留觀察,只看續抱 / 減碼 / 停利 / 停損，不新增部位。,停止新進場，先保留現金，等待大盤止跌。,停止新進場，禁止顯示今日可進場。,False,False
2026-10-05,2026-10-05,收盤確認價,臺灣證券交易所 / 證券櫃檯買賣中心正式收盤；yfinance 歷史資料,只使用完整收盤日K，不使用盤中未完成K,上櫃,6217,中探針,178.0,181.0,177.5,175.9,174.15,172.57,168.97,149.91,-28.8,0.28,False,2893816,3315823,515099248,580582150,3.52,True,True,16.11,一般K,半導體 探針卡 AI 先進封裝,True,False,True,False,2,False,C級：已漲遠或接近目標，禁止追高,趨勢多頭、題材命中,旗型整理突破,210.5,163.95,327.4,接近成形＋可觀察,214.71,210.5,214.71,221.15,204.19,4.9,低,-15.44,29.92,10.71,52.48,214.71,0.56,False,False,True,距離頸線或前高過遠，禁止追高,頸線以當日前20日高點計算；收盤站上頸線 210.5 至少2%；成交量>=20日均量2倍；不可長上影；回踩須有近10日突破紀錄且不有效跌破頸線；距離頸線>5%禁止進場,35,C,禁止追高,已漲遠或接近目標，空手不追；持有者依策略分批處理。,False,2026-10-05,True,True,STOP,STOP 停止進場,觀察,取消新進場，只保留觀察,只看續抱 / 減碼 / 停利 / 停損，不新增部位。,停止新進場，先保留現金，等待大盤止跌。,停止新進場，禁止顯示今日可進場。,False,False
2026-10-05,2026-10-05,收盤確認價,臺灣證券交易所 / 證券櫃檯買賣中心正式收盤；yfinance 歷史資料,只使用完整收盤日K，不使用盤中未完成K,上市,2059,川湖,13355.0,13355.0,12450.0,12301.0,12421.0,12481.0,11391.0,6007.58,61.88,9.96,True,560379,410987,7483861545,5150164126,3.81,True,True,35.58,紅K突破,,True,False,False,True,2,False,C級：已漲遠或接近目標，禁止追高,趨勢多頭、價量條件足,旗型整理突破,14200.0,11856.95,21560.0,接近成形＋可觀察,14484.0,14200.0,14484.0,14918.52,13774.0,4.9,低,-5.95,11.47,9.97,48.85,14484.0,0.0,False,False,True,距離頸線或前高過遠，禁止追高,頸線以當日前20日高點計算；收盤站上頸線 14200.0 至少2%；成交量>=20日均量2倍；不可長上影；回踩須有近10日突破紀錄且不有效跌破頸線；距離頸線>5%禁止進場,35,C,禁止追高,已漲遠或接近目標，空手不追；持有者依策略分批處理。,False,2026-10-05,True,True,STOP,STOP 停止進場,觀察,取消新進場，只保留觀察,只看續抱 / 減碼 / 停利 / 停損，不新增部位。,停止新進場，先保留現金，等待大盤止跌。,停止新進場，禁止顯示今日可進場。,False,False
2026-10-05,2026-10-05,收盤確認價,臺灣證券交易所 / 證券櫃檯買賣中心正式收盤；yfinance 歷史資料,只使用完整收盤日K，不使用盤中未完成K,上櫃,6532,瑞耘,112.0,120.5,111.0,116.2,107.52,101.48,86.93,75.01,43.59,-6.67,False,1641428,1090117,183839936,119058152,4.06,True,True,34.3,長黑,半導體設備 先進製程 設備,True,False,True,False,2,False,C級：已漲遠或接近目標，禁止追高,趨勢多頭、題材命中,旗型整理突破,118.5,96.41,178.3,接近成形＋可觀察,120.87,118.5,120.87,124.5,114.94,4.9,低,-5.49,11.81,9.69,47.51,120.87,0.45,True,False,True,距離頸線或前高過遠，禁止追高,頸線以當日前20日高點計算；收盤站上頸線 118.5 至少2%；成交量>=20日均量2倍；不可長上影；回踩須有近10日突破紀錄且不有效跌破頸線；距離頸線>5%禁止進場,35,C,禁止追高,已漲遠或接近目標，空手不追；持有者依策略分批處理。,False,2026-10-05,True,True,STOP,STOP 停止進場,觀察,取消新進場，只保留觀察,只看續抱 / 減碼 / 停利 / 停損，不新增部位。,停止新進場，先保留現金，等待大盤止跌。,停止新進場，禁止顯示今日可進場。,False,False
2026-10-05,2026-10-05,收盤確認價,臺灣證券交易所 / 證券櫃檯買賣中心正式收盤；yfinance 歷史資料,只使用完整收盤日K，不使用盤中未完成K,上市,1303,南亞,286.0,286.0,266.5,260.5,247.7,239.93,209.05,113.03,57.58,10.0,True,90932358,66737655,26006654388,16112714232,3.47,True,True,30.53,紅K突破,,True,False,False,True,2,False,C級：已漲遠或接近目標，禁止追高,趨勢多頭、價量條件足,旗型整理突破,265.0,227.93,394.5,接近成形＋可觀察,270.3,265.0,270.3,278.41,257.05,4.9,低,7.92,7.92,9.37,45.95,270.3,0.0,False,False,True,距離頸線或前高過遠，禁止追高,頸線以當日前20日高點計算；收盤站上頸線 265.0 至少2%；成交量>=20日均量2倍；不可長上影；回踩須有近10日突破紀錄且不有效跌破頸線；距離頸線>5%禁止進場,35,C,禁止追高,已漲遠或接近目標，空手不追；持有者依策略分批處理。,False,2026-10-05,True,True,STOP,STOP 停止進場,觀察,取消新進場，只保留觀察,只看續抱 / 減碼 / 停利 / 停損，不新增部位。,停止新進場，先保留現金，等待大盤止跌。,停止新進場，禁止顯示今日可進場。,False,False
2026-10-05,2026-10-05,收盤確認價,臺灣證券交易所 / 證券櫃檯買賣中心正式收盤；yfinance 歷史資料,只使用完整收盤日K，不使用盤中未完成K,上市,1709,和益,64.3,64.3,63.6,53.68,48.85,42.54,33.6,21.95,163.52,9.91,True,19250830,29308213,1237828369,1324060821,6.27,True,True,56.81,紅K突破,,True,False,False,True,2,False,C級：已漲遠或接近目標，禁止追高,趨勢多頭、價量條件足,旗型整理突破,43.1,40.42,63.65,接近成形＋可觀察,43.96,43.1,43.96,45.28,41.81,4.9,低,49.19,9.91,9.14,44.78,43.96,0.0,True,True,True,接近目標區，只給持有者分批停利參考，空手不追高,頸線以當日前20日高點計算；收盤站上頸線 43.1 至少2%；成交量>=20日均量2倍；不可長上影；回踩須有近10日突破紀錄且不有效跌破頸線；距離頸線>5%禁止進場,35,C,禁止追高,已漲遠或接近目標，空手不追；持有者依策略分批處理。,False,2026-10-05,True,True,STOP,STOP 停止進場,接近目標,取消新進場，只保留觀察,只看續抱 / 減碼 / 停利 / 停損，不新增部位。,停止新進場，先保留現金，等待大盤止跌。,停止新進場，禁止顯示今日可進場。,False,False
2026-10-05,2026-10-05,收盤確認價,臺灣證券交易所 / 證券櫃檯買賣中心正式收盤；yfinance 歷史資料,只使用完整收盤日K，不使用盤中未完成K,上櫃,1595,川寶,73.5,79.4,71.6,79.8,76.37,70.38,64.31,55.07,3.52,-7.31,False,3595559,1827872,264273586,144059255,4.3,True,True,39.29,長黑,PCB 設備 鑽孔設備 半導體設備,True,False,True,False,2,False,C級：已漲遠或接近目標，禁止追高,趨勢多頭、題材命中,接近成形,83.0,66.86,121.0,接近成形＋可觀察,84.66,83.0,84.66,87.2,80.51,4.9,低,-11.45,19.23,8.76,42.92,84.66,0.0,True,False,True,距離頸線或前高過遠，禁止追高,頸線以當日前20日高點計算；收盤站上頸線 83.0 至少2%；成交量>=20日均量2倍；不可長上影；回踩須有近10日突破紀錄且不有效跌破頸線；距離頸線>5%禁止進場,35,C,禁止追高,已漲遠或接近目標，空手不追；持有者依策略分批處理。,False,2026-10-05,True,True,STOP,STOP 停止進場,觀察,取消新進場，只保留觀察,只看續抱 / 減碼 / 停利 / 停損，不新增部位。,停止新進場，先保留現金，等待大盤止跌。,停止新進場，禁止顯示今日可進場。,False,False
2026-10-05,2026-10-05,收盤確認價,臺灣證券交易所 / 證券櫃檯買賣中心正式收盤；yfinance 歷史資料,只使用完整收盤日K，不使用盤中未完成K,上櫃,3529,力旺,3155.0,3250.0,3145.0,3236.0,3150.0,2906.75,2607.33,2582.54,21.11,-0.47,False,992246,1484752,3130536130,4388569508,4.51,True,True,46.54,一般K,散熱 AI 伺服器,True,False,True,False,2,False,C級：已漲遠或接近目標，禁止追高,趨勢多頭、題材命中,旗型整理突破,3635.0,2761.41,5275.0,接近成形＋可觀察,3707.7,3635.0,3707.7,3818.93,3525.95,4.9,低,-13.2,13.2,8.62,42.27,3707.7,0.95,False,False,True,距離頸線或前高過遠，禁止追高,頸線以當日前20日高點計算；收盤站上頸線 3635.0 至少2%；成交量>=20日均量2倍；不可長上影；回踩須有近10日突破紀錄且不有效跌破頸線；距離頸線>5%禁止進場,35,C,禁止追高,已漲遠或接近目標，空手不追；持有者依策略分批處理。,False,2026-10-05,True,True,STOP,STOP 停止進場,觀察,取消新進場，只保留觀察,只看續抱 / 減碼 / 停利 / 停損，不新增部位。,停止新進場，先保留現金，等待大盤止跌。,停止新進場，禁止顯示今日可進場。,False,False
2026-10-05,2026-10-05,收盤確認價,臺灣證券交易所 / 證券櫃檯買賣中心正式收盤；yfinance 歷史資料,只使用完整收盤日K，不使用盤中未完成K,上櫃,7751,竑騰,1605.0,1660.0,1590.0,1601.0,1530.5,1508.5,1430.0,1228.11,23.94,0.94,False,137538,188755,220748490,288089741,4.05,True,True,32.73,一般K,半導體設備 自動化 AI設備,True,False,True,False,2,False,C級：已漲遠或接近目標，禁止追高,趨勢多頭、題材命中,旗型整理突破,1695.0,1433.08,2390.0,接近成形＋可觀察,1728.9,1695.0,1728.9,1780.77,1644.15,4.9,低,-5.31,19.14,7.8,38.24,1728.9,3.43,False,False,True,距離頸線或前高過遠，禁止追高,頸線以當日前20日高點計算；收盤站上頸線 1695.0 至少2%；成交量>=20日均量2倍；不可長上影；回踩須有近10日突破紀錄且不有效跌破頸線；距離頸線>5%禁止進場,35,C,禁止追高,已漲遠或接近目標，空手不追；持有者依策略分批處理。,False,2026-10-05,True,True,STOP,STOP 停止進場,觀察,取消新進場，只保留觀察,只看續抱 / 減碼 / 停利 / 停損，不新增部位。,停止新進場，先保留現金，等待大盤止跌。,停止新進場，禁止顯示今日可進場。,False,False
2026-10-05,2026-10-05,收盤確認價,臺灣證券交易所 / 證券櫃檯買賣中心正式收盤；yfinance 歷史資料,只使用完整收盤日K，不使用盤中未完成K,上櫃,6584,南俊國際,541.0,549.0,530.0,537.2,546.1,560.5,566.71,494.72,-18.4,1.88,False,1029534,411695,556977894,232746162,2.47,True,True,51.64,下影線,伺服器 滑軌 AI 伺服器,False,True,True,False,2,False,C級：已漲遠或接近目標，禁止追高,量能放大、題材命中,接近成形,673.0,532.48,946.0,接近成形＋可觀察,686.46,673.0,686.46,707.05,652.81,4.9,低,-19.61,22.05,7.71,37.81,686.46,1.48,False,False,True,距離頸線或前高過遠，禁止追高,頸線以當日前20日高點計算；收盤站上頸線 673.0 至少2%；成交量>=20日均量2倍；不可長上影；回踩須有近10日突破紀錄且不有效跌破頸線；距離頸線>5%禁止進場,35,C,禁止追高,已漲遠或接近目標，空手不追；持有者依策略分批處理。,False,2026-10-05,True,True,STOP,STOP 停止進場,觀察,取消新進場，只保留觀察,只看續抱 / 減碼 / 停利 / 停損，不新增部位。,停止新進場，先保留現金，等待大盤止跌。,停止新進場，禁止顯示今日可進場。,False,False
2026-10-05,2026-10-05,收盤確認價,臺灣證券交易所 / 證券櫃檯買賣中心正式收盤；yfinance 歷史資料,只使用完整收盤日K，不使用盤中未完成K,上櫃,1569,濱川,68.5,71.0,67.5,65.28,63.51,56.64,47.91,52.81,44.36,3.01,False,7590931,3915227,519978773,241972301,3.55,True,True,83.92,一般K,,True,False,False,True,2,False,C級：已漲遠或接近目標，禁止追高,趨勢多頭、價量條件足,旗型整理突破,61.0,53.81,85.65,接近成形＋可觀察,62.22,61.0,62.22,64.09,59.17,4.9,低,12.3,0.15,7.68,37.66,62.22,3.36,True,False,True,距離頸線或前高過遠，禁止追高,頸線以當日前20日高點計算；收盤站上頸線 61.0 至少2%；成交量>=20日均量2倍；不可長上影；回踩須有近10日突破紀錄且不有效跌破頸線；距離頸線>5%禁止進場,35,C,禁止追高,已漲遠或接近目標，空手不追；持有者依策略分批處理。,False,2026-10-05,True,True,STOP,STOP 停止進場,觀察,取消新進場，只保留觀察,只看續抱 / 減碼 / 停利 / 停損，不新增部位。,停止新進場，先保留現金，等待大盤止跌。,停止新進場，禁止顯示今日可進場。,False,False
2026-10-05,2026-10-05,收盤確認價,臺灣證券交易所 / 證券櫃檯買賣中心正式收盤；yfinance 歷史資料,只使用完整收盤日K，不使用盤中未完成K,上櫃,8299,群聯,2100.0,2135.0,2055.0,2114.0,2138.5,2076.5,2008.42,1816.28,-5.41,0.24,False,2535692,3172242,5324953200,6647068165,2.83,True,True,23.5,下影線,IC設計 半導體,True,False,True,False,2,False,C級：已漲遠或接近目標，禁止追高,趨勢多頭、題材命中,接近成形,2350.0,1972.67,3255.0,接近成形＋可觀察,2397.0,2350.0,2397.0,2468.91,2279.5,4.9,低,-10.64,10.64,7.3,35.79,2397.0,1.67,False,False,True,距離頸線或前高過遠，禁止追高,頸線以當日前20日高點計算；收盤站上頸線 2350.0 至少2%；成交量>=20日均量2倍；不可長上影；回踩須有近10日突破紀錄且不有效跌破頸線；距離頸線>5%禁止進場,35,C,禁止追高,已漲遠或接近目標，空手不追；持有者依策略分批處理。,False,2026-10-05,True,True,STOP,STOP 停止進場,觀察,取消新進場，只保留觀察,只看續抱 / 減碼 / 停利 / 停損，不新增部位。,停止新進場，先保留現金，等待大盤止跌。,停止新進場，禁止顯示今日可進場。,False,False
2026-10-05,2026-10-05,收盤確認價,臺灣證券交易所 / 證券櫃檯買賣中心正式收盤；yfinance 歷史資料,只使用完整收盤日K，不使用盤中未完成K,上櫃,3707,漢磊,85.3,91.7,84.8,79.32,73.54,67.19,65.0,62.64,7.3,0.12,False,56156491,16120681,4790148682,1200768250,3.71,True,True,47.21,一般K,,True,True,False,False,2,False,C級：已漲遠或接近目標，禁止追高,趨勢多頭、量能放大,旗型整理突破,78.5,63.83,108.65,接近成形＋可觀察,80.07,78.5,80.07,82.47,76.14,4.9,低,8.66,2.4,7.28,35.69,80.07,4.57,True,False,True,距離頸線或前高過遠，禁止追高,頸線以當日前20日高點計算；收盤站上頸線 78.5 至少2%；成交量>=20日均量2倍；不可長上影；回踩須有近10日突破紀錄且不有效跌破頸線；距離頸線>5%禁止進場,35,C,禁止追高,已漲遠或接近目標，空手不追；持有者依策略分批處理。,False,2026-10-05,True,True,STOP,STOP 停止進場,觀察,取消新進場，只保留觀察,只看續抱 / 減碼 / 停利 / 停損，不新增部位。,停止新進場，先保留現金，等待大盤止跌。,停止新進場，禁止顯示今日可進場。,False,False
2026-10-05,2026-10-05,收盤確認價,臺灣證券交易所 / 證券櫃檯買賣中心正式收盤；yfinance 歷史資料,只使用完整收盤日K，不使用盤中未完成K,上市,1560,中砂,1040.0,1060.0,1010.0,994.8,966.0,854.95,742.83,545.34,46.69,2.46,False,1227306,2113764,1276398240,1857609742,3.93,True,True,75.98,一般K,,True,False,False,True,2,False,C級：已漲遠或接近目標，禁止追高,趨勢多頭、價量條件足,旗型整理突破,916.0,812.2,1264.0,接近成形＋可觀察,934.32,916.0,934.32,962.35,888.52,4.9,低,13.54,0.97,7.2,35.29,934.32,1.92,True,False,True,距離頸線或前高過遠，禁止追高,頸線以當日前20日高點計算；收盤站上頸線 916.0 至少2%；成交量>=20日均量2倍；不可長上影；回踩須有近10日突破紀錄且不有效跌破頸線；距離頸線>5%禁止進場,35,C,禁止追高,已漲遠或接近目標，空手不追；持有者依策略分批處理。,False,2026-10-05,True,True,STOP,STOP 停止進場,觀察,取消新進場，只保留觀察,只看續抱 / 減碼 / 停利 / 停損，不新增部位。,停止新進場，先保留現金，等待大盤止跌。,停止新進場，禁止顯示今日可進場。,False,False
2026-10-05,2026-10-05,收盤確認價,臺灣證券交易所 / 證券櫃檯買賣中心正式收盤；yfinance 歷史資料,只使用完整收盤日K，不使用盤中未完成K,上櫃,3362,先進光,191.0,193.0,178.0,176.8,175.25,179.0,178.26,129.03,6.11,8.83,True,7905467,3443553,1509944197,625289044,4.08,True,True,47.26,紅K突破,,True,True,False,False,2,False,C級：已漲遠或接近目標，禁止追高,趨勢多頭、量能放大,旗型整理突破,213.0,170.05,281.5,接近成形＋可觀察,217.26,213.0,217.26,223.78,206.61,4.9,低,-10.33,10.96,6.03,29.57,217.26,1.05,False,False,True,距離頸線或前高過遠，禁止追高,頸線以當日前20日高點計算；收盤站上頸線 213.0 至少2%；成交量>=20日均量2倍；不可長上影；回踩須有近10日突破紀錄且不有效跌破頸線；距離頸線>5%禁止進場,35,C,禁止追高,已漲遠或接近目標，空手不追；持有者依策略分批處理。,False,2026-10-05,True,True,STOP,STOP 停止進場,觀察,取消新進場，只保留觀察,只看續抱 / 減碼 / 停利 / 停損，不新增部位。,停止新進場，先保留現金，等待大盤止跌。,停止新進場，禁止顯示今日可進場。,False,False
2026-10-05,2026-10-05,收盤確認價,臺灣證券交易所 / 證券櫃檯買賣中心正式收盤；yfinance 歷史資料,只使用完整收盤日K，不使用盤中未完成K,上櫃,3162,精確,86.9,90.0,86.2,86.06,80.66,75.99,70.02,67.25,6.23,-3.01,False,2807673,2261729,243986783,181732928,4.27,True,True,43.41,一般K,車用 電池 電動車,True,False,True,False,2,False,C級：已漲遠或接近目標，禁止追高,趨勢多頭、題材命中,旗型整理突破,80.9,72.19,106.8,接近成形＋可觀察,82.52,80.9,82.52,84.99,78.47,4.9,低,7.42,5.54,6.0,29.43,82.52,0.92,True,False,True,距離頸線或前高過遠，禁止追高,頸線以當日前20日高點計算；收盤站上頸線 80.9 至少2%；成交量>=20日均量2倍；不可長上影；回踩須有近10日突破紀錄且不有效跌破頸線；距離頸線>5%禁止進場,35,C,禁止追高,已漲遠或接近目標，空手不追；持有者依策略分批處理。,False,2026-10-05,True,True,STOP,STOP 停止進場,觀察,取消新進場，只保留觀察,只看續抱 / 減碼 / 停利 / 停損，不新增部位。,停止新進場，先保留現金，等待大盤止跌。,停止新進場，禁止顯示今日可進場。,False,False
2026-10-05,2026-10-05,收盤確認價,臺灣證券交易所 / 證券櫃檯買賣中心正式收盤；yfinance 歷史資料,只使用完整收盤日K，不使用盤中未完成K,上櫃,8147,正淩,141.5,145.5,141.5,147.0,141.6,137.53,129.74,130.16,-4.71,-1.39,False,417815,348351,59120822,49957893,4.04,True,True,39.81,一般K,連接器 軍工 航太 伺服器,True,False,True,False,2,False,C級：已漲遠或接近目標，禁止追高,趨勢多頭、題材命中,接近成形,150.0,130.65,195.0,接近成形＋可觀察,153.0,150.0,153.0,157.59,145.5,4.9,低,-5.67,11.84,5.6,27.45,153.0,0.0,True,False,True,距離頸線或前高過遠，禁止追高,頸線以當日前20日高點計算；收盤站上頸線 150.0 至少2%；成交量>=20日均量2倍；不可長上影；回踩須有近10日突破紀錄且不有效跌破頸線；距離頸線>5%禁止進場,35,C,禁止追高,已漲遠或接近目標，空手不追；持有者依策略分批處理。,False,2026-10-05,True,True,STOP,STOP 停止進場,觀察,取消新進場，只保留觀察,只看續抱 / 減碼 / 停利 / 停損，不新增部位。,停止新進場，先保留現金，等待大盤止跌。,停止新進場，禁止顯示今日可進場。,False,False
2026-10-05,2026-10-05,收盤確認價,臺灣證券交易所 / 證券櫃檯買賣中心正式收盤；yfinance 歷史資料,只使用完整收盤日K，不使用盤中未完成K,上櫃,3221,台嘉碩,55.7,59.1,55.6,53.48,51.07,49.4,48.77,38.39,-2.62,-0.54,False,8466693,3468403,471594800,180855667,2.78,True,True,24.71,一般K,,True,True,False,False,2,False,C級：已漲遠或接近目標，禁止追高,趨勢多頭、量能放大,旗型整理突破,52.4,46.93,65.15,接近成形＋可觀察,53.45,52.4,53.45,55.05,50.83,4.9,低,6.3,5.11,4.47,21.89,53.45,5.03,True,False,True,距離頸線或前高過遠，禁止追高,頸線以當日前20日高點計算；收盤站上頸線 52.4 至少2%；成交量>=20日均量2倍；不可長上影；回踩須有近10日突破紀錄且不有效跌破頸線；距離頸線>5%禁止進場,35,C,禁止追高,已漲遠或接近目標，空手不追；持有者依策略分批處理。,False,2026-10-05,True,True,STOP,STOP 停止進場,觀察,取消新進場，只保留觀察,只看續抱 / 減碼 / 停利 / 停損，不新增部位。,停止新進場，先保留現金，等待大盤止跌。,停止新進場，禁止顯示今日可進場。,False,False
2026-10-05,2026-10-05,收盤確認價,臺灣證券交易所 / 證券櫃檯買賣中心正式收盤；yfinance 歷史資料,只使用完整收盤日K，不使用盤中未完成K,上櫃,4174,浩鼎,46.2,46.2,43.1,41.23,35.8,30.88,28.09,39.31,52.98,10.0,True,1932063,1437977,89261310,49414431,4.9,True,True,52.98,紅K突破,,True,False,False,True,2,False,C級：已漲遠或接近目標，禁止追高,趨勢多頭、價量條件足,接近成形,31.05,29.33,37.8,接近成形＋可觀察,31.67,31.05,31.67,32.62,30.12,4.9,低,48.79,1.32,3.95,19.35,31.67,0.0,True,True,True,接近目標區，只給持有者分批停利參考，空手不追高,頸線以當日前20日高點計算；收盤站上頸線 31.05 至少2%；成交量>=20日均量2倍；不可長上影；回踩須有近10日突破紀錄且不有效跌破頸線；距離頸線>5%禁止進場,35,C,禁止追高,已漲遠或接近目標，空手不追；持有者依策略分批處理。,False,2026-10-05,True,True,STOP,STOP 停止進場,接近目標,取消新進場，只保留觀察,只看續抱 / 減碼 / 停利 / 停損，不新增部位。,停止新進場，先保留現金，等待大盤止跌。,停止新進場，禁止顯示今日可進場。,False,False
2026-10-05,2026-10-05,收盤確認價,臺灣證券交易所 / 證券櫃檯買賣中心正式收盤；yfinance 歷史資料,只使用完整收盤日K，不使用盤中未完成K,上市,2377,微星,155.0,159.0,154.5,152.9,152.85,153.03,149.97,117.34,6.9,0.0,False,7044488,7384024,1091895640,1139143940,2.6,True,True,25.33,一般K,AI 伺服器 電競 主機板,True,False,True,False,2,False,C級：已漲遠或接近目標，禁止追高,趨勢多頭、題材命中,旗型整理突破,164.0,145.37,196.5,接近成形＋可觀察,167.28,164.0,167.28,172.3,159.08,4.9,低,-5.49,10.66,3.56,17.47,167.28,1.94,False,False,True,距離頸線或前高過遠，禁止追高,頸線以當日前20日高點計算；收盤站上頸線 164.0 至少2%；成交量>=20日均量2倍；不可長上影；回踩須有近10日突破紀錄且不有效跌破頸線；距離頸線>5%禁止進場,35,C,禁止追高,已漲遠或接近目標，空手不追；持有者依策略分批處理。,False,2026-10-05,True,True,STOP,STOP 停止進場,觀察,取消新進場，只保留觀察,只看續抱 / 減碼 / 停利 / 停損，不新增部位。,停止新進場，先保留現金，等待大盤止跌。,停止新進場，禁止顯示今日可進場。,False,False
2026-10-05,2026-10-05,收盤確認價,臺灣證券交易所 / 證券櫃檯買賣中心正式收盤；yfinance 歷史資料,只使用完整收盤日K，不使用盤中未完成K,上櫃,4971,IET-KY,584.0,607.0,582.0,556.8,562.2,570.7,507.64,453.68,38.72,-0.51,False,3466030,1826621,2024161520,1062410478,4.58,True,True,19.64,一般K,,True,False,False,False,1,False,C級：已漲遠或接近目標，禁止追高,趨勢多頭,旗型整理突破,719.0,542.16,1122.0,接近成形＋可觀察,733.38,719.0,733.38,755.38,697.43,4.9,低,-18.78,19.56,10.81,52.99,733.38,1.03,False,False,True,距離頸線或前高過遠，禁止追高,頸線以當日前20日高點計算；收盤站上頸線 719.0 至少2%；成交量>=20日均量2倍；不可長上影；回踩須有近10日突破紀錄且不有效跌破頸線；距離頸線>5%禁止進場,35,C,禁止追高,已漲遠或接近目標，空手不追；持有者依策略分批處理。,False,2026-10-05,True,True,STOP,STOP 停止進場,觀察,取消新進場，只保留觀察,只看續抱 / 減碼 / 停利 / 停損，不新增部位。,停止新進場，先保留現金，等待大盤止跌。,停止新進場，禁止顯示今日可進場。,False,False
2026-10-05,2026-10-05,收盤確認價,臺灣證券交易所 / 證券櫃檯買賣中心正式收盤；yfinance 歷史資料,只使用完整收盤日K，不使用盤中未完成K,上櫃,6727,亞泰金屬,531.0,545.0,513.0,500.6,491.3,497.93,446.58,331.09,2.71,2.91,False,1877153,1253676,996768243,630072824,3.41,True,True,27.55,一般K,,True,False,False,False,1,False,C級：已漲遠或接近目標，禁止追高,趨勢多頭,旗型整理突破,598.0,473.03,917.5,接近成形＋可觀察,609.96,598.0,609.96,628.26,580.06,4.9,低,-11.2,12.23,10.29,50.42,609.96,2.64,False,False,True,距離頸線或前高過遠，禁止追高,頸線以當日前20日高點計算；收盤站上頸線 598.0 至少2%；成交量>=20日均量2倍；不可長上影；回踩須有近10日突破紀錄且不有效跌破頸線；距離頸線>5%禁止進場,35,C,禁止追高,已漲遠或接近目標，空手不追；持有者依策略分批處理。,False,2026-10-05,True,True,STOP,STOP 停止進場,觀察,取消新進場，只保留觀察,只看續抱 / 減碼 / 停利 / 停損，不新增部位。,停止新進場，先保留現金，等待大盤止跌。,停止新進場，禁止顯示今日可進場。,False,False
2026-10-05,2026-10-05,收盤確認價,臺灣證券交易所 / 證券櫃檯買賣中心正式收盤；yfinance 歷史資料,只使用完整收盤日K，不使用盤中未完成K,上櫃,5475,德宏,184.0,191.5,183.5,180.5,179.95,181.28,165.55,175.1,-4.42,1.94,False,6525422,4661557,1200677648,844365536,3.29,True,True,14.6,一般K,,True,False,False,False,1,False,C級：已漲遠或接近目標，禁止追高,趨勢多頭,旗型整理突破,208.5,172.21,317.0,接近成形＋可觀察,212.67,208.5,212.67,219.05,202.25,4.9,低,-11.75,14.42,10.01,49.06,212.67,1.9,False,False,True,距離頸線或前高過遠，禁止追高,頸線以當日前20日高點計算；收盤站上頸線 208.5 至少2%；成交量>=20日均量2倍；不可長上影；回踩須有近10日突破紀錄且不有效跌破頸線；距離頸線>5%禁止進場,35,C,禁止追高,已漲遠或接近目標，空手不追；持有者依策略分批處理。,False,2026-10-05,True,True,STOP,STOP 停止進場,觀察,取消新進場，只保留觀察,只看續抱 / 減碼 / 停利 / 停損，不新增部位。,停止新進場，先保留現金，等待大盤止跌。,停止新進場，禁止顯示今日可進場。,False,False
2026-10-05,2026-10-05,收盤確認價,臺灣證券交易所 / 證券櫃檯買賣中心正式收盤；yfinance 歷史資料,只使用完整收盤日K，不使用盤中未完成K,上櫃,6683,雍智科技,1440.0,1500.0,1435.0,1514.0,1558.0,1483.0,1311.85,1110.67,-16.52,-3.36,False,1276642,1377478,1838364480,2085148860,4.74,True,True,36.14,長黑,半導體 測試設備 探針卡,False,False,True,False,1,False,C級：已漲遠或接近目標，禁止追高,題材命中,接近成形,1740.0,1408.85,2637.0,接近成形＋可觀察,1774.8,1740.0,1774.8,1828.04,1687.8,4.9,低,-17.24,17.95,9.91,48.58,1774.8,0.0,False,False,True,距離頸線或前高過遠，禁止追高,頸線以當日前20日高點計算；收盤站上頸線 1740.0 至少2%；成交量>=20日均量2倍；不可長上影；回踩須有近10日突破紀錄且不有效跌破頸線；距離頸線>5%禁止進場,35,C,禁止追高,已漲遠或接近目標，空手不追；持有者依策略分批處理。,False,2026-10-05,True,True,STOP,STOP 停止進場,觀察,取消新進場，只保留觀察,只看續抱 / 減碼 / 停利 / 停損，不新增部位。,停止新進場，先保留現金，等待大盤止跌。,停止新進場，禁止顯示今日可進場。,False,False
2026-10-05,2026-10-05,收盤確認價,臺灣證券交易所 / 證券櫃檯買賣中心正式收盤；yfinance 歷史資料,只使用完整收盤日K，不使用盤中未完成K,上櫃,4939,亞電,78.6,80.7,78.4,78.96,77.7,81.08,70.65,46.5,38.87,-0.76,False,6327166,7707089,497315247,626272270,4.71,True,True,28.44,一般K,,False,False,False,True,1,False,C級：已漲遠或接近目標，禁止追高,價量條件足,旗型整理突破,94.5,77.03,143.1,接近成形＋可觀察,96.39,94.5,96.39,99.28,91.66,4.9,低,-16.83,17.44,9.89,48.46,96.39,1.27,False,False,True,距離頸線或前高過遠，禁止追高,頸線以當日前20日高點計算；收盤站上頸線 94.5 至少2%；成交量>=20日均量2倍；不可長上影；回踩須有近10日突破紀錄且不有效跌破頸線；距離頸線>5%禁止進場,35,C,禁止追高,已漲遠或接近目標，空手不追；持有者依策略分批處理。,False,2026-10-05,True,True,STOP,STOP 停止進場,觀察,取消新進場，只保留觀察,只看續抱 / 減碼 / 停利 / 停損，不新增部位。,停止新進場，先保留現金，等待大盤止跌。,停止新進場，禁止顯示今日可進場。,False,False
2026-10-05,2026-10-05,收盤確認價,臺灣證券交易所 / 證券櫃檯買賣中心正式收盤；yfinance 歷史資料,只使用完整收盤日K，不使用盤中未完成K,上櫃,3354,律勝,31.6,33.1,29.45,30.58,29.95,29.13,24.33,25.04,19.47,4.98,False,4296636,2455203,135773697,72711290,5.53,True,True,51.98,一般K,,True,False,False,False,1,False,C級：已漲遠或接近目標，禁止追高,趨勢多頭,旗型整理突破,35.35,27.68,52.5,接近成形＋可觀察,36.06,35.35,36.06,37.14,34.29,4.9,低,-10.61,10.61,9.3,45.6,36.06,4.75,False,False,True,距離頸線或前高過遠，禁止追高,頸線以當日前20日高點計算；收盤站上頸線 35.35 至少2%；成交量>=20日均量2倍；不可長上影；回踩須有近10日突破紀錄且不有效跌破頸線；距離頸線>5%禁止進場,35,C,禁止追高,已漲遠或接近目標，空手不追；持有者依策略分批處理。,False,2026-10-05,True,True,STOP,STOP 停止進場,觀察,取消新進場，只保留觀察,只看續抱 / 減碼 / 停利 / 停損，不新增部位。,停止新進場，先保留現金，等待大盤止跌。,停止新進場，禁止顯示今日可進場。,False,False
2026-10-05,2026-10-05,收盤確認價,臺灣證券交易所 / 證券櫃檯買賣中心正式收盤；yfinance 歷史資料,只使用完整收盤日K，不使用盤中未完成K,上櫃,3490,單井,46.15,50.0,46.1,47.01,45.93,44.79,39.13,30.63,45.13,-8.97,False,8282809,4980501,382251635,229944089,4.41,True,True,36.14,長黑,,True,False,False,False,1,False,C級：已漲遠或接近目標，禁止追高,趨勢多頭,旗型整理突破,48.75,42.55,72.35,接近成形＋可觀察,49.73,48.75,49.73,51.22,47.29,4.9,低,-5.33,20.16,9.28,45.5,49.73,0.65,True,False,True,距離頸線或前高過遠，禁止追高,頸線以當日前20日高點計算；收盤站上頸線 48.75 至少2%；成交量>=20日均量2倍；不可長上影；回踩須有近10日突破紀錄且不有效跌破頸線；距離頸線>5%禁止進場,35,C,禁止追高,已漲遠或接近目標，空手不追；持有者依策略分批處理。,False,2026-10-05,True,True,STOP,STOP 停止進場,觀察,取消新進場，只保留觀察,只看續抱 / 減碼 / 停利 / 停損，不新增部位。,停止新進場，先保留現金，等待大盤止跌。,停止新進場，禁止顯示今日可進場。,False,False
2026-10-05,2026-10-05,收盤確認價,臺灣證券交易所 / 證券櫃檯買賣中心正式收盤；yfinance 歷史資料,只使用完整收盤日K，不使用盤中未完成K,上櫃,5351,鈺創,114.0,116.5,113.5,111.9,110.6,110.8,106.06,73.2,16.09,-1.72,False,13449360,9813094,1533227040,1103081124,3.47,True,True,11.64,一般K,,True,False,False,False,1,False,C級：已漲遠或接近目標，禁止追高,趨勢多頭,旗型整理突破,127.0,105.26,188.3,接近成形＋可觀察,129.54,127.0,129.54,133.43,123.19,4.9,低,-10.24,19.15,9.25,45.36,129.54,0.0,False,False,True,距離頸線或前高過遠，禁止追高,頸線以當日前20日高點計算；收盤站上頸線 127.0 至少2%；成交量>=20日均量2倍；不可長上影；回踩須有近10日突破紀錄且不有效跌破頸線；距離頸線>5%禁止進場,35,C,禁止追高,已漲遠或接近目標，空手不追；持有者依策略分批處理。,False,2026-10-05,True,True,STOP,STOP 停止進場,觀察,取消新進場，只保留觀察,只看續抱 / 減碼 / 停利 / 停損，不新增部位。,停止新進場，先保留現金，等待大盤止跌。,停止新進場，禁止顯示今日可進場。,False,False
2026-10-05,2026-10-05,收盤確認價,臺灣證券交易所 / 證券櫃檯買賣中心正式收盤；yfinance 歷史資料,只使用完整收盤日K，不使用盤中未完成K,上櫃,6588,東典光電,111.5,116.0,111.0,110.2,111.85,111.45,98.25,84.78,41.32,-2.19,False,879470,2236187,98060905,254662148,4.57,True,True,16.3,一般K,,True,False,False,False,1,False,C級：已漲遠或接近目標，禁止追高,趨勢多頭,接近成形,127.0,105.88,187.4,接近成形＋可觀察,129.54,127.0,129.54,133.43,123.19,4.9,低,-12.2,12.2,9.11,44.67,129.54,1.79,False,False,True,距離頸線或前高過遠，禁止追高,頸線以當日前20日高點計算；收盤站上頸線 127.0 至少2%；成交量>=20日均量2倍；不可長上影；回踩須有近10日突破紀錄且不有效跌破頸線；距離頸線>5%禁止進場,35,C,禁止追高,已漲遠或接近目標，空手不追；持有者依策略分批處理。,False,2026-10-05,True,True,STOP,STOP 停止進場,觀察,取消新進場，只保留觀察,只看續抱 / 減碼 / 停利 / 停損，不新增部位。,停止新進場，先保留現金，等待大盤止跌。,停止新進場，禁止顯示今日可進場。,False,False
2026-10-05,2026-10-05,收盤確認價,臺灣證券交易所 / 證券櫃檯買賣中心正式收盤；yfinance 歷史資料,只使用完整收盤日K，不使用盤中未完成K,上櫃,8064,東捷,136.5,143.0,136.5,141.7,138.85,130.15,113.91,85.34,-1.09,-3.53,False,7512713,12599290,1025485324,1667716387,5.78,True,True,24.77,一般K,,True,False,False,False,1,False,C級：已漲遠或接近目標，禁止追高,趨勢多頭,接近成形,155.0,123.64,228.0,接近成形＋可觀察,158.1,155.0,158.1,162.84,150.35,4.9,低,-11.94,11.94,9.02,44.21,158.1,1.1,False,False,True,距離頸線或前高過遠，禁止追高,頸線以當日前20日高點計算；收盤站上頸線 155.0 至少2%；成交量>=20日均量2倍；不可長上影；回踩須有近10日突破紀錄且不有效跌破頸線；距離頸線>5%禁止進場,35,C,禁止追高,已漲遠或接近目標，空手不追；持有者依策略分批處理。,False,2026-10-05,True,True,STOP,STOP 停止進場,觀察,取消新進場，只保留觀察,只看續抱 / 減碼 / 停利 / 停損，不新增部位。,停止新進場，先保留現金，等待大盤止跌。,停止新進場，禁止顯示今日可進場。,False,False
2026-10-05,2026-10-05,收盤確認價,臺灣證券交易所 / 證券櫃檯買賣中心正式收盤；yfinance 歷史資料,只使用完整收盤日K，不使用盤中未完成K,上櫃,3467,台灣精材,71.1,74.8,70.5,73.04,77.28,68.48,55.14,50.73,20.92,-2.87,False,777846,827789,55304850,61681077,5.14,True,True,75.23,一般K,,True,False,False,False,1,False,C級：已漲遠或接近目標，禁止追高,趨勢多頭,接近成形,78.7,65.06,115.15,接近成形＋可觀察,80.27,78.7,80.27,82.68,76.34,4.9,低,-9.66,19.93,8.86,43.45,80.27,1.69,True,False,True,距離頸線或前高過遠，禁止追高,頸線以當日前20日高點計算；收盤站上頸線 78.7 至少2%；成交量>=20日均量2倍；不可長上影；回踩須有近10日突破紀錄且不有效跌破頸線；距離頸線>5%禁止進場,35,C,禁止追高,已漲遠或接近目標，空手不追；持有者依策略分批處理。,False,2026-10-05,True,True,STOP,STOP 停止進場,觀察,取消新進場，只保留觀察,只看續抱 / 減碼 / 停利 / 停損，不新增部位。,停止新進場，先保留現金，等待大盤止跌。,停止新進場，禁止顯示今日可進場。,False,False
2026-10-05,2026-10-05,收盤確認價,臺灣證券交易所 / 證券櫃檯買賣中心正式收盤；yfinance 歷史資料,只使用完整收盤日K，不使用盤中未完成K,上櫃,6840,東研信超,97.0,100.0,96.8,98.68,101.99,97.47,80.73,67.93,46.97,-1.72,False,295544,483101,28667768,47773303,3.3,False,True,28.46,一般K,,False,False,False,True,1,False,C級：已漲遠或接近目標，禁止追高,價量條件足,接近成形,101.5,92.6,146.8,接近成形＋可觀察,103.53,101.5,103.53,106.64,98.45,4.9,低,-4.43,13.0,8.53,41.79,103.53,0.0,True,False,True,距離頸線或前高過遠，禁止追高,頸線以當日前20日高點計算；收盤站上頸線 101.5 至少2%；成交量>=20日均量2倍；不可長上影；回踩須有近10日突破紀錄且不有效跌破頸線；距離頸線>5%禁止進場,35,C,禁止追高,已漲遠或接近目標，空手不追；持有者依策略分批處理。,False,2026-10-05,True,True,STOP,STOP 停止進場,觀察,取消新進場，只保留觀察,只看續抱 / 減碼 / 停利 / 停損，不新增部位。,停止新進場，先保留現金，等待大盤止跌。,停止新進場，禁止顯示今日可進場。,False,False
2026-10-05,2026-10-05,收盤確認價,臺灣證券交易所 / 證券櫃檯買賣中心正式收盤；yfinance 歷史資料,只使用完整收盤日K，不使用盤中未完成K,上櫃,6274,台燿,1780.0,1780.0,1680.0,1588.0,1514.0,1442.0,1413.0,948.33,13.38,9.88,True,12194388,8197584,21706010640,11874109561,3.52,True,True,39.28,紅K突破,,True,False,False,False,1,False,C級：已漲遠或接近目標，禁止追高,趨勢多頭,旗型整理突破,1685.0,1369.9,2432.0,接近成形＋可觀察,1718.7,1685.0,1718.7,1770.26,1634.45,4.9,低,5.64,2.89,8.47,41.5,1718.7,0.0,False,False,True,距離頸線或前高過遠，禁止追高,頸線以當日前20日高點計算；收盤站上頸線 1685.0 至少2%；成交量>=20日均量2倍；不可長上影；回踩須有近10日突破紀錄且不有效跌破頸線；距離頸線>5%禁止進場,35,C,禁止追高,已漲遠或接近目標，空手不追；持有者依策略分批處理。,False,2026-10-05,True,True,STOP,STOP 停止進場,觀察,取消新進場，只保留觀察,只看續抱 / 減碼 / 停利 / 停損，不新增部位。,停止新進場，先保留現金，等待大盤止跌。,停止新進場，禁止顯示今日可進場。,False,False
2026-10-05,2026-10-05,收盤確認價,臺灣證券交易所 / 證券櫃檯買賣中心正式收盤；yfinance 歷史資料,只使用完整收盤日K，不使用盤中未完成K,上櫃,6640,均華,1165.0,1195.0,1120.0,1096.0,1086.5,1133.75,1029.03,972.3,17.09,3.56,False,461931,460193,538149615,533970566,4.09,True,True,24.95,一般K,,True,False,False,False,1,False,C級：已漲遠或接近目標，禁止追高,趨勢多頭,旗型整理突破,1320.0,1077.06,1903.0,接近成形＋可觀察,1346.4,1320.0,1346.4,1386.79,1280.4,4.9,低,-11.74,11.74,8.43,41.34,1346.4,2.58,False,False,True,距離頸線或前高過遠，禁止追高,頸線以當日前20日高點計算；收盤站上頸線 1320.0 至少2%；成交量>=20日均量2倍；不可長上影；回踩須有近10日突破紀錄且不有效跌破頸線；距離頸線>5%禁止進場,35,C,禁止追高,已漲遠或接近目標，空手不追；持有者依策略分批處理。,False,2026-10-05,True,True,STOP,STOP 停止進場,觀察,取消新進場，只保留觀察,只看續抱 / 減碼 / 停利 / 停損，不新增部位。,停止新進場，先保留現金，等待大盤止跌。,停止新進場，禁止顯示今日可進場。,False,False
2026-10-05,2026-10-05,收盤確認價,臺灣證券交易所 / 證券櫃檯買賣中心正式收盤；yfinance 歷史資料,只使用完整收盤日K，不使用盤中未完成K,上市,1727,中華化,117.5,130.0,116.0,116.0,112.7,102.66,89.48,65.53,29.26,-4.47,False,22433842,13862191,2635976435,1554301468,4.93,True,True,35.98,長黑,化工 特化材料 題材股,True,False,False,False,1,False,C級：已漲遠或接近目標，禁止追高,趨勢多頭,旗型整理突破,109.5,97.53,157.3,接近成形＋可觀察,111.69,109.5,111.69,115.04,106.22,4.9,低,7.31,6.0,8.33,40.84,111.69,1.7,True,False,True,距離頸線或前高過遠，禁止追高,頸線以當日前20日高點計算；收盤站上頸線 109.5 至少2%；成交量>=20日均量2倍；不可長上影；回踩須有近10日突破紀錄且不有效跌破頸線；距離頸線>5%禁止進場,35,C,禁止追高,已漲遠或接近目標，空手不追；持有者依策略分批處理。,False,2026-10-05,True,True,STOP,STOP 停止進場,觀察,取消新進場，只保留觀察,只看續抱 / 減碼 / 停利 / 停損，不新增部位。,停止新進場，先保留現金，等待大盤止跌。,停止新進場，禁止顯示今日可進場。,False,False
2026-10-05,2026-10-05,收盤確認價,臺灣證券交易所 / 證券櫃檯買賣中心正式收盤；yfinance 歷史資料,只使用完整收盤日K，不使用盤中未完成K,上櫃,5291,邑昇,64.5,65.9,62.1,61.6,59.77,60.56,57.35,50.35,12.96,4.03,False,815442,548526,52596009,34072451,2.7,True,True,36.97,紅K突破,,True,False,False,False,1,False,C級：已漲遠或接近目標，禁止追高,趨勢多頭,旗型整理突破,72.2,57.53,102.9,接近成形＋可觀察,73.64,72.2,73.64,75.85,70.03,4.9,低,-10.66,11.89,8.1,39.73,73.64,2.17,False,False,True,距離頸線或前高過遠，禁止追高,頸線以當日前20日高點計算；收盤站上頸線 72.2 至少2%；成交量>=20日均量2倍；不可長上影；回踩須有近10日突破紀錄且不有效跌破頸線；距離頸線>5%禁止進場,35,C,禁止追高,已漲遠或接近目標，空手不追；持有者依策略分批處理。,False,2026-10-05,True,True,STOP,STOP 停止進場,觀察,取消新進場，只保留觀察,只看續抱 / 減碼 / 停利 / 停損，不新增部位。,停止新進場，先保留現金，等待大盤止跌。,停止新進場，禁止顯示今日可進場。,False,False
2026-10-05,2026-10-05,收盤確認價,臺灣證券交易所 / 證券櫃檯買賣中心正式收盤；yfinance 歷史資料,只使用完整收盤日K，不使用盤中未完成K,上櫃,4924,欣厚-KY,15.0,16.15,14.55,15.66,16.26,14.66,11.62,11.58,19.05,-5.66,False,272989,614778,4094835,9133836,6.82,False,True,50.15,長黑,,True,False,False,False,1,False,C級：已漲遠或接近目標，禁止追高,趨勢多頭,接近成形,15.65,13.93,22.06,接近成形＋可觀察,15.96,15.65,15.96,16.44,15.18,4.9,低,-4.15,20.0,7.79,38.19,15.96,1.33,True,False,True,距離頸線或前高過遠，禁止追高,頸線以當日前20日高點計算；收盤站上頸線 15.65 至少2%；成交量>=20日均量2倍；不可長上影；回踩須有近10日突破紀錄且不有效跌破頸線；距離頸線>5%禁止進場,35,C,禁止追高,已漲遠或接近目標，空手不追；持有者依策略分批處理。,False,2026-10-05,True,True,STOP,STOP 停止進場,觀察,取消新進場，只保留觀察,只看續抱 / 減碼 / 停利 / 停損，不新增部位。,停止新進場，先保留現金，等待大盤止跌。,停止新進場，禁止顯示今日可進場。,False,False
2026-10-05,2026-10-05,收盤確認價,臺灣證券交易所 / 證券櫃檯買賣中心正式收盤；yfinance 歷史資料,只使用完整收盤日K，不使用盤中未完成K,上櫃,5386,青雲,290.5,295.0,290.0,289.3,287.65,286.0,261.97,189.64,17.29,-0.68,False,651760,1410638,189336280,420644532,4.16,True,True,26.03,一般K,,True,False,False,False,1,False,C級：已漲遠或接近目標，禁止追高,趨勢多頭,旗型整理突破,339.0,271.7,476.5,接近成形＋可觀察,345.78,339.0,345.78,356.15,328.83,4.9,低,-14.31,14.31,7.71,37.8,345.78,0.0,False,False,True,距離頸線或前高過遠，禁止追高,頸線以當日前20日高點計算；收盤站上頸線 339.0 至少2%；成交量>=20日均量2倍；不可長上影；回踩須有近10日突破紀錄且不有效跌破頸線；距離頸線>5%禁止進場,35,C,禁止追高,已漲遠或接近目標，空手不追；持有者依策略分批處理。,False,2026-10-05,True,True,STOP,STOP 停止進場,觀察,取消新進場，只保留觀察,只看續抱 / 減碼 / 停利 / 停損，不新增部位。,停止新進場，先保留現金，等待大盤止跌。,停止新進場，禁止顯示今日可進場。,False,False
2026-10-05,2026-10-05,收盤確認價,臺灣證券交易所 / 證券櫃檯買賣中心正式收盤；yfinance 歷史資料,只使用完整收盤日K，不使用盤中未完成K,上櫃,4923,力士,64.1,66.5,63.6,63.7,63.38,58.51,52.56,40.06,1.26,-3.75,False,1774561,1526912,113749360,96073501,4.65,True,True,34.06,一般K,,True,False,False,False,1,False,C級：已漲遠或接近目標，禁止追高,趨勢多頭,旗型整理突破,60.8,55.58,85.25,接近成形＋可觀察,62.02,60.8,62.02,63.88,58.98,4.9,低,5.43,8.43,7.64,37.46,62.02,0.78,True,False,True,距離頸線或前高過遠，禁止追高,頸線以當日前20日高點計算；收盤站上頸線 60.8 至少2%；成交量>=20日均量2倍；不可長上影；回踩須有近10日突破紀錄且不有效跌破頸線；距離頸線>5%禁止進場,35,C,禁止追高,已漲遠或接近目標，空手不追；持有者依策略分批處理。,False,2026-10-05,True,True,STOP,STOP 停止進場,觀察,取消新進場，只保留觀察,只看續抱 / 減碼 / 停利 / 停損，不新增部位。,停止新進場，先保留現金，等待大盤止跌。,停止新進場，禁止顯示今日可進場。,False,False
2026-10-05,2026-10-05,收盤確認價,臺灣證券交易所 / 證券櫃檯買賣中心正式收盤；yfinance 歷史資料,只使用完整收盤日K，不使用盤中未完成K,上櫃,4931,新盛力,250.0,257.5,250.0,249.7,244.6,242.1,234.86,185.65,-1.96,-0.79,False,3840036,3640200,960009000,889640057,2.65,True,True,22.1,一般K,,True,False,False,False,1,False,C級：已漲遠或接近目標，禁止追高,趨勢多頭,旗型整理突破,264.0,229.99,368.0,接近成形＋可觀察,269.28,264.0,269.28,277.36,256.08,4.9,低,-5.3,13.19,7.48,36.66,269.28,1.8,False,False,True,距離頸線或前高過遠，禁止追高,頸線以當日前20日高點計算；收盤站上頸線 264.0 至少2%；成交量>=20日均量2倍；不可長上影；回踩須有近10日突破紀錄且不有效跌破頸線；距離頸線>5%禁止進場,35,C,禁止追高,已漲遠或接近目標，空手不追；持有者依策略分批處理。,False,2026-10-05,True,True,STOP,STOP 停止進場,觀察,取消新進場，只保留觀察,只看續抱 / 減碼 / 停利 / 停損，不新增部位。,停止新進場，先保留現金，等待大盤止跌。,停止新進場，禁止顯示今日可進場。,False,False
2026-10-05,2026-10-05,收盤確認價,臺灣證券交易所 / 證券櫃檯買賣中心正式收盤；yfinance 歷史資料,只使用完整收盤日K，不使用盤中未完成K,上市,2338,光罩,48.2,50.3,48.2,47.89,47.94,46.14,42.32,43.28,1.05,-2.92,False,7682582,17048734,370300452,819389087,4.51,True,True,76.52,長黑,,True,False,False,False,1,False,C級：已漲遠或接近目標，禁止追高,趨勢多頭,旗型整理突破,54.5,43.83,75.95,接近成形＋可觀察,55.59,54.5,55.59,57.26,52.87,4.9,低,-11.56,11.56,7.47,36.63,55.59,0.0,False,False,True,距離頸線或前高過遠，禁止追高,頸線以當日前20日高點計算；收盤站上頸線 54.5 至少2%；成交量>=20日均量2倍；不可長上影；回踩須有近10日突破紀錄且不有效跌破頸線；距離頸線>5%禁止進場,35,C,禁止追高,已漲遠或接近目標，空手不追；持有者依策略分批處理。,False,2026-10-05,True,True,STOP,STOP 停止進場,觀察,取消新進場，只保留觀察,只看續抱 / 減碼 / 停利 / 停損，不新增部位。,停止新進場，先保留現金，等待大盤止跌。,停止新進場，禁止顯示今日可進場。,False,False
2026-10-05,2026-10-05,收盤確認價,臺灣證券交易所 / 證券櫃檯買賣中心正式收盤；yfinance 歷史資料,只使用完整收盤日K，不使用盤中未完成K,上市,1528,恩德,24.15,25.0,24.1,25.05,25.41,23.56,20.68,21.91,6.86,-2.42,False,3564709,10905564,86087722,269969930,5.03,True,True,60.17,一般K,,True,False,False,False,1,False,C級：已漲遠或接近目標，禁止追高,趨勢多頭,接近成形,26.3,22.38,36.4,接近成形＋可觀察,26.83,26.3,26.83,27.63,25.51,4.9,低,-8.17,13.44,7.28,35.69,26.83,0.0,True,False,True,距離頸線或前高過遠，禁止追高,頸線以當日前20日高點計算；收盤站上頸線 26.3 至少2%；成交量>=20日均量2倍；不可長上影；回踩須有近10日突破紀錄且不有效跌破頸線；距離頸線>5%禁止進場,35,C,禁止追高,已漲遠或接近目標，空手不追；持有者依策略分批處理。,False,2026-10-05,True,True,STOP,STOP 停止進場,觀察,取消新進場，只保留觀察,只看續抱 / 減碼 / 停利 / 停損，不新增部位。,停止新進場，先保留現金，等待大盤止跌。,停止新進場，禁止顯示今日可進場。,False,False
2026-10-05,2026-10-05,收盤確認價,臺灣證券交易所 / 證券櫃檯買賣中心正式收盤；yfinance 歷史資料,只使用完整收盤日K，不使用盤中未完成K,上櫃,6207,雷科,152.0,152.5,145.5,146.7,132.05,121.7,114.74,80.95,5.56,2.7,False,17692448,11304090,2689252096,1495710282,4.51,True,True,41.57,紅K突破,,True,False,False,False,1,False,C級：已漲遠或接近目標，禁止追高,趨勢多頭,旗型整理突破,137.5,115.61,190.1,接近成形＋可觀察,140.25,137.5,140.25,144.46,133.38,4.9,低,10.55,3.8,7.25,35.54,140.25,0.33,True,False,True,距離頸線或前高過遠，禁止追高,頸線以當日前20日高點計算；收盤站上頸線 137.5 至少2%；成交量>=20日均量2倍；不可長上影；回踩須有近10日突破紀錄且不有效跌破頸線；距離頸線>5%禁止進場,35,C,禁止追高,已漲遠或接近目標，空手不追；持有者依策略分批處理。,False,2026-10-05,True,True,STOP,STOP 停止進場,觀察,取消新進場，只保留觀察,只看續抱 / 減碼 / 停利 / 停損，不新增部位。,停止新進場，先保留現金，等待大盤止跌。,停止新進場，禁止顯示今日可進場。,False,False
2026-10-05,2026-10-05,收盤確認價,臺灣證券交易所 / 證券櫃檯買賣中心正式收盤；yfinance 歷史資料,只使用完整收盤日K，不使用盤中未完成K,上市,1597,直得,145.5,151.5,144.5,148.2,141.95,143.2,137.78,112.3,5.05,-1.69,False,1655396,2289923,240860118,338707956,4.27,True,True,12.83,一般K,,True,False,False,False,1,False,C級：已漲遠或接近目標，禁止追高,趨勢多頭,旗型整理突破,164.0,136.04,226.0,接近成形＋可觀察,167.28,164.0,167.28,172.3,159.08,4.9,低,-11.28,11.28,7.16,35.1,167.28,1.72,False,False,True,距離頸線或前高過遠，禁止追高,頸線以當日前20日高點計算；收盤站上頸線 164.0 至少2%；成交量>=20日均量2倍；不可長上影；回踩須有近10日突破紀錄且不有效跌破頸線；距離頸線>5%禁止進場,35,C,禁止追高,已漲遠或接近目標，空手不追；持有者依策略分批處理。,False,2026-10-05,True,True,STOP,STOP 停止進場,觀察,取消新進場，只保留觀察,只看續抱 / 減碼 / 停利 / 停損，不新增部位。,停止新進場，先保留現金，等待大盤止跌。,停止新進場，禁止顯示今日可進場。,False,False
2026-10-05,2026-10-05,收盤確認價,臺灣證券交易所 / 證券櫃檯買賣中心正式收盤；yfinance 歷史資料,只使用完整收盤日K，不使用盤中未完成K,上櫃,3675,德微,349.0,377.0,348.0,346.4,328.95,303.0,282.73,227.43,-11.87,-3.06,False,3232374,1789201,1128098526,567367822,4.81,True,True,48.53,長黑,,True,False,False,False,1,False,C級：已漲遠或接近目標，禁止追高,趨勢多頭,旗型整理突破,309.5,287.85,424.5,接近成形＋可觀察,315.69,309.5,315.69,325.16,300.21,4.9,低,12.76,11.87,7.03,34.47,315.69,3.87,True,False,True,距離頸線或前高過遠，禁止追高,頸線以當日前20日高點計算；收盤站上頸線 309.5 至少2%；成交量>=20日均量2倍；不可長上影；回踩須有近10日突破紀錄且不有效跌破頸線；距離頸線>5%禁止進場,35,C,禁止追高,已漲遠或接近目標，空手不追；持有者依策略分批處理。,False,2026-10-05,True,True,STOP,STOP 停止進場,觀察,取消新進場，只保留觀察,只看續抱 / 減碼 / 停利 / 停損，不新增部位。,停止新進場，先保留現金，等待大盤止跌。,停止新進場，禁止顯示今日可進場。,False,False
2026-10-05,2026-10-05,收盤確認價,臺灣證券交易所 / 證券櫃檯買賣中心正式收盤；yfinance 歷史資料,只使用完整收盤日K，不使用盤中未完成K,上市,2342,茂矽,49.4,52.2,49.0,50.09,46.92,43.09,40.82,36.72,0.82,-3.7,False,10795983,8272665,533321560,390542230,3.64,True,True,51.07,一般K,,True,False,False,False,1,False,C級：已漲遠或接近目標，禁止追高,趨勢多頭,旗型整理突破,46.35,40.93,63.25,接近成形＋可觀察,47.28,46.35,47.28,48.7,44.96,4.9,低,6.58,8.35,6.89,33.79,47.28,1.82,True,False,True,距離頸線或前高過遠，禁止追高,頸線以當日前20日高點計算；收盤站上頸線 46.35 至少2%；成交量>=20日均量2倍；不可長上影；回踩須有近10日突破紀錄且不有效跌破頸線；距離頸線>5%禁止進場,35,C,禁止追高,已漲遠或接近目標，空手不追；持有者依策略分批處理。,False,2026-10-05,True,True,STOP,STOP 停止進場,觀察,取消新進場，只保留觀察,只看續抱 / 減碼 / 停利 / 停損，不新增部位。,停止新進場，先保留現金，等待大盤止跌。,停止新進場，禁止顯示今日可進場。,False,False
2026-10-05,2026-10-05,收盤確認價,臺灣證券交易所 / 證券櫃檯買賣中心正式收盤；yfinance 歷史資料,只使用完整收盤日K，不使用盤中未完成K,上市,1717,長興,74.6,76.4,74.2,73.76,72.54,72.07,70.1,62.51,1.08,0.54,False,11553798,8284553,861913330,603586548,1.62,True,True,28.23,一般K,,True,False,False,False,1,False,C級：已漲遠或接近目標，禁止追高,趨勢多頭,旗型整理突破,82.6,68.47,112.4,接近成形＋可觀察,84.25,82.6,84.25,86.78,80.12,4.9,低,-9.69,12.75,6.82,33.41,84.25,1.74,False,False,True,距離頸線或前高過遠，禁止追高,頸線以當日前20日高點計算；收盤站上頸線 82.6 至少2%；成交量>=20日均量2倍；不可長上影；回踩須有近10日突破紀錄且不有效跌破頸線；距離頸線>5%禁止進場,35,C,禁止追高,已漲遠或接近目標，空手不追；持有者依策略分批處理。,False,2026-10-05,True,True,STOP,STOP 停止進場,觀察,取消新進場，只保留觀察,只看續抱 / 減碼 / 停利 / 停損，不新增部位。,停止新進場，先保留現金，等待大盤止跌。,停止新進場，禁止顯示今日可進場。,False,False
2026-10-05,2026-10-05,收盤確認價,臺灣證券交易所 / 證券櫃檯買賣中心正式收盤；yfinance 歷史資料,只使用完整收盤日K，不使用盤中未完成K,上市,1802,台玻,59.3,61.4,59.3,59.02,58.88,58.86,57.0,52.64,-8.77,-0.34,False,23093784,16651863,1369461391,982797965,2.12,True,True,13.28,一般K,,True,False,False,False,1,False,C級：已漲遠或接近目標，禁止追高,趨勢多頭,旗型整理突破,64.0,56.0,85.95,接近成形＋可觀察,65.28,64.0,65.28,67.24,62.08,4.9,低,-7.34,14.55,6.46,31.66,65.28,1.18,False,False,True,距離頸線或前高過遠，禁止追高,頸線以當日前20日高點計算；收盤站上頸線 64.0 至少2%；成交量>=20日均量2倍；不可長上影；回踩須有近10日突破紀錄且不有效跌破頸線；距離頸線>5%禁止進場,35,C,禁止追高,已漲遠或接近目標，空手不追；持有者依策略分批處理。,False,2026-10-05,True,True,STOP,STOP 停止進場,觀察,取消新進場，只保留觀察,只看續抱 / 減碼 / 停利 / 停損，不新增部位。,停止新進場，先保留現金，等待大盤止跌。,停止新進場，禁止顯示今日可進場。,False,False
2026-10-05,2026-10-05,收盤確認價,臺灣證券交易所 / 證券櫃檯買賣中心正式收盤；yfinance 歷史資料,只使用完整收盤日K，不使用盤中未完成K,上櫃,8155,博智,329.5,338.0,326.0,317.6,326.6,329.27,321.23,275.75,-6.13,2.01,False,887386,632193,292393687,206369337,3.19,True,True,32.79,一般K,,True,False,False,False,1,False,C級：已漲遠或接近目標，禁止追高,趨勢多頭,旗型整理突破,371.0,312.81,497.5,接近成形＋可觀察,378.42,371.0,378.42,389.77,359.87,4.9,低,-11.19,12.13,6.42,31.47,378.42,2.58,False,False,True,距離頸線或前高過遠，禁止追高,頸線以當日前20日高點計算；收盤站上頸線 371.0 至少2%；成交量>=20日均量2倍；不可長上影；回踩須有近10日突破紀錄且不有效跌破頸線；距離頸線>5%禁止進場,35,C,禁止追高,已漲遠或接近目標，空手不追；持有者依策略分批處理。,False,2026-10-05,True,True,STOP,STOP 停止進場,觀察,取消新進場，只保留觀察,只看續抱 / 減碼 / 停利 / 停損，不新增部位。,停止新進場，先保留現金，等待大盤止跌。,停止新進場，禁止顯示今日可進場。,False,False
2026-10-05,2026-10-05,收盤確認價,臺灣證券交易所 / 證券櫃檯買賣中心正式收盤；yfinance 歷史資料,只使用完整收盤日K，不使用盤中未完成K,上櫃,4760,勤凱,348.5,348.5,348.5,295.3,280.45,271.82,256.02,234.13,11.08,9.94,True,469020,385578,163453470,107236173,4.02,True,True,23.12,資料不足,,True,False,False,False,1,False,C級：已漲遠或接近目標，禁止追高,趨勢多頭,旗型整理突破,288.5,258.23,385.81,接近成形＋可觀察,294.27,288.5,294.27,303.1,279.84,4.9,低,20.8,9.94,6.35,31.11,294.27,0.0,True,False,True,距離頸線或前高過遠，禁止追高,頸線以當日前20日高點計算；收盤站上頸線 288.5 至少2%；成交量>=20日均量2倍；不可長上影；回踩須有近10日突破紀錄且不有效跌破頸線；距離頸線>5%禁止進場,35,C,禁止追高,已漲遠或接近目標，空手不追；持有者依策略分批處理。,False,2026-10-05,True,True,STOP,STOP 停止進場,接近目標,取消新進場，只保留觀察,只看續抱 / 減碼 / 停利 / 停損，不新增部位。,停止新進場，先保留現金，等待大盤止跌。,停止新進場，禁止顯示今日可進場。,False,False
2026-10-05,2026-10-05,收盤確認價,臺灣證券交易所 / 證券櫃檯買賣中心正式收盤；yfinance 歷史資料,只使用完整收盤日K，不使用盤中未完成K,上櫃,4542,科嶠,358.0,365.0,340.0,341.1,327.5,298.82,294.04,196.33,-2.05,6.39,False,818171,838184,292905218,263862737,4.74,True,True,31.13,紅K突破,,True,False,False,False,1,False,C級：已漲遠或接近目標，禁止追高,趨勢多頭,旗型整理突破,319.0,283.88,419.5,接近成形＋可觀察,325.38,319.0,325.38,335.14,309.43,4.9,低,12.23,4.02,5.9,28.93,325.38,1.96,True,False,True,距離頸線或前高過遠，禁止追高,頸線以當日前20日高點計算；收盤站上頸線 319.0 至少2%；成交量>=20日均量2倍；不可長上影；回踩須有近10日突破紀錄且不有效跌破頸線；距離頸線>5%禁止進場,35,C,禁止追高,已漲遠或接近目標，空手不追；持有者依策略分批處理。,False,2026-10-05,True,True,STOP,STOP 停止進場,觀察,取消新進場，只保留觀察,只看續抱 / 減碼 / 停利 / 停損，不新增部位。,停止新進場，先保留現金，等待大盤止跌。,停止新進場，禁止顯示今日可進場。,False,False
2026-10-05,2026-10-05,收盤確認價,臺灣證券交易所 / 證券櫃檯買賣中心正式收盤；yfinance 歷史資料,只使用完整收盤日K，不使用盤中未完成K,上櫃,6425,易發,76.6,79.6,76.6,78.14,75.05,68.77,62.6,73.07,8.65,-4.01,False,1033511,1440582,79166942,107601186,4.16,True,True,40.36,一般K,,True,False,False,False,1,False,C級：已漲遠或接近目標，禁止追高,趨勢多頭,旗型整理突破,69.8,65.33,91.1,接近成形＋可觀察,71.2,69.8,71.2,73.33,67.71,4.9,低,9.74,9.13,5.7,27.96,71.2,0.0,True,False,True,距離頸線或前高過遠，禁止追高,頸線以當日前20日高點計算；收盤站上頸線 69.8 至少2%；成交量>=20日均量2倍；不可長上影；回踩須有近10日突破紀錄且不有效跌破頸線；距離頸線>5%禁止進場,35,C,禁止追高,已漲遠或接近目標，空手不追；持有者依策略分批處理。,False,2026-10-05,True,True,STOP,STOP 停止進場,觀察,取消新進場，只保留觀察,只看續抱 / 減碼 / 停利 / 停損，不新增部位。,停止新進場，先保留現金，等待大盤止跌。,停止新進場，禁止顯示今日可進場。,False,False
2026-10-05,2026-10-05,收盤確認價,臺灣證券交易所 / 證券櫃檯買賣中心正式收盤；yfinance 歷史資料,只使用完整收盤日K，不使用盤中未完成K,上市,1809,中釉,46.6,48.35,45.8,46.55,43.75,40.67,39.54,31.46,-4.12,-2.0,False,4735060,5119555,220653796,228288447,3.41,True,True,41.68,一般K,,True,False,False,False,1,False,C級：已漲遠或接近目標，禁止追高,趨勢多頭,旗型整理突破,41.9,38.64,54.5,接近成形＋可觀察,42.74,41.9,42.74,44.02,40.64,4.9,低,11.22,8.27,5.61,27.52,42.74,0.97,True,False,True,距離頸線或前高過遠，禁止追高,頸線以當日前20日高點計算；收盤站上頸線 41.9 至少2%；成交量>=20日均量2倍；不可長上影；回踩須有近10日突破紀錄且不有效跌破頸線；距離頸線>5%禁止進場,35,C,禁止追高,已漲遠或接近目標，空手不追；持有者依策略分批處理。,False,2026-10-05,True,True,STOP,STOP 停止進場,觀察,取消新進場，只保留觀察,只看續抱 / 減碼 / 停利 / 停損，不新增部位。,停止新進場，先保留現金，等待大盤止跌。,停止新進場，禁止顯示今日可進場。,False,False
2026-10-05,2026-10-05,收盤確認價,臺灣證券交易所 / 證券櫃檯買賣中心正式收盤；yfinance 歷史資料,只使用完整收盤日K，不使用盤中未完成K,上櫃,6423,億而得,92.0,99.0,92.0,90.74,88.06,85.29,79.3,84.99,5.14,-3.66,False,157361,80916,14477212,7321141,3.07,False,True,16.42,長黑,,True,False,False,False,1,False,C級：已漲遠或接近目標，禁止追高,趨勢多頭,旗型整理突破,89.0,81.02,115.5,接近成形＋可觀察,90.78,89.0,90.78,93.5,86.33,4.9,低,3.37,11.11,5.56,27.23,90.78,3.37,True,False,True,距離頸線或前高過遠，禁止追高,頸線以當日前20日高點計算；收盤站上頸線 89.0 至少2%；成交量>=20日均量2倍；不可長上影；回踩須有近10日突破紀錄且不有效跌破頸線；距離頸線>5%禁止進場,35,C,禁止追高,已漲遠或接近目標，空手不追；持有者依策略分批處理。,False,2026-10-05,True,True,STOP,STOP 停止進場,觀察,取消新進場，只保留觀察,只看續抱 / 減碼 / 停利 / 停損，不新增部位。,停止新進場，先保留現金，等待大盤止跌。,停止新進場，禁止顯示今日可進場。,False,False
2026-10-05,2026-10-05,收盤確認價,臺灣證券交易所 / 證券櫃檯買賣中心正式收盤；yfinance 歷史資料,只使用完整收盤日K，不使用盤中未完成K,上櫃,8289,泰藝,57.2,61.7,56.9,51.35,47.87,45.37,45.69,39.19,-4.67,1.96,False,8043882,945665,460110050,48926152,3.58,True,True,37.19,一般K,,False,True,False,False,1,False,C級：已漲遠或接近目標，禁止追高,量能放大,旗型整理突破,51.0,43.1,66.0,接近成形＋可觀察,52.02,51.0,52.02,53.58,49.47,4.9,低,12.16,5.14,5.48,26.87,52.02,6.64,True,False,True,距離頸線或前高過遠，禁止追高,頸線以當日前20日高點計算；收盤站上頸線 51.0 至少2%；成交量>=20日均量2倍；不可長上影；回踩須有近10日突破紀錄且不有效跌破頸線；距離頸線>5%禁止進場,35,C,禁止追高,已漲遠或接近目標，空手不追；持有者依策略分批處理。,False,2026-10-05,True,True,STOP,STOP 停止進場,觀察,取消新進場，只保留觀察,只看續抱 / 減碼 / 停利 / 停損，不新增部位。,停止新進場，先保留現金，等待大盤止跌。,停止新進場，禁止顯示今日可進場。,False,False
2026-10-05,2026-10-05,收盤確認價,臺灣證券交易所 / 證券櫃檯買賣中心正式收盤；yfinance 歷史資料,只使用完整收盤日K，不使用盤中未完成K,上櫃,4561,健椿,42.8,44.0,42.4,42.8,42.24,41.58,41.11,39.11,6.73,-1.83,False,185435,120307,7936617,5043665,1.74,False,True,37.16,一般K,,True,False,False,False,1,False,C級：已漲遠或接近目標，禁止追高,趨勢多頭,三角收斂突破,44.6,39.51,57.2,接近成形＋可觀察,45.49,44.6,45.49,46.86,43.26,4.9,低,-4.04,15.91,5.25,25.74,45.49,0.0,False,False,True,距離頸線或前高過遠，禁止追高,頸線以當日前20日高點計算；收盤站上頸線 44.6 至少2%；成交量>=20日均量2倍；不可長上影；回踩須有近10日突破紀錄且不有效跌破頸線；距離頸線>5%禁止進場,35,C,禁止追高,已漲遠或接近目標，空手不追；持有者依策略分批處理。,False,2026-10-05,True,True,STOP,STOP 停止進場,觀察,取消新進場，只保留觀察,只看續抱 / 減碼 / 停利 / 停損，不新增部位。,停止新進場，先保留現金，等待大盤止跌。,停止新進場，禁止顯示今日可進場。,False,False
2026-10-05,2026-10-05,收盤確認價,臺灣證券交易所 / 證券櫃檯買賣中心正式收盤；yfinance 歷史資料,只使用完整收盤日K，不使用盤中未完成K,上櫃,1591,駿吉-KY,41.85,42.2,40.5,41.67,41.39,39.68,37.07,44.85,34.35,1.45,False,402203,415478,16832195,16555850,4.24,False,True,59.59,下影線,,False,False,False,True,1,False,C級：已漲遠或接近目標，禁止追高,價量條件足,旗型整理突破,43.3,37.69,55.45,接近成形＋可觀察,44.17,43.3,44.17,45.49,42.0,4.9,低,-3.35,12.63,5.21,25.55,44.17,0.0,False,False,True,距離頸線或前高過遠，禁止追高,頸線以當日前20日高點計算；收盤站上頸線 43.3 至少2%；成交量>=20日均量2倍；不可長上影；回踩須有近10日突破紀錄且不有效跌破頸線；距離頸線>5%禁止進場,35,C,禁止追高,已漲遠或接近目標，空手不追；持有者依策略分批處理。,False,2026-10-05,True,True,STOP,STOP 停止進場,觀察,取消新進場，只保留觀察,只看續抱 / 減碼 / 停利 / 停損，不新增部位。,停止新進場，先保留現金，等待大盤止跌。,停止新進場，禁止顯示今日可進場。,False,False
2026-10-05,2026-10-05,收盤確認價,臺灣證券交易所 / 證券櫃檯買賣中心正式收盤；yfinance 歷史資料,只使用完整收盤日K，不使用盤中未完成K,上櫃,3236,千如,53.5,57.7,52.5,48.74,46.13,44.96,45.11,38.02,-12.01,0.19,False,24975064,4044634,1336165924,197578536,3.9,True,True,32.06,下影線,,False,True,False,False,1,False,C級：已漲遠或接近目標，禁止追高,量能放大,旗型整理突破,48.55,42.71,62.0,接近成形＋可觀察,49.52,48.55,49.52,51.01,47.09,4.9,低,10.2,13.15,5.14,25.2,49.52,6.92,True,False,True,距離頸線或前高過遠，禁止追高,頸線以當日前20日高點計算；收盤站上頸線 48.55 至少2%；成交量>=20日均量2倍；不可長上影；回踩須有近10日突破紀錄且不有效跌破頸線；距離頸線>5%禁止進場,35,C,禁止追高,已漲遠或接近目標，空手不追；持有者依策略分批處理。,False,2026-10-05,True,True,STOP,STOP 停止進場,觀察,取消新進場，只保留觀察,只看續抱 / 減碼 / 停利 / 停損，不新增部位。,停止新進場，先保留現金，等待大盤止跌。,停止新進場，禁止顯示今日可進場。,False,False
2026-10-05,2026-10-05,收盤確認價,臺灣證券交易所 / 證券櫃檯買賣中心正式收盤；yfinance 歷史資料,只使用完整收盤日K，不使用盤中未完成K,上櫃,3615,安可,44.45,45.8,43.85,44.03,40.85,37.94,37.88,33.86,-9.56,-1.22,False,2327303,1574221,103448618,65136228,4.13,True,True,44.04,一般K,,True,False,False,False,1,False,C級：已漲遠或接近目標，禁止追高,趨勢多頭,旗型整理突破,41.65,36.04,53.1,接近成形＋可觀察,42.48,41.65,42.48,43.76,40.4,4.9,低,6.72,14.19,5.1,24.99,42.48,0.9,True,False,True,距離頸線或前高過遠，禁止追高,頸線以當日前20日高點計算；收盤站上頸線 41.65 至少2%；成交量>=20日均量2倍；不可長上影；回踩須有近10日突破紀錄且不有效跌破頸線；距離頸線>5%禁止進場,35,C,禁止追高,已漲遠或接近目標，空手不追；持有者依策略分批處理。,False,2026-10-05,True,True,STOP,STOP 停止進場,觀察,取消新進場，只保留觀察,只看續抱 / 減碼 / 停利 / 停損，不新增部位。,停止新進場，先保留現金，等待大盤止跌。,停止新進場，禁止顯示今日可進場。,False,False
2026-10-05,2026-10-05,收盤確認價,臺灣證券交易所 / 證券櫃檯買賣中心正式收盤；yfinance 歷史資料,只使用完整收盤日K，不使用盤中未完成K,上櫃,6227,茂綸,142.5,151.5,140.0,137.6,135.7,129.22,121.07,102.02,18.26,1.42,False,2947479,1696876,420015757,225150800,3.05,True,True,70.74,下影線,,True,False,False,False,1,False,C級：已漲遠或接近目標，禁止追高,趨勢多頭,旗型整理突破,134.5,122.76,169.0,接近成形＋可觀察,137.19,134.5,137.19,141.31,130.47,4.9,低,5.95,2.06,4.73,23.19,137.19,5.96,True,False,True,距離頸線或前高過遠，禁止追高,頸線以當日前20日高點計算；收盤站上頸線 134.5 至少2%；成交量>=20日均量2倍；不可長上影；回踩須有近10日突破紀錄且不有效跌破頸線；距離頸線>5%禁止進場,35,C,禁止追高,已漲遠或接近目標，空手不追；持有者依策略分批處理。,False,2026-10-05,True,True,STOP,STOP 停止進場,觀察,取消新進場，只保留觀察,只看續抱 / 減碼 / 停利 / 停損，不新增部位。,停止新進場，先保留現金，等待大盤止跌。,停止新進場，禁止顯示今日可進場。,False,False
2026-10-05,2026-10-05,收盤確認價,臺灣證券交易所 / 證券櫃檯買賣中心正式收盤；yfinance 歷史資料,只使用完整收盤日K，不使用盤中未完成K,上櫃,5483,中美晶,214.5,229.0,213.0,208.8,198.6,189.35,192.18,144.24,1.9,-3.16,False,33175153,20227182,7116070318,3996058997,3.4,True,True,36.69,長黑,半導體 封測 IC通路,False,False,True,False,1,False,C級：已漲遠或接近目標，禁止追高,題材命中,旗型整理突破,202.0,179.88,253.5,接近成形＋可觀察,206.04,202.0,206.04,212.22,195.94,4.9,低,6.19,23.26,4.7,23.03,206.04,1.86,True,False,True,距離頸線或前高過遠，禁止追高,頸線以當日前20日高點計算；收盤站上頸線 202.0 至少2%；成交量>=20日均量2倍；不可長上影；回踩須有近10日突破紀錄且不有效跌破頸線；距離頸線>5%禁止進場,35,C,禁止追高,已漲遠或接近目標，空手不追；持有者依策略分批處理。,False,2026-10-05,True,True,STOP,STOP 停止進場,觀察,取消新進場，只保留觀察,只看續抱 / 減碼 / 停利 / 停損，不新增部位。,停止新進場，先保留現金，等待大盤止跌。,停止新進場，禁止顯示今日可進場。,False,False
2026-10-05,2026-10-05,收盤確認價,臺灣證券交易所 / 證券櫃檯買賣中心正式收盤；yfinance 歷史資料,只使用完整收盤日K，不使用盤中未完成K,上櫃,7734,印能科技,2790.0,2885.0,2790.0,2751.0,2690.0,2704.75,2963.5,2193.11,-1.59,-1.24,False,174275,256470,486227250,693039866,3.91,True,True,21.47,一般K,半導體設備 先進封裝 設備,False,False,True,False,1,False,C級：已漲遠或接近目標，禁止追高,題材命中,接近成形,3130.0,2569.51,3855.0,接近成形＋可觀察,3192.6,3130.0,3192.6,3288.38,3036.1,4.9,低,-10.86,28.0,4.23,20.75,3192.6,1.25,False,False,True,距離頸線或前高過遠，禁止追高,頸線以當日前20日高點計算；收盤站上頸線 3130.0 至少2%；成交量>=20日均量2倍；不可長上影；回踩須有近10日突破紀錄且不有效跌破頸線；距離頸線>5%禁止進場,35,C,禁止追高,已漲遠或接近目標，空手不追；持有者依策略分批處理。,False,2026-10-05,True,True,STOP,STOP 停止進場,觀察,取消新進場，只保留觀察,只看續抱 / 減碼 / 停利 / 停損，不新增部位。,停止新進場，先保留現金，等待大盤止跌。,停止新進場，禁止顯示今日可進場。,False,False
2026-10-05,2026-10-05,收盤確認價,臺灣證券交易所 / 證券櫃檯買賣中心正式收盤；yfinance 歷史資料,只使用完整收盤日K，不使用盤中未完成K,上櫃,6435,大中,276.5,294.5,275.0,264.0,255.9,249.1,260.94,196.27,-26.27,-0.18,False,2627640,486368,726542460,126798567,2.39,True,True,27.71,一般K,,False,True,False,False,1,False,C級：已漲遠或接近目標，禁止追高,量能放大,旗型整理突破,262.0,236.64,321.5,接近成形＋可觀察,267.24,262.0,267.24,275.26,254.14,4.9,低,5.53,26.27,4.14,20.3,267.24,5.61,True,False,True,距離頸線或前高過遠，禁止追高,頸線以當日前20日高點計算；收盤站上頸線 262.0 至少2%；成交量>=20日均量2倍；不可長上影；回踩須有近10日突破紀錄且不有效跌破頸線；距離頸線>5%禁止進場,35,C,禁止追高,已漲遠或接近目標，空手不追；持有者依策略分批處理。,False,2026-10-05,True,True,STOP,STOP 停止進場,觀察,取消新進場，只保留觀察,只看續抱 / 減碼 / 停利 / 停損，不新增部位。,停止新進場，先保留現金，等待大盤止跌。,停止新進場，禁止顯示今日可進場。,False,False
2026-10-05,2026-10-05,收盤確認價,臺灣證券交易所 / 證券櫃檯買賣中心正式收盤；yfinance 歷史資料,只使用完整收盤日K，不使用盤中未完成K,上櫃,3147,大綜,275.0,275.0,257.0,258.7,248.35,236.8,229.95,199.54,18.53,3.97,False,1487464,774360,409052600,189837025,3.02,True,True,57.13,紅K突破,,True,False,False,False,1,False,C級：已漲遠或接近目標，禁止追高,趨勢多頭,旗型整理突破,250.0,224.96,304.5,接近成形＋可觀察,255.0,250.0,255.0,262.65,242.5,4.9,低,10.0,0.73,3.96,19.41,255.0,0.0,True,False,True,距離頸線或前高過遠，禁止追高,頸線以當日前20日高點計算；收盤站上頸線 250.0 至少2%；成交量>=20日均量2倍；不可長上影；回踩須有近10日突破紀錄且不有效跌破頸線；距離頸線>5%禁止進場,35,C,禁止追高,已漲遠或接近目標，空手不追；持有者依策略分批處理。,False,2026-10-05,True,True,STOP,STOP 停止進場,接近目標,取消新進場，只保留觀察,只看續抱 / 減碼 / 停利 / 停損，不新增部位。,停止新進場，先保留現金，等待大盤止跌。,停止新進場，禁止顯示今日可進場。,False,False
2026-10-05,2026-10-05,收盤確認價,臺灣證券交易所 / 證券櫃檯買賣中心正式收盤；yfinance 歷史資料,只使用完整收盤日K，不使用盤中未完成K,上市,2382,廣達,331.0,336.0,330.0,333.4,337.65,338.07,330.88,312.41,-11.38,-0.3,False,14036243,14192876,4645996433,4797148924,1.96,True,True,9.42,一般K,AI 伺服器 代工 電子製造,False,False,True,False,1,False,C級：已漲遠或接近目標，禁止追高,題材命中,接近成形,351.5,328.0,424.0,接近成形＋可觀察,358.53,351.5,358.53,369.29,340.95,4.9,低,-5.83,14.03,3.73,18.26,358.53,0.3,False,False,True,距離頸線或前高過遠，禁止追高,頸線以當日前20日高點計算；收盤站上頸線 351.5 至少2%；成交量>=20日均量2倍；不可長上影；回踩須有近10日突破紀錄且不有效跌破頸線；距離頸線>5%禁止進場,35,C,禁止追高,已漲遠或接近目標，空手不追；持有者依策略分批處理。,False,2026-10-05,True,True,STOP,STOP 停止進場,觀察,取消新進場，只保留觀察,只看續抱 / 減碼 / 停利 / 停損，不新增部位。,停止新進場，先保留現金，等待大盤止跌。,停止新進場，禁止顯示今日可進場。,False,False
2026-10-05,2026-10-05,收盤確認價,臺灣證券交易所 / 證券櫃檯買賣中心正式收盤；yfinance 歷史資料,只使用完整收盤日K，不使用盤中未完成K,上市,1590,亞德客-KY,1180.0,1205.0,1175.0,1191.0,1211.5,1258.5,1367.58,1182.62,-7.81,0.0,False,561654,798816,662751720,997492068,1.42,True,True,67.94,一般K,機器人 自動化 氣動元件 工業自動化,False,False,True,False,1,False,C級：已漲遠或接近目標，禁止追高,題材命中,接近成形,1420.0,1195.58,1705.0,接近成形＋可觀察,1448.4,1420.0,1448.4,1491.85,1377.4,4.9,低,-16.9,26.93,3.61,17.72,1448.4,2.12,False,False,True,距離頸線或前高過遠，禁止追高,頸線以當日前20日高點計算；收盤站上頸線 1420.0 至少2%；成交量>=20日均量2倍；不可長上影；回踩須有近10日突破紀錄且不有效跌破頸線；距離頸線>5%禁止進場,35,C,禁止追高,已漲遠或接近目標，空手不追；持有者依策略分批處理。,False,2026-10-05,True,True,STOP,STOP 停止進場,觀察,取消新進場，只保留觀察,只看續抱 / 減碼 / 停利 / 停損，不新增部位。,停止新進場，先保留現金，等待大盤止跌。,停止新進場，禁止顯示今日可進場。,False,False
2026-10-05,2026-10-05,收盤確認價,臺灣證券交易所 / 證券櫃檯買賣中心正式收盤；yfinance 歷史資料,只使用完整收盤日K，不使用盤中未完成K,上櫃,3685,元創精密,36.1,37.1,35.45,35.39,35.48,35.98,36.64,35.23,17.4,0.28,False,1772095,553370,63972629,19980066,1.59,False,True,41.43,下影線,,False,True,False,False,1,False,C級：已漲遠或接近目標，禁止追高,量能放大,三角收斂突破,37.5,34.18,44.4,接近成形＋可觀察,38.25,37.5,38.25,39.4,36.38,4.9,低,-3.73,11.95,3.28,16.08,38.25,2.77,False,False,True,距離頸線或前高過遠，禁止追高,頸線以當日前20日高點計算；收盤站上頸線 37.5 至少2%；成交量>=20日均量2倍；不可長上影；回踩須有近10日突破紀錄且不有效跌破頸線；距離頸線>5%禁止進場,35,C,禁止追高,已漲遠或接近目標，空手不追；持有者依策略分批處理。,False,2026-10-05,True,True,STOP,STOP 停止進場,觀察,取消新進場，只保留觀察,只看續抱 / 減碼 / 停利 / 停損，不新增部位。,停止新進場，先保留現金，等待大盤止跌。,停止新進場，禁止顯示今日可進場。,False,False
2026-10-05,2026-10-05,收盤確認價,臺灣證券交易所 / 證券櫃檯買賣中心正式收盤；yfinance 歷史資料,只使用完整收盤日K，不使用盤中未完成K,上櫃,5345,馥鴻,22.1,23.2,21.6,21.61,21.63,21.65,22.06,23.76,-8.11,4.49,False,37414,10616,826849,231035,3.71,False,True,6.8,一般K,,False,True,False,False,1,False,C級：已漲遠或接近目標，禁止追高,量能放大,三角收斂突破,22.9,20.57,26.8,接近成形＋可觀察,23.36,22.9,23.36,24.06,22.21,4.9,低,-3.49,22.32,3.01,14.74,23.36,4.98,False,False,True,距離頸線或前高過遠，禁止追高,頸線以當日前20日高點計算；收盤站上頸線 22.9 至少2%；成交量>=20日均量2倍；不可長上影；回踩須有近10日突破紀錄且不有效跌破頸線；距離頸線>5%禁止進場,35,C,禁止追高,已漲遠或接近目標，空手不追；持有者依策略分批處理。,False,2026-10-05,True,True,STOP,STOP 停止進場,觀察,取消新進場，只保留觀察,只看續抱 / 減碼 / 停利 / 停損，不新增部位。,停止新進場，先保留現金，等待大盤止跌。,停止新進場，禁止顯示今日可進場。,False,False
2026-10-05,2026-10-05,收盤確認價,臺灣證券交易所 / 證券櫃檯買賣中心正式收盤；yfinance 歷史資料,只使用完整收盤日K，不使用盤中未完成K,上市,1304,台聚,12.6,12.7,12.5,12.54,12.43,12.4,12.35,12.47,-5.97,-0.79,False,1730629,2319397,21805925,28854469,1.89,False,True,22.88,一般K,,True,False,False,False,1,False,C級：已漲遠或接近目標，禁止追高,趨勢多頭,旗型整理突破,13.05,12.0,15.2,接近成形＋可觀察,13.31,13.05,13.31,13.71,12.66,4.9,低,-3.45,12.5,2.9,14.19,13.31,0.0,False,False,True,距離頸線或前高過遠，禁止追高,頸線以當日前20日高點計算；收盤站上頸線 13.05 至少2%；成交量>=20日均量2倍；不可長上影；回踩須有近10日突破紀錄且不有效跌破頸線；距離頸線>5%禁止進場,35,C,禁止追高,已漲遠或接近目標，空手不追；持有者依策略分批處理。,False,2026-10-05,True,True,STOP,STOP 停止進場,觀察,取消新進場，只保留觀察,只看續抱 / 減碼 / 停利 / 停損，不新增部位。,停止新進場，先保留現金，等待大盤止跌。,停止新進場，禁止顯示今日可進場。,False,False
2026-10-05,2026-10-05,收盤確認價,臺灣證券交易所 / 證券櫃檯買賣中心正式收盤；yfinance 歷史資料,只使用完整收盤日K，不使用盤中未完成K,上櫃,6199,天品,133.5,134.0,130.0,129.4,123.7,111.45,102.35,99.86,26.54,1.14,False,7660816,4537581,1022718936,531789868,1.79,True,True,54.26,紅K突破,,True,False,False,False,1,False,C級：已漲遠或接近目標，禁止追高,趨勢多頭,接近成形,106.0,105.88,122.2,接近成形＋可觀察,108.12,106.0,108.12,111.36,102.82,4.9,低,25.94,0.37,2.66,13.02,108.12,0.37,True,True,True,接近目標區，只給持有者分批停利參考，空手不追高,頸線以當日前20日高點計算；收盤站上頸線 106.0 至少2%；成交量>=20日均量2倍；不可長上影；回踩須有近10日突破紀錄且不有效跌破頸線；距離頸線>5%禁止進場,35,C,禁止追高,已漲遠或接近目標，空手不追；持有者依策略分批處理。,False,2026-10-05,True,True,STOP,STOP 停止進場,接近目標,取消新進場，只保留觀察,只看續抱 / 減碼 / 停利 / 停損，不新增部位。,停止新進場，先保留現金，等待大盤止跌。,停止新進場，禁止顯示今日可進場。,False,False
2026-10-05,2026-10-05,收盤確認價,臺灣證券交易所 / 證券櫃檯買賣中心正式收盤；yfinance 歷史資料,只使用完整收盤日K，不使用盤中未完成K,上櫃,6261,久元,78.1,79.5,77.9,78.72,78.88,77.81,79.62,79.25,-14.55,-1.01,False,435144,449718,33984746,35012882,1.75,False,True,13.62,一般K,半導體 封測 測試,False,False,True,False,1,False,C級：已漲遠或接近目標，禁止追高,題材命中,接近成形,81.7,73.91,93.3,接近成形＋可觀察,83.33,81.7,83.33,85.83,79.25,4.9,低,-4.41,15.84,2.44,11.96,83.33,0.0,False,False,True,距離頸線或前高過遠，禁止追高,頸線以當日前20日高點計算；收盤站上頸線 81.7 至少2%；成交量>=20日均量2倍；不可長上影；回踩須有近10日突破紀錄且不有效跌破頸線；距離頸線>5%禁止進場,35,C,禁止追高,已漲遠或接近目標，空手不追；持有者依策略分批處理。,False,2026-10-05,True,True,STOP,STOP 停止進場,觀察,取消新進場，只保留觀察,只看續抱 / 減碼 / 停利 / 停損，不新增部位。,停止新進場，先保留現金，等待大盤止跌。,停止新進場，禁止顯示今日可進場。,False,False
2026-10-05,2026-10-05,收盤確認價,臺灣證券交易所 / 證券櫃檯買賣中心正式收盤；yfinance 歷史資料,只使用完整收盤日K，不使用盤中未完成K,上櫃,4729,熒茂,19.8,20.45,19.8,19.87,19.35,18.94,19.17,21.11,-7.48,0.51,False,471463,187238,9334967,3724327,2.51,False,True,35.36,一般K,,False,True,False,False,1,False,只觀察,量能放大,三角收斂突破,19.2,18.15,21.1,突破第一根,19.58,19.2,19.58,20.17,18.62,5.94,高,3.12,8.12,1.11,6.57,19.8,2.27,True,False,False,突破確認，可在追價範圍內掛單,頸線以當日前20日高點計算；收盤站上頸線 19.2 至少2%；成交量>=20日均量2倍；不可長上影；回踩須有近10日突破紀錄且不有效跌破頸線；距離頸線>5%禁止進場,35,C,等更安全位置,條件或風險不夠好，先不列入高關注。,False,2026-10-05,True,True,STOP,STOP 停止進場,接近目標,取消新進場，只保留觀察,只看續抱 / 減碼 / 停利 / 停損，不新增部位。,停止新進場，先保留現金，等待大盤止跌。,停止新進場，禁止顯示今日可進場。,False,False
2026-10-05,2026-10-05,收盤確認價,臺灣證券交易所 / 證券櫃檯買賣中心正式收盤；yfinance 歷史資料,只使用完整收盤日K，不使用盤中未完成K,上櫃,6538,倉和,335.5,367.5,335.5,358.4,386.05,365.65,233.68,118.63,146.69,-9.93,False,2300609,2335430,771854319,833417393,6.63,True,True,60.77,長黑,,False,False,False,False,0,False,C級：已漲遠或接近目標，禁止追高,條件不足,接近成形,468.0,347.37,827.5,接近成形＋可觀察,477.36,468.0,477.36,491.68,453.96,4.9,低,-28.31,28.31,14.96,73.35,477.36,0.0,False,False,True,距離頸線或前高過遠，禁止追高,頸線以當日前20日高點計算；收盤站上頸線 468.0 至少2%；成交量>=20日均量2倍；不可長上影；回踩須有近10日突破紀錄且不有效跌破頸線；距離頸線>5%禁止進場,35,C,禁止追高,已漲遠或接近目標，空手不追；持有者依策略分批處理。,False,2026-10-05,True,True,STOP,STOP 停止進場,觀察,取消新進場，只保留觀察,只看續抱 / 減碼 / 停利 / 停損，不新增部位。,停止新進場，先保留現金，等待大盤止跌。,停止新進場，禁止顯示今日可進場。,False,False
2026-10-05,2026-10-05,收盤確認價,臺灣證券交易所 / 證券櫃檯買賣中心正式收盤；yfinance 歷史資料,只使用完整收盤日K，不使用盤中未完成K,上櫃,5314,世紀*,28.7,30.2,28.55,29.1,28.36,32.59,23.9,21.86,80.77,-4.01,False,35173661,32954164,1009484070,1058958529,8.02,True,True,16.55,長黑,,False,False,False,False,0,False,C級：已漲遠或接近目標，禁止追高,條件不足,旗型整理突破,46.8,30.96,82.25,接近成形＋可觀察,47.74,46.8,47.74,49.17,45.4,4.9,低,-38.68,38.68,14.75,72.29,47.74,0.35,False,False,True,距離頸線或前高過遠，禁止追高,頸線以當日前20日高點計算；收盤站上頸線 46.8 至少2%；成交量>=20日均量2倍；不可長上影；回踩須有近10日突破紀錄且不有效跌破頸線；距離頸線>5%禁止進場,35,C,禁止追高,已漲遠或接近目標，空手不追；持有者依策略分批處理。,False,2026-10-05,True,True,STOP,STOP 停止進場,觀察,取消新進場，只保留觀察,只看續抱 / 減碼 / 停利 / 停損，不新增部位。,停止新進場，先保留現金，等待大盤止跌。,停止新進場，禁止顯示今日可進場。,False,False
2026-10-05,2026-10-05,收盤確認價,臺灣證券交易所 / 證券櫃檯買賣中心正式收盤；yfinance 歷史資料,只使用完整收盤日K，不使用盤中未完成K,上櫃,3234,光環,180.0,190.0,178.5,176.2,176.05,181.88,148.31,95.01,42.86,-0.83,False,4340872,3054008,781356960,563092081,4.0,True,True,20.98,一般K,,False,False,False,False,0,False,C級：已漲遠或接近目標，禁止追高,條件不足,旗型整理突破,214.0,172.78,344.6,接近成形＋可觀察,218.28,214.0,218.28,224.83,207.58,4.9,低,-15.89,18.18,11.81,57.87,218.28,2.78,False,False,True,距離頸線或前高過遠，禁止追高,頸線以當日前20日高點計算；收盤站上頸線 214.0 至少2%；成交量>=20日均量2倍；不可長上影；回踩須有近10日突破紀錄且不有效跌破頸線；距離頸線>5%禁止進場,35,C,禁止追高,已漲遠或接近目標，空手不追；持有者依策略分批處理。,False,2026-10-05,True,True,STOP,STOP 停止進場,觀察,取消新進場，只保留觀察,只看續抱 / 減碼 / 停利 / 停損，不新增部位。,停止新進場，先保留現金，等待大盤止跌。,停止新進場，禁止顯示今日可進場。,False,False
2026-10-05,2026-10-05,收盤確認價,臺灣證券交易所 / 證券櫃檯買賣中心正式收盤；yfinance 歷史資料,只使用完整收盤日K，不使用盤中未完成K,上櫃,6173,信昌電,292.0,314.5,292.0,296.7,301.75,294.9,231.28,140.54,6.18,-3.63,False,11982510,20095752,3498892920,5937722630,4.61,True,True,59.39,長黑,,False,False,False,False,0,False,C級：已漲遠或接近目標，禁止追高,條件不足,接近成形,331.0,280.15,529.5,接近成形＋可觀察,337.62,331.0,337.62,347.75,321.07,4.9,低,-11.78,11.78,11.59,56.83,337.62,0.0,False,False,True,距離頸線或前高過遠，禁止追高,頸線以當日前20日高點計算；收盤站上頸線 331.0 至少2%；成交量>=20日均量2倍；不可長上影；回踩須有近10日突破紀錄且不有效跌破頸線；距離頸線>5%禁止進場,35,C,禁止追高,已漲遠或接近目標，空手不追；持有者依策略分批處理。,False,2026-10-05,True,True,STOP,STOP 停止進場,觀察,取消新進場，只保留觀察,只看續抱 / 減碼 / 停利 / 停損，不新增部位。,停止新進場，先保留現金，等待大盤止跌。,停止新進場，禁止顯示今日可進場。,False,False
2026-10-05,2026-10-05,收盤確認價,臺灣證券交易所 / 證券櫃檯買賣中心正式收盤；yfinance 歷史資料,只使用完整收盤日K，不使用盤中未完成K,上市,2351,順德,222.0,226.5,212.5,214.1,223.25,231.12,198.53,138.54,11.0,4.96,False,6037296,6263770,1340279712,1469475278,4.05,True,True,21.96,紅K突破,,False,False,False,False,0,False,C級：已漲遠或接近目標，禁止追高,條件不足,接近成形,257.0,219.57,390.0,接近成形＋可觀察,262.14,257.0,262.14,270.0,249.29,4.9,低,-13.62,13.62,9.95,48.78,262.14,2.03,False,False,True,距離頸線或前高過遠，禁止追高,頸線以當日前20日高點計算；收盤站上頸線 257.0 至少2%；成交量>=20日均量2倍；不可長上影；回踩須有近10日突破紀錄且不有效跌破頸線；距離頸線>5%禁止進場,35,C,禁止追高,已漲遠或接近目標，空手不追；持有者依策略分批處理。,False,2026-10-05,True,True,STOP,STOP 停止進場,觀察,取消新進場，只保留觀察,只看續抱 / 減碼 / 停利 / 停損，不新增部位。,停止新進場，先保留現金，等待大盤止跌。,停止新進場，禁止顯示今日可進場。,False,False
2026-10-05,2026-10-05,收盤確認價,臺灣證券交易所 / 證券櫃檯買賣中心正式收盤；yfinance 歷史資料,只使用完整收盤日K，不使用盤中未完成K,上櫃,6617,共信-KY,127.5,131.5,126.5,132.5,136.65,134.12,112.06,86.37,15.91,-3.04,False,644460,1016252,82168650,137514025,4.35,True,True,43.9,一般K,,False,False,False,False,0,False,C級：已漲遠或接近目標，禁止追高,條件不足,接近成形,149.0,127.42,224.6,接近成形＋可觀察,151.98,149.0,151.98,156.54,144.53,4.9,低,-14.43,14.43,9.75,47.78,151.98,0.0,False,False,True,距離頸線或前高過遠，禁止追高,頸線以當日前20日高點計算；收盤站上頸線 149.0 至少2%；成交量>=20日均量2倍；不可長上影；回踩須有近10日突破紀錄且不有效跌破頸線；距離頸線>5%禁止進場,35,C,禁止追高,已漲遠或接近目標，空手不追；持有者依策略分批處理。,False,2026-10-05,True,True,STOP,STOP 停止進場,觀察,取消新進場，只保留觀察,只看續抱 / 減碼 / 停利 / 停損，不新增部位。,停止新進場，先保留現金，等待大盤止跌。,停止新進場，禁止顯示今日可進場。,False,False
2026-10-05,2026-10-05,收盤確認價,臺灣證券交易所 / 證券櫃檯買賣中心正式收盤；yfinance 歷史資料,只使用完整收盤日K，不使用盤中未完成K,上櫃,3363,上詮,664.0,688.0,663.0,655.4,657.6,675.5,625.48,580.36,9.21,-1.04,False,2943478,3194216,1954469392,2195175374,2.99,True,True,25.4,一般K,,False,False,False,False,0,False,C級：已漲遠或接近目標，禁止追高,條件不足,旗型整理突破,850.0,641.73,1263.0,接近成形＋可觀察,867.0,850.0,867.0,893.01,824.5,4.9,低,-21.88,21.88,9.32,45.67,867.0,0.9,False,False,True,距離頸線或前高過遠，禁止追高,頸線以當日前20日高點計算；收盤站上頸線 850.0 至少2%；成交量>=20日均量2倍；不可長上影；回踩須有近10日突破紀錄且不有效跌破頸線；距離頸線>5%禁止進場,35,C,禁止追高,已漲遠或接近目標，空手不追；持有者依策略分批處理。,False,2026-10-05,True,True,STOP,STOP 停止進場,觀察,取消新進場，只保留觀察,只看續抱 / 減碼 / 停利 / 停損，不新增部位。,停止新進場，先保留現金，等待大盤止跌。,停止新進場，禁止顯示今日可進場。,False,False
2026-10-05,2026-10-05,收盤確認價,臺灣證券交易所 / 證券櫃檯買賣中心正式收盤；yfinance 歷史資料,只使用完整收盤日K，不使用盤中未完成K,上櫃,3141,晶宏,88.0,92.6,87.7,86.02,87.61,91.03,78.88,59.72,19.24,1.03,False,3545373,4173716,311992824,392803440,2.46,True,True,28.52,一般K,,False,False,False,False,0,False,C級：已漲遠或接近目標，禁止追高,條件不足,旗型整理突破,110.0,86.48,163.2,接近成形＋可觀察,112.2,110.0,112.2,115.57,106.7,4.9,低,-20.0,20.0,9.27,45.45,112.2,5.11,False,False,True,距離頸線或前高過遠，禁止追高,頸線以當日前20日高點計算；收盤站上頸線 110.0 至少2%；成交量>=20日均量2倍；不可長上影；回踩須有近10日突破紀錄且不有效跌破頸線；距離頸線>5%禁止進場,35,C,禁止追高,已漲遠或接近目標，空手不追；持有者依策略分批處理。,False,2026-10-05,True,True,STOP,STOP 停止進場,觀察,取消新進場，只保留觀察,只看續抱 / 減碼 / 停利 / 停損，不新增部位。,停止新進場，先保留現金，等待大盤止跌。,停止新進場，禁止顯示今日可進場。,False,False
2026-10-05,2026-10-05,收盤確認價,臺灣證券交易所 / 證券櫃檯買賣中心正式收盤；yfinance 歷史資料,只使用完整收盤日K，不使用盤中未完成K,上櫃,6179,亞通,35.75,36.75,35.05,36.39,36.47,35.81,29.79,27.95,27.91,-2.05,False,4033047,12685272,144181430,465667708,5.43,True,True,37.52,下影線,,False,False,False,False,0,False,C級：已漲遠或接近目標，禁止追高,條件不足,接近成形,41.9,34.02,61.4,接近成形＋可觀察,42.74,41.9,42.74,44.02,40.64,4.9,低,-14.68,14.68,8.91,43.67,42.74,1.54,False,False,True,距離頸線或前高過遠，禁止追高,頸線以當日前20日高點計算；收盤站上頸線 41.9 至少2%；成交量>=20日均量2倍；不可長上影；回踩須有近10日突破紀錄且不有效跌破頸線；距離頸線>5%禁止進場,35,C,禁止追高,已漲遠或接近目標，空手不追；持有者依策略分批處理。,False,2026-10-05,True,True,STOP,STOP 停止進場,觀察,取消新進場，只保留觀察,只看續抱 / 減碼 / 停利 / 停損，不新增部位。,停止新進場，先保留現金，等待大盤止跌。,停止新進場，禁止顯示今日可進場。,False,False
2026-10-05,2026-10-05,收盤確認價,臺灣證券交易所 / 證券櫃檯買賣中心正式收盤；yfinance 歷史資料,只使用完整收盤日K，不使用盤中未完成K,上櫃,6739,竹陞科技,1125.0,1210.0,1110.0,1133.0,1116.5,1134.25,1072.63,1026.25,6.64,-4.26,False,310155,348688,348924375,407331605,5.1,True,True,11.6,長黑,,False,False,False,False,0,False,C級：已漲遠或接近目標，禁止追高,條件不足,旗型整理突破,1370.0,1077.54,1976.0,接近成形＋可觀察,1397.4,1370.0,1397.4,1439.32,1328.9,4.9,低,-17.88,17.88,8.45,41.41,1397.4,0.0,False,False,True,距離頸線或前高過遠，禁止追高,頸線以當日前20日高點計算；收盤站上頸線 1370.0 至少2%；成交量>=20日均量2倍；不可長上影；回踩須有近10日突破紀錄且不有效跌破頸線；距離頸線>5%禁止進場,35,C,禁止追高,已漲遠或接近目標，空手不追；持有者依策略分批處理。,False,2026-10-05,True,True,STOP,STOP 停止進場,觀察,取消新進場，只保留觀察,只看續抱 / 減碼 / 停利 / 停損，不新增部位。,停止新進場，先保留現金，等待大盤止跌。,停止新進場，禁止顯示今日可進場。,False,False
2026-10-05,2026-10-05,收盤確認價,臺灣證券交易所 / 證券櫃檯買賣中心正式收盤；yfinance 歷史資料,只使用完整收盤日K，不使用盤中未完成K,上櫃,6510,精測,3105.0,3180.0,3060.0,3076.0,3287.0,3356.5,2948.92,2905.46,8.76,1.14,False,972054,1033797,3018227670,3513723749,4.13,True,True,37.69,一般K,,False,False,False,False,0,False,C級：已漲遠或接近目標，禁止追高,條件不足,接近成形,3935.0,3188.67,5635.0,接近成形＋可觀察,4013.7,3935.0,4013.7,4134.11,3816.95,4.9,低,-21.09,21.09,8.24,40.39,4013.7,1.13,False,False,True,距離頸線或前高過遠，禁止追高,頸線以當日前20日高點計算；收盤站上頸線 3935.0 至少2%；成交量>=20日均量2倍；不可長上影；回踩須有近10日突破紀錄且不有效跌破頸線；距離頸線>5%禁止進場,35,C,禁止追高,已漲遠或接近目標，空手不追；持有者依策略分批處理。,False,2026-10-05,True,True,STOP,STOP 停止進場,觀察,取消新進場，只保留觀察,只看續抱 / 減碼 / 停利 / 停損，不新增部位。,停止新進場，先保留現金，等待大盤止跌。,停止新進場，禁止顯示今日可進場。,False,False
2026-10-05,2026-10-05,收盤確認價,臺灣證券交易所 / 證券櫃檯買賣中心正式收盤；yfinance 歷史資料,只使用完整收盤日K，不使用盤中未完成K,上櫃,3264,欣銓,241.5,249.0,239.5,243.4,254.4,242.12,222.07,171.91,2.77,-1.43,False,19553892,14065515,4722264918,3530383014,4.39,True,True,34.16,一般K,,False,False,False,False,0,False,C級：已漲遠或接近目標，禁止追高,條件不足,接近成形,268.5,230.02,378.0,接近成形＋可觀察,273.87,268.5,273.87,282.09,260.44,4.9,低,-10.06,16.58,7.76,38.02,273.87,0.0,True,False,True,距離頸線或前高過遠，禁止追高,頸線以當日前20日高點計算；收盤站上頸線 268.5 至少2%；成交量>=20日均量2倍；不可長上影；回踩須有近10日突破紀錄且不有效跌破頸線；距離頸線>5%禁止進場,35,C,禁止追高,已漲遠或接近目標，空手不追；持有者依策略分批處理。,False,2026-10-05,True,True,STOP,STOP 停止進場,觀察,取消新進場，只保留觀察,只看續抱 / 減碼 / 停利 / 停損，不新增部位。,停止新進場，先保留現金，等待大盤止跌。,停止新進場，禁止顯示今日可進場。,False,False
2026-10-05,2026-10-05,收盤確認價,臺灣證券交易所 / 證券櫃檯買賣中心正式收盤；yfinance 歷史資料,只使用完整收盤日K，不使用盤中未完成K,上櫃,6829,千附精密,206.0,210.5,206.0,207.2,210.45,220.6,215.45,164.78,-7.21,-0.96,False,444920,862884,91653520,196219293,4.17,True,True,25.54,一般K,,False,False,False,False,0,False,C級：已漲遠或接近目標，禁止追高,條件不足,接近成形,265.0,209.57,373.0,接近成形＋可觀察,270.3,265.0,270.3,278.41,257.05,4.9,低,-22.26,22.56,7.75,37.99,270.3,0.24,False,False,True,距離頸線或前高過遠，禁止追高,頸線以當日前20日高點計算；收盤站上頸線 265.0 至少2%；成交量>=20日均量2倍；不可長上影；回踩須有近10日突破紀錄且不有效跌破頸線；距離頸線>5%禁止進場,35,C,禁止追高,已漲遠或接近目標，空手不追；持有者依策略分批處理。,False,2026-10-05,True,True,STOP,STOP 停止進場,觀察,取消新進場，只保留觀察,只看續抱 / 減碼 / 停利 / 停損，不新增部位。,停止新進場，先保留現金，等待大盤止跌。,停止新進場，禁止顯示今日可進場。,False,False
2026-10-05,2026-10-05,收盤確認價,臺灣證券交易所 / 證券櫃檯買賣中心正式收盤；yfinance 歷史資料,只使用完整收盤日K，不使用盤中未完成K,上櫃,6547,高端疫苗,60.4,61.3,60.2,61.42,60.55,61.08,54.77,45.5,27.43,-0.66,False,1666228,4359851,100640171,267027079,3.33,True,True,23.08,一般K,,False,False,False,False,0,False,C級：已漲遠或接近目標，禁止追高,條件不足,接近成形,72.2,58.03,100.3,接近成形＋可觀察,73.64,72.2,73.64,75.85,70.03,4.9,低,-16.34,16.34,7.38,36.2,73.64,0.5,False,False,True,距離頸線或前高過遠，禁止追高,頸線以當日前20日高點計算；收盤站上頸線 72.2 至少2%；成交量>=20日均量2倍；不可長上影；回踩須有近10日突破紀錄且不有效跌破頸線；距離頸線>5%禁止進場,35,C,禁止追高,已漲遠或接近目標，空手不追；持有者依策略分批處理。,False,2026-10-05,True,True,STOP,STOP 停止進場,觀察,取消新進場，只保留觀察,只看續抱 / 減碼 / 停利 / 停損，不新增部位。,停止新進場，先保留現金，等待大盤止跌。,停止新進場，禁止顯示今日可進場。,False,False
2026-10-05,2026-10-05,收盤確認價,臺灣證券交易所 / 證券櫃檯買賣中心正式收盤；yfinance 歷史資料,只使用完整收盤日K，不使用盤中未完成K,上櫃,6182,合晶,131.5,140.0,131.0,130.1,123.65,116.15,117.5,66.52,-23.77,-2.59,False,92311158,70387534,12138917277,8556734457,3.75,True,True,38.19,長黑,,False,False,False,False,0,False,C級：已漲遠或接近目標，禁止追高,條件不足,旗型整理突破,125.0,110.34,167.9,接近成形＋可觀察,127.5,125.0,127.5,131.33,121.25,4.9,低,5.2,32.39,6.46,31.69,127.5,1.14,True,False,True,距離頸線或前高過遠，禁止追高,頸線以當日前20日高點計算；收盤站上頸線 125.0 至少2%；成交量>=20日均量2倍；不可長上影；回踩須有近10日突破紀錄且不有效跌破頸線；距離頸線>5%禁止進場,35,C,禁止追高,已漲遠或接近目標，空手不追；持有者依策略分批處理。,False,2026-10-05,True,True,STOP,STOP 停止進場,觀察,取消新進場，只保留觀察,只看續抱 / 減碼 / 停利 / 停損，不新增部位。,停止新進場，先保留現金，等待大盤止跌。,停止新進場，禁止顯示今日可進場。,False,False
2026-10-05,2026-10-05,收盤確認價,臺灣證券交易所 / 證券櫃檯買賣中心正式收盤；yfinance 歷史資料,只使用完整收盤日K，不使用盤中未完成K,上市,1312,國喬,14.5,14.9,14.5,14.66,14.65,14.58,13.32,12.56,7.41,-1.69,False,7774750,15469560,112733875,225990620,2.4,True,True,36.17,一般K,,False,False,False,False,0,False,C級：已漲遠或接近目標，禁止追高,條件不足,接近成形,16.4,13.85,22.0,接近成形＋可觀察,16.73,16.4,16.73,17.23,15.91,4.9,低,-11.59,12.12,6.43,31.52,16.73,0.69,False,False,True,距離頸線或前高過遠，禁止追高,頸線以當日前20日高點計算；收盤站上頸線 16.4 至少2%；成交量>=20日均量2倍；不可長上影；回踩須有近10日突破紀錄且不有效跌破頸線；距離頸線>5%禁止進場,35,C,禁止追高,已漲遠或接近目標，空手不追；持有者依策略分批處理。,False,2026-10-05,True,True,STOP,STOP 停止進場,觀察,取消新進場，只保留觀察,只看續抱 / 減碼 / 停利 / 停損，不新增部位。,停止新進場，先保留現金，等待大盤止跌。,停止新進場，禁止顯示今日可進場。,False,False
2026-10-05,2026-10-05,收盤確認價,臺灣證券交易所 / 證券櫃檯買賣中心正式收盤；yfinance 歷史資料,只使用完整收盤日K，不使用盤中未完成K,上櫃,4707,磐亞,30.25,31.8,29.55,29.82,29.51,28.39,30.91,17.51,-14.47,0.33,False,3979667,2501435,120384926,71420807,3.05,True,True,40.27,下影線,,False,False,False,False,0,False,C級：已漲遠或接近目標，禁止追高,條件不足,旗型整理突破,32.15,26.97,42.98,接近成形＋可觀察,32.79,32.15,32.79,33.78,31.19,4.9,低,-5.91,31.1,6.34,31.07,32.79,5.12,False,False,True,距離頸線或前高過遠，禁止追高,頸線以當日前20日高點計算；收盤站上頸線 32.15 至少2%；成交量>=20日均量2倍；不可長上影；回踩須有近10日突破紀錄且不有效跌破頸線；距離頸線>5%禁止進場,35,C,禁止追高,已漲遠或接近目標，空手不追；持有者依策略分批處理。,False,2026-10-05,True,True,STOP,STOP 停止進場,觀察,取消新進場，只保留觀察,只看續抱 / 減碼 / 停利 / 停損，不新增部位。,停止新進場，先保留現金，等待大盤止跌。,停止新進場，禁止顯示今日可進場。,False,False
2026-10-05,2026-10-05,收盤確認價,臺灣證券交易所 / 證券櫃檯買賣中心正式收盤；yfinance 歷史資料,只使用完整收盤日K，不使用盤中未完成K,上櫃,6265,方土昶,49.05,50.5,48.8,48.97,48.55,49.89,52.0,40.25,-6.93,-2.1,False,2000045,1981969,98102207,99591025,2.9,True,True,60.92,一般K,,False,False,False,False,0,False,C級：已漲遠或接近目標，禁止追高,條件不足,旗型整理突破,57.6,47.4,76.85,接近成形＋可觀察,58.75,57.6,58.75,60.51,55.87,4.9,低,-14.84,28.6,6.28,30.8,58.75,0.2,False,False,True,距離頸線或前高過遠，禁止追高,頸線以當日前20日高點計算；收盤站上頸線 57.6 至少2%；成交量>=20日均量2倍；不可長上影；回踩須有近10日突破紀錄且不有效跌破頸線；距離頸線>5%禁止進場,35,C,禁止追高,已漲遠或接近目標，空手不追；持有者依策略分批處理。,False,2026-10-05,True,True,STOP,STOP 停止進場,觀察,取消新進場，只保留觀察,只看續抱 / 減碼 / 停利 / 停損，不新增部位。,停止新進場，先保留現金，等待大盤止跌。,停止新進場，禁止顯示今日可進場。,False,False
2026-10-05,2026-10-05,收盤確認價,臺灣證券交易所 / 證券櫃檯買賣中心正式收盤；yfinance 歷史資料,只使用完整收盤日K，不使用盤中未完成K,上櫃,3581,博磊,117.5,120.5,116.0,115.3,109.2,105.22,110.12,106.07,-11.65,-0.84,False,739447,408027,86885022,44437944,3.8,True,True,25.54,一般K,,False,False,False,False,0,False,C級：已漲遠或接近目標，禁止追高,條件不足,旗型整理突破,128.5,99.96,170.9,接近成形＋可觀察,131.07,128.5,131.07,135.0,124.64,4.9,低,-8.56,17.54,6.2,30.39,131.07,1.7,False,False,True,距離頸線或前高過遠，禁止追高,頸線以當日前20日高點計算；收盤站上頸線 128.5 至少2%；成交量>=20日均量2倍；不可長上影；回踩須有近10日突破紀錄且不有效跌破頸線；距離頸線>5%禁止進場,35,C,禁止追高,已漲遠或接近目標，空手不追；持有者依策略分批處理。,False,2026-10-05,True,True,STOP,STOP 停止進場,觀察,取消新進場，只保留觀察,只看續抱 / 減碼 / 停利 / 停損，不新增部位。,停止新進場，先保留現金，等待大盤止跌。,停止新進場，禁止顯示今日可進場。,False,False
2026-10-05,2026-10-05,收盤確認價,臺灣證券交易所 / 證券櫃檯買賣中心正式收盤；yfinance 歷史資料,只使用完整收盤日K，不使用盤中未完成K,上市,2392,正崴,41.55,42.5,41.5,41.4,42.09,42.44,40.17,39.6,12.15,0.36,False,2111669,2328409,87739846,99698734,2.26,True,True,16.17,一般K,,False,False,False,False,0,False,C級：已漲遠或接近目標，禁止追高,條件不足,接近成形,47.65,40.35,62.7,接近成形＋可觀察,48.6,47.65,48.6,50.06,46.22,4.9,低,-12.8,14.51,5.92,29.0,48.6,2.17,False,False,True,距離頸線或前高過遠，禁止追高,頸線以當日前20日高點計算；收盤站上頸線 47.65 至少2%；成交量>=20日均量2倍；不可長上影；回踩須有近10日突破紀錄且不有效跌破頸線；距離頸線>5%禁止進場,35,C,禁止追高,已漲遠或接近目標，空手不追；持有者依策略分批處理。,False,2026-10-05,True,True,STOP,STOP 停止進場,觀察,取消新進場，只保留觀察,只看續抱 / 減碼 / 停利 / 停損，不新增部位。,停止新進場，先保留現金，等待大盤止跌。,停止新進場，禁止顯示今日可進場。,False,False
2026-10-05,2026-10-05,收盤確認價,臺灣證券交易所 / 證券櫃檯買賣中心正式收盤；yfinance 歷史資料,只使用完整收盤日K，不使用盤中未完成K,上櫃,6907,雅特力-KY,193.5,208.0,192.0,192.2,188.45,187.5,189.69,0.0,-0.77,-3.49,False,2053372,1756699,397327482,340907590,3.72,True,True,14.45,長黑,,False,False,False,False,0,False,C級：已漲遠或接近目標，禁止追高,條件不足,旗型整理突破,210.5,178.12,276.0,接近成形＋可觀察,214.71,210.5,214.71,221.15,204.19,4.9,低,-8.08,21.34,5.82,28.55,214.71,1.03,False,False,True,距離頸線或前高過遠，禁止追高,頸線以當日前20日高點計算；收盤站上頸線 210.5 至少2%；成交量>=20日均量2倍；不可長上影；回踩須有近10日突破紀錄且不有效跌破頸線；距離頸線>5%禁止進場,35,C,禁止追高,已漲遠或接近目標，空手不追；持有者依策略分批處理。,False,2026-10-05,True,True,STOP,STOP 停止進場,觀察,取消新進場，只保留觀察,只看續抱 / 減碼 / 停利 / 停損，不新增部位。,停止新進場，先保留現金，等待大盤止跌。,停止新進場，禁止顯示今日可進場。,False,False
2026-10-05,2026-10-05,收盤確認價,臺灣證券交易所 / 證券櫃檯買賣中心正式收盤；yfinance 歷史資料,只使用完整收盤日K，不使用盤中未完成K,上櫃,8096,擎亞,90.0,91.0,89.4,88.7,87.09,90.69,112.78,89.04,-45.95,1.12,False,2878725,3486953,259085250,313201530,2.94,True,True,58.9,一般K,,False,False,False,False,0,False,C級：已漲遠或接近目標，禁止追高,條件不足,接近成形,115.5,86.16,149.6,接近成形＋可觀察,117.81,115.5,117.81,121.34,112.03,4.9,低,-22.08,47.52,5.5,26.98,117.81,0.78,False,False,True,距離頸線或前高過遠，禁止追高,頸線以當日前20日高點計算；收盤站上頸線 115.5 至少2%；成交量>=20日均量2倍；不可長上影；回踩須有近10日突破紀錄且不有效跌破頸線；距離頸線>5%禁止進場,35,C,禁止追高,已漲遠或接近目標，空手不追；持有者依策略分批處理。,False,2026-10-05,True,True,STOP,STOP 停止進場,觀察,取消新進場，只保留觀察,只看續抱 / 減碼 / 停利 / 停損，不新增部位。,停止新進場，先保留現金，等待大盤止跌。,停止新進場，禁止顯示今日可進場。,False,False
2026-10-05,2026-10-05,收盤確認價,臺灣證券交易所 / 證券櫃檯買賣中心正式收盤；yfinance 歷史資料,只使用完整收盤日K，不使用盤中未完成K,上市,2337,旺宏,121.5,122.5,119.5,121.1,120.05,120.33,123.38,103.74,-15.33,-0.41,False,24536381,26480485,2981170291,3203883592,2.35,True,True,9.03,下影線,,False,False,False,False,0,False,C級：已漲遠或接近目標，禁止追高,條件不足,旗型整理突破,130.0,114.31,168.2,接近成形＋可觀察,132.6,130.0,132.6,136.58,126.1,4.9,低,-6.54,19.27,5.48,26.85,132.6,0.0,False,False,True,距離頸線或前高過遠，禁止追高,頸線以當日前20日高點計算；收盤站上頸線 130.0 至少2%；成交量>=20日均量2倍；不可長上影；回踩須有近10日突破紀錄且不有效跌破頸線；距離頸線>5%禁止進場,35,C,禁止追高,已漲遠或接近目標，空手不追；持有者依策略分批處理。,False,2026-10-05,True,True,STOP,STOP 停止進場,觀察,取消新進場，只保留觀察,只看續抱 / 減碼 / 停利 / 停損，不新增部位。,停止新進場，先保留現金，等待大盤止跌。,停止新進場，禁止顯示今日可進場。,False,False
2026-10-05,2026-10-05,收盤確認價,臺灣證券交易所 / 證券櫃檯買賣中心正式收盤；yfinance 歷史資料,只使用完整收盤日K，不使用盤中未完成K,上櫃,8932,智通*,91.4,94.2,91.0,92.06,92.76,91.84,91.12,81.56,-8.05,0.33,False,1493973,1617077,136549132,148134987,2.24,True,True,23.88,一般K,,False,False,False,False,0,False,C級：已漲遠或接近目標，禁止追高,條件不足,接近成形,96.5,87.24,123.13,接近成形＋可觀察,98.43,96.5,98.43,101.38,93.61,4.9,低,-5.28,16.18,5.12,25.09,98.43,2.95,False,False,True,距離頸線或前高過遠，禁止追高,頸線以當日前20日高點計算；收盤站上頸線 96.5 至少2%；成交量>=20日均量2倍；不可長上影；回踩須有近10日突破紀錄且不有效跌破頸線；距離頸線>5%禁止進場,35,C,禁止追高,已漲遠或接近目標，空手不追；持有者依策略分批處理。,False,2026-10-05,True,True,STOP,STOP 停止進場,觀察,取消新進場，只保留觀察,只看續抱 / 減碼 / 停利 / 停損，不新增部位。,停止新進場，先保留現金，等待大盤止跌。,停止新進場，禁止顯示今日可進場。,False,False
2026-10-05,2026-10-05,收盤確認價,臺灣證券交易所 / 證券櫃檯買賣中心正式收盤；yfinance 歷史資料,只使用完整收盤日K，不使用盤中未完成K,上市,2049,上銀,345.5,357.0,335.5,336.7,333.2,341.1,341.18,278.96,4.22,3.91,False,4839198,3491790,1671942909,1207449927,3.4,True,True,23.41,一般K,,False,False,False,False,0,False,C級：已漲遠或接近目標，禁止追高,條件不足,旗型整理突破,381.5,324.05,484.0,接近成形＋可觀察,389.13,381.5,389.13,400.8,370.06,4.9,低,-9.44,14.59,4.97,24.38,389.13,3.33,False,False,True,距離頸線或前高過遠，禁止追高,頸線以當日前20日高點計算；收盤站上頸線 381.5 至少2%；成交量>=20日均量2倍；不可長上影；回踩須有近10日突破紀錄且不有效跌破頸線；距離頸線>5%禁止進場,35,C,禁止追高,已漲遠或接近目標，空手不追；持有者依策略分批處理。,False,2026-10-05,True,True,STOP,STOP 停止進場,觀察,取消新進場，只保留觀察,只看續抱 / 減碼 / 停利 / 停損，不新增部位。,停止新進場，先保留現金，等待大盤止跌。,停止新進場，禁止顯示今日可進場。,False,False
2026-10-05,2026-10-05,收盤確認價,臺灣證券交易所 / 證券櫃檯買賣中心正式收盤；yfinance 歷史資料,只使用完整收盤日K，不使用盤中未完成K,上櫃,5289,宜鼎,1295.0,1320.0,1290.0,1290.0,1296.5,1308.0,1370.41,1068.34,-13.67,0.0,False,1089741,1111185,1411214595,1460078984,2.05,True,True,39.71,一般K,,False,False,False,False,0,False,C級：已漲遠或接近目標，禁止追高,條件不足,接近成形,1455.0,1242.6,1841.29,接近成形＋可觀察,1484.1,1455.0,1484.1,1528.62,1411.35,4.9,低,-11.0,21.38,4.91,24.07,1484.1,1.16,False,False,True,距離頸線或前高過遠，禁止追高,頸線以當日前20日高點計算；收盤站上頸線 1455.0 至少2%；成交量>=20日均量2倍；不可長上影；回踩須有近10日突破紀錄且不有效跌破頸線；距離頸線>5%禁止進場,35,C,禁止追高,已漲遠或接近目標，空手不追；持有者依策略分批處理。,False,2026-10-05,True,True,STOP,STOP 停止進場,觀察,取消新進場，只保留觀察,只看續抱 / 減碼 / 停利 / 停損，不新增部位。,停止新進場，先保留現金，等待大盤止跌。,停止新進場，禁止顯示今日可進場。,False,False
2026-10-05,2026-10-05,收盤確認價,臺灣證券交易所 / 證券櫃檯買賣中心正式收盤；yfinance 歷史資料,只使用完整收盤日K，不使用盤中未完成K,上市,1519,華城,691.0,703.0,690.0,690.4,700.6,709.3,688.1,732.46,5.42,-0.14,False,1102674,1118564,761947734,798894217,1.44,True,True,11.69,一般K,,False,False,False,False,0,False,C級：已漲遠或接近目標，禁止追高,條件不足,接近成形,786.0,681.0,993.82,接近成形＋可觀察,801.72,786.0,801.72,825.77,762.42,4.9,低,-12.09,12.09,4.89,23.96,801.72,0.29,False,False,True,距離頸線或前高過遠，禁止追高,頸線以當日前20日高點計算；收盤站上頸線 786.0 至少2%；成交量>=20日均量2倍；不可長上影；回踩須有近10日突破紀錄且不有效跌破頸線；距離頸線>5%禁止進場,35,C,禁止追高,已漲遠或接近目標，空手不追；持有者依策略分批處理。,False,2026-10-05,True,True,STOP,STOP 停止進場,觀察,取消新進場，只保留觀察,只看續抱 / 減碼 / 停利 / 停損，不新增部位。,停止新進場，先保留現金，等待大盤止跌。,停止新進場，禁止顯示今日可進場。,False,False
2026-10-05,2026-10-05,收盤確認價,臺灣證券交易所 / 證券櫃檯買賣中心正式收盤；yfinance 歷史資料,只使用完整收盤日K，不使用盤中未完成K,上櫃,8027,鈦昇,209.5,218.0,208.5,211.3,195.75,184.9,187.08,155.23,-13.43,-1.87,False,3968841,3166503,831472189,604145803,4.28,True,True,24.83,長黑,,False,False,False,False,0,False,C級：已漲遠或接近目標，禁止追高,條件不足,旗型整理突破,192.5,175.66,243.0,接近成形＋可觀察,196.35,192.5,196.35,202.24,186.72,4.9,低,8.83,19.73,4.85,23.76,196.35,0.0,True,False,True,距離頸線或前高過遠，禁止追高,頸線以當日前20日高點計算；收盤站上頸線 192.5 至少2%；成交量>=20日均量2倍；不可長上影；回踩須有近10日突破紀錄且不有效跌破頸線；距離頸線>5%禁止進場,35,C,禁止追高,已漲遠或接近目標，空手不追；持有者依策略分批處理。,False,2026-10-05,True,True,STOP,STOP 停止進場,觀察,取消新進場，只保留觀察,只看續抱 / 減碼 / 停利 / 停損，不新增部位。,停止新進場，先保留現金，等待大盤止跌。,停止新進場，禁止顯示今日可進場。,False,False
2026-10-05,2026-10-05,收盤確認價,臺灣證券交易所 / 證券櫃檯買賣中心正式收盤；yfinance 歷史資料,只使用完整收盤日K，不使用盤中未完成K,上櫃,4973,廣穎,138.0,141.0,138.0,137.3,137.05,139.93,146.22,94.36,-17.12,-0.36,False,477524,564115,65898312,79354863,1.67,True,True,54.06,一般K,,False,False,False,False,0,False,C級：已漲遠或接近目標，禁止追高,條件不足,旗型整理突破,157.5,132.93,198.5,接近成形＋可觀察,160.65,157.5,160.65,165.47,152.78,4.9,低,-12.38,19.3,4.81,23.56,160.65,0.0,False,False,True,距離頸線或前高過遠，禁止追高,頸線以當日前20日高點計算；收盤站上頸線 157.5 至少2%；成交量>=20日均量2倍；不可長上影；回踩須有近10日突破紀錄且不有效跌破頸線；距離頸線>5%禁止進場,35,C,禁止追高,已漲遠或接近目標，空手不追；持有者依策略分批處理。,False,2026-10-05,True,True,STOP,STOP 停止進場,觀察,取消新進場，只保留觀察,只看續抱 / 減碼 / 停利 / 停損，不新增部位。,停止新進場，先保留現金，等待大盤止跌。,停止新進場，禁止顯示今日可進場。,False,False
2026-10-05,2026-10-05,收盤確認價,臺灣證券交易所 / 證券櫃檯買賣中心正式收盤；yfinance 歷史資料,只使用完整收盤日K，不使用盤中未完成K,上櫃,6174,安碁,60.5,60.5,60.5,51.21,47.87,45.45,45.62,33.45,4.85,10.0,True,1341802,729106,81179021,34524221,4.41,True,True,34.61,資料不足,,False,False,False,False,0,False,C級：已漲遠或接近目標，禁止追高,條件不足,旗型整理突破,50.0,43.17,63.0,接近成形＋可觀察,51.0,50.0,51.0,52.53,48.5,4.9,低,21.0,2.26,4.8,23.53,51.0,0.0,True,True,True,接近目標區，只給持有者分批停利參考，空手不追高,頸線以當日前20日高點計算；收盤站上頸線 50.0 至少2%；成交量>=20日均量2倍；不可長上影；回踩須有近10日突破紀錄且不有效跌破頸線；距離頸線>5%禁止進場,35,C,禁止追高,已漲遠或接近目標，空手不追；持有者依策略分批處理。,False,2026-10-05,True,True,STOP,STOP 停止進場,接近目標,取消新進場，只保留觀察,只看續抱 / 減碼 / 停利 / 停損，不新增部位。,停止新進場，先保留現金，等待大盤止跌。,停止新進場，禁止顯示今日可進場。,False,False
2026-10-05,2026-10-05,收盤確認價,臺灣證券交易所 / 證券櫃檯買賣中心正式收盤；yfinance 歷史資料,只使用完整收盤日K，不使用盤中未完成K,上櫃,3131,弘塑,2530.0,2580.0,2455.0,2468.0,2443.5,2435.0,2547.83,2327.9,-23.45,4.12,False,541157,403294,1369127210,998207914,3.28,True,True,17.5,一般K,,False,False,False,False,0,False,C級：已漲遠或接近目標，禁止追高,條件不足,旗型整理突破,2745.0,2313.25,3435.0,接近成形＋可觀察,2799.9,2745.0,2799.9,2883.9,2662.65,4.9,低,-7.83,24.7,4.63,22.68,2799.9,1.98,False,False,True,距離頸線或前高過遠，禁止追高,頸線以當日前20日高點計算；收盤站上頸線 2745.0 至少2%；成交量>=20日均量2倍；不可長上影；回踩須有近10日突破紀錄且不有效跌破頸線；距離頸線>5%禁止進場,35,C,禁止追高,已漲遠或接近目標，空手不追；持有者依策略分批處理。,False,2026-10-05,True,True,STOP,STOP 停止進場,觀察,取消新進場，只保留觀察,只看續抱 / 減碼 / 停利 / 停損，不新增部位。,停止新進場，先保留現金，等待大盤止跌。,停止新進場，禁止顯示今日可進場。,False,False
2026-10-05,2026-10-05,收盤確認價,臺灣證券交易所 / 證券櫃檯買賣中心正式收盤；yfinance 歷史資料,只使用完整收盤日K，不使用盤中未完成K,上櫃,6488,環球晶,1180.0,1235.0,1175.0,1087.0,1017.9,976.15,1018.58,686.64,-12.59,-0.84,False,18982607,11547441,22399476260,11570412787,3.87,True,True,25.24,一般K,,False,False,False,False,0,False,C級：已漲遠或接近目標，禁止追高,條件不足,旗型整理突破,1035.0,927.34,1292.0,接近成形＋可觀察,1055.7,1035.0,1055.7,1087.37,1003.95,4.9,低,14.01,26.25,4.57,22.38,1055.7,1.27,True,False,True,距離頸線或前高過遠，禁止追高,頸線以當日前20日高點計算；收盤站上頸線 1035.0 至少2%；成交量>=20日均量2倍；不可長上影；回踩須有近10日突破紀錄且不有效跌破頸線；距離頸線>5%禁止進場,35,C,禁止追高,已漲遠或接近目標，空手不追；持有者依策略分批處理。,False,2026-10-05,True,True,STOP,STOP 停止進場,接近目標,取消新進場，只保留觀察,只看續抱 / 減碼 / 停利 / 停損，不新增部位。,停止新進場，先保留現金，等待大盤止跌。,停止新進場，禁止顯示今日可進場。,False,False
2026-10-05,2026-10-05,收盤確認價,臺灣證券交易所 / 證券櫃檯買賣中心正式收盤；yfinance 歷史資料,只使用完整收盤日K，不使用盤中未完成K,上市,2388,威盛,71.8,74.2,71.7,72.5,71.39,73.13,73.76,63.23,-1.78,-1.91,False,2743696,4144452,196997372,309241165,3.02,True,True,9.58,一般K,,False,False,False,False,0,False,C級：已漲遠或接近目標，禁止追高,條件不足,旗型整理突破,83.0,69.47,103.4,接近成形＋可觀察,84.66,83.0,84.66,87.2,80.51,4.9,低,-13.49,15.23,4.52,22.14,84.66,0.14,False,False,True,距離頸線或前高過遠，禁止追高,頸線以當日前20日高點計算；收盤站上頸線 83.0 至少2%；成交量>=20日均量2倍；不可長上影；回踩須有近10日突破紀錄且不有效跌破頸線；距離頸線>5%禁止進場,35,C,禁止追高,已漲遠或接近目標，空手不追；持有者依策略分批處理。,False,2026-10-05,True,True,STOP,STOP 停止進場,觀察,取消新進場，只保留觀察,只看續抱 / 減碼 / 停利 / 停損，不新增部位。,停止新進場，先保留現金，等待大盤止跌。,停止新進場，禁止顯示今日可進場。,False,False
2026-10-05,2026-10-05,收盤確認價,臺灣證券交易所 / 證券櫃檯買賣中心正式收盤；yfinance 歷史資料,只使用完整收盤日K，不使用盤中未完成K,上櫃,8043,蜜望實,140.5,146.0,140.0,136.6,134.4,135.45,139.38,106.79,-18.79,-1.06,False,2654149,2319179,372907934,321347809,2.72,True,True,17.31,一般K,,False,False,False,False,0,False,C級：已漲遠或接近目標，禁止追高,條件不足,旗型整理突破,149.5,128.68,185.5,接近成形＋可觀察,152.49,149.5,152.49,157.06,145.01,4.9,低,-6.02,19.71,4.42,21.65,152.49,0.71,False,False,True,距離頸線或前高過遠，禁止追高,頸線以當日前20日高點計算；收盤站上頸線 149.5 至少2%；成交量>=20日均量2倍；不可長上影；回踩須有近10日突破紀錄且不有效跌破頸線；距離頸線>5%禁止進場,35,C,禁止追高,已漲遠或接近目標，空手不追；持有者依策略分批處理。,False,2026-10-05,True,True,STOP,STOP 停止進場,觀察,取消新進場，只保留觀察,只看續抱 / 減碼 / 停利 / 停損，不新增部位。,停止新進場，先保留現金，等待大盤止跌。,停止新進場，禁止顯示今日可進場。,False,False
2026-10-05,2026-10-05,收盤確認價,臺灣證券交易所 / 證券櫃檯買賣中心正式收盤；yfinance 歷史資料,只使用完整收盤日K，不使用盤中未完成K,上櫃,6223,旺矽,5520.0,5520.0,5300.0,5234.0,5384.5,5463.75,5659.83,4160.88,-22.03,3.95,False,897055,904499,4951743600,4944306764,3.81,True,True,31.27,紅K突破,,False,False,False,False,0,False,C級：已漲遠或接近目標，禁止追高,條件不足,旗型整理突破,6060.0,5190.56,7470.0,接近成形＋可觀察,6181.2,6060.0,6181.2,6366.64,5878.2,4.9,低,-8.91,27.37,4.25,20.85,6181.2,0.0,False,False,True,距離頸線或前高過遠，禁止追高,頸線以當日前20日高點計算；收盤站上頸線 6060.0 至少2%；成交量>=20日均量2倍；不可長上影；回踩須有近10日突破紀錄且不有效跌破頸線；距離頸線>5%禁止進場,35,C,禁止追高,已漲遠或接近目標，空手不追；持有者依策略分批處理。,False,2026-10-05,True,True,STOP,STOP 停止進場,觀察,取消新進場，只保留觀察,只看續抱 / 減碼 / 停利 / 停損，不新增部位。,停止新進場，先保留現金，等待大盤止跌。,停止新進場，禁止顯示今日可進場。,False,False
2026-10-05,2026-10-05,收盤確認價,臺灣證券交易所 / 證券櫃檯買賣中心正式收盤；yfinance 歷史資料,只使用完整收盤日K，不使用盤中未完成K,上市,2359,所羅門,127.0,131.5,127.0,128.1,128.8,130.55,140.12,130.74,-8.63,-1.17,False,2334175,2058054,296440225,270753229,1.71,True,True,28.12,一般K,,False,False,False,False,0,False,C級：已漲遠或接近目標，禁止追高,條件不足,接近成形,151.5,125.0,186.0,接近成形＋可觀察,154.53,151.5,154.53,159.17,146.95,4.9,低,-16.17,30.6,4.15,20.36,154.53,0.79,False,False,True,距離頸線或前高過遠，禁止追高,頸線以當日前20日高點計算；收盤站上頸線 151.5 至少2%；成交量>=20日均量2倍；不可長上影；回踩須有近10日突破紀錄且不有效跌破頸線；距離頸線>5%禁止進場,35,C,禁止追高,已漲遠或接近目標，空手不追；持有者依策略分批處理。,False,2026-10-05,True,True,STOP,STOP 停止進場,觀察,取消新進場，只保留觀察,只看續抱 / 減碼 / 停利 / 停損，不新增部位。,停止新進場，先保留現金，等待大盤止跌。,停止新進場，禁止顯示今日可進場。,False,False
2026-10-05,2026-10-05,收盤確認價,臺灣證券交易所 / 證券櫃檯買賣中心正式收盤；yfinance 歷史資料,只使用完整收盤日K，不使用盤中未完成K,上櫃,3260,威剛,378.0,384.0,376.0,378.9,382.5,392.82,397.48,337.83,-7.8,-1.05,False,4502213,4915001,1701836514,1948914969,1.44,True,True,31.55,一般K,,False,False,False,False,0,False,C級：已漲遠或接近目標，禁止追高,條件不足,接近成形,428.0,373.5,522.0,接近成形＋可觀察,436.56,428.0,436.56,449.66,415.16,4.9,低,-11.68,17.74,3.99,19.57,436.56,0.4,False,False,True,距離頸線或前高過遠，禁止追高,頸線以當日前20日高點計算；收盤站上頸線 428.0 至少2%；成交量>=20日均量2倍；不可長上影；回踩須有近10日突破紀錄且不有效跌破頸線；距離頸線>5%禁止進場,35,C,禁止追高,已漲遠或接近目標，空手不追；持有者依策略分批處理。,False,2026-10-05,True,True,STOP,STOP 停止進場,觀察,取消新進場，只保留觀察,只看續抱 / 減碼 / 停利 / 停損，不新增部位。,停止新進場，先保留現金，等待大盤止跌。,停止新進場，禁止顯示今日可進場。,False,False
2026-10-05,2026-10-05,收盤確認價,臺灣證券交易所 / 證券櫃檯買賣中心正式收盤；yfinance 歷史資料,只使用完整收盤日K，不使用盤中未完成K,上市,2369,菱生,31.6,32.65,31.55,31.81,31.66,30.82,32.4,29.28,-25.65,-1.1,False,4075640,5399673,128790224,168673377,1.89,True,True,30.03,一般K,,False,False,False,False,0,False,C級：已漲遠或接近目標，禁止追高,條件不足,接近成形,33.6,29.28,40.75,接近成形＋可觀察,34.27,33.6,34.27,35.3,32.59,4.9,低,-5.95,27.85,3.86,18.9,34.27,0.47,False,False,True,距離頸線或前高過遠，禁止追高,頸線以當日前20日高點計算；收盤站上頸線 33.6 至少2%；成交量>=20日均量2倍；不可長上影；回踩須有近10日突破紀錄且不有效跌破頸線；距離頸線>5%禁止進場,35,C,禁止追高,已漲遠或接近目標，空手不追；持有者依策略分批處理。,False,2026-10-05,True,True,STOP,STOP 停止進場,觀察,取消新進場，只保留觀察,只看續抱 / 減碼 / 停利 / 停損，不新增部位。,停止新進場，先保留現金，等待大盤止跌。,停止新進場，禁止顯示今日可進場。,False,False
2026-10-05,2026-10-05,收盤確認價,臺灣證券交易所 / 證券櫃檯買賣中心正式收盤；yfinance 歷史資料,只使用完整收盤日K，不使用盤中未完成K,上櫃,3489,森寶,22.95,23.3,22.85,23.31,22.91,22.46,22.51,21.8,-5.17,-1.08,False,88377,129166,2028252,2910098,1.82,False,True,23.8,一般K,,False,False,False,False,0,False,C級：已漲遠或接近目標，禁止追高,條件不足,旗型整理突破,24.1,21.34,29.2,接近成形＋可觀察,24.58,24.1,24.58,25.32,23.38,4.9,低,-4.77,13.07,3.83,18.79,24.58,0.22,False,False,True,距離頸線或前高過遠，禁止追高,頸線以當日前20日高點計算；收盤站上頸線 24.1 至少2%；成交量>=20日均量2倍；不可長上影；回踩須有近10日突破紀錄且不有效跌破頸線；距離頸線>5%禁止進場,35,C,禁止追高,已漲遠或接近目標，空手不追；持有者依策略分批處理。,False,2026-10-05,True,True,STOP,STOP 停止進場,觀察,取消新進場，只保留觀察,只看續抱 / 減碼 / 停利 / 停損，不新增部位。,停止新進場，先保留現金，等待大盤止跌。,停止新進場，禁止顯示今日可進場。,False,False
2026-10-05,2026-10-05,收盤確認價,臺灣證券交易所 / 證券櫃檯買賣中心正式收盤；yfinance 歷史資料,只使用完整收盤日K，不使用盤中未完成K,上市,2324,仁寶,35.8,36.6,35.8,36.36,36.74,37.65,37.78,33.38,-2.19,-1.1,False,43703092,45322257,1564570693,1741919812,2.32,True,True,22.85,一般K,,False,False,False,False,0,False,C級：已漲遠或接近目標，禁止追高,條件不足,接近成形,42.1,36.05,51.0,接近成形＋可觀察,42.94,42.1,42.94,44.23,40.84,4.9,低,-14.96,20.36,3.83,18.76,42.94,0.0,False,False,True,距離頸線或前高過遠，禁止追高,頸線以當日前20日高點計算；收盤站上頸線 42.1 至少2%；成交量>=20日均量2倍；不可長上影；回踩須有近10日突破紀錄且不有效跌破頸線；距離頸線>5%禁止進場,35,C,禁止追高,已漲遠或接近目標，空手不追；持有者依策略分批處理。,False,2026-10-05,True,True,STOP,STOP 停止進場,觀察,取消新進場，只保留觀察,只看續抱 / 減碼 / 停利 / 停損，不新增部位。,停止新進場，先保留現金，等待大盤止跌。,停止新進場，禁止顯示今日可進場。,False,False
2026-10-05,2026-10-05,收盤確認價,臺灣證券交易所 / 證券櫃檯買賣中心正式收盤；yfinance 歷史資料,只使用完整收盤日K，不使用盤中未完成K,上市,2236,百達-KY,98.0,107.5,98.0,106.1,108.7,114.58,129.53,120.32,-44.32,-8.84,False,1011719,525437,99148462,58908390,3.14,True,True,30.74,長黑,,False,False,False,False,0,False,C級：已漲遠或接近目標，禁止追高,條件不足,接近成形,129.0,108.85,156.0,接近成形＋可觀察,131.58,129.0,131.58,135.53,125.13,4.9,低,-24.03,44.63,3.79,18.56,131.58,0.0,False,False,True,距離頸線或前高過遠，禁止追高,頸線以當日前20日高點計算；收盤站上頸線 129.0 至少2%；成交量>=20日均量2倍；不可長上影；回踩須有近10日突破紀錄且不有效跌破頸線；距離頸線>5%禁止進場,35,C,禁止追高,已漲遠或接近目標，空手不追；持有者依策略分批處理。,False,2026-10-05,True,True,STOP,STOP 停止進場,觀察,取消新進場，只保留觀察,只看續抱 / 減碼 / 停利 / 停損，不新增部位。,停止新進場，先保留現金，等待大盤止跌。,停止新進場，禁止顯示今日可進場。,False,False
2026-10-05,2026-10-05,收盤確認價,臺灣證券交易所 / 證券櫃檯買賣中心正式收盤；yfinance 歷史資料,只使用完整收盤日K，不使用盤中未完成K,上櫃,6244,茂迪,23.25,24.35,23.25,23.95,23.75,23.17,24.07,24.43,-13.89,-3.53,False,3834441,2976021,89150753,70600834,2.67,True,True,40.68,長黑,,False,False,False,False,0,False,C級：已漲遠或接近目標，禁止追高,條件不足,接近成形,25.1,22.01,30.05,接近成形＋可觀察,25.6,25.1,25.6,26.37,24.35,4.9,低,-7.37,15.15,3.54,17.37,25.6,0.65,False,False,True,距離頸線或前高過遠，禁止追高,頸線以當日前20日高點計算；收盤站上頸線 25.1 至少2%；成交量>=20日均量2倍；不可長上影；回踩須有近10日突破紀錄且不有效跌破頸線；距離頸線>5%禁止進場,35,C,禁止追高,已漲遠或接近目標，空手不追；持有者依策略分批處理。,False,2026-10-05,True,True,STOP,STOP 停止進場,觀察,取消新進場，只保留觀察,只看續抱 / 減碼 / 停利 / 停損，不新增部位。,停止新進場，先保留現金，等待大盤止跌。,停止新進場，禁止顯示今日可進場。,False,False
2026-10-05,2026-10-05,收盤確認價,臺灣證券交易所 / 證券櫃檯買賣中心正式收盤；yfinance 歷史資料,只使用完整收盤日K，不使用盤中未完成K,上櫃,6270,倍微,30.25,31.2,30.25,30.41,29.94,29.17,29.97,26.98,-20.6,-2.42,False,319835,187000,9675008,5537088,1.47,False,True,33.43,一般K,,False,False,False,False,0,False,C級：已漲遠或接近目標，禁止追高,條件不足,三角收斂突破,31.6,27.71,37.7,接近成形＋可觀察,32.23,31.6,32.23,33.2,30.65,4.9,低,-4.27,23.22,3.46,16.96,32.23,0.0,False,False,True,距離頸線或前高過遠，禁止追高,頸線以當日前20日高點計算；收盤站上頸線 31.6 至少2%；成交量>=20日均量2倍；不可長上影；回踩須有近10日突破紀錄且不有效跌破頸線；距離頸線>5%禁止進場,35,C,禁止追高,已漲遠或接近目標，空手不追；持有者依策略分批處理。,False,2026-10-05,True,True,STOP,STOP 停止進場,觀察,取消新進場，只保留觀察,只看續抱 / 減碼 / 停利 / 停損，不新增部位。,停止新進場，先保留現金，等待大盤止跌。,停止新進場，禁止顯示今日可進場。,False,False
2026-10-05,2026-10-05,收盤確認價,臺灣證券交易所 / 證券櫃檯買賣中心正式收盤；yfinance 歷史資料,只使用完整收盤日K，不使用盤中未完成K,上市,2345,智邦,2075.0,2110.0,2015.0,1905.0,1892.0,1914.75,2099.33,1741.07,-15.99,5.6,False,6386760,3812940,13252527000,7279304430,3.5,True,True,42.65,下影線,,False,False,False,False,0,False,C級：已漲遠或接近目標，禁止追高,條件不足,接近成形,2190.0,1819.01,2610.0,接近成形＋可觀察,2233.8,2190.0,2233.8,2300.81,2124.3,4.9,低,-5.25,20.04,3.44,16.84,2233.8,1.69,False,False,True,距離頸線或前高過遠，禁止追高,頸線以當日前20日高點計算；收盤站上頸線 2190.0 至少2%；成交量>=20日均量2倍；不可長上影；回踩須有近10日突破紀錄且不有效跌破頸線；距離頸線>5%禁止進場,35,C,禁止追高,已漲遠或接近目標，空手不追；持有者依策略分批處理。,False,2026-10-05,True,True,STOP,STOP 停止進場,觀察,取消新進場，只保留觀察,只看續抱 / 減碼 / 停利 / 停損，不新增部位。,停止新進場，先保留現金，等待大盤止跌。,停止新進場，禁止顯示今日可進場。,False,False
2026-10-05,2026-10-05,收盤確認價,臺灣證券交易所 / 證券櫃檯買賣中心正式收盤；yfinance 歷史資料,只使用完整收盤日K，不使用盤中未完成K,上市,2312,金寶,30.7,31.2,30.7,30.9,30.91,31.14,31.77,27.99,-9.71,-0.49,False,5703898,6922820,175109668,216384072,1.54,True,True,18.37,一般K,,False,False,False,False,0,False,C級：已漲遠或接近目標，禁止追高,條件不足,接近成形,33.7,30.0,40.1,接近成形＋可觀察,34.37,33.7,34.37,35.41,32.69,4.9,低,-8.9,14.48,3.4,16.66,34.37,0.16,False,False,True,距離頸線或前高過遠，禁止追高,頸線以當日前20日高點計算；收盤站上頸線 33.7 至少2%；成交量>=20日均量2倍；不可長上影；回踩須有近10日突破紀錄且不有效跌破頸線；距離頸線>5%禁止進場,35,C,禁止追高,已漲遠或接近目標，空手不追；持有者依策略分批處理。,False,2026-10-05,True,True,STOP,STOP 停止進場,觀察,取消新進場，只保留觀察,只看續抱 / 減碼 / 停利 / 停損，不新增部位。,停止新進場，先保留現金，等待大盤止跌。,停止新進場，禁止顯示今日可進場。,False,False
2026-10-05,2026-10-05,收盤確認價,臺灣證券交易所 / 證券櫃檯買賣中心正式收盤；yfinance 歷史資料,只使用完整收盤日K，不使用盤中未完成K,上櫃,5328,華容,58.1,60.8,57.6,56.2,54.31,55.39,60.87,37.28,-17.59,-1.69,False,6927508,4892926,402488214,279439989,3.14,True,True,36.86,長黑,,False,False,False,False,0,False,C級：已漲遠或接近目標，禁止追高,條件不足,接近成形,63.2,52.62,75.1,接近成形＋可觀察,64.46,63.2,64.46,66.4,61.3,4.9,低,-8.07,20.41,3.37,16.5,64.46,0.0,False,False,True,距離頸線或前高過遠，禁止追高,頸線以當日前20日高點計算；收盤站上頸線 63.2 至少2%；成交量>=20日均量2倍；不可長上影；回踩須有近10日突破紀錄且不有效跌破頸線；距離頸線>5%禁止進場,35,C,禁止追高,已漲遠或接近目標，空手不追；持有者依策略分批處理。,False,2026-10-05,True,True,STOP,STOP 停止進場,觀察,取消新進場，只保留觀察,只看續抱 / 減碼 / 停利 / 停損，不新增部位。,停止新進場，先保留現金，等待大盤止跌。,停止新進場，禁止顯示今日可進場。,False,False
2026-10-05,2026-10-05,收盤確認價,臺灣證券交易所 / 證券櫃檯買賣中心正式收盤；yfinance 歷史資料,只使用完整收盤日K，不使用盤中未完成K,上櫃,3663,鑫科,63.2,65.7,63.2,64.66,62.94,61.7,63.79,63.1,-19.49,-2.47,False,751758,620054,47511105,39112564,2.72,False,True,26.76,一般K,,False,False,False,False,0,False,C級：已漲遠或接近目標，禁止追高,條件不足,旗型整理突破,65.5,58.61,77.7,接近成形＋可觀察,66.81,65.5,66.81,68.81,63.53,4.9,低,-3.51,22.74,3.33,16.3,66.81,0.0,True,False,True,距離頸線或前高過遠，禁止追高,頸線以當日前20日高點計算；收盤站上頸線 65.5 至少2%；成交量>=20日均量2倍；不可長上影；回踩須有近10日突破紀錄且不有效跌破頸線；距離頸線>5%禁止進場,35,C,禁止追高,已漲遠或接近目標，空手不追；持有者依策略分批處理。,False,2026-10-05,True,True,STOP,STOP 停止進場,觀察,取消新進場，只保留觀察,只看續抱 / 減碼 / 停利 / 停損，不新增部位。,停止新進場，先保留現金，等待大盤止跌。,停止新進場，禁止顯示今日可進場。,False,False
2026-10-05,2026-10-05,收盤確認價,臺灣證券交易所 / 證券櫃檯買賣中心正式收盤；yfinance 歷史資料,只使用完整收盤日K，不使用盤中未完成K,上櫃,5904,寶雅,68.8,68.9,68.3,68.96,69.9,71.16,71.76,55.58,-4.44,0.58,False,5055673,5046356,347830302,359531668,1.19,True,True,28.8,紅K突破,,False,False,False,False,0,False,C級：已漲遠或接近目標，禁止追高,條件不足,接近成形,73.9,68.2,87.7,接近成形＋可觀察,75.38,73.9,75.38,77.64,71.68,4.9,低,-6.9,25.46,3.33,16.35,75.38,0.15,False,False,True,距離頸線或前高過遠，禁止追高,頸線以當日前20日高點計算；收盤站上頸線 73.9 至少2%；成交量>=20日均量2倍；不可長上影；回踩須有近10日突破紀錄且不有效跌破頸線；距離頸線>5%禁止進場,35,C,禁止追高,已漲遠或接近目標，空手不追；持有者依策略分批處理。,False,2026-10-05,True,True,STOP,STOP 停止進場,觀察,取消新進場，只保留觀察,只看續抱 / 減碼 / 停利 / 停損，不新增部位。,停止新進場，先保留現金，等待大盤止跌。,停止新進場，禁止顯示今日可進場。,False,False
2026-10-05,2026-10-05,收盤確認價,臺灣證券交易所 / 證券櫃檯買賣中心正式收盤；yfinance 歷史資料,只使用完整收盤日K，不使用盤中未完成K,上櫃,8054,安國,87.3,91.8,87.1,88.48,86.69,84.49,85.26,109.71,-11.82,-2.46,False,1039640,950858,90760572,81370689,1.85,True,True,32.85,長黑,,False,False,False,False,0,False,C級：已漲遠或接近目標，禁止追高,條件不足,旗型整理突破,92.5,80.27,109.7,接近成形＋可觀察,94.35,92.5,94.35,97.18,89.72,4.9,低,-5.62,13.95,3.32,16.27,94.35,1.03,False,False,True,距離頸線或前高過遠，禁止追高,頸線以當日前20日高點計算；收盤站上頸線 92.5 至少2%；成交量>=20日均量2倍；不可長上影；回踩須有近10日突破紀錄且不有效跌破頸線；距離頸線>5%禁止進場,35,C,禁止追高,已漲遠或接近目標，空手不追；持有者依策略分批處理。,False,2026-10-05,True,True,STOP,STOP 停止進場,觀察,取消新進場，只保留觀察,只看續抱 / 減碼 / 停利 / 停損，不新增部位。,停止新進場，先保留現金，等待大盤止跌。,停止新進場，禁止顯示今日可進場。,False,False
2026-10-05,2026-10-05,收盤確認價,臺灣證券交易所 / 證券櫃檯買賣中心正式收盤；yfinance 歷史資料,只使用完整收盤日K，不使用盤中未完成K,上櫃,4147,中裕,60.0,61.7,59.8,62.02,62.93,62.39,61.95,59.81,-13.67,-2.28,False,1037133,927582,62227980,58286116,2.29,True,True,14.35,一般K,,False,False,False,False,0,False,C級：已漲遠或接近目標，禁止追高,條件不足,接近成形,66.5,59.28,78.4,接近成形＋可觀察,67.83,66.5,67.83,69.86,64.5,4.9,低,-9.77,14.04,3.18,15.58,67.83,0.5,False,False,True,距離頸線或前高過遠，禁止追高,頸線以當日前20日高點計算；收盤站上頸線 66.5 至少2%；成交量>=20日均量2倍；不可長上影；回踩須有近10日突破紀錄且不有效跌破頸線；距離頸線>5%禁止進場,35,C,禁止追高,已漲遠或接近目標，空手不追；持有者依策略分批處理。,False,2026-10-05,True,True,STOP,STOP 停止進場,觀察,取消新進場，只保留觀察,只看續抱 / 減碼 / 停利 / 停損，不新增部位。,停止新進場，先保留現金，等待大盤止跌。,停止新進場，禁止顯示今日可進場。,False,False
2026-10-05,2026-10-05,收盤確認價,臺灣證券交易所 / 證券櫃檯買賣中心正式收盤；yfinance 歷史資料,只使用完整收盤日K，不使用盤中未完成K,上市,2374,佳能,66.5,67.9,66.5,66.74,66.74,66.93,68.13,75.63,-11.33,-0.89,False,1735142,1657705,115386943,111093914,0.87,True,True,17.37,一般K,,False,False,False,False,0,False,C級：已漲遠或接近目標，禁止追高,條件不足,接近成形,71.8,65.7,84.6,接近成形＋可觀察,73.24,71.8,73.24,75.43,69.65,4.9,低,-7.38,14.96,3.17,15.52,73.24,0.3,False,False,True,距離頸線或前高過遠，禁止追高,頸線以當日前20日高點計算；收盤站上頸線 71.8 至少2%；成交量>=20日均量2倍；不可長上影；回踩須有近10日突破紀錄且不有效跌破頸線；距離頸線>5%禁止進場,35,C,禁止追高,已漲遠或接近目標，空手不追；持有者依策略分批處理。,False,2026-10-05,True,True,STOP,STOP 停止進場,觀察,取消新進場，只保留觀察,只看續抱 / 減碼 / 停利 / 停損，不新增部位。,停止新進場，先保留現金，等待大盤止跌。,停止新進場，禁止顯示今日可進場。,False,False
2026-10-05,2026-10-05,收盤確認價,臺灣證券交易所 / 證券櫃檯買賣中心正式收盤；yfinance 歷史資料,只使用完整收盤日K，不使用盤中未完成K,上市,1309,台達化,14.05,14.3,13.9,13.93,13.86,13.83,13.63,14.19,-3.44,-1.75,False,1520300,1920280,21360215,26727761,2.06,False,True,39.11,一般K,,False,False,False,False,0,False,C級：已漲遠或接近目標，禁止追高,條件不足,旗型整理突破,14.7,13.4,17.25,接近成形＋可觀察,14.99,14.7,14.99,15.44,14.26,4.9,低,-4.42,12.73,3.07,15.05,14.99,0.0,False,False,True,距離頸線或前高過遠，禁止追高,頸線以當日前20日高點計算；收盤站上頸線 14.7 至少2%；成交量>=20日均量2倍；不可長上影；回踩須有近10日突破紀錄且不有效跌破頸線；距離頸線>5%禁止進場,35,C,禁止追高,已漲遠或接近目標，空手不追；持有者依策略分批處理。,False,2026-10-05,True,True,STOP,STOP 停止進場,觀察,取消新進場，只保留觀察,只看續抱 / 減碼 / 停利 / 停損，不新增部位。,停止新進場，先保留現金，等待大盤止跌。,停止新進場，禁止顯示今日可進場。,False,False
2026-10-05,2026-10-05,收盤確認價,臺灣證券交易所 / 證券櫃檯買賣中心正式收盤；yfinance 歷史資料,只使用完整收盤日K，不使用盤中未完成K,上櫃,4533,協易機,25.55,26.0,25.45,25.57,25.35,25.18,25.79,27.56,-12.35,-0.2,False,673870,508773,17217378,12832174,1.38,False,True,28.03,一般K,,False,False,False,False,0,False,C級：已漲遠或接近目標，禁止追高,條件不足,旗型整理突破,26.55,24.05,31.1,接近成形＋可觀察,27.08,26.55,27.08,27.89,25.75,4.9,低,-3.77,13.83,3.03,14.84,27.08,0.0,False,False,True,距離頸線或前高過遠，禁止追高,頸線以當日前20日高點計算；收盤站上頸線 26.55 至少2%；成交量>=20日均量2倍；不可長上影；回踩須有近10日突破紀錄且不有效跌破頸線；距離頸線>5%禁止進場,35,C,禁止追高,已漲遠或接近目標，空手不追；持有者依策略分批處理。,False,2026-10-05,True,True,STOP,STOP 停止進場,觀察,取消新進場，只保留觀察,只看續抱 / 減碼 / 停利 / 停損，不新增部位。,停止新進場，先保留現金，等待大盤止跌。,停止新進場，禁止顯示今日可進場。,False,False
2026-10-05,2026-10-05,收盤確認價,臺灣證券交易所 / 證券櫃檯買賣中心正式收盤；yfinance 歷史資料,只使用完整收盤日K，不使用盤中未完成K,上市,2356,英業達,58.3,59.6,58.3,59.14,60.13,61.66,63.42,52.69,-16.48,-1.19,False,15023218,13902937,875853609,868430957,1.6,True,True,65.69,一般K,,False,False,False,False,0,False,C級：已漲遠或接近目標，禁止追高,條件不足,接近成形,68.2,59.0,79.6,接近成形＋可觀察,69.56,68.2,69.56,71.65,66.15,4.9,低,-14.52,20.68,2.94,14.43,69.56,0.17,False,False,True,距離頸線或前高過遠，禁止追高,頸線以當日前20日高點計算；收盤站上頸線 68.2 至少2%；成交量>=20日均量2倍；不可長上影；回踩須有近10日突破紀錄且不有效跌破頸線；距離頸線>5%禁止進場,35,C,禁止追高,已漲遠或接近目標，空手不追；持有者依策略分批處理。,False,2026-10-05,True,True,STOP,STOP 停止進場,觀察,取消新進場，只保留觀察,只看續抱 / 減碼 / 停利 / 停損，不新增部位。,停止新進場，先保留現金，等待大盤止跌。,停止新進場，禁止顯示今日可進場。,False,False
2026-10-05,2026-10-05,收盤確認價,臺灣證券交易所 / 證券櫃檯買賣中心正式收盤；yfinance 歷史資料,只使用完整收盤日K，不使用盤中未完成K,上櫃,6411,晶焱,78.7,80.4,78.7,78.34,78.52,78.32,79.36,82.81,-18.87,-1.01,False,287774,180202,22647813,14134479,1.1,False,True,16.15,一般K,,False,False,False,False,0,False,C級：已漲遠或接近目標，禁止追高,條件不足,三角收斂突破,82.3,75.8,96.0,接近成形＋可觀察,83.95,82.3,83.95,86.46,79.83,4.9,低,-4.37,20.26,2.93,14.36,83.95,0.13,False,False,True,距離頸線或前高過遠，禁止追高,頸線以當日前20日高點計算；收盤站上頸線 82.3 至少2%；成交量>=20日均量2倍；不可長上影；回踩須有近10日突破紀錄且不有效跌破頸線；距離頸線>5%禁止進場,35,C,禁止追高,已漲遠或接近目標，空手不追；持有者依策略分批處理。,False,2026-10-05,True,True,STOP,STOP 停止進場,觀察,取消新進場，只保留觀察,只看續抱 / 減碼 / 停利 / 停損，不新增部位。,停止新進場，先保留現金，等待大盤止跌。,停止新進場，禁止顯示今日可進場。,False,False
2026-10-05,2026-10-05,收盤確認價,臺灣證券交易所 / 證券櫃檯買賣中心正式收盤；yfinance 歷史資料,只使用完整收盤日K，不使用盤中未完成K,上櫃,6121,新普,382.0,386.5,380.5,380.2,377.55,379.1,385.9,370.18,-9.16,-0.26,False,438223,487664,167401186,184366569,1.09,True,True,49.37,一般K,,False,False,False,False,0,False,C級：已漲遠或接近目標，禁止追高,條件不足,旗型整理突破,407.0,370.0,474.0,接近成形＋可觀察,415.14,407.0,415.14,427.59,394.79,4.9,低,-6.14,13.18,2.89,14.18,415.14,0.79,False,False,True,距離頸線或前高過遠，禁止追高,頸線以當日前20日高點計算；收盤站上頸線 407.0 至少2%；成交量>=20日均量2倍；不可長上影；回踩須有近10日突破紀錄且不有效跌破頸線；距離頸線>5%禁止進場,35,C,禁止追高,已漲遠或接近目標，空手不追；持有者依策略分批處理。,False,2026-10-05,True,True,STOP,STOP 停止進場,觀察,取消新進場，只保留觀察,只看續抱 / 減碼 / 停利 / 停損，不新增部位。,停止新進場，先保留現金，等待大盤止跌。,停止新進場，禁止顯示今日可進場。,False,False
2026-10-05,2026-10-05,收盤確認價,臺灣證券交易所 / 證券櫃檯買賣中心正式收盤；yfinance 歷史資料,只使用完整收盤日K，不使用盤中未完成K,上市,2201,裕隆,28.35,28.85,28.35,28.93,29.13,29.74,28.89,30.06,-0.35,-1.05,False,3032136,3445236,85961055,102658250,1.28,True,True,39.48,一般K,,False,False,False,False,0,False,C級：已漲遠或接近目標，禁止追高,條件不足,接近成形,31.8,28.65,36.95,接近成形＋可觀察,32.44,31.8,32.44,33.41,30.85,4.9,低,-10.85,11.41,2.84,13.92,32.44,0.53,False,False,True,距離頸線或前高過遠，禁止追高,頸線以當日前20日高點計算；收盤站上頸線 31.8 至少2%；成交量>=20日均量2倍；不可長上影；回踩須有近10日突破紀錄且不有效跌破頸線；距離頸線>5%禁止進場,35,C,禁止追高,已漲遠或接近目標，空手不追；持有者依策略分批處理。,False,2026-10-05,True,True,STOP,STOP 停止進場,觀察,取消新進場，只保留觀察,只看續抱 / 減碼 / 停利 / 停損，不新增部位。,停止新進場，先保留現金，等待大盤止跌。,停止新進場，禁止顯示今日可進場。,False,False
2026-10-05,2026-10-05,收盤確認價,臺灣證券交易所 / 證券櫃檯買賣中心正式收盤；yfinance 歷史資料,只使用完整收盤日K，不使用盤中未完成K,上櫃,4909,新復興,37.3,37.4,36.5,36.5,35.64,35.23,37.46,49.14,-11.4,1.22,False,276808,295434,10324938,10443768,1.81,False,True,41.13,紅K突破,,False,False,False,False,0,False,C級：已漲遠或接近目標，禁止追高,條件不足,接近成形,39.2,33.47,45.3,接近成形＋可觀察,39.98,39.2,39.98,41.18,38.02,4.9,低,-4.85,14.25,2.71,13.3,39.98,0.27,False,False,True,距離頸線或前高過遠，禁止追高,頸線以當日前20日高點計算；收盤站上頸線 39.2 至少2%；成交量>=20日均量2倍；不可長上影；回踩須有近10日突破紀錄且不有效跌破頸線；距離頸線>5%禁止進場,35,C,禁止追高,已漲遠或接近目標，空手不追；持有者依策略分批處理。,False,2026-10-05,True,True,STOP,STOP 停止進場,觀察,取消新進場，只保留觀察,只看續抱 / 減碼 / 停利 / 停損，不新增部位。,停止新進場，先保留現金，等待大盤止跌。,停止新進場，禁止顯示今日可進場。,False,False
2026-10-05,2026-10-05,收盤確認價,臺灣證券交易所 / 證券櫃檯買賣中心正式收盤；yfinance 歷史資料,只使用完整收盤日K，不使用盤中未完成K,上櫃,6609,瀧澤科,39.05,39.35,38.95,39.45,39.58,39.41,39.34,39.05,-1.88,-0.13,False,132374,86873,5169204,3420564,0.83,False,True,20.58,一般K,,False,False,False,False,0,False,C級：已漲遠或接近目標，禁止追高,條件不足,三角收斂突破,41.0,38.4,47.25,接近成形＋可觀察,41.82,41.0,41.82,43.07,39.77,4.9,低,-4.76,15.66,2.65,12.98,41.82,0.51,False,False,True,距離頸線或前高過遠，禁止追高,頸線以當日前20日高點計算；收盤站上頸線 41.0 至少2%；成交量>=20日均量2倍；不可長上影；回踩須有近10日突破紀錄且不有效跌破頸線；距離頸線>5%禁止進場,35,C,禁止追高,已漲遠或接近目標，空手不追；持有者依策略分批處理。,False,2026-10-05,True,True,STOP,STOP 停止進場,觀察,取消新進場，只保留觀察,只看續抱 / 減碼 / 停利 / 停損，不新增部位。,停止新進場，先保留現金，等待大盤止跌。,停止新進場，禁止顯示今日可進場。,False,False
2026-10-05,2026-10-05,收盤確認價,臺灣證券交易所 / 證券櫃檯買賣中心正式收盤；yfinance 歷史資料,只使用完整收盤日K，不使用盤中未完成K,上市,1503,士電,196.0,199.0,196.0,196.4,196.95,199.35,200.68,198.15,-11.51,-0.51,False,899353,955814,176273188,191470702,1.26,True,True,29.53,一般K,,False,False,False,False,0,False,C級：已漲遠或接近目標，禁止追高,條件不足,接近成形,213.0,194.0,245.0,接近成形＋可觀察,217.26,213.0,217.26,223.78,206.61,4.9,低,-7.98,13.08,2.6,12.77,217.26,0.0,False,False,True,距離頸線或前高過遠，禁止追高,頸線以當日前20日高點計算；收盤站上頸線 213.0 至少2%；成交量>=20日均量2倍；不可長上影；回踩須有近10日突破紀錄且不有效跌破頸線；距離頸線>5%禁止進場,35,C,禁止追高,已漲遠或接近目標，空手不追；持有者依策略分批處理。,False,2026-10-05,True,True,STOP,STOP 停止進場,觀察,取消新進場，只保留觀察,只看續抱 / 減碼 / 停利 / 停損，不新增部位。,停止新進場，先保留現金，等待大盤止跌。,停止新進場，禁止顯示今日可進場。,False,False
2026-10-05,2026-10-05,收盤確認價,臺灣證券交易所 / 證券櫃檯買賣中心正式收盤；yfinance 歷史資料,只使用完整收盤日K，不使用盤中未完成K,上市,1476,儒鴻,278.5,281.0,277.0,275.6,277.05,285.23,315.67,363.5,-16.87,0.18,False,1709131,1247631,475992983,356638203,1.18,True,True,75.78,一般K,,False,False,False,False,0,False,C級：已漲遠或接近目標，禁止追高,條件不足,接近成形,317.0,270.96,363.5,接近成形＋可觀察,323.34,317.0,323.34,333.04,307.49,4.9,低,-12.15,24.32,2.53,12.42,323.34,0.0,False,False,True,距離頸線或前高過遠，禁止追高,頸線以當日前20日高點計算；收盤站上頸線 317.0 至少2%；成交量>=20日均量2倍；不可長上影；回踩須有近10日突破紀錄且不有效跌破頸線；距離頸線>5%禁止進場,35,C,禁止追高,已漲遠或接近目標，空手不追；持有者依策略分批處理。,False,2026-10-05,True,True,STOP,STOP 停止進場,觀察,取消新進場，只保留觀察,只看續抱 / 減碼 / 停利 / 停損，不新增部位。,停止新進場，先保留現金，等待大盤止跌。,停止新進場，禁止顯示今日可進場。,False,False
2026-10-05,2026-10-05,收盤確認價,臺灣證券交易所 / 證券櫃檯買賣中心正式收盤；yfinance 歷史資料,只使用完整收盤日K，不使用盤中未完成K,上櫃,6967,汎瑋材料,70.9,71.1,70.1,69.96,68.05,67.29,70.23,68.99,2.16,1.29,False,106735,143643,7567511,9622866,2.04,False,True,27.49,紅K突破,,False,False,False,False,0,False,C級：已漲遠或接近目標，禁止追高,條件不足,接近成形,73.3,63.93,84.0,接近成形＋可觀察,74.77,73.3,74.77,77.01,71.1,4.9,低,-3.27,10.22,2.52,12.35,74.77,0.28,False,False,True,距離頸線或前高過遠，禁止追高,頸線以當日前20日高點計算；收盤站上頸線 73.3 至少2%；成交量>=20日均量2倍；不可長上影；回踩須有近10日突破紀錄且不有效跌破頸線；距離頸線>5%禁止進場,35,C,禁止追高,已漲遠或接近目標，空手不追；持有者依策略分批處理。,False,2026-10-05,True,True,STOP,STOP 停止進場,觀察,取消新進場，只保留觀察,只看續抱 / 減碼 / 停利 / 停損，不新增部位。,停止新進場，先保留現金，等待大盤止跌。,停止新進場，禁止顯示今日可進場。,False,False
2026-10-05,2026-10-05,收盤確認價,臺灣證券交易所 / 證券櫃檯買賣中心正式收盤；yfinance 歷史資料,只使用完整收盤日K，不使用盤中未完成K,上櫃,6111,光聚晶電,37.0,38.15,37.0,37.99,37.19,36.27,37.57,43.85,-11.8,-3.65,False,130139,169840,4815143,6154437,2.25,False,True,21.97,一般K,,False,False,False,False,0,False,C級：已漲遠或接近目標，禁止追高,條件不足,接近成形,38.7,34.45,44.3,接近成形＋可觀察,39.47,38.7,39.47,40.66,37.54,4.9,低,-4.39,11.9,2.49,12.23,39.47,0.0,False,False,True,距離頸線或前高過遠，禁止追高,頸線以當日前20日高點計算；收盤站上頸線 38.7 至少2%；成交量>=20日均量2倍；不可長上影；回踩須有近10日突破紀錄且不有效跌破頸線；距離頸線>5%禁止進場,35,C,禁止追高,已漲遠或接近目標，空手不追；持有者依策略分批處理。,False,2026-10-05,True,True,STOP,STOP 停止進場,觀察,取消新進場，只保留觀察,只看續抱 / 減碼 / 停利 / 停損，不新增部位。,停止新進場，先保留現金，等待大盤止跌。,停止新進場，禁止顯示今日可進場。,False,False
2026-10-05,2026-10-05,收盤確認價,臺灣證券交易所 / 證券櫃檯買賣中心正式收盤；yfinance 歷史資料,只使用完整收盤日K，不使用盤中未完成K,上櫃,5438,東友,17.1,17.6,17.1,17.21,16.91,16.75,17.12,19.92,-10.7,-1.44,False,40843,50065,698415,842936,1.01,False,True,39.18,一般K,,False,False,False,False,0,False,C級：已漲遠或接近目標，禁止追高,條件不足,旗型整理突破,17.8,16.2,20.35,接近成形＋可觀察,18.16,17.8,18.16,18.7,17.27,4.9,低,-3.93,12.31,2.47,12.08,18.16,0.0,False,False,True,距離頸線或前高過遠，禁止追高,頸線以當日前20日高點計算；收盤站上頸線 17.8 至少2%；成交量>=20日均量2倍；不可長上影；回踩須有近10日突破紀錄且不有效跌破頸線；距離頸線>5%禁止進場,35,C,禁止追高,已漲遠或接近目標，空手不追；持有者依策略分批處理。,False,2026-10-05,True,True,STOP,STOP 停止進場,觀察,取消新進場，只保留觀察,只看續抱 / 減碼 / 停利 / 停損，不新增部位。,停止新進場，先保留現金，等待大盤止跌。,停止新進場，禁止顯示今日可進場。,False,False
2026-10-05,2026-10-05,收盤確認價,臺灣證券交易所 / 證券櫃檯買賣中心正式收盤；yfinance 歷史資料,只使用完整收盤日K，不使用盤中未完成K,上櫃,2640,大車隊,154.0,156.5,153.0,156.6,159.35,158.07,153.76,147.24,-2.53,-1.6,False,58383,41482,8990982,6746047,2.34,False,True,27.14,一般K,,False,False,False,False,0,False,C級：已漲遠或接近目標，禁止追高,條件不足,接近成形,160.5,153.5,183.0,接近成形＋可觀察,163.71,160.5,163.71,168.62,155.69,4.9,低,-4.05,12.5,2.4,11.78,163.71,0.0,True,False,True,距離頸線或前高過遠，禁止追高,頸線以當日前20日高點計算；收盤站上頸線 160.5 至少2%；成交量>=20日均量2倍；不可長上影；回踩須有近10日突破紀錄且不有效跌破頸線；距離頸線>5%禁止進場,35,C,禁止追高,已漲遠或接近目標，空手不追；持有者依策略分批處理。,False,2026-10-05,True,True,STOP,STOP 停止進場,觀察,取消新進場，只保留觀察,只看續抱 / 減碼 / 停利 / 停損，不新增部位。,停止新進場，先保留現金，等待大盤止跌。,停止新進場，禁止顯示今日可進場。,False,False
2026-10-05,2026-10-05,收盤確認價,臺灣證券交易所 / 證券櫃檯買賣中心正式收盤；yfinance 歷史資料,只使用完整收盤日K，不使用盤中未完成K,上市,2207,和泰車,510.0,521.0,510.0,510.6,516.4,524.25,514.12,524.24,7.03,-0.58,False,257966,258801,131562660,135733173,1.47,True,True,21.45,一般K,,False,False,False,False,0,False,C級：已漲遠或接近目標，禁止追高,條件不足,接近成形,548.0,506.0,623.0,接近成形＋可觀察,558.96,548.0,558.96,575.73,531.56,4.9,低,-6.93,10.99,2.34,11.46,558.96,0.0,False,False,True,距離頸線或前高過遠，禁止追高,頸線以當日前20日高點計算；收盤站上頸線 548.0 至少2%；成交量>=20日均量2倍；不可長上影；回踩須有近10日突破紀錄且不有效跌破頸線；距離頸線>5%禁止進場,35,C,禁止追高,已漲遠或接近目標，空手不追；持有者依策略分批處理。,False,2026-10-05,True,True,STOP,STOP 停止進場,觀察,取消新進場，只保留觀察,只看續抱 / 減碼 / 停利 / 停損，不新增部位。,停止新進場，先保留現金，等待大盤止跌。,停止新進場，禁止顯示今日可進場。,False,False
2026-10-05,2026-10-05,收盤確認價,臺灣證券交易所 / 證券櫃檯買賣中心正式收盤；yfinance 歷史資料,只使用完整收盤日K，不使用盤中未完成K,上櫃,3207,耀勝,40.0,41.0,39.2,39.5,38.9,38.43,42.37,61.59,-35.28,0.63,False,216665,162061,8666600,6270412,2.23,False,True,22.95,下影線,,False,False,False,False,0,False,C級：已漲遠或接近目標，禁止追高,條件不足,接近成形,41.8,36.51,47.5,接近成形＋可觀察,42.64,41.8,42.64,43.92,40.55,4.9,低,-4.31,36.71,2.33,11.41,42.64,1.25,False,False,True,距離頸線或前高過遠，禁止追高,頸線以當日前20日高點計算；收盤站上頸線 41.8 至少2%；成交量>=20日均量2倍；不可長上影；回踩須有近10日突破紀錄且不有效跌破頸線；距離頸線>5%禁止進場,35,C,禁止追高,已漲遠或接近目標，空手不追；持有者依策略分批處理。,False,2026-10-05,True,True,STOP,STOP 停止進場,觀察,取消新進場，只保留觀察,只看續抱 / 減碼 / 停利 / 停損，不新增部位。,停止新進場，先保留現金，等待大盤止跌。,停止新進場，禁止顯示今日可進場。,False,False
2026-10-05,2026-10-05,收盤確認價,臺灣證券交易所 / 證券櫃檯買賣中心正式收盤；yfinance 歷史資料,只使用完整收盤日K，不使用盤中未完成K,上櫃,8048,德勝,51.3,51.8,50.8,50.88,50.27,49.86,51.91,55.14,-12.37,0.0,False,105878,92419,5431541,4589994,1.83,False,True,24.5,一般K,,False,False,False,False,0,False,C級：已漲遠或接近目標，禁止追高,條件不足,接近成形,53.5,47.37,60.6,接近成形＋可觀察,54.57,53.5,54.57,56.21,51.89,4.9,低,-4.11,13.66,2.25,11.05,54.57,0.0,False,False,True,距離頸線或前高過遠，禁止追高,頸線以當日前20日高點計算；收盤站上頸線 53.5 至少2%；成交量>=20日均量2倍；不可長上影；回踩須有近10日突破紀錄且不有效跌破頸線；距離頸線>5%禁止進場,35,C,禁止追高,已漲遠或接近目標，空手不追；持有者依策略分批處理。,False,2026-10-05,True,True,STOP,STOP 停止進場,觀察,取消新進場，只保留觀察,只看續抱 / 減碼 / 停利 / 停損，不新增部位。,停止新進場，先保留現金，等待大盤止跌。,停止新進場，禁止顯示今日可進場。,False,False
2026-10-05,2026-10-05,收盤確認價,臺灣證券交易所 / 證券櫃檯買賣中心正式收盤；yfinance 歷史資料,只使用完整收盤日K，不使用盤中未完成K,上櫃,6228,全譜,18.0,18.4,18.0,18.6,17.88,17.64,17.87,22.88,-5.76,-1.37,False,10040,7759,180720,145922,3.5,False,True,49.55,一般K,,False,False,False,False,0,False,C級：已漲遠或接近目標，禁止追高,條件不足,接近成形,18.7,16.76,21.1,接近成形＋可觀察,19.07,18.7,19.07,19.65,18.14,4.9,低,-3.74,12.62,2.17,10.62,19.07,0.56,True,False,True,距離頸線或前高過遠，禁止追高,頸線以當日前20日高點計算；收盤站上頸線 18.7 至少2%；成交量>=20日均量2倍；不可長上影；回踩須有近10日突破紀錄且不有效跌破頸線；距離頸線>5%禁止進場,35,C,禁止追高,已漲遠或接近目標，空手不追；持有者依策略分批處理。,False,2026-10-05,True,True,STOP,STOP 停止進場,觀察,取消新進場，只保留觀察,只看續抱 / 減碼 / 停利 / 停損，不新增部位。,停止新進場，先保留現金，等待大盤止跌。,停止新進場，禁止顯示今日可進場。,False,False
2026-10-05,2026-10-05,收盤確認價,臺灣證券交易所 / 證券櫃檯買賣中心正式收盤；yfinance 歷史資料,只使用完整收盤日K，不使用盤中未完成K,上市,1536,和大,46.1,46.85,46.1,46.57,46.56,47.06,49.33,53.78,-16.18,-1.18,False,1113558,878432,51335023,41495216,1.05,True,True,22.18,一般K,,False,False,False,False,0,False,C級：已漲遠或接近目標，禁止追高,條件不足,接近成形,51.4,46.0,58.0,接近成形＋可觀察,52.43,51.4,52.43,54.0,49.86,4.9,低,-10.31,19.41,2.17,10.63,52.43,0.0,False,False,True,距離頸線或前高過遠，禁止追高,頸線以當日前20日高點計算；收盤站上頸線 51.4 至少2%；成交量>=20日均量2倍；不可長上影；回踩須有近10日突破紀錄且不有效跌破頸線；距離頸線>5%禁止進場,35,C,禁止追高,已漲遠或接近目標，空手不追；持有者依策略分批處理。,False,2026-10-05,True,True,STOP,STOP 停止進場,觀察,取消新進場，只保留觀察,只看續抱 / 減碼 / 停利 / 停損，不新增部位。,停止新進場，先保留現金，等待大盤止跌。,停止新進場，禁止顯示今日可進場。,False,False
2026-10-05,2026-10-05,收盤確認價,臺灣證券交易所 / 證券櫃檯買賣中心正式收盤；yfinance 歷史資料,只使用完整收盤日K，不使用盤中未完成K,上櫃,6725,矽科宏晟,223.0,223.5,220.0,220.0,219.3,218.35,244.94,272.86,-27.0,1.13,False,89159,65275,19882457,14261353,2.1,False,True,22.76,紅K突破,,False,False,False,False,0,False,C級：已漲遠或接近目標，禁止追高,條件不足,接近成形,233.5,207.43,261.5,接近成形＋可觀察,238.17,233.5,238.17,245.32,226.5,4.9,低,-4.5,32.93,2.0,9.8,238.17,0.22,False,False,True,距離頸線或前高過遠，禁止追高,頸線以當日前20日高點計算；收盤站上頸線 233.5 至少2%；成交量>=20日均量2倍；不可長上影；回踩須有近10日突破紀錄且不有效跌破頸線；距離頸線>5%禁止進場,35,C,禁止追高,已漲遠或接近目標，空手不追；持有者依策略分批處理。,False,2026-10-05,True,True,STOP,STOP 停止進場,觀察,取消新進場，只保留觀察,只看續抱 / 減碼 / 停利 / 停損，不新增部位。,停止新進場，先保留現金，等待大盤止跌。,停止新進場，禁止顯示今日可進場。,False,False
2026-10-05,2026-10-05,收盤確認價,臺灣證券交易所 / 證券櫃檯買賣中心正式收盤；yfinance 歷史資料,只使用完整收盤日K，不使用盤中未完成K,上市,1474,弘裕,9.98,10.05,9.7,10.02,10.02,9.98,10.11,10.44,-4.95,0.0,False,379117,92085,3783587,919980,0.8,False,True,38.49,下影線,,False,True,False,False,1,False,只觀察,量能放大,三角收斂突破,10.6,9.71,11.49,接近成形＋可觀察,10.81,10.6,10.81,11.14,10.28,4.9,中,-5.85,6.73,1.28,6.27,10.81,0.0,False,False,False,預備單，等待確認條件,頸線以當日前20日高點計算；收盤站上頸線 10.6 至少2%；成交量>=20日均量2倍；不可長上影；回踩須有近10日突破紀錄且不有效跌破頸線；距離頸線>5%禁止進場,30,C,等更安全位置,條件或風險不夠好，先不列入高關注。,False,2026-10-05,True,True,STOP,STOP 停止進場,觀察,取消新進場，只保留觀察,只看續抱 / 減碼 / 停利 / 停損，不新增部位。,停止新進場，先保留現金，等待大盤止跌。,停止新進場，禁止顯示今日可進場。,False,False
2026-10-05,2026-10-05,收盤確認價,臺灣證券交易所 / 證券櫃檯買賣中心正式收盤；yfinance 歷史資料,只使用完整收盤日K，不使用盤中未完成K,上市,1473,台南,19.1,19.2,19.05,19.21,19.39,19.65,19.9,22.91,-5.45,-0.26,False,141586,62574,2704292,1221348,0.46,False,True,76.16,一般K,,False,True,False,False,1,False,只觀察,量能放大,三角收斂突破,20.15,19.15,21.15,接近成形＋可觀察,20.55,20.15,20.55,21.17,19.55,4.9,中,-5.21,7.73,0.59,2.9,20.55,0.26,False,False,False,預備單，等待確認條件,頸線以當日前20日高點計算；收盤站上頸線 20.15 至少2%；成交量>=20日均量2倍；不可長上影；回踩須有近10日突破紀錄且不有效跌破頸線；距離頸線>5%禁止進場,30,C,等更安全位置,條件或風險不夠好，先不列入高關注。,False,2026-10-05,True,True,STOP,STOP 停止進場,接近目標,取消新進場，只保留觀察,只看續抱 / 減碼 / 停利 / 停損，不新增部位。,停止新進場，先保留現金，等待大盤止跌。,停止新進場，禁止顯示今日可進場。,False,False
2026-10-05,2026-10-05,收盤確認價,臺灣證券交易所 / 證券櫃檯買賣中心正式收盤；yfinance 歷史資料,只使用完整收盤日K，不使用盤中未完成K,上櫃,4406,新昕纖,10.0,10.1,10.0,10.2,10.22,10.12,10.03,9.99,1.42,-2.44,False,12000,46750,120000,473398,0.98,False,True,23.87,一般K,,False,False,False,False,0,False,只觀察,條件不足,接近成形,10.6,9.85,11.59,接近成形＋可觀察,10.81,10.6,10.81,11.14,10.28,4.9,中,-5.66,9.09,1.47,7.2,10.81,0.0,False,False,False,預備單，等待確認條件,頸線以當日前20日高點計算；收盤站上頸線 10.6 至少2%；成交量>=20日均量2倍；不可長上影；回踩須有近10日突破紀錄且不有效跌破頸線；距離頸線>5%禁止進場,30,C,等更安全位置,條件或風險不夠好，先不列入高關注。,False,2026-10-05,True,True,STOP,STOP 停止進場,觀察,取消新進場，只保留觀察,只看續抱 / 減碼 / 停利 / 停損，不新增部位。,停止新進場，先保留現金，等待大盤止跌。,停止新進場，禁止顯示今日可進場。,False,False
2026-10-05,2026-10-05,收盤確認價,臺灣證券交易所 / 證券櫃檯買賣中心正式收盤；yfinance 歷史資料,只使用完整收盤日K，不使用盤中未完成K,上櫃,6855,數泓科,113.5,113.5,113.5,115.0,114.65,115.33,116.13,114.04,-6.97,0.0,False,1120,3253,127120,376223,1.59,False,True,46.69,資料不足,,False,False,False,False,0,False,只觀察,條件不足,接近成形,120.5,110.5,131.0,接近成形＋可觀察,122.91,120.5,122.91,126.6,116.88,4.9,中,-5.81,6.97,1.34,6.58,122.91,0.0,False,False,False,預備單，等待確認條件,頸線以當日前20日高點計算；收盤站上頸線 120.5 至少2%；成交量>=20日均量2倍；不可長上影；回踩須有近10日突破紀錄且不有效跌破頸線；距離頸線>5%禁止進場,30,C,等更安全位置,條件或風險不夠好，先不列入高關注。,False,2026-10-05,True,True,STOP,STOP 停止進場,觀察,取消新進場，只保留觀察,只看續抱 / 減碼 / 停利 / 停損，不新增部位。,停止新進場，先保留現金，等待大盤止跌。,停止新進場，禁止顯示今日可進場。,False,False
2026-10-05,2026-10-05,收盤確認價,臺灣證券交易所 / 證券櫃檯買賣中心正式收盤；yfinance 歷史資料,只使用完整收盤日K，不使用盤中未完成K,上市,2062,橋椿,17.9,18.1,17.9,17.99,18.05,18.34,18.73,20.22,-7.25,-0.56,False,124114,176235,2221640,3271826,1.59,False,True,51.7,一般K,,False,False,False,False,0,False,只觀察,條件不足,接近成形,19.6,17.95,21.25,接近成形＋可觀察,19.99,19.6,19.99,20.59,19.01,4.9,中,-8.67,8.67,1.28,6.29,19.99,0.56,False,False,False,預備單，等待確認條件,頸線以當日前20日高點計算；收盤站上頸線 19.6 至少2%；成交量>=20日均量2倍；不可長上影；回踩須有近10日突破紀錄且不有效跌破頸線；距離頸線>5%禁止進場,30,C,等更安全位置,條件或風險不夠好，先不列入高關注。,False,2026-10-05,True,True,STOP,STOP 停止進場,觀察,取消新進場，只保留觀察,只看續抱 / 減碼 / 停利 / 停損，不新增部位。,停止新進場，先保留現金，等待大盤止跌。,停止新進場，禁止顯示今日可進場。,False,False
2026-10-05,2026-10-05,收盤確認價,臺灣證券交易所 / 證券櫃檯買賣中心正式收盤；yfinance 歷史資料,只使用完整收盤日K，不使用盤中未完成K,上櫃,3546,宇峻,72.2,73.3,72.0,72.74,72.9,72.77,72.87,72.76,-2.96,-1.1,False,123567,106961,8921537,7806944,1.05,False,True,32.16,一般K,,False,False,False,False,0,False,只觀察,條件不足,接近成形,76.2,70.9,82.4,接近成形＋可觀察,77.72,76.2,77.72,80.06,73.91,4.9,中,-5.25,6.36,1.23,6.02,77.72,0.14,False,False,False,預備單，等待確認條件,頸線以當日前20日高點計算；收盤站上頸線 76.2 至少2%；成交量>=20日均量2倍；不可長上影；回踩須有近10日突破紀錄且不有效跌破頸線；距離頸線>5%禁止進場,30,C,等更安全位置,條件或風險不夠好，先不列入高關注。,False,2026-10-05,True,True,STOP,STOP 停止進場,觀察,取消新進場，只保留觀察,只看續抱 / 減碼 / 停利 / 停損，不新增部位。,停止新進場，先保留現金，等待大盤止跌。,停止新進場，禁止顯示今日可進場。,False,False
2026-10-05,2026-10-05,收盤確認價,臺灣證券交易所 / 證券櫃檯買賣中心正式收盤；yfinance 歷史資料,只使用完整收盤日K，不使用盤中未完成K,上櫃,6576,逸達,78.5,79.0,77.7,79.16,79.94,80.9,80.54,79.88,-5.54,-0.63,False,180217,133191,14147034,10776927,1.37,False,True,25.34,一般K,,False,False,False,False,0,False,只觀察,條件不足,接近成形,83.5,78.4,90.3,接近成形＋可觀察,85.17,83.5,85.17,87.73,81.0,4.9,中,-5.99,5.99,1.23,6.02,85.17,0.0,False,False,False,預備單，等待確認條件,頸線以當日前20日高點計算；收盤站上頸線 83.5 至少2%；成交量>=20日均量2倍；不可長上影；回踩須有近10日突破紀錄且不有效跌破頸線；距離頸線>5%禁止進場,30,C,等更安全位置,條件或風險不夠好，先不列入高關注。,False,2026-10-05,True,True,STOP,STOP 停止進場,觀察,取消新進場，只保留觀察,只看續抱 / 減碼 / 停利 / 停損，不新增部位。,停止新進場，先保留現金，等待大盤止跌。,停止新進場，禁止顯示今日可進場。,False,False
2026-10-05,2026-10-05,收盤確認價,臺灣證券交易所 / 證券櫃檯買賣中心正式收盤；yfinance 歷史資料,只使用完整收盤日K，不使用盤中未完成K,上市,1707,葡萄王,84.6,85.2,84.6,85.38,86.25,87.65,89.5,110.48,-7.64,-0.7,False,359919,300192,30449147,26314556,0.87,False,True,37.1,一般K,,False,False,False,False,0,False,只觀察,條件不足,接近成形,92.6,85.1,100.1,接近成形＋可觀察,94.45,92.6,94.45,97.29,89.82,4.9,中,-8.64,9.52,1.22,5.98,94.45,0.0,False,False,False,預備單，等待確認條件,頸線以當日前20日高點計算；收盤站上頸線 92.6 至少2%；成交量>=20日均量2倍；不可長上影；回踩須有近10日突破紀錄且不有效跌破頸線；距離頸線>5%禁止進場,30,C,等更安全位置,條件或風險不夠好，先不列入高關注。,False,2026-10-05,True,True,STOP,STOP 停止進場,觀察,取消新進場，只保留觀察,只看續抱 / 減碼 / 停利 / 停損，不新增部位。,停止新進場，先保留現金，等待大盤止跌。,停止新進場，禁止顯示今日可進場。,False,False
2026-10-05,2026-10-05,收盤確認價,臺灣證券交易所 / 證券櫃檯買賣中心正式收盤；yfinance 歷史資料,只使用完整收盤日K，不使用盤中未完成K,上櫃,7757,金色三麥,89.4,89.6,89.1,89.68,89.71,89.16,89.9,107.22,-5.1,0.34,False,14106,16663,1261076,1492377,1.04,False,True,26.1,一般K,,False,False,False,False,0,False,只觀察,條件不足,接近成形,94.3,86.9,101.9,接近成形＋可觀察,96.19,94.3,96.19,99.07,91.47,4.9,中,-5.2,5.6,1.21,5.94,96.19,0.11,False,False,False,預備單，等待確認條件,頸線以當日前20日高點計算；收盤站上頸線 94.3 至少2%；成交量>=20日均量2倍；不可長上影；回踩須有近10日突破紀錄且不有效跌破頸線；距離頸線>5%禁止進場,30,C,等更安全位置,條件或風險不夠好，先不列入高關注。,False,2026-10-05,True,True,STOP,STOP 停止進場,觀察,取消新進場，只保留觀察,只看續抱 / 減碼 / 停利 / 停損，不新增部位。,停止新進場，先保留現金，等待大盤止跌。,停止新進場，禁止顯示今日可進場。,False,False
2026-10-05,2026-10-05,收盤確認價,臺灣證券交易所 / 證券櫃檯買賣中心正式收盤；yfinance 歷史資料,只使用完整收盤日K，不使用盤中未完成K,上櫃,8342,益張,83.0,83.1,83.0,83.4,83.5,84.36,87.22,86.79,-8.79,-0.6,False,2025,3265,168075,273320,1.28,False,True,44.72,一般K,,False,False,False,False,0,False,只觀察,條件不足,接近成形,88.0,81.0,95.0,接近成形＋可觀察,89.76,88.0,89.76,92.45,85.36,4.9,中,-5.68,9.29,1.19,5.84,89.76,0.0,False,False,False,預備單，等待確認條件,頸線以當日前20日高點計算；收盤站上頸線 88.0 至少2%；成交量>=20日均量2倍；不可長上影；回踩須有近10日突破紀錄且不有效跌破頸線；距離頸線>5%禁止進場,30,C,等更安全位置,條件或風險不夠好，先不列入高關注。,False,2026-10-05,True,True,STOP,STOP 停止進場,觀察,取消新進場，只保留觀察,只看續抱 / 減碼 / 停利 / 停損，不新增部位。,停止新進場，先保留現金，等待大盤止跌。,停止新進場，禁止顯示今日可進場。,False,False
2026-10-05,2026-10-05,收盤確認價,臺灣證券交易所 / 證券櫃檯買賣中心正式收盤；yfinance 歷史資料,只使用完整收盤日K，不使用盤中未完成K,上櫃,6856,鑫傳,41.75,41.75,41.3,41.65,41.82,41.62,42.97,50.59,-3.8,0.24,False,3004,5450,125417,227338,0.96,False,True,39.5,紅K突破,,False,False,False,False,0,False,只觀察,條件不足,接近成形,43.95,40.5,47.4,接近成形＋可觀察,44.83,43.95,44.83,46.17,42.63,4.9,中,-5.01,9.53,1.17,5.74,44.83,0.0,False,False,False,預備單，等待確認條件,頸線以當日前20日高點計算；收盤站上頸線 43.95 至少2%；成交量>=20日均量2倍；不可長上影；回踩須有近10日突破紀錄且不有效跌破頸線；距離頸線>5%禁止進場,30,C,等更安全位置,條件或風險不夠好，先不列入高關注。,False,2026-10-05,True,True,STOP,STOP 停止進場,觀察,取消新進場，只保留觀察,只看續抱 / 減碼 / 停利 / 停損，不新增部位。,停止新進場，先保留現金，等待大盤止跌。,停止新進場，禁止顯示今日可進場。,False,False
2026-10-05,2026-10-05,收盤確認價,臺灣證券交易所 / 證券櫃檯買賣中心正式收盤；yfinance 歷史資料,只使用完整收盤日K，不使用盤中未完成K,上櫃,4161,聿新科,21.7,21.95,21.5,21.78,21.99,22.21,22.55,24.36,-5.65,0.23,False,28040,21606,608468,477826,0.48,False,True,80.33,一般K,,False,False,False,False,0,False,只觀察,條件不足,接近成形,23.0,21.6,24.8,接近成形＋可觀察,23.46,23.0,23.46,24.16,22.31,4.9,中,-5.65,8.44,1.17,5.71,23.46,0.69,False,False,False,預備單，等待確認條件,頸線以當日前20日高點計算；收盤站上頸線 23.0 至少2%；成交量>=20日均量2倍；不可長上影；回踩須有近10日突破紀錄且不有效跌破頸線；距離頸線>5%禁止進場,30,C,等更安全位置,條件或風險不夠好，先不列入高關注。,False,2026-10-05,True,True,STOP,STOP 停止進場,觀察,取消新進場，只保留觀察,只看續抱 / 減碼 / 停利 / 停損，不新增部位。,停止新進場，先保留現金，等待大盤止跌。,停止新進場，禁止顯示今日可進場。,False,False
2026-10-05,2026-10-05,收盤確認價,臺灣證券交易所 / 證券櫃檯買賣中心正式收盤；yfinance 歷史資料,只使用完整收盤日K，不使用盤中未完成K,上櫃,3218,大學光,133.5,134.0,132.5,133.9,133.9,134.72,136.84,139.05,-5.32,0.0,False,198914,127143,26555019,17120525,0.73,False,True,32.74,一般K,,False,False,False,False,0,False,只觀察,條件不足,三角收斂突破,141.5,132.5,152.5,接近成形＋可觀察,144.33,141.5,144.33,148.66,137.25,4.9,中,-5.65,9.18,1.15,5.66,144.33,0.37,False,False,False,預備單，等待確認條件,頸線以當日前20日高點計算；收盤站上頸線 141.5 至少2%；成交量>=20日均量2倍；不可長上影；回踩須有近10日突破紀錄且不有效跌破頸線；距離頸線>5%禁止進場,30,C,等更安全位置,條件或風險不夠好，先不列入高關注。,False,2026-10-05,True,True,STOP,STOP 停止進場,觀察,取消新進場，只保留觀察,只看續抱 / 減碼 / 停利 / 停損，不新增部位。,停止新進場，先保留現金，等待大盤止跌。,停止新進場，禁止顯示今日可進場。,False,False
2026-10-05,2026-10-05,收盤確認價,臺灣證券交易所 / 證券櫃檯買賣中心正式收盤；yfinance 歷史資料,只使用完整收盤日K，不使用盤中未完成K,上櫃,4207,環泰,19.45,19.5,19.25,19.41,19.45,19.6,20.01,19.28,-2.02,0.26,False,149967,91391,2916858,1790980,0.87,False,True,34.44,紅K突破,,False,False,False,False,0,False,只觀察,條件不足,三角收斂突破,20.7,19.1,22.3,接近成形＋可觀察,21.11,20.7,21.11,21.75,20.08,4.9,中,-6.04,8.25,1.15,5.62,21.11,0.26,False,False,False,預備單，等待確認條件,頸線以當日前20日高點計算；收盤站上頸線 20.7 至少2%；成交量>=20日均量2倍；不可長上影；回踩須有近10日突破紀錄且不有效跌破頸線；距離頸線>5%禁止進場,30,C,等更安全位置,條件或風險不夠好，先不列入高關注。,False,2026-10-05,True,True,STOP,STOP 停止進場,觀察,取消新進場，只保留觀察,只看續抱 / 減碼 / 停利 / 停損，不新增部位。,停止新進場，先保留現金，等待大盤止跌。,停止新進場，禁止顯示今日可進場。,False,False
2026-10-05,2026-10-05,收盤確認價,臺灣證券交易所 / 證券櫃檯買賣中心正式收盤；yfinance 歷史資料,只使用完整收盤日K，不使用盤中未完成K,上櫃,6844,諾貝兒,56.9,57.0,56.3,57.24,57.12,58.16,60.05,67.32,-9.68,-0.18,False,7035,17876,400291,1042119,0.75,False,True,81.68,一般K,,False,False,False,False,0,False,只觀察,條件不足,接近成形,60.0,55.8,64.2,接近成形＋可觀察,61.2,60.0,61.2,63.04,58.2,4.9,中,-5.17,9.68,1.0,4.9,61.2,0.0,False,False,False,預備單，等待確認條件,頸線以當日前20日高點計算；收盤站上頸線 60.0 至少2%；成交量>=20日均量2倍；不可長上影；回踩須有近10日突破紀錄且不有效跌破頸線；距離頸線>5%禁止進場,30,C,等更安全位置,條件或風險不夠好，先不列入高關注。,False,2026-10-05,True,True,STOP,STOP 停止進場,觀察,取消新進場，只保留觀察,只看續抱 / 減碼 / 停利 / 停損，不新增部位。,停止新進場，先保留現金，等待大盤止跌。,停止新進場，禁止顯示今日可進場。,False,False
2026-10-05,2026-10-05,收盤確認價,臺灣證券交易所 / 證券櫃檯買賣中心正式收盤；yfinance 歷史資料,只使用完整收盤日K，不使用盤中未完成K,上市,2109,華豐,14.25,14.45,14.25,14.35,14.59,14.69,14.65,14.77,-3.72,-0.7,False,125006,123373,1781335,1810651,1.1,False,True,18.28,一般K,,False,False,False,False,0,False,只觀察,條件不足,接近成形,15.1,14.2,16.15,接近成形＋可觀察,15.4,15.1,15.4,15.86,14.65,4.9,中,-5.63,5.63,0.99,4.86,15.4,0.35,False,False,False,預備單，等待確認條件,頸線以當日前20日高點計算；收盤站上頸線 15.1 至少2%；成交量>=20日均量2倍；不可長上影；回踩須有近10日突破紀錄且不有效跌破頸線；距離頸線>5%禁止進場,30,C,等更安全位置,條件或風險不夠好，先不列入高關注。,False,2026-10-05,True,True,STOP,STOP 停止進場,觀察,取消新進場，只保留觀察,只看續抱 / 減碼 / 停利 / 停損，不新增部位。,停止新進場，先保留現金，等待大盤止跌。,停止新進場，禁止顯示今日可進場。,False,False
2026-10-05,2026-10-05,收盤確認價,臺灣證券交易所 / 證券櫃檯買賣中心正式收盤；yfinance 歷史資料,只使用完整收盤日K，不使用盤中未完成K,上市,1454,台富,12.05,12.25,12.05,12.13,12.29,12.38,12.55,13.06,-5.86,-0.41,False,23401,31110,281982,387042,1.5,False,True,35.09,一般K,,False,False,False,False,0,False,只觀察,條件不足,接近成形,12.95,12.05,13.85,接近成形＋可觀察,13.21,12.95,13.21,13.61,12.56,4.9,中,-6.95,8.37,0.99,4.85,13.21,0.41,False,False,False,預備單，等待確認條件,頸線以當日前20日高點計算；收盤站上頸線 12.95 至少2%；成交量>=20日均量2倍；不可長上影；回踩須有近10日突破紀錄且不有效跌破頸線；距離頸線>5%禁止進場,30,C,等更安全位置,條件或風險不夠好，先不列入高關注。,False,2026-10-05,True,True,STOP,STOP 停止進場,觀察,取消新進場，只保留觀察,只看續抱 / 減碼 / 停利 / 停損，不新增部位。,停止新進場，先保留現金，等待大盤止跌。,停止新進場，禁止顯示今日可進場。,False,False
2026-10-05,2026-10-05,收盤確認價,臺灣證券交易所 / 證券櫃檯買賣中心正式收盤；yfinance 歷史資料,只使用完整收盤日K，不使用盤中未完成K,上市,1104,環泥,26.5,26.6,26.5,26.6,26.65,26.9,26.79,28.87,-2.21,-0.19,False,400761,434997,10620166,11728387,0.55,False,True,21.57,一般K,,False,False,False,False,0,False,只觀察,條件不足,接近成形,27.9,26.55,29.55,接近成形＋可觀察,28.46,27.9,28.46,29.31,27.06,4.9,中,-5.02,5.02,0.78,3.84,28.46,0.19,False,False,False,預備單，等待確認條件,頸線以當日前20日高點計算；收盤站上頸線 27.9 至少2%；成交量>=20日均量2倍；不可長上影；回踩須有近10日突破紀錄且不有效跌破頸線；距離頸線>5%禁止進場,30,C,等更安全位置,條件或風險不夠好，先不列入高關注。,False,2026-10-05,True,True,STOP,STOP 停止進場,觀察,取消新進場，只保留觀察,只看續抱 / 減碼 / 停利 / 停損，不新增部位。,停止新進場，先保留現金，等待大盤止跌。,停止新進場，禁止顯示今日可進場。,False,False
2026-10-05,2026-10-05,收盤確認價,臺灣證券交易所 / 證券櫃檯買賣中心正式收盤；yfinance 歷史資料,只使用完整收盤日K，不使用盤中未完成K,上市,1525,江申,63.3,63.7,63.3,63.62,64.13,64.77,66.54,64.4,-5.38,-0.63,False,3531,8803,223512,573536,0.53,False,True,31.86,一般K,,False,False,False,False,0,False,只觀察,條件不足,接近成形,66.9,63.4,70.4,接近成形＋可觀察,68.24,66.9,68.24,70.29,64.89,4.9,中,-5.38,8.53,0.65,3.17,68.24,0.0,False,False,False,預備單，等待確認條件,頸線以當日前20日高點計算；收盤站上頸線 66.9 至少2%；成交量>=20日均量2倍；不可長上影；回踩須有近10日突破紀錄且不有效跌破頸線；距離頸線>5%禁止進場,30,C,等更安全位置,條件或風險不夠好，先不列入高關注。,False,2026-10-05,True,True,STOP,STOP 停止進場,觀察,取消新進場，只保留觀察,只看續抱 / 減碼 / 停利 / 停損，不新增部位。,停止新進場，先保留現金，等待大盤止跌。,停止新進場，禁止顯示今日可進場。,False,False
2026-10-05,2026-10-05,收盤確認價,臺灣證券交易所 / 證券櫃檯買賣中心正式收盤；yfinance 歷史資料,只使用完整收盤日K，不使用盤中未完成K,上櫃,3284,太普高,21.6,22.1,19.8,20.13,20.01,19.92,21.23,20.7,-23.81,7.46,False,839813,183319,18139960,3718795,2.46,False,True,27.77,紅K突破,,False,True,False,False,1,False,C級：已漲遠或接近目標，禁止追高,量能放大,箱型突破,21.15,19.05,23.25,突破第一根,21.57,21.15,21.57,22.22,20.52,5.02,低,2.13,24.48,1.52,7.64,21.6,2.31,False,False,True,距離頸線或前高過遠，禁止追高,頸線以當日前20日高點計算；收盤站上頸線 21.15 至少2%；成交量>=20日均量2倍；不可長上影；回踩須有近10日突破紀錄且不有效跌破頸線；距離頸線>5%禁止進場,27,C,禁止追高,已漲遠或接近目標，空手不追；持有者依策略分批處理。,False,2026-10-05,True,True,STOP,STOP 停止進場,接近目標,取消新進場，只保留觀察,只看續抱 / 減碼 / 停利 / 停損，不新增部位。,停止新進場，先保留現金，等待大盤止跌。,停止新進場，禁止顯示今日可進場。,False,False
2026-10-05,2026-10-05,收盤確認價,臺灣證券交易所 / 證券櫃檯買賣中心正式收盤；yfinance 歷史資料,只使用完整收盤日K，不使用盤中未完成K,上櫃,6574,霈方,120.0,121.5,118.0,119.2,119.7,119.65,124.17,98.25,-9.43,0.42,False,98016,27721,11761920,3323964,0.84,False,True,19.7,下影線,,False,True,False,False,1,False,C級：已漲遠或接近目標，禁止追高,量能放大,三角收斂突破,123.0,116.5,133.5,接近成形＋可觀察,125.46,123.0,125.46,129.22,119.31,4.9,低,-2.44,22.08,1.31,6.41,125.46,0.83,False,False,True,距離頸線或前高過遠，禁止追高,頸線以當日前20日高點計算；收盤站上頸線 123.0 至少2%；成交量>=20日均量2倍；不可長上影；回踩須有近10日突破紀錄且不有效跌破頸線；距離頸線>5%禁止進場,25,C,禁止追高,已漲遠或接近目標，空手不追；持有者依策略分批處理。,False,2026-10-05,True,True,STOP,STOP 停止進場,觀察,取消新進場，只保留觀察,只看續抱 / 減碼 / 停利 / 停損，不新增部位。,停止新進場，先保留現金，等待大盤止跌。,停止新進場，禁止顯示今日可進場。,False,False
2026-10-05,2026-10-05,收盤確認價,臺灣證券交易所 / 證券櫃檯買賣中心正式收盤；yfinance 歷史資料,只使用完整收盤日K，不使用盤中未完成K,上市,1467,南緯,8.22,8.54,8.22,8.17,8.13,8.1,8.73,7.67,-2.26,-4.64,False,595167,260479,4892272,2154191,2.53,False,True,17.49,一般K,,False,True,False,False,1,False,C級：已漲遠或接近目標，禁止追高,量能放大,三角收斂突破,8.38,7.7,9.06,接近成形＋可觀察,8.55,8.38,8.55,8.8,8.13,4.9,低,-1.91,22.82,1.22,5.99,8.55,1.82,True,False,True,距離頸線或前高過遠，禁止追高,頸線以當日前20日高點計算；收盤站上頸線 8.38 至少2%；成交量>=20日均量2倍；不可長上影；回踩須有近10日突破紀錄且不有效跌破頸線；距離頸線>5%禁止進場,25,C,禁止追高,已漲遠或接近目標，空手不追；持有者依策略分批處理。,False,2026-10-05,True,True,STOP,STOP 停止進場,接近目標,取消新進場，只保留觀察,只看續抱 / 減碼 / 停利 / 停損，不新增部位。,停止新進場，先保留現金，等待大盤止跌。,停止新進場，禁止顯示今日可進場。,False,False
2026-10-05,2026-10-05,收盤確認價,臺灣證券交易所 / 證券櫃檯買賣中心正式收盤；yfinance 歷史資料,只使用完整收盤日K，不使用盤中未完成K,上櫃,6649,台生材,37.15,37.9,36.4,37.0,36.51,36.08,36.34,43.72,-4.38,-0.54,False,206136,44560,7657952,1627457,1.93,False,True,26.5,下影線,,False,True,False,False,1,False,C級：已漲遠或接近目標，禁止追高,量能放大,箱型突破,36.4,34.9,38.65,突破第一根,37.13,36.4,37.13,38.24,35.31,4.96,低,2.06,8.95,0.81,4.04,37.15,1.48,True,True,True,接近目標區，只給持有者分批停利參考，空手不追高,頸線以當日前20日高點計算；收盤站上頸線 36.4 至少2%；成交量>=20日均量2倍；不可長上影；回踩須有近10日突破紀錄且不有效跌破頸線；距離頸線>5%禁止進場,25,C,禁止追高,已漲遠或接近目標，空手不追；持有者依策略分批處理。,False,2026-10-05,True,True,STOP,STOP 停止進場,接近目標,取消新進場，只保留觀察,只看續抱 / 減碼 / 停利 / 停損，不新增部位。,停止新進場，先保留現金，等待大盤止跌。,停止新進場，禁止顯示今日可進場。,False,False
2026-10-05,2026-10-05,收盤確認價,臺灣證券交易所 / 證券櫃檯買賣中心正式收盤；yfinance 歷史資料,只使用完整收盤日K，不使用盤中未完成K,上櫃,5312,寶島科,89.7,89.7,89.0,89.74,90.22,90.43,90.57,95.63,1.13,0.0,False,37822,15274,3392633,1379486,0.48,False,True,44.08,一般K,,False,True,False,False,1,False,C級：已漲遠或接近目標，禁止追高,量能放大,三角收斂突破,92.0,89.1,96.9,接近成形＋可觀察,93.84,92.0,93.84,96.66,89.24,4.9,低,-2.5,14.57,0.67,3.26,93.84,0.0,False,False,True,距離頸線或前高過遠，禁止追高,頸線以當日前20日高點計算；收盤站上頸線 92.0 至少2%；成交量>=20日均量2倍；不可長上影；回踩須有近10日突破紀錄且不有效跌破頸線；距離頸線>5%禁止進場,25,C,禁止追高,已漲遠或接近目標，空手不追；持有者依策略分批處理。,False,2026-10-05,True,True,STOP,STOP 停止進場,接近目標,取消新進場，只保留觀察,只看續抱 / 減碼 / 停利 / 停損，不新增部位。,停止新進場，先保留現金，等待大盤止跌。,停止新進場，禁止顯示今日可進場。,False,False
2026-10-05,2026-10-05,收盤確認價,臺灣證券交易所 / 證券櫃檯買賣中心正式收盤；yfinance 歷史資料,只使用完整收盤日K，不使用盤中未完成K,上櫃,4171,瑞基,16.85,17.15,16.35,16.5,16.44,16.46,17.11,18.78,-1.46,3.06,False,166135,48147,2799374,797103,1.05,False,True,26.78,下影線,,False,True,False,False,1,False,C級：已漲遠或接近目標，禁止追高,量能放大,箱型突破,16.95,16.05,17.85,接近成形＋可觀察,17.29,16.95,17.29,17.81,16.44,4.9,低,-0.59,18.0,0.66,3.24,17.29,1.48,False,False,True,距離頸線或前高過遠，禁止追高,頸線以當日前20日高點計算；收盤站上頸線 16.95 至少2%；成交量>=20日均量2倍；不可長上影；回踩須有近10日突破紀錄且不有效跌破頸線；距離頸線>5%禁止進場,25,C,禁止追高,已漲遠或接近目標，空手不追；持有者依策略分批處理。,False,2026-10-05,True,True,STOP,STOP 停止進場,接近目標,取消新進場，只保留觀察,只看續抱 / 減碼 / 停利 / 停損，不新增部位。,停止新進場，先保留現金，等待大盤止跌。,停止新進場，禁止顯示今日可進場。,False,False
2026-10-05,2026-10-05,收盤確認價,臺灣證券交易所 / 證券櫃檯買賣中心正式收盤；yfinance 歷史資料,只使用完整收盤日K，不使用盤中未完成K,上櫃,5523,豐謙,30.2,30.2,29.8,30.31,30.33,30.34,30.35,30.26,-0.66,-0.33,False,43988,17277,1328437,524041,0.08,False,True,100.0,紅K突破,,False,True,False,False,1,False,C級：已漲遠或接近目標，禁止追高,量能放大,箱型突破,30.35,30.15,31.7,接近成形＋可觀察,30.96,30.35,30.96,31.89,29.44,4.9,低,-0.49,0.66,0.49,2.4,30.96,0.0,False,True,True,接近目標區，只給持有者分批停利參考，空手不追高,頸線以當日前20日高點計算；收盤站上頸線 30.35 至少2%；成交量>=20日均量2倍；不可長上影；回踩須有近10日突破紀錄且不有效跌破頸線；距離頸線>5%禁止進場,25,C,禁止追高,已漲遠或接近目標，空手不追；持有者依策略分批處理。,False,2026-10-05,True,True,STOP,STOP 停止進場,接近目標,取消新進場，只保留觀察,只看續抱 / 減碼 / 停利 / 停損，不新增部位。,停止新進場，先保留現金，等待大盤止跌。,停止新進場，禁止顯示今日可進場。,False,False
2026-10-05,2026-10-05,收盤確認價,臺灣證券交易所 / 證券櫃檯買賣中心正式收盤；yfinance 歷史資料,只使用完整收盤日K，不使用盤中未完成K,上市,2114,鑫永銓,90.0,90.0,89.8,89.92,89.84,89.51,88.71,89.36,0.33,0.0,False,27683,20488,2491470,1835115,0.44,False,True,13.3,一般K,,True,False,False,False,1,False,C級：已漲遠或接近目標，禁止追高,趨勢多頭,箱型突破,90.3,88.2,94.2,接近成形＋可觀察,92.11,90.3,92.11,94.87,87.59,4.9,低,-0.33,1.53,0.46,2.27,92.11,0.0,False,True,True,接近目標區，只給持有者分批停利參考，空手不追高,頸線以當日前20日高點計算；收盤站上頸線 90.3 至少2%；成交量>=20日均量2倍；不可長上影；回踩須有近10日突破紀錄且不有效跌破頸線；距離頸線>5%禁止進場,25,C,禁止追高,已漲遠或接近目標，空手不追；持有者依策略分批處理。,False,2026-10-05,True,True,STOP,STOP 停止進場,接近目標,取消新進場，只保留觀察,只看續抱 / 減碼 / 停利 / 停損，不新增部位。,停止新進場，先保留現金，等待大盤止跌。,停止新進場，禁止顯示今日可進場。,False,False
2026-10-05,2026-10-05,收盤確認價,臺灣證券交易所 / 證券櫃檯買賣中心正式收盤；yfinance 歷史資料,只使用完整收盤日K，不使用盤中未完成K,上櫃,8435,鉅邁,53.2,53.2,53.0,53.22,53.09,53.16,53.13,54.25,-0.37,-0.0,False,39771,19045,2115817,1011789,0.46,False,True,20.48,一般K,,False,True,False,False,1,False,C級：已漲遠或接近目標，禁止追高,量能放大,箱型突破,53.7,52.7,55.9,接近成形＋可觀察,54.77,53.7,54.77,56.42,52.09,4.9,低,-0.93,2.74,0.42,2.06,54.77,0.0,False,True,True,接近目標區，只給持有者分批停利參考，空手不追高,頸線以當日前20日高點計算；收盤站上頸線 53.7 至少2%；成交量>=20日均量2倍；不可長上影；回踩須有近10日突破紀錄且不有效跌破頸線；距離頸線>5%禁止進場,25,C,禁止追高,已漲遠或接近目標，空手不追；持有者依策略分批處理。,False,2026-10-05,True,True,STOP,STOP 停止進場,接近目標,取消新進場，只保留觀察,只看續抱 / 減碼 / 停利 / 停損，不新增部位。,停止新進場，先保留現金，等待大盤止跌。,停止新進場，禁止顯示今日可進場。,False,False
2026-10-05,2026-10-05,收盤確認價,臺灣證券交易所 / 證券櫃檯買賣中心正式收盤；yfinance 歷史資料,只使用完整收盤日K，不使用盤中未完成K,上櫃,3492,長盛,19.7,19.85,19.45,19.3,19.23,19.14,20.66,23.27,-15.09,1.29,False,74186,31459,1461464,601644,0.74,False,True,17.78,紅K突破,,False,True,False,False,1,False,C級：已漲遠或接近目標，禁止追高,量能放大,箱型突破,19.45,18.65,20.25,接近成形＋可觀察,19.84,19.45,19.84,20.43,18.87,4.9,低,1.29,15.27,0.42,2.07,19.84,0.76,False,True,True,接近目標區，只給持有者分批停利參考，空手不追高,頸線以當日前20日高點計算；收盤站上頸線 19.45 至少2%；成交量>=20日均量2倍；不可長上影；回踩須有近10日突破紀錄且不有效跌破頸線；距離頸線>5%禁止進場,25,C,禁止追高,已漲遠或接近目標，空手不追；持有者依策略分批處理。,False,2026-10-05,True,True,STOP,STOP 停止進場,接近目標,取消新進場，只保留觀察,只看續抱 / 減碼 / 停利 / 停損，不新增部位。,停止新進場，先保留現金，等待大盤止跌。,停止新進場，禁止顯示今日可進場。,False,False
2026-10-05,2026-10-05,收盤確認價,臺灣證券交易所 / 證券櫃檯買賣中心正式收盤；yfinance 歷史資料,只使用完整收盤日K，不使用盤中未完成K,上櫃,2947,振宇五金,61.0,61.5,60.9,60.64,60.52,60.73,62.58,75.92,-11.59,0.33,False,24800,9852,1512800,597489,0.84,False,True,42.47,一般K,,False,True,False,False,1,False,C級：已漲遠或接近目標，禁止追高,量能放大,三角收斂突破,62.4,60.0,64.8,接近成形＋可觀察,63.65,62.4,63.65,65.56,60.53,4.9,低,-2.24,12.86,0.37,1.81,63.65,0.0,False,False,True,距離頸線或前高過遠，禁止追高,頸線以當日前20日高點計算；收盤站上頸線 62.4 至少2%；成交量>=20日均量2倍；不可長上影；回踩須有近10日突破紀錄且不有效跌破頸線；距離頸線>5%禁止進場,25,C,禁止追高,已漲遠或接近目標，空手不追；持有者依策略分批處理。,False,2026-10-05,True,True,STOP,STOP 停止進場,接近目標,取消新進場，只保留觀察,只看續抱 / 減碼 / 停利 / 停損，不新增部位。,停止新進場，先保留現金，等待大盤止跌。,停止新進場，禁止顯示今日可進場。,False,False
2026-10-05,2026-10-05,收盤確認價,臺灣證券交易所 / 證券櫃檯買賣中心正式收盤；yfinance 歷史資料,只使用完整收盤日K，不使用盤中未完成K,上櫃,5903,全家,186.5,186.5,186.0,186.2,185.85,185.2,186.21,189.59,-1.32,0.27,False,46164,18113,8609586,3360975,0.34,False,True,36.77,紅K突破,,False,True,False,False,1,False,C級：已漲遠或接近目標，禁止追高,量能放大,箱型突破,187.0,183.5,192.5,接近成形＋可觀察,190.74,187.0,190.74,196.46,181.39,4.9,低,-0.27,2.1,0.19,0.92,190.74,0.0,False,True,True,接近目標區，只給持有者分批停利參考，空手不追高,頸線以當日前20日高點計算；收盤站上頸線 187.0 至少2%；成交量>=20日均量2倍；不可長上影；回踩須有近10日突破紀錄且不有效跌破頸線；距離頸線>5%禁止進場,25,C,禁止追高,已漲遠或接近目標，空手不追；持有者依策略分批處理。,False,2026-10-05,True,True,STOP,STOP 停止進場,接近目標,取消新進場，只保留觀察,只看續抱 / 減碼 / 停利 / 停損，不新增部位。,停止新進場，先保留現金，等待大盤止跌。,停止新進場，禁止顯示今日可進場。,False,False
2026-10-05,2026-10-05,收盤確認價,臺灣證券交易所 / 證券櫃檯買賣中心正式收盤；yfinance 歷史資料,只使用完整收盤日K，不使用盤中未完成K,上市,1730,花仙子,51.1,51.3,51.1,51.2,51.23,51.31,51.37,52.43,-0.39,-0.2,False,48042,20183,2454946,1035319,0.29,False,True,16.06,一般K,,False,True,False,False,1,False,C級：已漲遠或接近目標，禁止追高,量能放大,箱型突破,51.9,51.0,53.2,接近成形＋可觀察,52.94,51.9,52.94,54.53,50.34,4.9,低,-1.54,2.67,0.1,0.49,52.94,0.2,False,True,True,接近目標區，只給持有者分批停利參考，空手不追高,頸線以當日前20日高點計算；收盤站上頸線 51.9 至少2%；成交量>=20日均量2倍；不可長上影；回踩須有近10日突破紀錄且不有效跌破頸線；距離頸線>5%禁止進場,25,C,禁止追高,已漲遠或接近目標，空手不追；持有者依策略分批處理。,False,2026-10-05,True,True,STOP,STOP 停止進場,接近目標,取消新進場，只保留觀察,只看續抱 / 減碼 / 停利 / 停損，不新增部位。,停止新進場，先保留現金，等待大盤止跌。,停止新進場，禁止顯示今日可進場。,False,False
2026-10-05,2026-10-05,收盤確認價,臺灣證券交易所 / 證券櫃檯買賣中心正式收盤；yfinance 歷史資料,只使用完整收盤日K，不使用盤中未完成K,上櫃,6803,崑鼎,265.5,267.0,264.5,266.6,266.55,268.02,269.6,286.81,-3.1,-0.56,False,122140,48719,32428170,13046845,0.32,False,True,38.33,一般K,,False,True,False,False,1,False,C級：已漲遠或接近目標，禁止追高,量能放大,三角收斂突破,271.5,265.0,278.0,接近成形＋可觀察,276.93,271.5,276.93,285.24,263.36,4.9,低,-2.21,3.45,0.08,0.39,276.93,0.0,False,True,True,接近目標區，只給持有者分批停利參考，空手不追高,頸線以當日前20日高點計算；收盤站上頸線 271.5 至少2%；成交量>=20日均量2倍；不可長上影；回踩須有近10日突破紀錄且不有效跌破頸線；距離頸線>5%禁止進場,25,C,禁止追高,已漲遠或接近目標，空手不追；持有者依策略分批處理。,False,2026-10-05,True,True,STOP,STOP 停止進場,接近目標,取消新進場，只保留觀察,只看續抱 / 減碼 / 停利 / 停損，不新增部位。,停止新進場，先保留現金，等待大盤止跌。,停止新進場，禁止顯示今日可進場。,False,False
2026-10-05,2026-10-05,收盤確認價,臺灣證券交易所 / 證券櫃檯買賣中心正式收盤；yfinance 歷史資料,只使用完整收盤日K，不使用盤中未完成K,上市,1720,生達,55.8,56.1,55.6,56.06,56.06,56.06,56.67,55.96,-3.94,-0.36,False,305488,147753,17046230,8279980,0.29,False,True,31.02,一般K,,False,True,False,False,1,False,C級：已漲遠或接近目標，禁止追高,量能放大,箱型突破,56.5,55.7,57.3,接近成形＋可觀察,57.63,56.5,57.63,59.36,54.8,4.9,低,-1.24,5.42,0.0,0.0,57.63,0.0,False,True,True,接近目標區，只給持有者分批停利參考，空手不追高,頸線以當日前20日高點計算；收盤站上頸線 56.5 至少2%；成交量>=20日均量2倍；不可長上影；回踩須有近10日突破紀錄且不有效跌破頸線；距離頸線>5%禁止進場,25,C,禁止追高,已漲遠或接近目標，空手不追；持有者依策略分批處理。,False,2026-10-05,True,True,STOP,STOP 停止進場,接近目標,取消新進場，只保留觀察,只看續抱 / 減碼 / 停利 / 停損，不新增部位。,停止新進場，先保留現金，等待大盤止跌。,停止新進場，禁止顯示今日可進場。,False,False
2026-10-05,2026-10-05,收盤確認價,臺灣證券交易所 / 證券櫃檯買賣中心正式收盤；yfinance 歷史資料,只使用完整收盤日K，不使用盤中未完成K,上櫃,6220,岳豐,25.3,25.6,25.2,25.3,25.22,25.39,26.73,28.83,-24.7,-0.59,False,205846,123047,5207903,3122818,0.51,False,True,39.36,一般K,,False,False,False,False,0,False,C級：已漲遠或接近目標，禁止追高,條件不足,三角收斂突破,26.05,24.8,28.45,接近成形＋可觀察,26.57,26.05,26.57,27.37,25.27,4.9,低,-2.88,31.34,1.44,7.07,26.57,0.0,False,False,True,距離頸線或前高過遠，禁止追高,頸線以當日前20日高點計算；收盤站上頸線 26.05 至少2%；成交量>=20日均量2倍；不可長上影；回踩須有近10日突破紀錄且不有效跌破頸線；距離頸線>5%禁止進場,25,C,禁止追高,已漲遠或接近目標，空手不追；持有者依策略分批處理。,False,2026-10-05,True,True,STOP,STOP 停止進場,觀察,取消新進場，只保留觀察,只看續抱 / 減碼 / 停利 / 停損，不新增部位。,停止新進場，先保留現金，等待大盤止跌。,停止新進場，禁止顯示今日可進場。,False,False
2026-10-05,2026-10-05,收盤確認價,臺灣證券交易所 / 證券櫃檯買賣中心正式收盤；yfinance 歷史資料,只使用完整收盤日K，不使用盤中未完成K,上櫃,3325,旭品,11.6,11.95,11.6,11.74,11.82,11.5,11.75,14.13,-10.08,-1.69,False,111486,113442,1293237,1331656,2.65,False,True,30.41,一般K,,False,False,False,False,0,False,C級：已漲遠或接近目標，禁止追高,條件不足,接近成形,11.55,11.0,12.15,回踩頸線不破,11.78,11.55,11.78,12.13,11.2,3.42,低,0.43,14.71,1.39,4.74,11.6,1.29,True,True,True,接近目標區，只給持有者分批停利參考，空手不追高,頸線以當日前20日高點計算；收盤站上頸線 11.55 至少2%；成交量>=20日均量2倍；不可長上影；回踩須有近10日突破紀錄且不有效跌破頸線；距離頸線>5%禁止進場,25,C,禁止追高,已漲遠或接近目標，空手不追；持有者依策略分批處理。,False,2026-10-05,True,True,STOP,STOP 停止進場,接近目標,取消新進場，只保留觀察,只看續抱 / 減碼 / 停利 / 停損，不新增部位。,停止新進場，先保留現金，等待大盤止跌。,停止新進場，禁止顯示今日可進場。,False,False
2026-10-05,2026-10-05,收盤確認價,臺灣證券交易所 / 證券櫃檯買賣中心正式收盤；yfinance 歷史資料,只使用完整收盤日K，不使用盤中未完成K,上櫃,5489,彩富,41.7,42.5,41.7,42.22,42.76,41.73,43.14,42.32,-32.41,-1.42,False,36663,66152,1528847,2831452,2.99,False,True,43.71,一般K,,False,False,False,False,0,False,C級：已漲遠或接近目標，禁止追高,條件不足,接近成形,42.9,39.64,46.75,接近成形＋可觀察,43.76,42.9,43.76,45.07,41.61,4.9,低,-2.8,32.41,1.39,6.84,43.76,0.48,True,False,True,距離頸線或前高過遠，禁止追高,頸線以當日前20日高點計算；收盤站上頸線 42.9 至少2%；成交量>=20日均量2倍；不可長上影；回踩須有近10日突破紀錄且不有效跌破頸線；距離頸線>5%禁止進場,25,C,禁止追高,已漲遠或接近目標，空手不追；持有者依策略分批處理。,False,2026-10-05,True,True,STOP,STOP 停止進場,觀察,取消新進場，只保留觀察,只看續抱 / 減碼 / 停利 / 停損，不新增部位。,停止新進場，先保留現金，等待大盤止跌。,停止新進場，禁止顯示今日可進場。,False,False
2026-10-05,2026-10-05,收盤確認價,臺灣證券交易所 / 證券櫃檯買賣中心正式收盤；yfinance 歷史資料,只使用完整收盤日K，不使用盤中未完成K,上櫃,6577,勁豐,80.5,81.4,80.3,80.32,79.9,79.61,80.09,75.35,0.63,-0.86,False,10185,33590,819892,2670892,0.77,False,True,30.39,一般K,,False,False,False,False,0,False,C級：已漲遠或接近目標，禁止追高,條件不足,箱型突破,81.2,77.5,88.4,接近成形＋可觀察,82.82,81.2,82.82,85.31,78.76,4.9,低,-0.86,16.84,1.37,6.73,82.82,0.0,False,False,True,距離頸線或前高過遠，禁止追高,頸線以當日前20日高點計算；收盤站上頸線 81.2 至少2%；成交量>=20日均量2倍；不可長上影；回踩須有近10日突破紀錄且不有效跌破頸線；距離頸線>5%禁止進場,25,C,禁止追高,已漲遠或接近目標，空手不追；持有者依策略分批處理。,False,2026-10-05,True,True,STOP,STOP 停止進場,接近目標,取消新進場，只保留觀察,只看續抱 / 減碼 / 停利 / 停損，不新增部位。,停止新進場，先保留現金，等待大盤止跌。,停止新進場，禁止顯示今日可進場。,False,False
2026-10-05,2026-10-05,收盤確認價,臺灣證券交易所 / 證券櫃檯買賣中心正式收盤；yfinance 歷史資料,只使用完整收盤日K，不使用盤中未完成K,上櫃,9949,琉園,24.4,24.4,24.1,24.31,24.14,24.1,24.08,25.45,-17.29,0.41,False,5734,26725,139909,643249,0.72,False,True,75.48,紅K突破,,False,False,False,False,0,False,C級：已漲遠或接近目標，禁止追高,條件不足,箱型突破,24.8,23.9,27.0,接近成形＋可觀察,25.3,24.8,25.3,26.05,24.06,4.9,低,-1.61,20.26,1.37,6.74,25.3,0.0,False,False,True,距離頸線或前高過遠，禁止追高,頸線以當日前20日高點計算；收盤站上頸線 24.8 至少2%；成交量>=20日均量2倍；不可長上影；回踩須有近10日突破紀錄且不有效跌破頸線；距離頸線>5%禁止進場,25,C,禁止追高,已漲遠或接近目標，空手不追；持有者依策略分批處理。,False,2026-10-05,True,True,STOP,STOP 停止進場,接近目標,取消新進場，只保留觀察,只看續抱 / 減碼 / 停利 / 停損，不新增部位。,停止新進場，先保留現金，等待大盤止跌。,停止新進場，禁止顯示今日可進場。,False,False
2026-10-05,2026-10-05,收盤確認價,臺灣證券交易所 / 證券櫃檯買賣中心正式收盤；yfinance 歷史資料,只使用完整收盤日K，不使用盤中未完成K,上市,1795,美時,177.5,178.0,176.0,177.4,177.45,177.85,183.71,235.85,-11.86,0.85,False,632333,645550,112239107,114748398,1.12,True,True,38.17,一般K,,False,False,False,False,0,False,C級：已漲遠或接近目標，禁止追高,條件不足,接近成形,184.5,170.5,200.69,接近成形＋可觀察,188.19,184.5,188.19,193.84,178.97,4.9,低,-3.79,13.55,1.35,6.64,188.19,0.0,False,False,True,距離頸線或前高過遠，禁止追高,頸線以當日前20日高點計算；收盤站上頸線 184.5 至少2%；成交量>=20日均量2倍；不可長上影；回踩須有近10日突破紀錄且不有效跌破頸線；距離頸線>5%禁止進場,25,C,禁止追高,已漲遠或接近目標，空手不追；持有者依策略分批處理。,False,2026-10-05,True,True,STOP,STOP 停止進場,觀察,取消新進場，只保留觀察,只看續抱 / 減碼 / 停利 / 停損，不新增部位。,停止新進場，先保留現金，等待大盤止跌。,停止新進場，禁止顯示今日可進場。,False,False
2026-10-05,2026-10-05,收盤確認價,臺灣證券交易所 / 證券櫃檯買賣中心正式收盤；yfinance 歷史資料,只使用完整收盤日K，不使用盤中未完成K,上櫃,3252,海灣,15.3,15.4,15.1,15.34,15.32,15.33,15.99,18.27,-13.56,-0.0,False,16006,26544,244891,406504,0.46,False,True,57.22,一般K,,False,False,False,False,0,False,C級：已漲遠或接近目標，禁止追高,條件不足,接近成形,15.75,14.57,17.1,接近成形＋可觀察,16.07,15.75,16.07,16.55,15.28,4.9,低,-2.86,13.8,1.31,6.44,16.07,0.0,False,False,True,距離頸線或前高過遠，禁止追高,頸線以當日前20日高點計算；收盤站上頸線 15.75 至少2%；成交量>=20日均量2倍；不可長上影；回踩須有近10日突破紀錄且不有效跌破頸線；距離頸線>5%禁止進場,25,C,禁止追高,已漲遠或接近目標，空手不追；持有者依策略分批處理。,False,2026-10-05,True,True,STOP,STOP 停止進場,觀察,取消新進場，只保留觀察,只看續抱 / 減碼 / 停利 / 停損，不新增部位。,停止新進場，先保留現金，等待大盤止跌。,停止新進場，禁止顯示今日可進場。,False,False
2026-10-05,2026-10-05,收盤確認價,臺灣證券交易所 / 證券櫃檯買賣中心正式收盤；yfinance 歷史資料,只使用完整收盤日K，不使用盤中未完成K,上櫃,6023,元大期,84.3,84.7,83.7,84.96,86.21,85.59,85.78,84.05,-10.24,-0.47,False,739033,890389,62300481,75710360,1.57,True,True,29.32,一般K,,False,False,False,False,0,False,C級：已漲遠或接近目標，禁止追高,條件不足,接近成形,88.7,82.6,96.2,接近成形＋可觀察,90.47,88.7,90.47,93.19,86.04,4.9,低,-4.96,10.24,1.29,6.33,90.47,0.0,False,False,True,距離頸線或前高過遠，禁止追高,頸線以當日前20日高點計算；收盤站上頸線 88.7 至少2%；成交量>=20日均量2倍；不可長上影；回踩須有近10日突破紀錄且不有效跌破頸線；距離頸線>5%禁止進場,25,C,禁止追高,已漲遠或接近目標，空手不追；持有者依策略分批處理。,False,2026-10-05,True,True,STOP,STOP 停止進場,觀察,取消新進場，只保留觀察,只看續抱 / 減碼 / 停利 / 停損，不新增部位。,停止新進場，先保留現金，等待大盤止跌。,停止新進場，禁止顯示今日可進場。,False,False
2026-10-05,2026-10-05,收盤確認價,臺灣證券交易所 / 證券櫃檯買賣中心正式收盤；yfinance 歷史資料,只使用完整收盤日K，不使用盤中未完成K,上櫃,4933,友輝,54.0,54.7,53.2,53.98,53.41,52.74,54.78,60.5,-13.74,0.19,False,101644,60531,5488776,3187755,1.07,False,True,26.88,一般K,,False,False,False,False,0,False,C級：已漲遠或接近目標，禁止追高,條件不足,箱型突破,55.1,50.7,59.5,接近成形＋可觀察,56.2,55.1,56.2,57.89,53.45,4.9,低,-2.0,14.29,1.2,5.87,56.2,1.3,False,False,True,距離頸線或前高過遠，禁止追高,頸線以當日前20日高點計算；收盤站上頸線 55.1 至少2%；成交量>=20日均量2倍；不可長上影；回踩須有近10日突破紀錄且不有效跌破頸線；距離頸線>5%禁止進場,25,C,禁止追高,已漲遠或接近目標，空手不追；持有者依策略分批處理。,False,2026-10-05,True,True,STOP,STOP 停止進場,接近目標,取消新進場，只保留觀察,只看續抱 / 減碼 / 停利 / 停損，不新增部位。,停止新進場，先保留現金，等待大盤止跌。,停止新進場，禁止顯示今日可進場。,False,False
2026-10-05,2026-10-05,收盤確認價,臺灣證券交易所 / 證券櫃檯買賣中心正式收盤；yfinance 歷史資料,只使用完整收盤日K，不使用盤中未完成K,上櫃,5272,笙科,17.9,18.0,17.7,17.78,17.44,17.12,17.68,20.4,-13.53,0.28,False,52420,84501,938317,1471476,1.39,False,True,29.59,紅K突破,,False,False,False,False,0,False,C級：已漲遠或接近目標，禁止追高,條件不足,接近成形,17.6,16.3,19.0,接近成形＋可觀察,17.95,17.6,17.95,18.49,17.07,4.9,低,1.7,14.15,1.19,5.84,17.95,0.56,True,False,True,距離頸線或前高過遠，禁止追高,頸線以當日前20日高點計算；收盤站上頸線 17.6 至少2%；成交量>=20日均量2倍；不可長上影；回踩須有近10日突破紀錄且不有效跌破頸線；距離頸線>5%禁止進場,25,C,禁止追高,已漲遠或接近目標，空手不追；持有者依策略分批處理。,False,2026-10-05,True,True,STOP,STOP 停止進場,接近目標,取消新進場，只保留觀察,只看續抱 / 減碼 / 停利 / 停損，不新增部位。,停止新進場，先保留現金，等待大盤止跌。,停止新進場，禁止顯示今日可進場。,False,False
2026-10-05,2026-10-05,收盤確認價,臺灣證券交易所 / 證券櫃檯買賣中心正式收盤；yfinance 歷史資料,只使用完整收盤日K，不使用盤中未完成K,上櫃,3390,旭軟,22.2,22.6,22.0,22.37,22.16,21.94,22.65,23.78,-17.16,-0.89,False,156458,134815,3473367,2962279,1.12,False,True,34.15,一般K,,False,False,False,False,0,False,C級：已漲遠或接近目標，禁止追高,條件不足,接近成形,22.8,21.2,24.55,接近成形＋可觀察,23.26,22.8,23.26,23.95,22.12,4.9,低,-2.63,18.38,1.14,5.56,23.26,0.45,False,False,True,距離頸線或前高過遠，禁止追高,頸線以當日前20日高點計算；收盤站上頸線 22.8 至少2%；成交量>=20日均量2倍；不可長上影；回踩須有近10日突破紀錄且不有效跌破頸線；距離頸線>5%禁止進場,25,C,禁止追高,已漲遠或接近目標，空手不追；持有者依策略分批處理。,False,2026-10-05,True,True,STOP,STOP 停止進場,接近目標,取消新進場，只保留觀察,只看續抱 / 減碼 / 停利 / 停損，不新增部位。,停止新進場，先保留現金，等待大盤止跌。,停止新進場，禁止顯示今日可進場。,False,False
2026-10-05,2026-10-05,收盤確認價,臺灣證券交易所 / 證券櫃檯買賣中心正式收盤；yfinance 歷史資料,只使用完整收盤日K，不使用盤中未完成K,上市,1232,大統益,153.5,154.5,153.5,153.5,154.1,154.9,155.26,148.96,5.5,0.0,False,59672,78434,9159652,12163588,0.55,False,True,42.19,一般K,,False,False,False,False,0,False,C級：已漲遠或接近目標，禁止追高,條件不足,接近成形,157.5,153.0,169.5,接近成形＋可觀察,160.65,157.5,160.65,165.47,152.78,4.9,低,-2.54,13.76,1.12,5.51,160.65,0.65,False,False,True,距離頸線或前高過遠，禁止追高,頸線以當日前20日高點計算；收盤站上頸線 157.5 至少2%；成交量>=20日均量2倍；不可長上影；回踩須有近10日突破紀錄且不有效跌破頸線；距離頸線>5%禁止進場,25,C,禁止追高,已漲遠或接近目標，空手不追；持有者依策略分批處理。,False,2026-10-05,True,True,STOP,STOP 停止進場,接近目標,取消新進場，只保留觀察,只看續抱 / 減碼 / 停利 / 停損，不新增部位。,停止新進場，先保留現金，等待大盤止跌。,停止新進場，禁止顯示今日可進場。,False,False
2026-10-05,2026-10-05,收盤確認價,臺灣證券交易所 / 證券櫃檯買賣中心正式收盤；yfinance 歷史資料,只使用完整收盤日K，不使用盤中未完成K,上櫃,3567,逸昌,26.0,26.35,25.9,26.07,25.77,25.52,26.06,26.89,-13.48,-0.76,False,55121,60259,1433146,1549988,0.64,False,True,11.22,一般K,,False,False,False,False,0,False,C級：已漲遠或接近目標，禁止追高,條件不足,箱型突破,26.5,24.8,28.5,接近成形＋可觀察,27.03,26.5,27.03,27.84,25.7,4.9,低,-1.89,13.91,1.11,5.44,27.03,0.0,False,False,True,距離頸線或前高過遠，禁止追高,頸線以當日前20日高點計算；收盤站上頸線 26.5 至少2%；成交量>=20日均量2倍；不可長上影；回踩須有近10日突破紀錄且不有效跌破頸線；距離頸線>5%禁止進場,25,C,禁止追高,已漲遠或接近目標，空手不追；持有者依策略分批處理。,False,2026-10-05,True,True,STOP,STOP 停止進場,接近目標,取消新進場，只保留觀察,只看續抱 / 減碼 / 停利 / 停損，不新增部位。,停止新進場，先保留現金，等待大盤止跌。,停止新進場，禁止顯示今日可進場。,False,False
2026-10-05,2026-10-05,收盤確認價,臺灣證券交易所 / 證券櫃檯買賣中心正式收盤；yfinance 歷史資料,只使用完整收盤日K，不使用盤中未完成K,上櫃,3083,網龍,23.75,24.0,23.75,23.35,23.06,22.77,23.99,29.08,-11.38,0.0,False,29000,64192,688750,1471623,1.67,False,True,26.78,一般K,,False,False,False,False,0,False,C級：已漲遠或接近目標，禁止追高,條件不足,箱型突破,23.4,21.65,25.15,接近成形＋可觀察,23.87,23.4,23.87,24.58,22.7,4.9,低,1.5,12.04,1.1,5.37,23.87,0.0,True,False,True,距離頸線或前高過遠，禁止追高,頸線以當日前20日高點計算；收盤站上頸線 23.4 至少2%；成交量>=20日均量2倍；不可長上影；回踩須有近10日突破紀錄且不有效跌破頸線；距離頸線>5%禁止進場,25,C,禁止追高,已漲遠或接近目標，空手不追；持有者依策略分批處理。,False,2026-10-05,True,True,STOP,STOP 停止進場,接近目標,取消新進場，只保留觀察,只看續抱 / 減碼 / 停利 / 停損，不新增部位。,停止新進場，先保留現金，等待大盤止跌。,停止新進場，禁止顯示今日可進場。,False,False
2026-10-05,2026-10-05,收盤確認價,臺灣證券交易所 / 證券櫃檯買賣中心正式收盤；yfinance 歷史資料,只使用完整收盤日K，不使用盤中未完成K,上市,1449,佳和,12.35,12.55,12.3,12.37,12.38,12.3,12.49,12.24,-10.83,-0.0,False,241667,276951,2984587,3409970,1.14,False,True,45.22,一般K,,False,False,False,False,0,False,C級：已漲遠或接近目標，禁止追高,條件不足,接近成形,12.7,12.05,13.65,接近成形＋可觀察,12.95,12.7,12.95,13.34,12.32,4.9,低,-2.76,13.03,1.1,5.37,12.95,0.0,False,False,True,距離頸線或前高過遠，禁止追高,頸線以當日前20日高點計算；收盤站上頸線 12.7 至少2%；成交量>=20日均量2倍；不可長上影；回踩須有近10日突破紀錄且不有效跌破頸線；距離頸線>5%禁止進場,25,C,禁止追高,已漲遠或接近目標，空手不追；持有者依策略分批處理。,False,2026-10-05,True,True,STOP,STOP 停止進場,接近目標,取消新進場，只保留觀察,只看續抱 / 減碼 / 停利 / 停損，不新增部位。,停止新進場，先保留現金，等待大盤止跌。,停止新進場，禁止顯示今日可進場。,False,False
2026-10-05,2026-10-05,收盤確認價,臺灣證券交易所 / 證券櫃檯買賣中心正式收盤；yfinance 歷史資料,只使用完整收盤日K，不使用盤中未完成K,上櫃,6732,昇佳電子,153.5,156.0,152.5,152.5,150.95,148.93,159.82,169.52,-21.68,-0.65,False,132036,71382,20267526,10646042,1.03,False,True,36.76,一般K,,False,False,False,False,0,False,C級：已漲遠或接近目標，禁止追高,條件不足,箱型突破,154.5,143.0,166.0,接近成形＋可觀察,157.59,154.5,157.59,162.32,149.87,4.9,低,-0.65,29.26,1.09,5.34,157.59,0.98,False,False,True,距離頸線或前高過遠，禁止追高,頸線以當日前20日高點計算；收盤站上頸線 154.5 至少2%；成交量>=20日均量2倍；不可長上影；回踩須有近10日突破紀錄且不有效跌破頸線；距離頸線>5%禁止進場,25,C,禁止追高,已漲遠或接近目標，空手不追；持有者依策略分批處理。,False,2026-10-05,True,True,STOP,STOP 停止進場,接近目標,取消新進場，只保留觀察,只看續抱 / 減碼 / 停利 / 停損，不新增部位。,停止新進場，先保留現金，等待大盤止跌。,停止新進場，禁止顯示今日可進場。,False,False
2026-10-05,2026-10-05,收盤確認價,臺灣證券交易所 / 證券櫃檯買賣中心正式收盤；yfinance 歷史資料,只使用完整收盤日K，不使用盤中未完成K,上櫃,6846,綠茵,58.5,58.7,58.4,58.42,58.59,58.52,59.8,68.69,-12.56,0.0,False,4000,5484,234000,321302,1.52,False,True,8.88,一般K,,False,False,False,False,0,False,C級：已漲遠或接近目標，禁止追高,條件不足,接近成形,59.9,55.6,64.2,接近成形＋可觀察,61.1,59.9,61.1,62.93,58.1,4.9,低,-2.34,12.69,1.04,5.08,61.1,0.0,False,False,True,距離頸線或前高過遠，禁止追高,頸線以當日前20日高點計算；收盤站上頸線 59.9 至少2%；成交量>=20日均量2倍；不可長上影；回踩須有近10日突破紀錄且不有效跌破頸線；距離頸線>5%禁止進場,25,C,禁止追高,已漲遠或接近目標，空手不追；持有者依策略分批處理。,False,2026-10-05,True,True,STOP,STOP 停止進場,接近目標,取消新進場，只保留觀察,只看續抱 / 減碼 / 停利 / 停損，不新增部位。,停止新進場，先保留現金，等待大盤止跌。,停止新進場，禁止顯示今日可進場。,False,False
2026-10-05,2026-10-05,收盤確認價,臺灣證券交易所 / 證券櫃檯買賣中心正式收盤；yfinance 歷史資料,只使用完整收盤日K，不使用盤中未完成K,上櫃,4123,晟德,30.85,31.25,30.7,31.12,31.07,30.71,33.3,36.21,-16.84,-1.12,False,1308106,1374088,40355070,42083935,1.15,False,True,38.79,一般K,,False,False,False,False,0,False,C級：已漲遠或接近目標，禁止追高,條件不足,接近成形,31.5,29.35,33.65,接近成形＋可觀察,32.13,31.5,32.13,33.09,30.55,4.9,低,-2.06,18.0,0.97,4.73,32.13,0.0,False,False,True,距離頸線或前高過遠，禁止追高,頸線以當日前20日高點計算；收盤站上頸線 31.5 至少2%；成交量>=20日均量2倍；不可長上影；回踩須有近10日突破紀錄且不有效跌破頸線；距離頸線>5%禁止進場,25,C,禁止追高,已漲遠或接近目標，空手不追；持有者依策略分批處理。,False,2026-10-05,True,True,STOP,STOP 停止進場,接近目標,取消新進場，只保留觀察,只看續抱 / 減碼 / 停利 / 停損，不新增部位。,停止新進場，先保留現金，等待大盤止跌。,停止新進場，禁止顯示今日可進場。,False,False
2026-10-05,2026-10-05,收盤確認價,臺灣證券交易所 / 證券櫃檯買賣中心正式收盤；yfinance 歷史資料,只使用完整收盤日K，不使用盤中未完成K,上櫃,3276,宇環,14.15,14.4,14.1,14.09,14.0,13.99,14.87,14.81,-12.38,-2.41,False,51875,82711,734031,1158913,1.71,False,True,20.85,一般K,,False,False,False,False,0,False,C級：已漲遠或接近目標，禁止追高,條件不足,接近成形,14.55,13.55,15.55,接近成形＋可觀察,14.84,14.55,14.84,15.29,14.11,4.9,低,-2.75,24.33,0.97,4.78,14.84,0.0,False,False,True,距離頸線或前高過遠，禁止追高,頸線以當日前20日高點計算；收盤站上頸線 14.55 至少2%；成交量>=20日均量2倍；不可長上影；回踩須有近10日突破紀錄且不有效跌破頸線；距離頸線>5%禁止進場,25,C,禁止追高,已漲遠或接近目標，空手不追；持有者依策略分批處理。,False,2026-10-05,True,True,STOP,STOP 停止進場,接近目標,取消新進場，只保留觀察,只看續抱 / 減碼 / 停利 / 停損，不新增部位。,停止新進場，先保留現金，等待大盤止跌。,停止新進場，禁止顯示今日可進場。,False,False
2026-10-05,2026-10-05,收盤確認價,臺灣證券交易所 / 證券櫃檯買賣中心正式收盤；yfinance 歷史資料,只使用完整收盤日K，不使用盤中未完成K,上櫃,6167,久正,10.25,10.4,10.2,10.24,10.29,10.22,10.52,11.89,-14.23,0.49,False,319262,201769,3272435,2062495,1.19,False,True,26.78,一般K,,False,False,False,False,0,False,C級：已漲遠或接近目標，禁止追高,條件不足,三角收斂突破,10.5,9.93,11.21,接近成形＋可觀察,10.71,10.5,10.71,11.03,10.19,4.9,低,-2.38,15.29,0.95,4.67,10.71,1.46,False,False,True,距離頸線或前高過遠，禁止追高,頸線以當日前20日高點計算；收盤站上頸線 10.5 至少2%；成交量>=20日均量2倍；不可長上影；回踩須有近10日突破紀錄且不有效跌破頸線；距離頸線>5%禁止進場,25,C,禁止追高,已漲遠或接近目標，空手不追；持有者依策略分批處理。,False,2026-10-05,True,True,STOP,STOP 停止進場,接近目標,取消新進場，只保留觀察,只看續抱 / 減碼 / 停利 / 停損，不新增部位。,停止新進場，先保留現金，等待大盤止跌。,停止新進場，禁止顯示今日可進場。,False,False
2026-10-05,2026-10-05,收盤確認價,臺灣證券交易所 / 證券櫃檯買賣中心正式收盤；yfinance 歷史資料,只使用完整收盤日K，不使用盤中未完成K,上櫃,6470,宇智,42.6,42.7,42.25,42.69,42.85,42.8,43.54,46.01,-11.62,-0.35,False,33384,29482,1422158,1263691,1.1,False,True,52.05,紅K突破,,False,False,False,False,0,False,C級：已漲遠或接近目標，禁止追高,條件不足,接近成形,43.9,41.35,46.85,接近成形＋可觀察,44.78,43.9,44.78,46.12,42.58,4.9,低,-2.96,11.62,0.94,4.63,44.78,0.23,False,False,True,距離頸線或前高過遠，禁止追高,頸線以當日前20日高點計算；收盤站上頸線 43.9 至少2%；成交量>=20日均量2倍；不可長上影；回踩須有近10日突破紀錄且不有效跌破頸線；距離頸線>5%禁止進場,25,C,禁止追高,已漲遠或接近目標，空手不追；持有者依策略分批處理。,False,2026-10-05,True,True,STOP,STOP 停止進場,接近目標,取消新進場，只保留觀察,只看續抱 / 減碼 / 停利 / 停損，不新增部位。,停止新進場，先保留現金，等待大盤止跌。,停止新進場，禁止顯示今日可進場。,False,False
2026-10-05,2026-10-05,收盤確認價,臺灣證券交易所 / 證券櫃檯買賣中心正式收盤；yfinance 歷史資料,只使用完整收盤日K，不使用盤中未完成K,上櫃,6118,建達,16.05,16.3,16.05,16.1,15.92,15.52,15.67,17.73,-4.46,-0.62,False,134302,292198,2155547,4678182,2.62,False,True,39.13,一般K,,False,False,False,False,0,False,C級：已漲遠或接近目標，禁止追高,條件不足,接近成形,15.75,14.75,16.75,接近成形＋可觀察,16.07,15.75,16.07,16.55,15.28,4.9,低,1.9,8.02,0.87,4.26,16.07,0.0,True,True,True,接近目標區，只給持有者分批停利參考，空手不追高,頸線以當日前20日高點計算；收盤站上頸線 15.75 至少2%；成交量>=20日均量2倍；不可長上影；回踩須有近10日突破紀錄且不有效跌破頸線；距離頸線>5%禁止進場,25,C,禁止追高,已漲遠或接近目標，空手不追；持有者依策略分批處理。,False,2026-10-05,True,True,STOP,STOP 停止進場,接近目標,取消新進場，只保留觀察,只看續抱 / 減碼 / 停利 / 停損，不新增部位。,停止新進場，先保留現金，等待大盤止跌。,停止新進場，禁止顯示今日可進場。,False,False
2026-10-05,2026-10-05,收盤確認價,臺灣證券交易所 / 證券櫃檯買賣中心正式收盤；yfinance 歷史資料,只使用完整收盤日K，不使用盤中未完成K,上櫃,3465,進泰電子,29.85,30.05,29.65,29.85,29.59,29.37,29.9,37.77,-12.31,-0.67,False,16026,20551,478376,605685,0.71,False,True,19.27,一般K,,False,False,False,False,0,False,C級：已漲遠或接近目標，禁止追高,條件不足,箱型突破,30.05,28.25,31.85,接近成形＋可觀察,30.65,30.05,30.65,31.57,29.15,4.9,低,-0.67,12.93,0.8,3.91,30.65,0.0,False,False,True,距離頸線或前高過遠，禁止追高,頸線以當日前20日高點計算；收盤站上頸線 30.05 至少2%；成交量>=20日均量2倍；不可長上影；回踩須有近10日突破紀錄且不有效跌破頸線；距離頸線>5%禁止進場,25,C,禁止追高,已漲遠或接近目標，空手不追；持有者依策略分批處理。,False,2026-10-05,True,True,STOP,STOP 停止進場,接近目標,取消新進場，只保留觀察,只看續抱 / 減碼 / 停利 / 停損，不新增部位。,停止新進場，先保留現金，等待大盤止跌。,停止新進場，禁止顯示今日可進場。,False,False
2026-10-05,2026-10-05,收盤確認價,臺灣證券交易所 / 證券櫃檯買賣中心正式收盤；yfinance 歷史資料,只使用完整收盤日K，不使用盤中未完成K,上市,2012,春雨,14.2,14.4,14.2,14.26,14.22,14.23,14.93,15.52,-9.55,0.0,False,40269,50871,571819,724615,0.87,False,True,33.25,一般K,,False,False,False,False,0,False,C級：已漲遠或接近目標，禁止追高,條件不足,接近成形,14.6,13.8,15.4,接近成形＋可觀察,14.89,14.6,14.89,15.34,14.16,4.9,低,-2.74,13.94,0.7,3.41,14.89,1.06,False,False,True,距離頸線或前高過遠，禁止追高,頸線以當日前20日高點計算；收盤站上頸線 14.6 至少2%；成交量>=20日均量2倍；不可長上影；回踩須有近10日突破紀錄且不有效跌破頸線；距離頸線>5%禁止進場,25,C,禁止追高,已漲遠或接近目標，空手不追；持有者依策略分批處理。,False,2026-10-05,True,True,STOP,STOP 停止進場,接近目標,取消新進場，只保留觀察,只看續抱 / 減碼 / 停利 / 停損，不新增部位。,停止新進場，先保留現金，等待大盤止跌。,停止新進場，禁止顯示今日可進場。,False,False
2026-10-05,2026-10-05,收盤確認價,臺灣證券交易所 / 證券櫃檯買賣中心正式收盤；yfinance 歷史資料,只使用完整收盤日K，不使用盤中未完成K,上櫃,1570,力肯,32.5,32.7,32.5,32.77,32.62,32.51,34.13,34.54,-19.35,-1.22,False,12419,36385,403617,1185528,1.08,False,True,23.49,一般K,,False,False,False,False,0,False,C級：已漲遠或接近目標，禁止追高,條件不足,接近成形,33.35,31.6,35.1,接近成形＋可觀察,34.02,33.35,34.02,35.04,32.35,4.9,低,-2.55,21.69,0.65,3.18,34.02,0.0,False,False,True,距離頸線或前高過遠，禁止追高,頸線以當日前20日高點計算；收盤站上頸線 33.35 至少2%；成交量>=20日均量2倍；不可長上影；回踩須有近10日突破紀錄且不有效跌破頸線；距離頸線>5%禁止進場,25,C,禁止追高,已漲遠或接近目標，空手不追；持有者依策略分批處理。,False,2026-10-05,True,True,STOP,STOP 停止進場,接近目標,取消新進場，只保留觀察,只看續抱 / 減碼 / 停利 / 停損，不新增部位。,停止新進場，先保留現金，等待大盤止跌。,停止新進場，禁止顯示今日可進場。,False,False
2026-10-05,2026-10-05,收盤確認價,臺灣證券交易所 / 證券櫃檯買賣中心正式收盤；yfinance 歷史資料,只使用完整收盤日K，不使用盤中未完成K,上市,2390,云辰,10.05,10.2,10.0,10.17,10.17,10.11,10.52,10.4,-22.09,-0.99,False,500084,370537,5025844,3741616,1.06,False,True,17.08,一般K,,False,False,False,False,0,False,C級：已漲遠或接近目標，禁止追高,條件不足,接近成形,10.35,9.81,10.89,接近成形＋可觀察,10.56,10.35,10.56,10.87,10.04,4.9,低,-2.9,22.09,0.64,3.15,10.56,0.0,False,False,True,距離頸線或前高過遠，禁止追高,頸線以當日前20日高點計算；收盤站上頸線 10.35 至少2%；成交量>=20日均量2倍；不可長上影；回踩須有近10日突破紀錄且不有效跌破頸線；距離頸線>5%禁止進場,25,C,禁止追高,已漲遠或接近目標，空手不追；持有者依策略分批處理。,False,2026-10-05,True,True,STOP,STOP 停止進場,接近目標,取消新進場，只保留觀察,只看續抱 / 減碼 / 停利 / 停損，不新增部位。,停止新進場，先保留現金，等待大盤止跌。,停止新進場，禁止顯示今日可進場。,False,False
2026-10-05,2026-10-05,收盤確認價,臺灣證券交易所 / 證券櫃檯買賣中心正式收盤；yfinance 歷史資料,只使用完整收盤日K，不使用盤中未完成K,上市,1512,瑞利,6.22,6.31,6.16,6.16,6.19,6.21,6.49,7.26,-12.15,0.81,False,22075,43088,137306,267080,0.92,False,True,16.06,一般K,,False,False,False,False,0,False,C級：已漲遠或接近目標，禁止追高,條件不足,接近成形,6.38,6.05,6.71,接近成形＋可觀察,6.51,6.38,6.51,6.7,6.19,4.9,低,-2.51,12.15,0.63,3.11,6.51,1.45,False,False,True,距離頸線或前高過遠，禁止追高,頸線以當日前20日高點計算；收盤站上頸線 6.38 至少2%；成交量>=20日均量2倍；不可長上影；回踩須有近10日突破紀錄且不有效跌破頸線；距離頸線>5%禁止進場,25,C,禁止追高,已漲遠或接近目標，空手不追；持有者依策略分批處理。,False,2026-10-05,True,True,STOP,STOP 停止進場,接近目標,取消新進場，只保留觀察,只看續抱 / 減碼 / 停利 / 停損，不新增部位。,停止新進場，先保留現金，等待大盤止跌。,停止新進場，禁止顯示今日可進場。,False,False
2026-10-05,2026-10-05,收盤確認價,臺灣證券交易所 / 證券櫃檯買賣中心正式收盤；yfinance 歷史資料,只使用完整收盤日K，不使用盤中未完成K,上櫃,8938,明安,51.6,52.0,51.5,52.26,52.14,52.12,53.1,60.66,-4.8,-1.15,False,92915,66281,4794414,3455328,1.68,False,True,17.76,一般K,,False,False,False,False,0,False,C級：已漲遠或接近目標，禁止追高,條件不足,接近成形,53.0,50.4,55.7,接近成形＋可觀察,54.06,53.0,54.06,55.68,51.41,4.9,低,-2.64,10.88,0.62,3.03,54.06,0.58,False,False,True,距離頸線或前高過遠，禁止追高,頸線以當日前20日高點計算；收盤站上頸線 53.0 至少2%；成交量>=20日均量2倍；不可長上影；回踩須有近10日突破紀錄且不有效跌破頸線；距離頸線>5%禁止進場,25,C,禁止追高,已漲遠或接近目標，空手不追；持有者依策略分批處理。,False,2026-10-05,True,True,STOP,STOP 停止進場,接近目標,取消新進場，只保留觀察,只看續抱 / 減碼 / 停利 / 停損，不新增部位。,停止新進場，先保留現金，等待大盤止跌。,停止新進場，禁止顯示今日可進場。,False,False
2026-10-05,2026-10-05,收盤確認價,臺灣證券交易所 / 證券櫃檯買賣中心正式收盤；yfinance 歷史資料,只使用完整收盤日K，不使用盤中未完成K,上櫃,7811,民盛,72.0,72.0,71.4,73.0,73.05,73.13,72.37,99.57,-10.56,-0.69,False,8005,8000,576360,586637,0.62,False,True,13.24,紅K突破,,False,False,False,False,0,False,C級：已漲遠或接近目標，禁止追高,條件不足,接近成形,74.2,71.5,77.9,接近成形＋可觀察,75.68,74.2,75.68,77.95,71.97,4.9,低,-2.96,10.56,0.6,2.93,75.68,0.0,False,False,True,距離頸線或前高過遠，禁止追高,頸線以當日前20日高點計算；收盤站上頸線 74.2 至少2%；成交量>=20日均量2倍；不可長上影；回踩須有近10日突破紀錄且不有效跌破頸線；距離頸線>5%禁止進場,25,C,禁止追高,已漲遠或接近目標，空手不追；持有者依策略分批處理。,False,2026-10-05,True,True,STOP,STOP 停止進場,接近目標,取消新進場，只保留觀察,只看續抱 / 減碼 / 停利 / 停損，不新增部位。,停止新進場，先保留現金，等待大盤止跌。,停止新進場，禁止顯示今日可進場。,False,False
2026-10-05,2026-10-05,收盤確認價,臺灣證券交易所 / 證券櫃檯買賣中心正式收盤；yfinance 歷史資料,只使用完整收盤日K，不使用盤中未完成K,上櫃,8279,生展,80.1,80.9,79.5,79.42,78.9,78.84,83.86,106.33,-8.98,0.75,False,18021,23559,1443482,1860678,1.12,False,True,39.09,紅K突破,,False,False,False,False,0,False,C級：已漲遠或接近目標，禁止追高,條件不足,箱型突破,81.6,77.6,85.6,接近成形＋可觀察,83.23,81.6,83.23,85.73,79.15,4.9,低,-1.84,12.27,0.58,2.85,83.23,1.0,False,False,True,距離頸線或前高過遠，禁止追高,頸線以當日前20日高點計算；收盤站上頸線 81.6 至少2%；成交量>=20日均量2倍；不可長上影；回踩須有近10日突破紀錄且不有效跌破頸線；距離頸線>5%禁止進場,25,C,禁止追高,已漲遠或接近目標，空手不追；持有者依策略分批處理。,False,2026-10-05,True,True,STOP,STOP 停止進場,接近目標,取消新進場，只保留觀察,只看續抱 / 減碼 / 停利 / 停損，不新增部位。,停止新進場，先保留現金，等待大盤止跌。,停止新進場，禁止顯示今日可進場。,False,False
2026-10-05,2026-10-05,收盤確認價,臺灣證券交易所 / 證券櫃檯買賣中心正式收盤；yfinance 歷史資料,只使用完整收盤日K，不使用盤中未完成K,上櫃,5703,亞都,13.5,13.5,13.5,13.49,13.67,13.71,14.07,14.41,-3.57,1.12,False,1160,3217,15660,43834,1.51,False,True,38.06,資料不足,,False,False,False,False,0,False,C級：已漲遠或接近目標，禁止追高,條件不足,接近成形,13.9,13.3,14.55,接近成形＋可觀察,14.18,13.9,14.18,14.6,13.48,4.9,低,-2.88,12.9,0.54,2.62,14.18,0.0,False,False,True,距離頸線或前高過遠，禁止追高,頸線以當日前20日高點計算；收盤站上頸線 13.9 至少2%；成交量>=20日均量2倍；不可長上影；回踩須有近10日突破紀錄且不有效跌破頸線；距離頸線>5%禁止進場,25,C,禁止追高,已漲遠或接近目標，空手不追；持有者依策略分批處理。,False,2026-10-05,True,True,STOP,STOP 停止進場,接近目標,取消新進場，只保留觀察,只看續抱 / 減碼 / 停利 / 停損，不新增部位。,停止新進場，先保留現金，等待大盤止跌。,停止新進場，禁止顯示今日可進場。,False,False
2026-10-05,2026-10-05,收盤確認價,臺灣證券交易所 / 證券櫃檯買賣中心正式收盤；yfinance 歷史資料,只使用完整收盤日K，不使用盤中未完成K,上市,1535,中宇,45.3,45.45,45.2,45.56,45.68,45.39,46.23,50.6,-9.22,0.0,False,26970,37674,1221741,1707910,0.81,False,True,18.86,一般K,,False,False,False,False,0,False,C級：已漲遠或接近目標，禁止追高,條件不足,箱型突破,46.2,44.1,48.3,接近成形＋可觀察,47.12,46.2,47.12,48.54,44.81,4.9,低,-1.95,11.7,0.51,2.5,47.12,0.33,False,False,True,距離頸線或前高過遠，禁止追高,頸線以當日前20日高點計算；收盤站上頸線 46.2 至少2%；成交量>=20日均量2倍；不可長上影；回踩須有近10日突破紀錄且不有效跌破頸線；距離頸線>5%禁止進場,25,C,禁止追高,已漲遠或接近目標，空手不追；持有者依策略分批處理。,False,2026-10-05,True,True,STOP,STOP 停止進場,接近目標,取消新進場，只保留觀察,只看續抱 / 減碼 / 停利 / 停損，不新增部位。,停止新進場，先保留現金，等待大盤止跌。,停止新進場，禁止顯示今日可進場。,False,False
2026-10-05,2026-10-05,收盤確認價,臺灣證券交易所 / 證券櫃檯買賣中心正式收盤；yfinance 歷史資料,只使用完整收盤日K，不使用盤中未完成K,上櫃,2755,揚秦,99.5,100.0,98.8,99.02,98.99,98.96,102.22,102.89,-10.13,0.81,False,43554,30955,4333623,3070807,0.63,False,True,43.57,紅K突破,,False,False,False,False,0,False,C級：已漲遠或接近目標，禁止追高,條件不足,接近成形,102.5,97.9,107.1,接近成形＋可觀察,104.55,102.5,104.55,107.69,99.42,4.9,低,-2.93,11.41,0.5,2.44,104.55,0.5,False,False,True,距離頸線或前高過遠，禁止追高,頸線以當日前20日高點計算；收盤站上頸線 102.5 至少2%；成交量>=20日均量2倍；不可長上影；回踩須有近10日突破紀錄且不有效跌破頸線；距離頸線>5%禁止進場,25,C,禁止追高,已漲遠或接近目標，空手不追；持有者依策略分批處理。,False,2026-10-05,True,True,STOP,STOP 停止進場,接近目標,取消新進場，只保留觀察,只看續抱 / 減碼 / 停利 / 停損，不新增部位。,停止新進場，先保留現金，等待大盤止跌。,停止新進場，禁止顯示今日可進場。,False,False
2026-10-05,2026-10-05,收盤確認價,臺灣證券交易所 / 證券櫃檯買賣中心正式收盤；yfinance 歷史資料,只使用完整收盤日K，不使用盤中未完成K,上市,2105,正新,30.15,30.75,30.15,30.38,30.21,30.32,31.04,31.36,-6.94,-0.99,False,4018941,3778163,121171071,114403314,0.68,True,True,27.91,一般K,,False,False,False,False,0,False,C級：已漲遠或接近目標，禁止追高,條件不足,接近成形,31.15,29.8,32.5,接近成形＋可觀察,31.77,31.15,31.77,32.73,30.22,4.9,低,-3.21,12.86,0.47,2.29,31.77,0.0,False,False,True,距離頸線或前高過遠，禁止追高,頸線以當日前20日高點計算；收盤站上頸線 31.15 至少2%；成交量>=20日均量2倍；不可長上影；回踩須有近10日突破紀錄且不有效跌破頸線；距離頸線>5%禁止進場,25,C,禁止追高,已漲遠或接近目標，空手不追；持有者依策略分批處理。,False,2026-10-05,True,True,STOP,STOP 停止進場,接近目標,取消新進場，只保留觀察,只看續抱 / 減碼 / 停利 / 停損，不新增部位。,停止新進場，先保留現金，等待大盤止跌。,停止新進場，禁止顯示今日可進場。,False,False
2026-10-05,2026-10-05,收盤確認價,臺灣證券交易所 / 證券櫃檯買賣中心正式收盤；yfinance 歷史資料,只使用完整收盤日K，不使用盤中未完成K,上櫃,2916,滿心,40.5,40.6,40.45,40.55,40.52,40.39,40.22,45.1,0.37,-0.37,False,42947,24847,1739353,1003025,0.54,False,True,49.15,一般K,,False,False,False,False,0,False,C級：已漲遠或接近目標，禁止追高,條件不足,箱型突破,40.75,39.9,42.5,接近成形＋可觀察,41.56,40.75,41.56,42.81,39.53,4.9,低,-0.61,2.17,0.46,2.25,41.56,0.0,False,True,True,接近目標區，只給持有者分批停利參考，空手不追高,頸線以當日前20日高點計算；收盤站上頸線 40.75 至少2%；成交量>=20日均量2倍；不可長上影；回踩須有近10日突破紀錄且不有效跌破頸線；距離頸線>5%禁止進場,25,C,禁止追高,已漲遠或接近目標，空手不追；持有者依策略分批處理。,False,2026-10-05,True,True,STOP,STOP 停止進場,接近目標,取消新進場，只保留觀察,只看續抱 / 減碼 / 停利 / 停損，不新增部位。,停止新進場，先保留現金，等待大盤止跌。,停止新進場，禁止顯示今日可進場。,False,False
2026-10-05,2026-10-05,收盤確認價,臺灣證券交易所 / 證券櫃檯買賣中心正式收盤；yfinance 歷史資料,只使用完整收盤日K，不使用盤中未完成K,上櫃,6569,醫揚,91.7,92.1,91.7,91.8,91.79,91.24,94.74,103.57,-13.9,-0.11,False,16863,24181,1546337,2203060,0.81,False,True,25.77,一般K,,False,False,False,False,0,False,C級：已漲遠或接近目標，禁止追高,條件不足,箱型突破,93.0,89.0,97.0,接近成形＋可觀察,94.86,93.0,94.86,97.71,90.21,4.9,低,-1.4,14.7,0.46,2.26,94.86,0.11,False,False,True,距離頸線或前高過遠，禁止追高,頸線以當日前20日高點計算；收盤站上頸線 93.0 至少2%；成交量>=20日均量2倍；不可長上影；回踩須有近10日突破紀錄且不有效跌破頸線；距離頸線>5%禁止進場,25,C,禁止追高,已漲遠或接近目標，空手不追；持有者依策略分批處理。,False,2026-10-05,True,True,STOP,STOP 停止進場,接近目標,取消新進場，只保留觀察,只看續抱 / 減碼 / 停利 / 停損，不新增部位。,停止新進場，先保留現金，等待大盤止跌。,停止新進場，禁止顯示今日可進場。,False,False
2026-10-05,2026-10-05,收盤確認價,臺灣證券交易所 / 證券櫃檯買賣中心正式收盤；yfinance 歷史資料,只使用完整收盤日K，不使用盤中未完成K,上櫃,8083,瑞穎,158.0,158.0,157.0,156.7,156.45,156.88,157.76,162.95,0.32,0.32,False,29264,37113,4623712,5818531,0.49,False,True,31.95,一般K,,False,False,False,False,0,False,C級：已漲遠或接近目標，禁止追高,條件不足,箱型突破,159.0,154.5,165.5,接近成形＋可觀察,162.18,159.0,162.18,167.05,154.23,4.9,低,-0.63,2.47,0.42,2.05,162.18,0.0,False,True,True,接近目標區，只給持有者分批停利參考，空手不追高,頸線以當日前20日高點計算；收盤站上頸線 159.0 至少2%；成交量>=20日均量2倍；不可長上影；回踩須有近10日突破紀錄且不有效跌破頸線；距離頸線>5%禁止進場,25,C,禁止追高,已漲遠或接近目標，空手不追；持有者依策略分批處理。,False,2026-10-05,True,True,STOP,STOP 停止進場,接近目標,取消新進場，只保留觀察,只看續抱 / 減碼 / 停利 / 停損，不新增部位。,停止新進場，先保留現金，等待大盤止跌。,停止新進場，禁止顯示今日可進場。,False,False
2026-10-05,2026-10-05,收盤確認價,臺灣證券交易所 / 證券櫃檯買賣中心正式收盤；yfinance 歷史資料,只使用完整收盤日K，不使用盤中未完成K,上櫃,4126,太醫,77.6,77.9,77.6,77.92,77.82,77.78,77.48,81.51,-4.55,-0.51,False,22264,24134,1727686,1876809,0.28,False,True,19.42,一般K,,False,False,False,False,0,False,C級：已漲遠或接近目標，禁止追高,條件不足,箱型突破,78.3,76.8,81.4,接近成形＋可觀察,79.87,78.3,79.87,82.26,75.95,4.9,低,-0.89,6.39,0.39,1.92,79.87,0.0,False,True,True,接近目標區，只給持有者分批停利參考，空手不追高,頸線以當日前20日高點計算；收盤站上頸線 78.3 至少2%；成交量>=20日均量2倍；不可長上影；回踩須有近10日突破紀錄且不有效跌破頸線；距離頸線>5%禁止進場,25,C,禁止追高,已漲遠或接近目標，空手不追；持有者依策略分批處理。,False,2026-10-05,True,True,STOP,STOP 停止進場,接近目標,取消新進場，只保留觀察,只看續抱 / 減碼 / 停利 / 停損，不新增部位。,停止新進場，先保留現金，等待大盤止跌。,停止新進場，禁止顯示今日可進場。,False,False
2026-10-05,2026-10-05,收盤確認價,臺灣證券交易所 / 證券櫃檯買賣中心正式收盤；yfinance 歷史資料,只使用完整收盤日K，不使用盤中未完成K,上櫃,5520,力泰,84.0,84.0,84.0,83.48,82.97,82.59,82.63,85.95,2.07,0.6,False,1047,2902,87948,239167,0.35,False,True,44.47,資料不足,,False,False,False,False,0,False,C級：已漲遠或接近目標，禁止追高,條件不足,箱型突破,84.0,81.5,87.2,接近成形＋可觀察,85.68,84.0,85.68,88.25,81.48,4.9,低,0.0,2.33,0.36,1.77,85.68,0.0,False,True,True,接近目標區，只給持有者分批停利參考，空手不追高,頸線以當日前20日高點計算；收盤站上頸線 84.0 至少2%；成交量>=20日均量2倍；不可長上影；回踩須有近10日突破紀錄且不有效跌破頸線；距離頸線>5%禁止進場,25,C,禁止追高,已漲遠或接近目標，空手不追；持有者依策略分批處理。,False,2026-10-05,True,True,STOP,STOP 停止進場,接近目標,取消新進場，只保留觀察,只看續抱 / 減碼 / 停利 / 停損，不新增部位。,停止新進場，先保留現金，等待大盤止跌。,停止新進場，禁止顯示今日可進場。,False,False
2026-10-05,2026-10-05,收盤確認價,臺灣證券交易所 / 證券櫃檯買賣中心正式收盤；yfinance 歷史資料,只使用完整收盤日K，不使用盤中未完成K,上櫃,3531,先益,21.15,21.25,21.15,21.12,21.14,21.23,21.76,22.04,-6.83,0.0,False,3050,3452,64507,73203,0.78,False,True,43.43,一般K,,False,False,False,False,0,False,C級：已漲遠或接近目標，禁止追高,條件不足,箱型突破,21.45,20.75,22.25,接近成形＋可觀察,21.88,21.45,21.88,22.54,20.81,4.9,低,-1.4,8.64,0.35,1.7,21.88,0.0,False,True,True,接近目標區，只給持有者分批停利參考，空手不追高,頸線以當日前20日高點計算；收盤站上頸線 21.45 至少2%；成交量>=20日均量2倍；不可長上影；回踩須有近10日突破紀錄且不有效跌破頸線；距離頸線>5%禁止進場,25,C,禁止追高,已漲遠或接近目標，空手不追；持有者依策略分批處理。,False,2026-10-05,True,True,STOP,STOP 停止進場,接近目標,取消新進場，只保留觀察,只看續抱 / 減碼 / 停利 / 停損，不新增部位。,停止新進場，先保留現金，等待大盤止跌。,停止新進場，禁止顯示今日可進場。,False,False
2026-10-05,2026-10-05,收盤確認價,臺灣證券交易所 / 證券櫃檯買賣中心正式收盤；yfinance 歷史資料,只使用完整收盤日K，不使用盤中未完成K,上櫃,8929,富堡,13.0,13.05,12.95,13.06,12.98,12.99,13.34,15.21,-13.33,-0.76,False,10990,9447,142870,122594,0.83,False,True,22.46,一般K,,False,False,False,False,0,False,C級：已漲遠或接近目標，禁止追高,條件不足,箱型突破,13.25,12.75,13.75,接近成形＋可觀察,13.52,13.25,13.52,13.92,12.85,4.9,低,-1.89,13.33,0.35,1.74,13.52,0.0,False,False,True,距離頸線或前高過遠，禁止追高,頸線以當日前20日高點計算；收盤站上頸線 13.25 至少2%；成交量>=20日均量2倍；不可長上影；回踩須有近10日突破紀錄且不有效跌破頸線；距離頸線>5%禁止進場,25,C,禁止追高,已漲遠或接近目標，空手不追；持有者依策略分批處理。,False,2026-10-05,True,True,STOP,STOP 停止進場,接近目標,取消新進場，只保留觀察,只看續抱 / 減碼 / 停利 / 停損，不新增部位。,停止新進場，先保留現金，等待大盤止跌。,停止新進場，禁止顯示今日可進場。,False,False
2026-10-05,2026-10-05,收盤確認價,臺灣證券交易所 / 證券櫃檯買賣中心正式收盤；yfinance 歷史資料,只使用完整收盤日K，不使用盤中未完成K,上市,1218,泰山,14.4,14.5,14.35,14.48,14.48,14.44,15.1,17.65,-14.54,-0.35,False,362753,480503,5223643,6938610,0.82,False,True,26.49,一般K,,False,False,False,False,0,False,C級：已漲遠或接近目標，禁止追高,條件不足,接近成形,14.7,14.15,15.25,接近成形＋可觀察,14.99,14.7,14.99,15.44,14.26,4.9,低,-2.04,14.54,0.35,1.71,14.99,0.35,False,False,True,距離頸線或前高過遠，禁止追高,頸線以當日前20日高點計算；收盤站上頸線 14.7 至少2%；成交量>=20日均量2倍；不可長上影；回踩須有近10日突破紀錄且不有效跌破頸線；距離頸線>5%禁止進場,25,C,禁止追高,已漲遠或接近目標，空手不追；持有者依策略分批處理。,False,2026-10-05,True,True,STOP,STOP 停止進場,接近目標,取消新進場，只保留觀察,只看續抱 / 減碼 / 停利 / 停損，不新增部位。,停止新進場，先保留現金，等待大盤止跌。,停止新進場，禁止顯示今日可進場。,False,False
2026-10-05,2026-10-05,收盤確認價,臺灣證券交易所 / 證券櫃檯買賣中心正式收盤；yfinance 歷史資料,只使用完整收盤日K，不使用盤中未完成K,上市,1527,鑽全,32.8,32.9,32.7,32.78,32.66,32.59,32.94,33.15,-2.09,-0.61,False,130662,126360,4285713,4119572,0.37,False,True,13.89,一般K,,False,False,False,False,0,False,C級：已漲遠或接近目標，禁止追高,條件不足,箱型突破,33.1,32.1,34.25,接近成形＋可觀察,33.76,33.1,33.76,34.77,32.11,4.9,低,-0.91,4.93,0.29,1.45,33.76,0.0,False,True,True,接近目標區，只給持有者分批停利參考，空手不追高,頸線以當日前20日高點計算；收盤站上頸線 33.1 至少2%；成交量>=20日均量2倍；不可長上影；回踩須有近10日突破紀錄且不有效跌破頸線；距離頸線>5%禁止進場,25,C,禁止追高,已漲遠或接近目標，空手不追；持有者依策略分批處理。,False,2026-10-05,True,True,STOP,STOP 停止進場,接近目標,取消新進場，只保留觀察,只看續抱 / 減碼 / 停利 / 停損，不新增部位。,停止新進場，先保留現金，等待大盤止跌。,停止新進場，禁止顯示今日可進場。,False,False
2026-10-05,2026-10-05,收盤確認價,臺灣證券交易所 / 證券櫃檯買賣中心正式收盤；yfinance 歷史資料,只使用完整收盤日K，不使用盤中未完成K,上櫃,4173,久裕,17.3,17.3,17.2,17.27,17.28,17.19,17.48,19.81,-4.42,-0.57,False,20201,33604,349477,577048,0.7,False,True,24.07,紅K突破,,False,False,False,False,0,False,C級：已漲遠或接近目標，禁止追高,條件不足,箱型突破,17.5,16.9,18.1,接近成形＋可觀察,17.85,17.5,17.85,18.39,16.97,4.9,低,-1.14,4.42,0.29,1.4,17.85,0.0,False,True,True,接近目標區，只給持有者分批停利參考，空手不追高,頸線以當日前20日高點計算；收盤站上頸線 17.5 至少2%；成交量>=20日均量2倍；不可長上影；回踩須有近10日突破紀錄且不有效跌破頸線；距離頸線>5%禁止進場,25,C,禁止追高,已漲遠或接近目標，空手不追；持有者依策略分批處理。,False,2026-10-05,True,True,STOP,STOP 停止進場,接近目標,取消新進場，只保留觀察,只看續抱 / 減碼 / 停利 / 停損，不新增部位。,停止新進場，先保留現金，等待大盤止跌。,停止新進場，禁止顯示今日可進場。,False,False
2026-10-05,2026-10-05,收盤確認價,臺灣證券交易所 / 證券櫃檯買賣中心正式收盤；yfinance 歷史資料,只使用完整收盤日K，不使用盤中未完成K,上櫃,4121,優盛,12.7,12.9,12.65,12.77,12.74,12.73,12.99,14.92,-4.51,-1.55,False,24329,31657,308978,403490,0.83,False,True,44.64,一般K,,False,False,False,False,0,False,C級：已漲遠或接近目標，禁止追高,條件不足,接近成形,13.0,12.55,13.45,接近成形＋可觀察,13.26,13.0,13.26,13.66,12.61,4.9,低,-2.31,12.41,0.29,1.43,13.26,0.0,False,False,True,距離頸線或前高過遠，禁止追高,頸線以當日前20日高點計算；收盤站上頸線 13.0 至少2%；成交量>=20日均量2倍；不可長上影；回踩須有近10日突破紀錄且不有效跌破頸線；距離頸線>5%禁止進場,25,C,禁止追高,已漲遠或接近目標，空手不追；持有者依策略分批處理。,False,2026-10-05,True,True,STOP,STOP 停止進場,接近目標,取消新進場，只保留觀察,只看續抱 / 減碼 / 停利 / 停損，不新增部位。,停止新進場，先保留現金，等待大盤止跌。,停止新進場，禁止顯示今日可進場。,False,False
2026-10-05,2026-10-05,收盤確認價,臺灣證券交易所 / 證券櫃檯買賣中心正式收盤；yfinance 歷史資料,只使用完整收盤日K，不使用盤中未完成K,上市,1732,毛寶,26.0,26.1,25.95,26.04,26.08,26.04,26.36,27.13,-3.7,-0.38,False,41014,63642,1066364,1658379,0.49,False,True,20.53,一般K,,False,False,False,False,0,False,C級：已漲遠或接近目標，禁止追高,條件不足,箱型突破,26.3,25.7,27.2,接近成形＋可觀察,26.83,26.3,26.83,27.63,25.51,4.9,低,-1.14,12.16,0.28,1.39,26.83,0.0,False,True,True,接近目標區，只給持有者分批停利參考，空手不追高,頸線以當日前20日高點計算；收盤站上頸線 26.3 至少2%；成交量>=20日均量2倍；不可長上影；回踩須有近10日突破紀錄且不有效跌破頸線；距離頸線>5%禁止進場,25,C,禁止追高,已漲遠或接近目標，空手不追；持有者依策略分批處理。,False,2026-10-05,True,True,STOP,STOP 停止進場,接近目標,取消新進場，只保留觀察,只看續抱 / 減碼 / 停利 / 停損，不新增部位。,停止新進場，先保留現金，等待大盤止跌。,停止新進場，禁止顯示今日可進場。,False,False
2026-10-05,2026-10-05,收盤確認價,臺灣證券交易所 / 證券櫃檯買賣中心正式收盤；yfinance 歷史資料,只使用完整收盤日K，不使用盤中未完成K,上市,1233,天仁,28.0,28.2,28.0,27.96,28.05,28.04,28.32,29.87,0.36,0.0,False,8055,17476,225540,490503,0.76,False,True,24.22,一般K,,False,False,False,False,0,False,C級：已漲遠或接近目標，禁止追高,條件不足,箱型突破,28.5,27.6,29.45,接近成形＋可觀察,29.07,28.5,29.07,29.94,27.64,4.9,低,-1.75,6.98,0.27,1.31,29.07,0.71,False,True,True,接近目標區，只給持有者分批停利參考，空手不追高,頸線以當日前20日高點計算；收盤站上頸線 28.5 至少2%；成交量>=20日均量2倍；不可長上影；回踩須有近10日突破紀錄且不有效跌破頸線；距離頸線>5%禁止進場,25,C,禁止追高,已漲遠或接近目標，空手不追；持有者依策略分批處理。,False,2026-10-05,True,True,STOP,STOP 停止進場,接近目標,取消新進場，只保留觀察,只看續抱 / 減碼 / 停利 / 停損，不新增部位。,停止新進場，先保留現金，等待大盤止跌。,停止新進場，禁止顯示今日可進場。,False,False
2026-10-05,2026-10-05,收盤確認價,臺灣證券交易所 / 證券櫃檯買賣中心正式收盤；yfinance 歷史資料,只使用完整收盤日K，不使用盤中未完成K,上櫃,4129,聯合,82.2,82.5,81.9,82.68,82.61,82.53,85.23,101.69,-10.85,-0.12,False,152972,123858,12574298,10223492,0.81,False,True,13.15,一般K,,False,False,False,False,0,False,C級：已漲遠或接近目標，禁止追高,條件不足,箱型突破,83.8,81.1,86.6,接近成形＋可觀察,85.48,83.8,85.48,88.04,81.29,4.9,低,-1.91,11.8,0.27,1.31,85.48,0.0,False,False,True,距離頸線或前高過遠，禁止追高,頸線以當日前20日高點計算；收盤站上頸線 83.8 至少2%；成交量>=20日均量2倍；不可長上影；回踩須有近10日突破紀錄且不有效跌破頸線；距離頸線>5%禁止進場,25,C,禁止追高,已漲遠或接近目標，空手不追；持有者依策略分批處理。,False,2026-10-05,True,True,STOP,STOP 停止進場,接近目標,取消新進場，只保留觀察,只看續抱 / 減碼 / 停利 / 停損，不新增部位。,停止新進場，先保留現金，等待大盤止跌。,停止新進場，禁止顯示今日可進場。,False,False
2026-10-05,2026-10-05,收盤確認價,臺灣證券交易所 / 證券櫃檯買賣中心正式收盤；yfinance 歷史資料,只使用完整收盤日K，不使用盤中未完成K,上市,1731,美吾華,20.8,20.9,20.8,20.84,20.88,20.88,20.81,21.51,0.73,0.0,False,91388,79878,1900870,1668643,0.39,False,True,11.53,一般K,,False,False,False,False,0,False,C級：已漲遠或接近目標，禁止追高,條件不足,箱型突破,21.1,20.7,21.8,接近成形＋可觀察,21.52,21.1,21.52,22.17,20.47,4.9,低,-1.42,4.37,0.26,1.29,21.52,0.24,False,True,True,接近目標區，只給持有者分批停利參考，空手不追高,頸線以當日前20日高點計算；收盤站上頸線 21.1 至少2%；成交量>=20日均量2倍；不可長上影；回踩須有近10日突破紀錄且不有效跌破頸線；距離頸線>5%禁止進場,25,C,禁止追高,已漲遠或接近目標，空手不追；持有者依策略分批處理。,False,2026-10-05,True,True,STOP,STOP 停止進場,接近目標,取消新進場，只保留觀察,只看續抱 / 減碼 / 停利 / 停損，不新增部位。,停止新進場，先保留現金，等待大盤止跌。,停止新進場，禁止顯示今日可進場。,False,False
2026-10-05,2026-10-05,收盤確認價,臺灣證券交易所 / 證券櫃檯買賣中心正式收盤；yfinance 歷史資料,只使用完整收盤日K，不使用盤中未完成K,上櫃,8049,晶采,24.55,24.9,24.55,24.66,24.57,24.51,25.2,25.74,-7.88,-1.21,False,198894,123973,4882847,3038503,0.49,False,True,20.36,一般K,,False,False,False,False,0,False,C級：已漲遠或接近目標，禁止追高,條件不足,箱型突破,25.0,24.2,25.8,接近成形＋可觀察,25.5,25.0,25.5,26.27,24.25,4.9,低,-1.8,8.4,0.24,1.18,25.5,0.0,False,True,True,接近目標區，只給持有者分批停利參考，空手不追高,頸線以當日前20日高點計算；收盤站上頸線 25.0 至少2%；成交量>=20日均量2倍；不可長上影；回踩須有近10日突破紀錄且不有效跌破頸線；距離頸線>5%禁止進場,25,C,禁止追高,已漲遠或接近目標，空手不追；持有者依策略分批處理。,False,2026-10-05,True,True,STOP,STOP 停止進場,接近目標,取消新進場，只保留觀察,只看續抱 / 減碼 / 停利 / 停損，不新增部位。,停止新進場，先保留現金，等待大盤止跌。,停止新進場，禁止顯示今日可進場。,False,False
2026-10-05,2026-10-05,收盤確認價,臺灣證券交易所 / 證券櫃檯買賣中心正式收盤；yfinance 歷史資料,只使用完整收盤日K，不使用盤中未完成K,上櫃,6968,萬達寵物,41.3,41.3,41.0,41.41,41.47,41.55,42.22,47.0,-2.03,0.0,False,53944,48231,2227887,2004591,0.16,False,True,21.42,一般K,,False,False,False,False,0,False,C級：已漲遠或接近目標，禁止追高,條件不足,接近成形,42.15,40.8,43.5,接近成形＋可觀察,42.99,42.15,42.99,44.28,40.89,4.9,低,-2.02,10.37,0.24,1.18,42.99,0.0,False,False,True,距離頸線或前高過遠，禁止追高,頸線以當日前20日高點計算；收盤站上頸線 42.15 至少2%；成交量>=20日均量2倍；不可長上影；回踩須有近10日突破紀錄且不有效跌破頸線；距離頸線>5%禁止進場,25,C,禁止追高,已漲遠或接近目標，空手不追；持有者依策略分批處理。,False,2026-10-05,True,True,STOP,STOP 停止進場,接近目標,取消新進場，只保留觀察,只看續抱 / 減碼 / 停利 / 停損，不新增部位。,停止新進場，先保留現金，等待大盤止跌。,停止新進場，禁止顯示今日可進場。,False,False
2026-10-05,2026-10-05,收盤確認價,臺灣證券交易所 / 證券櫃檯買賣中心正式收盤；yfinance 歷史資料,只使用完整收盤日K，不使用盤中未完成K,上市,1604,聲寶,23.25,23.4,23.25,23.32,23.42,23.46,23.35,23.93,-0.64,0.0,False,154777,166257,3598565,3900961,0.37,False,True,18.56,一般K,,False,False,False,False,0,False,C級：已漲遠或接近目標，禁止追高,條件不足,箱型突破,23.7,23.25,24.45,接近成形＋可觀察,24.17,23.7,24.17,24.9,22.99,4.9,低,-1.9,1.9,0.23,1.14,24.17,0.43,False,True,True,接近目標區，只給持有者分批停利參考，空手不追高,頸線以當日前20日高點計算；收盤站上頸線 23.7 至少2%；成交量>=20日均量2倍；不可長上影；回踩須有近10日突破紀錄且不有效跌破頸線；距離頸線>5%禁止進場,25,C,禁止追高,已漲遠或接近目標，空手不追；持有者依策略分批處理。,False,2026-10-05,True,True,STOP,STOP 停止進場,接近目標,取消新進場，只保留觀察,只看續抱 / 減碼 / 停利 / 停損，不新增部位。,停止新進場，先保留現金，等待大盤止跌。,停止新進場，禁止顯示今日可進場。,False,False
2026-10-05,2026-10-05,收盤確認價,臺灣證券交易所 / 證券櫃檯買賣中心正式收盤；yfinance 歷史資料,只使用完整收盤日K，不使用盤中未完成K,上櫃,6203,海韻電,60.0,60.5,59.9,60.1,59.91,59.92,61.65,67.39,-10.71,-0.5,False,38178,46205,2290680,2767424,0.52,False,True,17.49,一般K,,False,False,False,False,0,False,C級：已漲遠或接近目標，禁止追高,條件不足,箱型突破,61.0,59.2,62.8,接近成形＋可觀察,62.22,61.0,62.22,64.09,59.17,4.9,低,-1.64,10.71,0.19,0.93,62.22,0.33,False,True,True,接近目標區，只給持有者分批停利參考，空手不追高,頸線以當日前20日高點計算；收盤站上頸線 61.0 至少2%；成交量>=20日均量2倍；不可長上影；回踩須有近10日突破紀錄且不有效跌破頸線；距離頸線>5%禁止進場,25,C,禁止追高,已漲遠或接近目標，空手不追；持有者依策略分批處理。,False,2026-10-05,True,True,STOP,STOP 停止進場,接近目標,取消新進場，只保留觀察,只看續抱 / 減碼 / 停利 / 停損，不新增部位。,停止新進場，先保留現金，等待大盤止跌。,停止新進場，禁止顯示今日可進場。,False,False
2026-10-05,2026-10-05,收盤確認價,臺灣證券交易所 / 證券櫃檯買賣中心正式收盤；yfinance 歷史資料,只使用完整收盤日K，不使用盤中未完成K,上櫃,8446,華研,85.1,86.5,85.0,84.74,84.6,85.04,85.43,90.9,-0.47,0.71,False,42010,31364,3575050,2672396,0.5,False,True,15.74,一般K,,False,False,False,False,0,False,C級：已漲遠或接近目標，禁止追高,條件不足,箱型突破,86.3,84.1,88.8,接近成形＋可觀察,88.03,86.3,88.03,90.67,83.71,4.9,低,-1.39,3.84,0.18,0.88,88.03,1.65,False,True,True,接近目標區，只給持有者分批停利參考，空手不追高,頸線以當日前20日高點計算；收盤站上頸線 86.3 至少2%；成交量>=20日均量2倍；不可長上影；回踩須有近10日突破紀錄且不有效跌破頸線；距離頸線>5%禁止進場,25,C,禁止追高,已漲遠或接近目標，空手不追；持有者依策略分批處理。,False,2026-10-05,True,True,STOP,STOP 停止進場,接近目標,取消新進場，只保留觀察,只看續抱 / 減碼 / 停利 / 停損，不新增部位。,停止新進場，先保留現金，等待大盤止跌。,停止新進場，禁止顯示今日可進場。,False,False
2026-10-05,2026-10-05,收盤確認價,臺灣證券交易所 / 證券櫃檯買賣中心正式收盤；yfinance 歷史資料,只使用完整收盤日K，不使用盤中未完成K,上市,1752,南光,31.3,32.0,31.3,31.39,31.37,31.41,31.64,34.88,-1.57,-0.48,False,52638,36416,1647569,1143764,0.52,False,True,15.44,一般K,,False,False,False,False,0,False,C級：已漲遠或接近目標，禁止追高,條件不足,接近成形,32.0,31.1,32.9,接近成形＋可觀察,32.64,32.0,32.64,33.62,31.04,4.9,低,-2.19,3.4,0.16,0.8,32.64,0.0,False,True,True,接近目標區，只給持有者分批停利參考，空手不追高,頸線以當日前20日高點計算；收盤站上頸線 32.0 至少2%；成交量>=20日均量2倍；不可長上影；回踩須有近10日突破紀錄且不有效跌破頸線；距離頸線>5%禁止進場,25,C,禁止追高,已漲遠或接近目標，空手不追；持有者依策略分批處理。,False,2026-10-05,True,True,STOP,STOP 停止進場,接近目標,取消新進場，只保留觀察,只看續抱 / 減碼 / 停利 / 停損，不新增部位。,停止新進場，先保留現金，等待大盤止跌。,停止新進場，禁止顯示今日可進場。,False,False
2026-10-05,2026-10-05,收盤確認價,臺灣證券交易所 / 證券櫃檯買賣中心正式收盤；yfinance 歷史資料,只使用完整收盤日K，不使用盤中未完成K,上市,1464,得力,9.93,10.0,9.93,9.97,9.97,9.99,10.22,10.64,-5.88,-0.6,False,239425,294910,2377490,2944055,0.34,False,True,61.19,一般K,,False,False,False,False,0,False,C級：已漲遠或接近目標，禁止追高,條件不足,接近成形,10.15,9.87,10.43,接近成形＋可觀察,10.35,10.15,10.35,10.66,9.85,4.9,低,-2.17,8.48,0.15,0.74,10.35,0.1,False,True,True,接近目標區，只給持有者分批停利參考，空手不追高,頸線以當日前20日高點計算；收盤站上頸線 10.15 至少2%；成交量>=20日均量2倍；不可長上影；回踩須有近10日突破紀錄且不有效跌破頸線；距離頸線>5%禁止進場,25,C,禁止追高,已漲遠或接近目標，空手不追；持有者依策略分批處理。,False,2026-10-05,True,True,STOP,STOP 停止進場,接近目標,取消新進場，只保留觀察,只看續抱 / 減碼 / 停利 / 停損，不新增部位。,停止新進場，先保留現金，等待大盤止跌。,停止新進場，禁止顯示今日可進場。,False,False
2026-10-05,2026-10-05,收盤確認價,臺灣證券交易所 / 證券櫃檯買賣中心正式收盤；yfinance 歷史資料,只使用完整收盤日K，不使用盤中未完成K,上櫃,3611,鼎翰,182.5,184.0,182.5,183.5,183.1,182.5,185.89,193.28,-9.2,-1.08,False,60555,30573,11051287,5573697,0.48,False,True,29.95,一般K,,False,False,False,False,0,False,C級：已漲遠或接近目標，禁止追高,條件不足,箱型突破,184.5,180.5,189.5,接近成形＋可觀察,188.19,184.5,188.19,193.84,178.97,4.9,低,-1.08,9.2,0.14,0.7,188.19,0.0,False,True,True,接近目標區，只給持有者分批停利參考，空手不追高,頸線以當日前20日高點計算；收盤站上頸線 184.5 至少2%；成交量>=20日均量2倍；不可長上影；回踩須有近10日突破紀錄且不有效跌破頸線；距離頸線>5%禁止進場,25,C,禁止追高,已漲遠或接近目標，空手不追；持有者依策略分批處理。,False,2026-10-05,True,True,STOP,STOP 停止進場,接近目標,取消新進場，只保留觀察,只看續抱 / 減碼 / 停利 / 停損，不新增部位。,停止新進場，先保留現金，等待大盤止跌。,停止新進場，禁止顯示今日可進場。,False,False
2026-10-05,2026-10-05,收盤確認價,臺灣證券交易所 / 證券櫃檯買賣中心正式收盤；yfinance 歷史資料,只使用完整收盤日K，不使用盤中未完成K,上櫃,5548,安倉,20.05,20.05,20.05,20.09,20.17,20.26,20.62,21.31,-8.26,0.0,False,27247,20339,546302,410719,0.49,False,True,68.73,資料不足,,False,False,False,False,0,False,C級：已漲遠或接近目標，禁止追高,條件不足,接近成形,20.55,20.0,21.1,接近成形＋可觀察,20.96,20.55,20.96,21.59,19.93,4.9,低,-2.43,9.78,0.14,0.66,20.96,0.0,False,True,True,接近目標區，只給持有者分批停利參考，空手不追高,頸線以當日前20日高點計算；收盤站上頸線 20.55 至少2%；成交量>=20日均量2倍；不可長上影；回踩須有近10日突破紀錄且不有效跌破頸線；距離頸線>5%禁止進場,25,C,禁止追高,已漲遠或接近目標，空手不追；持有者依策略分批處理。,False,2026-10-05,True,True,STOP,STOP 停止進場,接近目標,取消新進場，只保留觀察,只看續抱 / 減碼 / 停利 / 停損，不新增部位。,停止新進場，先保留現金，等待大盤止跌。,停止新進場，禁止顯示今日可進場。,False,False
2026-10-05,2026-10-05,收盤確認價,臺灣證券交易所 / 證券櫃檯買賣中心正式收盤；yfinance 歷史資料,只使用完整收盤日K，不使用盤中未完成K,上市,1217,愛之味,9.87,9.98,9.85,9.92,9.94,9.95,9.95,10.15,-1.2,-0.7,False,430491,360020,4248946,3581468,0.36,False,True,26.21,一般K,,False,False,False,False,0,False,C級：已漲遠或接近目標，禁止追高,條件不足,箱型突破,10.0,9.89,10.26,接近成形＋可觀察,10.2,10.0,10.2,10.51,9.7,4.9,低,-1.3,2.28,0.12,0.59,10.2,0.2,False,True,True,接近目標區，只給持有者分批停利參考，空手不追高,頸線以當日前20日高點計算；收盤站上頸線 10.0 至少2%；成交量>=20日均量2倍；不可長上影；回踩須有近10日突破紀錄且不有效跌破頸線；距離頸線>5%禁止進場,25,C,禁止追高,已漲遠或接近目標，空手不追；持有者依策略分批處理。,False,2026-10-05,True,True,STOP,STOP 停止進場,接近目標,取消新進場，只保留觀察,只看續抱 / 減碼 / 停利 / 停損，不新增部位。,停止新進場，先保留現金，等待大盤止跌。,停止新進場，禁止顯示今日可進場。,False,False
2026-10-05,2026-10-05,收盤確認價,臺灣證券交易所 / 證券櫃檯買賣中心正式收盤；yfinance 歷史資料,只使用完整收盤日K，不使用盤中未完成K,上櫃,6242,立康,33.85,33.85,33.85,33.98,33.98,33.98,34.49,37.38,-6.23,0.0,False,1089,3394,36862,115331,0.39,False,True,24.49,資料不足,,False,False,False,False,0,False,C級：已漲遠或接近目標，禁止追高,條件不足,箱型突破,34.5,33.7,35.4,接近成形＋可觀察,35.19,34.5,35.19,36.25,33.46,4.9,低,-1.88,6.23,0.12,0.6,35.19,0.0,False,True,True,接近目標區，只給持有者分批停利參考，空手不追高,頸線以當日前20日高點計算；收盤站上頸線 34.5 至少2%；成交量>=20日均量2倍；不可長上影；回踩須有近10日突破紀錄且不有效跌破頸線；距離頸線>5%禁止進場,25,C,禁止追高,已漲遠或接近目標，空手不追；持有者依策略分批處理。,False,2026-10-05,True,True,STOP,STOP 停止進場,接近目標,取消新進場，只保留觀察,只看續抱 / 減碼 / 停利 / 停損，不新增部位。,停止新進場，先保留現金，等待大盤止跌。,停止新進場，禁止顯示今日可進場。,False,False
2026-10-05,2026-10-05,收盤確認價,臺灣證券交易所 / 證券櫃檯買賣中心正式收盤；yfinance 歷史資料,只使用完整收盤日K，不使用盤中未完成K,上市,2373,震旦行,52.5,52.7,52.2,52.66,52.85,52.95,53.36,55.79,-2.6,0.19,False,22288,22401,1170120,1186633,0.57,False,True,13.58,一般K,,False,False,False,False,0,False,C級：已漲遠或接近目標，禁止追高,條件不足,接近成形,53.8,52.4,55.2,接近成形＋可觀察,54.88,53.8,54.88,56.52,52.19,4.9,低,-2.42,7.24,0.12,0.59,54.88,0.38,False,True,True,接近目標區，只給持有者分批停利參考，空手不追高,頸線以當日前20日高點計算；收盤站上頸線 53.8 至少2%；成交量>=20日均量2倍；不可長上影；回踩須有近10日突破紀錄且不有效跌破頸線；距離頸線>5%禁止進場,25,C,禁止追高,已漲遠或接近目標，空手不追；持有者依策略分批處理。,False,2026-10-05,True,True,STOP,STOP 停止進場,接近目標,取消新進場，只保留觀察,只看續抱 / 減碼 / 停利 / 停損，不新增部位。,停止新進場，先保留現金，等待大盤止跌。,停止新進場，禁止顯示今日可進場。,False,False
2026-10-05,2026-10-05,收盤確認價,臺灣證券交易所 / 證券櫃檯買賣中心正式收盤；yfinance 歷史資料,只使用完整收盤日K，不使用盤中未完成K,上市,1109,信大,13.2,13.3,13.15,13.28,13.32,13.38,13.62,14.88,-10.2,-0.38,False,155673,109401,2054883,1462199,0.32,False,True,76.21,一般K,,False,False,False,False,0,False,C級：已漲遠或接近目標，禁止追高,條件不足,接近成形,13.6,13.25,13.95,接近成形＋可觀察,13.87,13.6,13.87,14.29,13.19,4.9,低,-2.94,10.51,0.11,0.56,13.87,0.38,False,False,True,距離頸線或前高過遠，禁止追高,頸線以當日前20日高點計算；收盤站上頸線 13.6 至少2%；成交量>=20日均量2倍；不可長上影；回踩須有近10日突破紀錄且不有效跌破頸線；距離頸線>5%禁止進場,25,C,禁止追高,已漲遠或接近目標，空手不追；持有者依策略分批處理。,False,2026-10-05,True,True,STOP,STOP 停止進場,接近目標,取消新進場，只保留觀察,只看續抱 / 減碼 / 停利 / 停損，不新增部位。,停止新進場，先保留現金，等待大盤止跌。,停止新進場，禁止顯示今日可進場。,False,False
2026-10-05,2026-10-05,收盤確認價,臺灣證券交易所 / 證券櫃檯買賣中心正式收盤；yfinance 歷史資料,只使用完整收盤日K，不使用盤中未完成K,上櫃,8403,盛弘,18.85,18.95,18.85,18.93,18.95,18.94,19.12,21.6,-2.33,-0.26,False,55665,57621,1049285,1091402,0.4,False,True,19.62,一般K,,False,False,False,False,0,False,C級：已漲遠或接近目標，禁止追高,條件不足,箱型突破,19.2,18.75,19.65,接近成形＋可觀察,19.58,19.2,19.58,20.17,18.62,4.9,低,-1.82,4.56,0.07,0.34,19.58,0.27,False,True,True,接近目標區，只給持有者分批停利參考，空手不追高,頸線以當日前20日高點計算；收盤站上頸線 19.2 至少2%；成交量>=20日均量2倍；不可長上影；回踩須有近10日突破紀錄且不有效跌破頸線；距離頸線>5%禁止進場,25,C,禁止追高,已漲遠或接近目標，空手不追；持有者依策略分批處理。,False,2026-10-05,True,True,STOP,STOP 停止進場,接近目標,取消新進場，只保留觀察,只看續抱 / 減碼 / 停利 / 停損，不新增部位。,停止新進場，先保留現金，等待大盤止跌。,停止新進場，禁止顯示今日可進場。,False,False
2026-10-05,2026-10-05,收盤確認價,臺灣證券交易所 / 證券櫃檯買賣中心正式收盤；yfinance 歷史資料,只使用完整收盤日K，不使用盤中未完成K,上櫃,5478,智冠,97.1,97.6,97.1,97.26,97.22,97.23,98.52,100.57,-4.33,-0.51,False,40829,44490,3964495,4329433,0.3,False,True,30.22,一般K,,False,False,False,False,0,False,C級：已漲遠或接近目標，禁止追高,條件不足,箱型突破,98.7,96.5,100.9,接近成形＋可觀察,100.67,98.7,100.67,103.69,95.74,4.9,低,-1.62,4.8,0.05,0.22,100.67,0.0,False,True,True,接近目標區，只給持有者分批停利參考，空手不追高,頸線以當日前20日高點計算；收盤站上頸線 98.7 至少2%；成交量>=20日均量2倍；不可長上影；回踩須有近10日突破紀錄且不有效跌破頸線；距離頸線>5%禁止進場,25,C,禁止追高,已漲遠或接近目標，空手不追；持有者依策略分批處理。,False,2026-10-05,True,True,STOP,STOP 停止進場,接近目標,取消新進場，只保留觀察,只看續抱 / 減碼 / 停利 / 停損，不新增部位。,停止新進場，先保留現金，等待大盤止跌。,停止新進場，禁止顯示今日可進場。,False,False
2026-10-05,2026-10-05,收盤確認價,臺灣證券交易所 / 證券櫃檯買賣中心正式收盤；yfinance 歷史資料,只使用完整收盤日K，不使用盤中未完成K,上櫃,4111,濟生,29.0,29.0,28.75,28.91,28.85,28.81,29.45,29.69,-4.45,0.0,False,51669,36267,1498401,1044747,0.4,False,True,48.51,紅K突破,,False,False,False,False,0,False,C級：已漲遠或接近目標，禁止追高,條件不足,箱型突破,29.0,28.4,29.6,接近成形＋可觀察,29.58,29.0,29.58,30.47,28.13,4.9,低,0.0,4.61,0.01,0.07,29.58,0.0,False,True,True,接近目標區，只給持有者分批停利參考，空手不追高,頸線以當日前20日高點計算；收盤站上頸線 29.0 至少2%；成交量>=20日均量2倍；不可長上影；回踩須有近10日突破紀錄且不有效跌破頸線；距離頸線>5%禁止進場,25,C,禁止追高,已漲遠或接近目標，空手不追；持有者依策略分批處理。,False,2026-10-05,True,True,STOP,STOP 停止進場,接近目標,取消新進場，只保留觀察,只看續抱 / 減碼 / 停利 / 停損，不新增部位。,停止新進場，先保留現金，等待大盤止跌。,停止新進場，禁止顯示今日可進場。,False,False
2026-10-05,2026-10-05,收盤確認價,臺灣證券交易所 / 證券櫃檯買賣中心正式收盤；yfinance 歷史資料,只使用完整收盤日K，不使用盤中未完成K,上櫃,1788,杏昌,128.0,128.0,127.5,127.9,127.85,127.97,129.24,134.21,-1.16,0.0,False,13305,13079,1703040,1673445,0.24,False,True,43.57,紅K突破,,False,False,False,False,0,False,C級：已漲遠或接近目標，禁止追高,條件不足,箱型突破,129.0,127.5,130.5,接近成形＋可觀察,131.58,129.0,131.58,135.53,125.13,4.9,低,-0.78,2.66,0.0,0.0,131.58,0.0,False,True,True,接近目標區，只給持有者分批停利參考，空手不追高,頸線以當日前20日高點計算；收盤站上頸線 129.0 至少2%；成交量>=20日均量2倍；不可長上影；回踩須有近10日突破紀錄且不有效跌破頸線；距離頸線>5%禁止進場,25,C,禁止追高,已漲遠或接近目標，空手不追；持有者依策略分批處理。,False,2026-10-05,True,True,STOP,STOP 停止進場,接近目標,取消新進場，只保留觀察,只看續抱 / 減碼 / 停利 / 停損，不新增部位。,停止新進場，先保留現金，等待大盤止跌。,停止新進場，禁止顯示今日可進場。,False,False
2026-10-05,2026-10-05,收盤確認價,臺灣證券交易所 / 證券櫃檯買賣中心正式收盤；yfinance 歷史資料,只使用完整收盤日K，不使用盤中未完成K,上市,1432,大魯閣,14.95,15.0,14.95,14.98,15.0,14.99,15.05,16.86,-1.64,0.0,False,64767,74921,968266,1122913,0.33,False,True,18.88,一般K,,False,False,False,False,0,False,C級：已漲遠或接近目標，禁止追高,條件不足,箱型突破,15.15,14.9,15.45,接近成形＋可觀察,15.45,15.15,15.45,15.92,14.7,4.9,低,-1.32,2.92,0.0,0.0,15.45,0.33,False,True,True,接近目標區，只給持有者分批停利參考，空手不追高,頸線以當日前20日高點計算；收盤站上頸線 15.15 至少2%；成交量>=20日均量2倍；不可長上影；回踩須有近10日突破紀錄且不有效跌破頸線；距離頸線>5%禁止進場,25,C,禁止追高,已漲遠或接近目標，空手不追；持有者依策略分批處理。,False,2026-10-05,True,True,STOP,STOP 停止進場,接近目標,取消新進場，只保留觀察,只看續抱 / 減碼 / 停利 / 停損，不新增部位。,停止新進場，先保留現金，等待大盤止跌。,停止新進場，禁止顯示今日可進場。,False,False
2026-10-05,2026-10-05,收盤確認價,臺灣證券交易所 / 證券櫃檯買賣中心正式收盤；yfinance 歷史資料,只使用完整收盤日K，不使用盤中未完成K,上市,1468,昶和,13.15,13.25,12.95,13.31,13.21,13.22,13.29,12.39,7.79,-0.38,False,428000,79404,5628200,1048604,1.59,False,True,11.78,下影線,,False,True,False,False,1,False,C級：已漲遠或接近目標，禁止追高,量能放大,三角收斂突破,13.6,12.56,15.2,接近成形＋可觀察,13.87,13.6,13.87,14.29,13.19,4.9,低,-3.31,12.04,1.95,9.57,13.87,0.76,False,False,True,距離頸線或前高過遠，禁止追高,頸線以當日前20日高點計算；收盤站上頸線 13.6 至少2%；成交量>=20日均量2倍；不可長上影；回踩須有近10日突破紀錄且不有效跌破頸線；距離頸線>5%禁止進場,22,C,禁止追高,已漲遠或接近目標，空手不追；持有者依策略分批處理。,False,2026-10-05,True,True,STOP,STOP 停止進場,觀察,取消新進場，只保留觀察,只看續抱 / 減碼 / 停利 / 停損，不新增部位。,停止新進場，先保留現金，等待大盤止跌。,停止新進場，禁止顯示今日可進場。,False,False
2026-10-05,2026-10-05,收盤確認價,臺灣證券交易所 / 證券櫃檯買賣中心正式收盤；yfinance 歷史資料,只使用完整收盤日K，不使用盤中未完成K,上櫃,6144,得利影,13.05,13.9,13.05,13.0,12.82,12.99,13.38,16.64,-7.77,-7.12,False,55948,17370,730121,230858,2.89,False,True,51.43,一般K,,False,True,False,False,1,False,C級：已漲遠或接近目標，禁止追高,量能放大,三角收斂突破,13.5,12.34,14.8,接近成形＋可觀察,13.77,13.5,13.77,14.18,13.09,4.9,低,-3.33,18.44,1.53,7.48,13.77,2.68,True,False,True,距離頸線或前高過遠，禁止追高,頸線以當日前20日高點計算；收盤站上頸線 13.5 至少2%；成交量>=20日均量2倍；不可長上影；回踩須有近10日突破紀錄且不有效跌破頸線；距離頸線>5%禁止進場,22,C,禁止追高,已漲遠或接近目標，空手不追；持有者依策略分批處理。,False,2026-10-05,True,True,STOP,STOP 停止進場,觀察,取消新進場，只保留觀察,只看續抱 / 減碼 / 停利 / 停損，不新增部位。,停止新進場，先保留現金，等待大盤止跌。,停止新進場，禁止顯示今日可進場。,False,False
2026-10-05,2026-10-05,收盤確認價,臺灣證券交易所 / 證券櫃檯買賣中心正式收盤；yfinance 歷史資料,只使用完整收盤日K，不使用盤中未完成K,上櫃,5450,南良,14.45,14.8,14.4,14.64,14.68,14.63,14.95,14.19,-2.69,-1.03,False,225092,95851,3252579,1401579,1.12,False,True,24.72,一般K,,False,True,False,False,1,False,C級：已漲遠或接近目標，禁止追高,量能放大,三角收斂突破,15.2,14.2,16.65,接近成形＋可觀察,15.5,15.2,15.5,15.97,14.74,4.9,低,-4.93,29.85,1.51,7.39,15.5,0.69,False,False,True,距離頸線或前高過遠，禁止追高,頸線以當日前20日高點計算；收盤站上頸線 15.2 至少2%；成交量>=20日均量2倍；不可長上影；回踩須有近10日突破紀錄且不有效跌破頸線；距離頸線>5%禁止進場,22,C,禁止追高,已漲遠或接近目標，空手不追；持有者依策略分批處理。,False,2026-10-05,True,True,STOP,STOP 停止進場,觀察,取消新進場，只保留觀察,只看續抱 / 減碼 / 停利 / 停損，不新增部位。,停止新進場，先保留現金，等待大盤止跌。,停止新進場，禁止顯示今日可進場。,False,False
2026-10-05,2026-10-05,收盤確認價,臺灣證券交易所 / 證券櫃檯買賣中心正式收盤；yfinance 歷史資料,只使用完整收盤日K，不使用盤中未完成K,上櫃,6188,廣明,61.6,63.0,61.6,61.96,62.11,62.8,67.65,88.36,-21.53,-1.28,False,957007,569708,58951631,35815855,0.94,True,True,47.19,一般K,,False,False,False,False,0,False,C級：已漲遠或接近目標，禁止追高,條件不足,三角收斂突破,69.4,61.3,77.5,接近成形＋可觀察,70.79,69.4,70.79,72.91,67.32,4.9,低,-11.24,23.38,1.93,9.48,70.79,0.32,False,False,True,距離頸線或前高過遠，禁止追高,頸線以當日前20日高點計算；收盤站上頸線 69.4 至少2%；成交量>=20日均量2倍；不可長上影；回踩須有近10日突破紀錄且不有效跌破頸線；距離頸線>5%禁止進場,22,C,禁止追高,已漲遠或接近目標，空手不追；持有者依策略分批處理。,False,2026-10-05,True,True,STOP,STOP 停止進場,觀察,取消新進場，只保留觀察,只看續抱 / 減碼 / 停利 / 停損，不新增部位。,停止新進場，先保留現金，等待大盤止跌。,停止新進場，禁止顯示今日可進場。,False,False
2026-10-05,2026-10-05,收盤確認價,臺灣證券交易所 / 證券櫃檯買賣中心正式收盤；yfinance 歷史資料,只使用完整收盤日K，不使用盤中未完成K,上櫃,3322,建舜電,11.2,11.35,10.95,11.31,11.2,11.04,11.46,13.47,-17.04,-1.32,False,364358,223517,4080809,2469318,1.71,False,True,12.95,下影線,,False,False,False,False,0,False,C級：已漲遠或接近目標，禁止追高,條件不足,三角收斂突破,11.7,10.49,13.05,接近成形＋可觀察,11.93,11.7,11.93,12.29,11.35,4.9,低,-4.27,17.95,1.91,9.35,11.93,0.0,False,False,True,距離頸線或前高過遠，禁止追高,頸線以當日前20日高點計算；收盤站上頸線 11.7 至少2%；成交量>=20日均量2倍；不可長上影；回踩須有近10日突破紀錄且不有效跌破頸線；距離頸線>5%禁止進場,22,C,禁止追高,已漲遠或接近目標，空手不追；持有者依策略分批處理。,False,2026-10-05,True,True,STOP,STOP 停止進場,觀察,取消新進場，只保留觀察,只看續抱 / 減碼 / 停利 / 停損，不新增部位。,停止新進場，先保留現金，等待大盤止跌。,停止新進場，禁止顯示今日可進場。,False,False
2026-10-05,2026-10-05,收盤確認價,臺灣證券交易所 / 證券櫃檯買賣中心正式收盤；yfinance 歷史資料,只使用完整收盤日K，不使用盤中未完成K,上市,1219,福壽,11.2,11.45,11.2,11.37,11.44,11.44,11.43,12.9,-8.2,-1.75,False,250628,185180,2807033,2116905,1.03,False,True,19.96,一般K,,False,False,False,False,0,False,C級：已漲遠或接近目標，禁止追高,條件不足,接近成形,11.75,11.15,13.05,接近成形＋可觀察,11.98,11.75,11.98,12.34,11.4,4.9,低,-4.68,10.04,1.81,8.89,11.98,0.45,False,False,True,距離頸線或前高過遠，禁止追高,頸線以當日前20日高點計算；收盤站上頸線 11.75 至少2%；成交量>=20日均量2倍；不可長上影；回踩須有近10日突破紀錄且不有效跌破頸線；距離頸線>5%禁止進場,22,C,禁止追高,已漲遠或接近目標，空手不追；持有者依策略分批處理。,False,2026-10-05,True,True,STOP,STOP 停止進場,觀察,取消新進場，只保留觀察,只看續抱 / 減碼 / 停利 / 停損，不新增部位。,停止新進場，先保留現金，等待大盤止跌。,停止新進場，禁止顯示今日可進場。,False,False
2026-10-05,2026-10-05,收盤確認價,臺灣證券交易所 / 證券櫃檯買賣中心正式收盤；yfinance 歷史資料,只使用完整收盤日K，不使用盤中未完成K,上櫃,8069,元太,146.5,148.0,143.5,144.1,144.65,146.0,165.88,179.91,-26.93,2.09,False,7480096,5383935,1095834064,785410509,1.37,True,True,45.65,紅K突破,,False,False,False,False,0,False,C級：已漲遠或接近目標，禁止追高,條件不足,接近成形,155.5,138.7,172.5,接近成形＋可觀察,158.61,155.5,158.61,163.37,150.84,4.9,低,-5.79,29.74,1.79,8.76,158.61,1.02,False,False,True,距離頸線或前高過遠，禁止追高,頸線以當日前20日高點計算；收盤站上頸線 155.5 至少2%；成交量>=20日均量2倍；不可長上影；回踩須有近10日突破紀錄且不有效跌破頸線；距離頸線>5%禁止進場,22,C,禁止追高,已漲遠或接近目標，空手不追；持有者依策略分批處理。,False,2026-10-05,True,True,STOP,STOP 停止進場,觀察,取消新進場，只保留觀察,只看續抱 / 減碼 / 停利 / 停損，不新增部位。,停止新進場，先保留現金，等待大盤止跌。,停止新進場，禁止顯示今日可進場。,False,False
2026-10-05,2026-10-05,收盤確認價,臺灣證券交易所 / 證券櫃檯買賣中心正式收盤；yfinance 歷史資料,只使用完整收盤日K，不使用盤中未完成K,上櫃,8436,大江,104.5,104.5,102.0,105.1,104.9,106.03,114.42,119.88,-9.13,0.48,False,1047275,695090,109440237,73634074,0.98,True,True,53.33,下影線,,False,False,False,False,0,False,C級：已漲遠或接近目標，禁止追高,條件不足,三角收斂突破,115.0,102.5,127.5,接近成形＋可觀察,117.3,115.0,117.3,120.82,111.55,4.9,低,-9.13,18.36,1.77,8.7,117.3,0.0,False,False,True,距離頸線或前高過遠，禁止追高,頸線以當日前20日高點計算；收盤站上頸線 115.0 至少2%；成交量>=20日均量2倍；不可長上影；回踩須有近10日突破紀錄且不有效跌破頸線；距離頸線>5%禁止進場,22,C,禁止追高,已漲遠或接近目標，空手不追；持有者依策略分批處理。,False,2026-10-05,True,True,STOP,STOP 停止進場,觀察,取消新進場，只保留觀察,只看續抱 / 減碼 / 停利 / 停損，不新增部位。,停止新進場，先保留現金，等待大盤止跌。,停止新進場，禁止顯示今日可進場。,False,False
2026-10-05,2026-10-05,收盤確認價,臺灣證券交易所 / 證券櫃檯買賣中心正式收盤；yfinance 歷史資料,只使用完整收盤日K，不使用盤中未完成K,上櫃,2949,欣新網,62.5,62.5,62.5,65.9,65.35,64.32,63.75,65.03,-25.42,-4.14,False,1342,1572,83875,103414,3.11,False,True,33.34,資料不足,,False,False,False,False,0,False,C級：已漲遠或接近目標，禁止追高,條件不足,接近成形,65.0,61.1,72.0,接近成形＋可觀察,66.3,65.0,66.3,68.29,63.05,4.9,低,-3.85,25.6,1.75,8.6,66.3,0.0,True,False,True,距離頸線或前高過遠，禁止追高,頸線以當日前20日高點計算；收盤站上頸線 65.0 至少2%；成交量>=20日均量2倍；不可長上影；回踩須有近10日突破紀錄且不有效跌破頸線；距離頸線>5%禁止進場,22,C,禁止追高,已漲遠或接近目標，空手不追；持有者依策略分批處理。,False,2026-10-05,True,True,STOP,STOP 停止進場,觀察,取消新進場，只保留觀察,只看續抱 / 減碼 / 停利 / 停損，不新增部位。,停止新進場，先保留現金，等待大盤止跌。,停止新進場，禁止顯示今日可進場。,False,False
2026-10-05,2026-10-05,收盤確認價,臺灣證券交易所 / 證券櫃檯買賣中心正式收盤；yfinance 歷史資料,只使用完整收盤日K，不使用盤中未完成K,上櫃,4503,金雨,23.9,24.3,23.9,24.06,23.84,23.42,28.2,38.79,-44.55,-0.83,False,178634,130820,4269352,3075879,1.32,False,True,29.76,一般K,,False,False,False,False,0,False,C級：已漲遠或接近目標，禁止追高,條件不足,接近成形,24.8,22.25,27.45,接近成形＋可觀察,25.3,24.8,25.3,26.05,24.06,4.9,低,-3.63,44.55,1.74,8.52,25.3,0.63,False,False,True,距離頸線或前高過遠，禁止追高,頸線以當日前20日高點計算；收盤站上頸線 24.8 至少2%；成交量>=20日均量2倍；不可長上影；回踩須有近10日突破紀錄且不有效跌破頸線；距離頸線>5%禁止進場,22,C,禁止追高,已漲遠或接近目標，空手不追；持有者依策略分批處理。,False,2026-10-05,True,True,STOP,STOP 停止進場,觀察,取消新進場，只保留觀察,只看續抱 / 減碼 / 停利 / 停損，不新增部位。,停止新進場，先保留現金，等待大盤止跌。,停止新進場，禁止顯示今日可進場。,False,False
2026-10-05,2026-10-05,收盤確認價,臺灣證券交易所 / 證券櫃檯買賣中心正式收盤；yfinance 歷史資料,只使用完整收盤日K，不使用盤中未完成K,上櫃,3527,聚積,50.9,51.7,50.9,51.68,51.32,50.54,52.35,56.55,-19.21,-0.97,False,55124,62349,2805811,3151035,1.62,False,True,24.89,一般K,,False,False,False,False,0,False,C級：已漲遠或接近目標，禁止追高,條件不足,接近成形,53.1,48.15,58.7,接近成形＋可觀察,54.16,53.1,54.16,55.79,51.51,4.9,低,-4.14,21.57,1.71,8.38,54.16,0.39,False,False,True,距離頸線或前高過遠，禁止追高,頸線以當日前20日高點計算；收盤站上頸線 53.1 至少2%；成交量>=20日均量2倍；不可長上影；回踩須有近10日突破紀錄且不有效跌破頸線；距離頸線>5%禁止進場,22,C,禁止追高,已漲遠或接近目標，空手不追；持有者依策略分批處理。,False,2026-10-05,True,True,STOP,STOP 停止進場,觀察,取消新進場，只保留觀察,只看續抱 / 減碼 / 停利 / 停損，不新增部位。,停止新進場，先保留現金，等待大盤止跌。,停止新進場，禁止顯示今日可進場。,False,False
2026-10-05,2026-10-05,收盤確認價,臺灣證券交易所 / 證券櫃檯買賣中心正式收盤；yfinance 歷史資料,只使用完整收盤日K，不使用盤中未完成K,上櫃,2230,泰茂,21.8,22.4,21.7,21.81,21.66,21.8,22.93,51.67,-7.23,-1.8,False,128927,117602,2810608,2540251,2.33,False,True,31.33,一般K,,False,False,False,False,0,False,C級：已漲遠或接近目標，禁止追高,條件不足,接近成形,22.9,20.95,25.3,接近成形＋可觀察,23.36,22.9,23.36,24.06,22.21,4.9,低,-4.8,22.14,1.7,8.31,23.36,1.61,False,False,True,距離頸線或前高過遠，禁止追高,頸線以當日前20日高點計算；收盤站上頸線 22.9 至少2%；成交量>=20日均量2倍；不可長上影；回踩須有近10日突破紀錄且不有效跌破頸線；距離頸線>5%禁止進場,22,C,禁止追高,已漲遠或接近目標，空手不追；持有者依策略分批處理。,False,2026-10-05,True,True,STOP,STOP 停止進場,觀察,取消新進場，只保留觀察,只看續抱 / 減碼 / 停利 / 停損，不新增部位。,停止新進場，先保留現金，等待大盤止跌。,停止新進場，禁止顯示今日可進場。,False,False
2026-10-05,2026-10-05,收盤確認價,臺灣證券交易所 / 證券櫃檯買賣中心正式收盤；yfinance 歷史資料,只使用完整收盤日K，不使用盤中未完成K,上櫃,3078,僑威,46.0,46.2,45.65,45.9,45.65,45.08,50.12,59.88,-18.15,0.11,False,479968,611167,22078528,27551879,1.56,False,True,49.74,紅K突破,,False,False,False,False,0,False,C級：已漲遠或接近目標，禁止追高,條件不足,接近成形,48.0,43.0,53.0,接近成形＋可觀察,48.96,48.0,48.96,50.43,46.56,4.9,低,-4.17,18.15,1.68,8.25,48.96,0.43,False,False,True,距離頸線或前高過遠，禁止追高,頸線以當日前20日高點計算；收盤站上頸線 48.0 至少2%；成交量>=20日均量2倍；不可長上影；回踩須有近10日突破紀錄且不有效跌破頸線；距離頸線>5%禁止進場,22,C,禁止追高,已漲遠或接近目標，空手不追；持有者依策略分批處理。,False,2026-10-05,True,True,STOP,STOP 停止進場,觀察,取消新進場，只保留觀察,只看續抱 / 減碼 / 停利 / 停損，不新增部位。,停止新進場，先保留現金，等待大盤止跌。,停止新進場，禁止顯示今日可進場。,False,False
2026-10-05,2026-10-05,收盤確認價,臺灣證券交易所 / 證券櫃檯買賣中心正式收盤；yfinance 歷史資料,只使用完整收盤日K，不使用盤中未完成K,上櫃,6279,胡連,116.5,119.0,116.0,114.1,113.2,112.8,119.05,119.99,-4.9,-0.43,False,421973,367271,49159854,41663617,1.35,False,True,61.14,一般K,,False,False,False,False,0,False,C級：已漲遠或接近目標，禁止追高,條件不足,接近成形,122.5,110.0,135.0,接近成形＋可觀察,124.95,122.5,124.95,128.7,118.83,4.9,低,-4.9,11.07,1.64,8.04,124.95,1.72,False,False,True,距離頸線或前高過遠，禁止追高,頸線以當日前20日高點計算；收盤站上頸線 122.5 至少2%；成交量>=20日均量2倍；不可長上影；回踩須有近10日突破紀錄且不有效跌破頸線；距離頸線>5%禁止進場,22,C,禁止追高,已漲遠或接近目標，空手不追；持有者依策略分批處理。,False,2026-10-05,True,True,STOP,STOP 停止進場,觀察,取消新進場，只保留觀察,只看續抱 / 減碼 / 停利 / 停損，不新增部位。,停止新進場，先保留現金，等待大盤止跌。,停止新進場，禁止顯示今日可進場。,False,False
2026-10-05,2026-10-05,收盤確認價,臺灣證券交易所 / 證券櫃檯買賣中心正式收盤；yfinance 歷史資料,只使用完整收盤日K，不使用盤中未完成K,上市,1736,喬山,124.0,126.5,123.0,126.3,125.8,125.95,129.57,135.36,-5.7,0.4,False,738952,387759,91630048,48736239,1.84,True,True,41.39,一般K,,False,False,False,False,0,False,C級：已漲遠或接近目標，禁止追高,條件不足,三角收斂突破,133.5,121.5,147.0,接近成形＋可觀察,136.17,133.5,136.17,140.26,129.5,4.9,低,-7.12,16.22,1.62,7.95,136.17,2.02,False,False,True,距離頸線或前高過遠，禁止追高,頸線以當日前20日高點計算；收盤站上頸線 133.5 至少2%；成交量>=20日均量2倍；不可長上影；回踩須有近10日突破紀錄且不有效跌破頸線；距離頸線>5%禁止進場,22,C,禁止追高,已漲遠或接近目標，空手不追；持有者依策略分批處理。,False,2026-10-05,True,True,STOP,STOP 停止進場,觀察,取消新進場，只保留觀察,只看續抱 / 減碼 / 停利 / 停損，不新增部位。,停止新進場，先保留現金，等待大盤止跌。,停止新進場，禁止顯示今日可進場。,False,False
2026-10-05,2026-10-05,收盤確認價,臺灣證券交易所 / 證券櫃檯買賣中心正式收盤；yfinance 歷史資料,只使用完整收盤日K，不使用盤中未完成K,上櫃,3709,鑫聯大投控,64.4,66.6,64.4,65.0,64.22,63.6,69.22,66.87,-19.1,-1.68,False,317339,311514,20436631,19762110,1.87,False,True,42.15,一般K,,False,False,False,False,0,False,C級：已漲遠或接近目標，禁止追高,條件不足,接近成形,67.2,60.5,73.9,接近成形＋可觀察,68.54,67.2,68.54,70.6,65.18,4.9,低,-4.17,23.33,1.59,7.81,68.54,0.0,False,False,True,距離頸線或前高過遠，禁止追高,頸線以當日前20日高點計算；收盤站上頸線 67.2 至少2%；成交量>=20日均量2倍；不可長上影；回踩須有近10日突破紀錄且不有效跌破頸線；距離頸線>5%禁止進場,22,C,禁止追高,已漲遠或接近目標，空手不追；持有者依策略分批處理。,False,2026-10-05,True,True,STOP,STOP 停止進場,觀察,取消新進場，只保留觀察,只看續抱 / 減碼 / 停利 / 停損，不新增部位。,停止新進場，先保留現金，等待大盤止跌。,停止新進場，禁止顯示今日可進場。,False,False
2026-10-05,2026-10-05,收盤確認價,臺灣證券交易所 / 證券櫃檯買賣中心正式收盤；yfinance 歷史資料,只使用完整收盤日K，不使用盤中未完成K,上櫃,3372,典範,16.35,16.95,16.3,16.51,16.34,15.51,15.79,19.08,-17.42,-3.25,False,811570,684919,13269169,10969257,2.98,False,True,47.76,一般K,,False,False,False,False,0,False,C級：已漲遠或接近目標，禁止追高,條件不足,接近成形,15.6,14.74,17.15,接近成形＋可觀察,15.91,15.6,15.91,16.39,15.13,4.9,低,4.81,17.42,1.59,7.78,15.91,0.31,True,True,True,接近目標區，只給持有者分批停利參考，空手不追高,頸線以當日前20日高點計算；收盤站上頸線 15.6 至少2%；成交量>=20日均量2倍；不可長上影；回踩須有近10日突破紀錄且不有效跌破頸線；距離頸線>5%禁止進場,22,C,禁止追高,已漲遠或接近目標，空手不追；持有者依策略分批處理。,False,2026-10-05,True,True,STOP,STOP 停止進場,接近目標,取消新進場，只保留觀察,只看續抱 / 減碼 / 停利 / 停損，不新增部位。,停止新進場，先保留現金，等待大盤止跌。,停止新進場，禁止顯示今日可進場。,False,False
2026-10-05,2026-10-05,收盤確認價,臺灣證券交易所 / 證券櫃檯買賣中心正式收盤；yfinance 歷史資料,只使用完整收盤日K，不使用盤中未完成K,上櫃,7805,威聯通,498.5,501.0,489.5,492.2,496.2,500.0,518.66,561.15,-7.4,1.84,False,50241,34058,25045138,17023744,1.08,False,True,13.84,紅K突破,,False,False,False,False,0,False,C級：已漲遠或接近目標，禁止追高,條件不足,接近成形,522.0,489.0,573.17,接近成形＋可觀察,532.44,522.0,532.44,548.41,506.34,4.9,低,-4.5,17.49,1.56,7.65,532.44,0.5,False,False,True,距離頸線或前高過遠，禁止追高,頸線以當日前20日高點計算；收盤站上頸線 522.0 至少2%；成交量>=20日均量2倍；不可長上影；回踩須有近10日突破紀錄且不有效跌破頸線；距離頸線>5%禁止進場,22,C,禁止追高,已漲遠或接近目標，空手不追；持有者依策略分批處理。,False,2026-10-05,True,True,STOP,STOP 停止進場,觀察,取消新進場，只保留觀察,只看續抱 / 減碼 / 停利 / 停損，不新增部位。,停止新進場，先保留現金，等待大盤止跌。,停止新進場，禁止顯示今日可進場。,False,False
2026-10-05,2026-10-05,收盤確認價,臺灣證券交易所 / 證券櫃檯買賣中心正式收盤；yfinance 歷史資料,只使用完整收盤日K，不使用盤中未完成K,上市,1342,八貫,99.8,101.0,99.8,100.16,100.53,100.82,104.11,96.07,-9.68,-0.2,False,152371,109155,15206625,11017788,0.89,False,True,33.19,一般K,,False,False,False,False,0,False,C級：已漲遠或接近目標，禁止追高,條件不足,接近成形,105.0,98.4,115.1,接近成形＋可觀察,107.1,105.0,107.1,110.31,101.85,4.9,低,-4.95,16.13,1.52,7.47,107.1,1.0,False,False,True,距離頸線或前高過遠，禁止追高,頸線以當日前20日高點計算；收盤站上頸線 105.0 至少2%；成交量>=20日均量2倍；不可長上影；回踩須有近10日突破紀錄且不有效跌破頸線；距離頸線>5%禁止進場,22,C,禁止追高,已漲遠或接近目標，空手不追；持有者依策略分批處理。,False,2026-10-05,True,True,STOP,STOP 停止進場,觀察,取消新進場，只保留觀察,只看續抱 / 減碼 / 停利 / 停損，不新增部位。,停止新進場，先保留現金，等待大盤止跌。,停止新進場，禁止顯示今日可進場。,False,False
2026-10-05,2026-10-05,收盤確認價,臺灣證券交易所 / 證券櫃檯買賣中心正式收盤；yfinance 歷史資料,只使用完整收盤日K，不使用盤中未完成K,上櫃,6929,佑全,21.85,21.85,21.25,21.88,21.96,22.0,22.62,27.67,-2.89,-2.02,False,9100,5629,198835,124233,1.59,False,True,71.47,下影線,,False,False,False,False,0,False,C級：已漲遠或接近目標，禁止追高,條件不足,三角收斂突破,22.65,20.9,24.8,接近成形＋可觀察,23.1,22.65,23.1,23.8,21.97,4.9,低,-3.53,11.54,1.5,7.35,23.1,0.0,False,False,True,距離頸線或前高過遠，禁止追高,頸線以當日前20日高點計算；收盤站上頸線 22.65 至少2%；成交量>=20日均量2倍；不可長上影；回踩須有近10日突破紀錄且不有效跌破頸線；距離頸線>5%禁止進場,22,C,禁止追高,已漲遠或接近目標，空手不追；持有者依策略分批處理。,False,2026-10-05,True,True,STOP,STOP 停止進場,觀察,取消新進場，只保留觀察,只看續抱 / 減碼 / 停利 / 停損，不新增部位。,停止新進場，先保留現金，等待大盤止跌。,停止新進場，禁止顯示今日可進場。,False,False
2026-10-05,2026-10-05,收盤確認價,臺灣證券交易所 / 證券櫃檯買賣中心正式收盤；yfinance 歷史資料,只使用完整收盤日K，不使用盤中未完成K,上市,1722,台肥,40.85,41.3,40.85,41.17,41.54,42.45,44.76,46.49,-14.09,-0.73,False,2959615,2990530,120900272,126983905,0.72,True,True,56.82,一般K,,False,False,False,False,0,False,C級：已漲遠或接近目標，禁止追高,條件不足,接近成形,45.25,40.95,49.55,接近成形＋可觀察,46.16,45.25,46.16,47.54,43.89,4.9,低,-9.72,15.77,1.5,7.36,46.16,0.0,False,False,True,距離頸線或前高過遠，禁止追高,頸線以當日前20日高點計算；收盤站上頸線 45.25 至少2%；成交量>=20日均量2倍；不可長上影；回踩須有近10日突破紀錄且不有效跌破頸線；距離頸線>5%禁止進場,22,C,禁止追高,已漲遠或接近目標，空手不追；持有者依策略分批處理。,False,2026-10-05,True,True,STOP,STOP 停止進場,觀察,取消新進場，只保留觀察,只看續抱 / 減碼 / 停利 / 停損，不新增部位。,停止新進場，先保留現金，等待大盤止跌。,停止新進場，禁止顯示今日可進場。,False,False
2026-10-05,2026-10-05,收盤確認價,臺灣證券交易所 / 證券櫃檯買賣中心正式收盤；yfinance 歷史資料,只使用完整收盤日K，不使用盤中未完成K,上櫃,5013,強新,51.5,51.5,51.5,42.99,37.31,33.26,28.69,28.93,91.45,9.93,True,222795,233492,11473942,8929269,5.1,False,True,38.75,資料不足,,True,False,False,True,2,False,C級：已漲遠或接近目標，禁止追高,趨勢多頭、價量條件足,旗型整理突破,42.6,31.6,60.9,接近成形＋可觀察,43.45,42.6,43.45,44.76,41.32,4.9,低,20.89,9.93,8.19,40.15,43.45,0.0,True,False,True,距離頸線或前高過遠，禁止追高,頸線以當日前20日高點計算；收盤站上頸線 42.6 至少2%；成交量>=20日均量2倍；不可長上影；回踩須有近10日突破紀錄且不有效跌破頸線；距離頸線>5%禁止進場,20,C,禁止追高,已漲遠或接近目標，空手不追；持有者依策略分批處理。,False,2026-10-05,True,True,STOP,STOP 停止進場,觀察,取消新進場，只保留觀察,只看續抱 / 減碼 / 停利 / 停損，不新增部位。,停止新進場，先保留現金，等待大盤止跌。,停止新進場，禁止顯示今日可進場。,False,False
2026-10-05,2026-10-05,收盤確認價,臺灣證券交易所 / 證券櫃檯買賣中心正式收盤；yfinance 歷史資料,只使用完整收盤日K，不使用盤中未完成K,上櫃,6221,晉泰,30.1,30.6,29.5,31.03,31.2,27.66,23.68,27.58,36.2,-0.5,False,1054378,1321425,31736777,39602549,4.62,False,True,58.8,下影線,,True,False,False,True,2,False,C級：已漲遠或接近目標，禁止追高,趨勢多頭、價量條件足,接近成形,33.9,26.27,47.6,接近成形＋可觀察,34.58,33.9,34.58,35.62,32.88,4.9,低,-11.21,11.21,7.68,37.66,34.58,0.33,False,False,True,距離頸線或前高過遠，禁止追高,頸線以當日前20日高點計算；收盤站上頸線 33.9 至少2%；成交量>=20日均量2倍；不可長上影；回踩須有近10日突破紀錄且不有效跌破頸線；距離頸線>5%禁止進場,20,C,禁止追高,已漲遠或接近目標，空手不追；持有者依策略分批處理。,False,2026-10-05,True,True,STOP,STOP 停止進場,觀察,取消新進場，只保留觀察,只看續抱 / 減碼 / 停利 / 停損，不新增部位。,停止新進場，先保留現金，等待大盤止跌。,停止新進場，禁止顯示今日可進場。,False,False
2026-10-05,2026-10-05,收盤確認價,臺灣證券交易所 / 證券櫃檯買賣中心正式收盤；yfinance 歷史資料,只使用完整收盤日K，不使用盤中未完成K,上櫃,5355,佳總,7.87,8.14,7.39,7.28,7.09,6.63,6.11,6.74,27.97,6.35,False,370996,156002,2919738,1067284,3.11,False,True,61.44,紅K突破,,True,True,False,False,2,False,C級：已漲遠或接近目標，禁止追高,趨勢多頭、量能放大,旗型整理突破,7.45,6.29,10.24,接近成形＋可觀察,7.6,7.45,7.6,7.83,7.23,4.9,低,5.64,5.64,7.09,34.75,7.6,3.43,False,False,True,距離頸線或前高過遠，禁止追高,頸線以當日前20日高點計算；收盤站上頸線 7.45 至少2%；成交量>=20日均量2倍；不可長上影；回踩須有近10日突破紀錄且不有效跌破頸線；距離頸線>5%禁止進場,20,C,禁止追高,已漲遠或接近目標，空手不追；持有者依策略分批處理。,False,2026-10-05,True,True,STOP,STOP 停止進場,觀察,取消新進場，只保留觀察,只看續抱 / 減碼 / 停利 / 停損，不新增部位。,停止新進場，先保留現金，等待大盤止跌。,停止新進場，禁止顯示今日可進場。,False,False
2026-10-05,2026-10-05,收盤確認價,臺灣證券交易所 / 證券櫃檯買賣中心正式收盤；yfinance 歷史資料,只使用完整收盤日K，不使用盤中未完成K,上市,2243,宏旭-KY,54.5,56.8,52.3,52.52,51.98,49.84,46.4,26.68,6.86,3.22,False,957618,348871,52190181,17697544,3.92,False,True,77.43,一般K,,True,True,False,False,2,False,C級：已漲遠或接近目標，禁止追高,趨勢多頭、量能放大,旗型整理突破,51.2,47.35,63.35,接近成形＋可觀察,52.22,51.2,52.22,53.79,49.66,4.9,低,6.45,5.05,4.35,21.3,52.22,4.22,True,False,True,距離頸線或前高過遠，禁止追高,頸線以當日前20日高點計算；收盤站上頸線 51.2 至少2%；成交量>=20日均量2倍；不可長上影；回踩須有近10日突破紀錄且不有效跌破頸線；距離頸線>5%禁止進場,20,C,禁止追高,已漲遠或接近目標，空手不追；持有者依策略分批處理。,False,2026-10-05,True,True,STOP,STOP 停止進場,觀察,取消新進場，只保留觀察,只看續抱 / 減碼 / 停利 / 停損，不新增部位。,停止新進場，先保留現金，等待大盤止跌。,停止新進場，禁止顯示今日可進場。,False,False
2026-10-05,2026-10-05,收盤確認價,臺灣證券交易所 / 證券櫃檯買賣中心正式收盤；yfinance 歷史資料,只使用完整收盤日K，不使用盤中未完成K,上櫃,3555,博士旺,166.5,169.0,166.0,167.4,169.55,177.82,166.59,147.8,-7.24,-0.3,False,36263,60118,6037789,11008138,3.21,False,True,27.91,一般K,半導體 設備 題材股,False,False,True,False,1,False,C級：已漲遠或接近目標，禁止追高,題材命中,接近成形,213.0,168.93,299.0,接近成形＋可觀察,217.26,213.0,217.26,223.78,206.61,4.9,低,-21.83,22.38,7.68,37.62,217.26,0.6,False,False,True,距離頸線或前高過遠，禁止追高,頸線以當日前20日高點計算；收盤站上頸線 213.0 至少2%；成交量>=20日均量2倍；不可長上影；回踩須有近10日突破紀錄且不有效跌破頸線；距離頸線>5%禁止進場,20,C,禁止追高,已漲遠或接近目標，空手不追；持有者依策略分批處理。,False,2026-10-05,True,True,STOP,STOP 停止進場,觀察,取消新進場，只保留觀察,只看續抱 / 減碼 / 停利 / 停損，不新增部位。,停止新進場，先保留現金，等待大盤止跌。,停止新進場，禁止顯示今日可進場。,False,False
2026-10-05,2026-10-05,收盤確認價,臺灣證券交易所 / 證券櫃檯買賣中心正式收盤；yfinance 歷史資料,只使用完整收盤日K，不使用盤中未完成K,上櫃,6148,驊宏資,36.3,38.1,36.3,37.81,38.42,35.08,30.65,34.76,11.52,-4.72,False,1112254,3859081,40374820,146220518,4.84,False,True,71.0,長黑,,True,False,False,False,1,False,C級：已漲遠或接近目標，禁止追高,趨勢多頭,接近成形,38.9,33.33,53.1,接近成形＋可觀察,39.68,38.9,39.68,40.87,37.73,4.9,低,-6.68,13.78,6.9,33.83,39.68,0.0,True,False,True,距離頸線或前高過遠，禁止追高,頸線以當日前20日高點計算；收盤站上頸線 38.9 至少2%；成交量>=20日均量2倍；不可長上影；回踩須有近10日突破紀錄且不有效跌破頸線；距離頸線>5%禁止進場,20,C,禁止追高,已漲遠或接近目標，空手不追；持有者依策略分批處理。,False,2026-10-05,True,True,STOP,STOP 停止進場,觀察,取消新進場，只保留觀察,只看續抱 / 減碼 / 停利 / 停損，不新增部位。,停止新進場，先保留現金，等待大盤止跌。,停止新進場，禁止顯示今日可進場。,False,False
2026-10-05,2026-10-05,收盤確認價,臺灣證券交易所 / 證券櫃檯買賣中心正式收盤；yfinance 歷史資料,只使用完整收盤日K，不使用盤中未完成K,上櫃,2070,精湛,62.6,64.1,62.5,62.96,62.1,61.7,59.67,51.19,3.3,-0.79,False,92619,105262,5797949,6544790,1.48,False,True,29.86,一般K,,True,False,False,False,1,False,C級：已漲遠或接近目標，禁止追高,趨勢多頭,旗型整理突破,67.9,58.62,92.35,接近成形＋可觀察,69.26,67.9,69.26,71.34,65.86,4.9,低,-7.81,12.45,6.8,33.34,69.26,0.0,False,False,True,距離頸線或前高過遠，禁止追高,頸線以當日前20日高點計算；收盤站上頸線 67.9 至少2%；成交量>=20日均量2倍；不可長上影；回踩須有近10日突破紀錄且不有效跌破頸線；距離頸線>5%禁止進場,20,C,禁止追高,已漲遠或接近目標，空手不追；持有者依策略分批處理。,False,2026-10-05,True,True,STOP,STOP 停止進場,觀察,取消新進場，只保留觀察,只看續抱 / 減碼 / 停利 / 停損，不新增部位。,停止新進場，先保留現金，等待大盤止跌。,停止新進場，禁止顯示今日可進場。,False,False
2026-10-05,2026-10-05,收盤確認價,臺灣證券交易所 / 證券櫃檯買賣中心正式收盤；yfinance 歷史資料,只使用完整收盤日K，不使用盤中未完成K,上櫃,3259,鑫創,13.0,13.4,12.85,11.58,10.94,11.06,13.13,17.52,-17.2,1.17,False,130867,37729,1701271,437258,5.61,False,True,45.69,一般K,,False,True,False,False,1,False,C級：已漲遠或接近目標，禁止追高,量能放大,接近成形,13.7,10.51,18.5,接近成形＋可觀察,13.97,13.7,13.97,14.39,13.29,4.9,低,-5.11,18.75,6.61,32.39,13.97,3.08,False,False,True,距離頸線或前高過遠，禁止追高,頸線以當日前20日高點計算；收盤站上頸線 13.7 至少2%；成交量>=20日均量2倍；不可長上影；回踩須有近10日突破紀錄且不有效跌破頸線；距離頸線>5%禁止進場,20,C,禁止追高,已漲遠或接近目標，空手不追；持有者依策略分批處理。,False,2026-10-05,True,True,STOP,STOP 停止進場,觀察,取消新進場，只保留觀察,只看續抱 / 減碼 / 停利 / 停損，不新增部位。,停止新進場，先保留現金，等待大盤止跌。,停止新進場，禁止顯示今日可進場。,False,False
2026-10-05,2026-10-05,收盤確認價,臺灣證券交易所 / 證券櫃檯買賣中心正式收盤；yfinance 歷史資料,只使用完整收盤日K，不使用盤中未完成K,上櫃,7714,創泓科技,169.5,172.0,168.5,168.8,168.9,168.7,168.26,146.32,-1.74,-0.88,False,105631,369955,17904454,64315169,3.92,False,True,28.83,一般K,,True,False,False,False,1,False,C級：已漲遠或接近目標，禁止追高,趨勢多頭,旗型整理突破,190.0,160.26,255.0,接近成形＋可觀察,193.8,190.0,193.8,199.61,184.3,4.9,低,-10.79,21.35,6.44,31.58,193.8,0.0,False,False,True,距離頸線或前高過遠，禁止追高,頸線以當日前20日高點計算；收盤站上頸線 190.0 至少2%；成交量>=20日均量2倍；不可長上影；回踩須有近10日突破紀錄且不有效跌破頸線；距離頸線>5%禁止進場,20,C,禁止追高,已漲遠或接近目標，空手不追；持有者依策略分批處理。,False,2026-10-05,True,True,STOP,STOP 停止進場,觀察,取消新進場，只保留觀察,只看續抱 / 減碼 / 停利 / 停損，不新增部位。,停止新進場，先保留現金，等待大盤止跌。,停止新進場，禁止顯示今日可進場。,False,False
2026-10-05,2026-10-05,收盤確認價,臺灣證券交易所 / 證券櫃檯買賣中心正式收盤；yfinance 歷史資料,只使用完整收盤日K，不使用盤中未完成K,上櫃,7728,光焱科技,636.0,646.0,627.0,640.8,613.4,620.1,611.91,608.09,-1.78,-1.4,False,35295,65997,22447620,40766380,3.38,False,True,26.67,一般K,,True,False,False,False,1,False,C級：已漲遠或接近目標，禁止追高,趨勢多頭,旗型整理突破,714.0,589.1,954.73,接近成形＋可觀察,728.28,714.0,728.28,750.13,692.58,4.9,低,-10.92,10.92,6.34,31.09,728.28,1.57,False,False,True,距離頸線或前高過遠，禁止追高,頸線以當日前20日高點計算；收盤站上頸線 714.0 至少2%；成交量>=20日均量2倍；不可長上影；回踩須有近10日突破紀錄且不有效跌破頸線；距離頸線>5%禁止進場,20,C,禁止追高,已漲遠或接近目標，空手不追；持有者依策略分批處理。,False,2026-10-05,True,True,STOP,STOP 停止進場,觀察,取消新進場，只保留觀察,只看續抱 / 減碼 / 停利 / 停損，不新增部位。,停止新進場，先保留現金，等待大盤止跌。,停止新進場，禁止顯示今日可進場。,False,False
2026-10-05,2026-10-05,收盤確認價,臺灣證券交易所 / 證券櫃檯買賣中心正式收盤；yfinance 歷史資料,只使用完整收盤日K，不使用盤中未完成K,上櫃,8093,保銳,24.85,25.95,24.85,24.57,24.37,25.02,23.39,21.7,24.25,-1.58,False,64155,31761,1594251,791940,2.62,False,True,32.24,一般K,,False,True,False,False,1,False,C級：已漲遠或接近目標，禁止追高,量能放大,旗型整理突破,27.2,23.77,36.2,接近成形＋可觀察,27.74,27.2,27.74,28.58,26.38,4.9,低,-8.64,14.16,6.22,30.48,27.74,2.82,False,False,True,距離頸線或前高過遠，禁止追高,頸線以當日前20日高點計算；收盤站上頸線 27.2 至少2%；成交量>=20日均量2倍；不可長上影；回踩須有近10日突破紀錄且不有效跌破頸線；距離頸線>5%禁止進場,20,C,禁止追高,已漲遠或接近目標，空手不追；持有者依策略分批處理。,False,2026-10-05,True,True,STOP,STOP 停止進場,觀察,取消新進場，只保留觀察,只看續抱 / 減碼 / 停利 / 停損，不新增部位。,停止新進場，先保留現金，等待大盤止跌。,停止新進場，禁止顯示今日可進場。,False,False
2026-10-05,2026-10-05,收盤確認價,臺灣證券交易所 / 證券櫃檯買賣中心正式收盤；yfinance 歷史資料,只使用完整收盤日K，不使用盤中未完成K,上櫃,3388,崇越電,84.6,87.2,84.1,84.08,83.06,83.43,81.82,76.62,3.55,0.12,False,565414,503373,47834024,42401632,2.15,False,True,52.63,一般K,,True,False,False,False,1,False,C級：已漲遠或接近目標，禁止追高,趨勢多頭,旗型整理突破,91.6,79.8,116.2,接近成形＋可觀察,93.43,91.6,93.43,96.23,88.85,4.9,低,-7.64,16.24,4.97,24.37,93.43,2.6,False,False,True,距離頸線或前高過遠，禁止追高,頸線以當日前20日高點計算；收盤站上頸線 91.6 至少2%；成交量>=20日均量2倍；不可長上影；回踩須有近10日突破紀錄且不有效跌破頸線；距離頸線>5%禁止進場,20,C,禁止追高,已漲遠或接近目標，空手不追；持有者依策略分批處理。,False,2026-10-05,True,True,STOP,STOP 停止進場,觀察,取消新進場，只保留觀察,只看續抱 / 減碼 / 停利 / 停損，不新增部位。,停止新進場，先保留現金，等待大盤止跌。,停止新進場，禁止顯示今日可進場。,False,False
2026-10-05,2026-10-05,收盤確認價,臺灣證券交易所 / 證券櫃檯買賣中心正式收盤；yfinance 歷史資料,只使用完整收盤日K，不使用盤中未完成K,上櫃,4706,大恭,35.7,35.7,34.7,34.55,34.16,34.9,33.33,31.06,11.74,2.88,False,22689,51299,809997,1839982,4.45,False,True,14.66,紅K突破,,True,False,False,False,1,False,C級：已漲遠或接近目標，禁止追高,趨勢多頭,接近成形,43.0,33.16,54.5,接近成形＋可觀察,43.86,43.0,43.86,45.18,41.71,4.9,低,-16.98,16.98,4.95,24.26,43.86,0.0,False,False,True,距離頸線或前高過遠，禁止追高,頸線以當日前20日高點計算；收盤站上頸線 43.0 至少2%；成交量>=20日均量2倍；不可長上影；回踩須有近10日突破紀錄且不有效跌破頸線；距離頸線>5%禁止進場,20,C,禁止追高,已漲遠或接近目標，空手不追；持有者依策略分批處理。,False,2026-10-05,True,True,STOP,STOP 停止進場,觀察,取消新進場，只保留觀察,只看續抱 / 減碼 / 停利 / 停損，不新增部位。,停止新進場，先保留現金，等待大盤止跌。,停止新進場，禁止顯示今日可進場。,False,False
2026-10-05,2026-10-05,收盤確認價,臺灣證券交易所 / 證券櫃檯買賣中心正式收盤；yfinance 歷史資料,只使用完整收盤日K，不使用盤中未完成K,上櫃,3548,兆利,75.6,77.2,75.6,76.74,77.79,79.2,77.89,87.92,-8.59,-2.07,False,523503,215689,39576826,17138437,2.13,False,True,14.36,一般K,,False,True,False,False,1,False,C級：已漲遠或接近目標，禁止追高,量能放大,三角收斂突破,88.7,76.0,111.6,接近成形＋可觀察,90.47,88.7,90.47,93.19,86.04,4.9,低,-14.77,18.53,4.76,23.35,90.47,0.0,False,False,True,距離頸線或前高過遠，禁止追高,頸線以當日前20日高點計算；收盤站上頸線 88.7 至少2%；成交量>=20日均量2倍；不可長上影；回踩須有近10日突破紀錄且不有效跌破頸線；距離頸線>5%禁止進場,20,C,禁止追高,已漲遠或接近目標，空手不追；持有者依策略分批處理。,False,2026-10-05,True,True,STOP,STOP 停止進場,觀察,取消新進場，只保留觀察,只看續抱 / 減碼 / 停利 / 停損，不新增部位。,停止新進場，先保留現金，等待大盤止跌。,停止新進場，禁止顯示今日可進場。,False,False
2026-10-05,2026-10-05,收盤確認價,臺灣證券交易所 / 證券櫃檯買賣中心正式收盤；yfinance 歷史資料,只使用完整收盤日K，不使用盤中未完成K,上櫃,7547,碩網,63.7,65.0,63.1,64.4,58.79,54.27,52.74,62.26,10.78,-0.62,False,92334,106340,5881675,6539359,3.38,False,True,34.87,一般K,,True,False,False,False,1,False,C級：已漲遠或接近目標，禁止追高,趨勢多頭,旗型整理突破,59.4,51.55,74.55,接近成形＋可觀察,60.59,59.4,60.59,62.41,57.62,4.9,低,7.24,6.32,4.7,23.04,60.59,0.31,True,False,True,距離頸線或前高過遠，禁止追高,頸線以當日前20日高點計算；收盤站上頸線 59.4 至少2%；成交量>=20日均量2倍；不可長上影；回踩須有近10日突破紀錄且不有效跌破頸線；距離頸線>5%禁止進場,20,C,禁止追高,已漲遠或接近目標，空手不追；持有者依策略分批處理。,False,2026-10-05,True,True,STOP,STOP 停止進場,觀察,取消新進場，只保留觀察,只看續抱 / 減碼 / 停利 / 停損，不新增部位。,停止新進場，先保留現金，等待大盤止跌。,停止新進場，禁止顯示今日可進場。,False,False
2026-10-05,2026-10-05,收盤確認價,臺灣證券交易所 / 證券櫃檯買賣中心正式收盤；yfinance 歷史資料,只使用完整收盤日K，不使用盤中未完成K,上櫃,4563,百德,54.0,54.0,51.9,52.76,50.82,47.76,42.74,46.36,29.19,1.5,False,195746,241818,10570284,11937137,2.08,False,True,63.4,紅K突破,,True,False,False,False,1,False,C級：已漲遠或接近目標，禁止追高,趨勢多頭,旗型整理突破,47.5,45.37,59.25,接近成形＋可觀察,48.45,47.5,48.45,49.9,46.07,4.9,低,13.68,0.74,4.55,22.29,48.45,0.0,True,False,True,距離頸線或前高過遠，禁止追高,頸線以當日前20日高點計算；收盤站上頸線 47.5 至少2%；成交量>=20日均量2倍；不可長上影；回踩須有近10日突破紀錄且不有效跌破頸線；距離頸線>5%禁止進場,20,C,禁止追高,已漲遠或接近目標，空手不追；持有者依策略分批處理。,False,2026-10-05,True,True,STOP,STOP 停止進場,接近目標,取消新進場，只保留觀察,只看續抱 / 減碼 / 停利 / 停損，不新增部位。,停止新進場，先保留現金，等待大盤止跌。,停止新進場，禁止顯示今日可進場。,False,False
2026-10-05,2026-10-05,收盤確認價,臺灣證券交易所 / 證券櫃檯買賣中心正式收盤；yfinance 歷史資料,只使用完整收盤日K，不使用盤中未完成K,上櫃,3625,西勝,10.4,11.4,10.05,11.02,11.27,11.72,14.21,17.97,-39.36,-6.73,False,1243656,219213,12934022,2482261,2.28,False,True,34.2,長黑,,False,True,False,False,1,False,C級：已漲遠或接近目標，禁止追高,量能放大,接近成形,13.5,11.14,16.8,接近成形＋可觀察,13.77,13.5,13.77,14.18,13.09,4.9,低,-22.96,48.39,4.49,22.0,13.77,0.0,False,False,True,距離頸線或前高過遠，禁止追高,頸線以當日前20日高點計算；收盤站上頸線 13.5 至少2%；成交量>=20日均量2倍；不可長上影；回踩須有近10日突破紀錄且不有效跌破頸線；距離頸線>5%禁止進場,20,C,禁止追高,已漲遠或接近目標，空手不追；持有者依策略分批處理。,False,2026-10-05,True,True,STOP,STOP 停止進場,觀察,取消新進場，只保留觀察,只看續抱 / 減碼 / 停利 / 停損，不新增部位。,停止新進場，先保留現金，等待大盤止跌。,停止新進場，禁止顯示今日可進場。,False,False
2026-10-05,2026-10-05,收盤確認價,臺灣證券交易所 / 證券櫃檯買賣中心正式收盤；yfinance 歷史資料,只使用完整收盤日K，不使用盤中未完成K,上櫃,4529,淳紳,3.3,3.3,3.28,3.33,3.35,3.49,3.83,3.93,-31.68,-1.2,False,21002,21565,69306,75509,1.42,False,True,70.68,紅K突破,電動車 車用 題材股,False,False,True,False,1,False,C級：已漲遠或接近目標，禁止追高,題材命中,接近成形,4.05,3.31,5.03,接近成形＋可觀察,4.13,4.05,4.13,4.25,3.93,4.9,低,-18.52,32.38,4.44,21.76,4.13,0.0,False,False,True,距離頸線或前高過遠，禁止追高,頸線以當日前20日高點計算；收盤站上頸線 4.05 至少2%；成交量>=20日均量2倍；不可長上影；回踩須有近10日突破紀錄且不有效跌破頸線；距離頸線>5%禁止進場,20,C,禁止追高,已漲遠或接近目標，空手不追；持有者依策略分批處理。,False,2026-10-05,True,True,STOP,STOP 停止進場,觀察,取消新進場，只保留觀察,只看續抱 / 減碼 / 停利 / 停損，不新增部位。,停止新進場，先保留現金，等待大盤止跌。,停止新進場，禁止顯示今日可進場。,False,False
2026-10-05,2026-10-05,收盤確認價,臺灣證券交易所 / 證券櫃檯買賣中心正式收盤；yfinance 歷史資料,只使用完整收盤日K，不使用盤中未完成K,上櫃,6418,詠昇,34.15,35.8,34.15,34.52,34.69,34.66,32.99,37.54,2.09,-1.44,False,207472,83909,7085168,2908532,1.42,False,True,28.12,一般K,,False,True,False,False,1,False,C級：已漲遠或接近目標，禁止追高,量能放大,三角收斂突破,36.6,32.92,45.2,接近成形＋可觀察,37.33,36.6,37.33,38.45,35.5,4.9,低,-6.69,13.43,4.3,21.08,37.33,3.51,False,False,True,距離頸線或前高過遠，禁止追高,頸線以當日前20日高點計算；收盤站上頸線 36.6 至少2%；成交量>=20日均量2倍；不可長上影；回踩須有近10日突破紀錄且不有效跌破頸線；距離頸線>5%禁止進場,20,C,禁止追高,已漲遠或接近目標，空手不追；持有者依策略分批處理。,False,2026-10-05,True,True,STOP,STOP 停止進場,觀察,取消新進場，只保留觀察,只看續抱 / 減碼 / 停利 / 停損，不新增部位。,停止新進場，先保留現金，等待大盤止跌。,停止新進場，禁止顯示今日可進場。,False,False
2026-10-05,2026-10-05,收盤確認價,臺灣證券交易所 / 證券櫃檯買賣中心正式收盤；yfinance 歷史資料,只使用完整收盤日K，不使用盤中未完成K,上櫃,6690,安碁資訊,177.0,177.5,174.0,176.9,178.9,175.0,167.27,168.97,6.31,0.57,False,168371,317793,29801667,57576050,3.11,False,True,59.31,下影線,,True,False,False,False,1,False,C級：已漲遠或接近目標，禁止追高,趨勢多頭,接近成形,201.0,166.25,247.0,接近成形＋可觀察,205.02,201.0,205.02,211.17,194.97,4.9,低,-11.94,11.94,4.18,20.48,205.02,0.0,False,False,True,距離頸線或前高過遠，禁止追高,頸線以當日前20日高點計算；收盤站上頸線 201.0 至少2%；成交量>=20日均量2倍；不可長上影；回踩須有近10日突破紀錄且不有效跌破頸線；距離頸線>5%禁止進場,20,C,禁止追高,已漲遠或接近目標，空手不追；持有者依策略分批處理。,False,2026-10-05,True,True,STOP,STOP 停止進場,觀察,取消新進場，只保留觀察,只看續抱 / 減碼 / 停利 / 停損，不新增部位。,停止新進場，先保留現金，等待大盤止跌。,停止新進場，禁止顯示今日可進場。,False,False
2026-10-05,2026-10-05,收盤確認價,臺灣證券交易所 / 證券櫃檯買賣中心正式收盤；yfinance 歷史資料,只使用完整收盤日K，不使用盤中未完成K,上櫃,6486,互動,78.0,79.2,75.8,80.28,80.68,80.9,78.02,80.75,-6.14,-3.58,False,471930,120879,36810540,9769699,1.07,False,True,43.76,下影線,,False,True,False,False,1,False,C級：已漲遠或接近目標，禁止追高,量能放大,三角收斂突破,92.6,79.6,112.1,接近成形＋可觀察,94.45,92.6,94.45,97.29,89.82,4.9,低,-15.77,15.77,3.81,18.68,94.45,0.26,False,False,True,距離頸線或前高過遠，禁止追高,頸線以當日前20日高點計算；收盤站上頸線 92.6 至少2%；成交量>=20日均量2倍；不可長上影；回踩須有近10日突破紀錄且不有效跌破頸線；距離頸線>5%禁止進場,20,C,禁止追高,已漲遠或接近目標，空手不追；持有者依策略分批處理。,False,2026-10-05,True,True,STOP,STOP 停止進場,觀察,取消新進場，只保留觀察,只看續抱 / 減碼 / 停利 / 停損，不新增部位。,停止新進場，先保留現金，等待大盤止跌。,停止新進場，禁止顯示今日可進場。,False,False
2026-10-05,2026-10-05,收盤確認價,臺灣證券交易所 / 證券櫃檯買賣中心正式收盤；yfinance 歷史資料,只使用完整收盤日K，不使用盤中未完成K,上櫃,5230,雷笛克光學,22.35,23.15,22.35,22.55,22.14,20.31,18.8,17.99,8.76,0.45,False,532697,1023013,11905777,21838169,3.71,False,True,70.01,一般K,,True,False,False,False,1,False,C級：已漲遠或接近目標，禁止追高,趨勢多頭,旗型整理突破,20.55,19.29,24.85,接近成形＋可觀察,20.96,20.55,20.96,21.59,19.93,4.9,低,8.76,7.26,3.78,18.55,20.96,0.89,True,False,True,距離頸線或前高過遠，禁止追高,頸線以當日前20日高點計算；收盤站上頸線 20.55 至少2%；成交量>=20日均量2倍；不可長上影；回踩須有近10日突破紀錄且不有效跌破頸線；距離頸線>5%禁止進場,20,C,禁止追高,已漲遠或接近目標，空手不追；持有者依策略分批處理。,False,2026-10-05,True,True,STOP,STOP 停止進場,觀察,取消新進場，只保留觀察,只看續抱 / 減碼 / 停利 / 停損，不新增部位。,停止新進場，先保留現金，等待大盤止跌。,停止新進場，禁止顯示今日可進場。,False,False
2026-10-05,2026-10-05,收盤確認價,臺灣證券交易所 / 證券櫃檯買賣中心正式收盤；yfinance 歷史資料,只使用完整收盤日K，不使用盤中未完成K,上櫃,5310,天剛,29.7,29.85,28.35,28.62,27.23,25.84,25.17,27.3,24.79,0.34,False,52829,54809,1569021,1522388,3.39,False,True,39.99,紅K突破,,True,False,False,False,1,False,C級：已漲遠或接近目標，禁止追高,趨勢多頭,接近成形,27.95,24.55,33.4,接近成形＋可觀察,28.51,27.95,28.51,29.36,27.11,4.9,低,6.26,0.67,3.5,17.16,28.51,0.51,True,False,True,距離頸線或前高過遠，禁止追高,頸線以當日前20日高點計算；收盤站上頸線 27.95 至少2%；成交量>=20日均量2倍；不可長上影；回踩須有近10日突破紀錄且不有效跌破頸線；距離頸線>5%禁止進場,20,C,禁止追高,已漲遠或接近目標，空手不追；持有者依策略分批處理。,False,2026-10-05,True,True,STOP,STOP 停止進場,觀察,取消新進場，只保留觀察,只看續抱 / 減碼 / 停利 / 停損，不新增部位。,停止新進場，先保留現金，等待大盤止跌。,停止新進場，禁止顯示今日可進場。,False,False
2026-10-05,2026-10-05,收盤確認價,臺灣證券交易所 / 證券櫃檯買賣中心正式收盤；yfinance 歷史資料,只使用完整收盤日K，不使用盤中未完成K,上櫃,4113,聯上,14.8,15.25,14.7,15.24,15.41,15.54,15.04,18.09,-1.66,-2.63,False,824710,285558,12205708,4396507,1.59,False,True,39.13,一般K,,False,True,False,False,1,False,C級：已漲遠或接近目標，禁止追高,量能放大,三角收斂突破,17.35,14.85,20.7,接近成形＋可觀察,17.7,17.35,17.7,18.23,16.83,4.9,低,-14.7,14.7,3.46,16.97,17.7,0.0,False,False,True,距離頸線或前高過遠，禁止追高,頸線以當日前20日高點計算；收盤站上頸線 17.35 至少2%；成交量>=20日均量2倍；不可長上影；回踩須有近10日突破紀錄且不有效跌破頸線；距離頸線>5%禁止進場,20,C,禁止追高,已漲遠或接近目標，空手不追；持有者依策略分批處理。,False,2026-10-05,True,True,STOP,STOP 停止進場,觀察,取消新進場，只保留觀察,只看續抱 / 減碼 / 停利 / 停損，不新增部位。,停止新進場，先保留現金，等待大盤止跌。,停止新進場，禁止顯示今日可進場。,False,False
2026-10-05,2026-10-05,收盤確認價,臺灣證券交易所 / 證券櫃檯買賣中心正式收盤；yfinance 歷史資料,只使用完整收盤日K，不使用盤中未完成K,上櫃,6735,美達科技,66.3,67.8,66.3,66.56,65.09,63.2,65.04,72.88,-17.23,-1.78,False,71620,67252,4748406,4273883,1.9,False,True,35.28,一般K,半導體設備 材料 設備,False,False,True,False,1,False,C級：已漲遠或接近目標，禁止追高,題材命中,接近成形,69.9,60.04,83.3,接近成形＋可觀察,71.3,69.9,71.3,73.44,67.8,4.9,低,-5.15,17.23,3.43,16.83,71.3,0.3,False,False,True,距離頸線或前高過遠，禁止追高,頸線以當日前20日高點計算；收盤站上頸線 69.9 至少2%；成交量>=20日均量2倍；不可長上影；回踩須有近10日突破紀錄且不有效跌破頸線；距離頸線>5%禁止進場,20,C,禁止追高,已漲遠或接近目標，空手不追；持有者依策略分批處理。,False,2026-10-05,True,True,STOP,STOP 停止進場,觀察,取消新進場，只保留觀察,只看續抱 / 減碼 / 停利 / 停損，不新增部位。,停止新進場，先保留現金，等待大盤止跌。,停止新進場，禁止顯示今日可進場。,False,False
2026-10-05,2026-10-05,收盤確認價,臺灣證券交易所 / 證券櫃檯買賣中心正式收盤；yfinance 歷史資料,只使用完整收盤日K，不使用盤中未完成K,上櫃,6130,上亞科技,22.55,23.7,22.25,23.45,23.57,24.12,25.52,31.8,-13.93,-4.45,False,581021,140716,13102023,3353685,1.91,False,True,81.54,長黑,,False,True,False,False,1,False,C級：已漲遠或接近目標，禁止追高,量能放大,接近成形,27.45,23.2,32.4,接近成形＋可觀察,28.0,27.45,28.0,28.84,26.63,4.9,低,-17.85,26.07,3.21,15.72,28.0,0.0,False,False,True,距離頸線或前高過遠，禁止追高,頸線以當日前20日高點計算；收盤站上頸線 27.45 至少2%；成交量>=20日均量2倍；不可長上影；回踩須有近10日突破紀錄且不有效跌破頸線；距離頸線>5%禁止進場,20,C,禁止追高,已漲遠或接近目標，空手不追；持有者依策略分批處理。,False,2026-10-05,True,True,STOP,STOP 停止進場,觀察,取消新進場，只保留觀察,只看續抱 / 減碼 / 停利 / 停損，不新增部位。,停止新進場，先保留現金，等待大盤止跌。,停止新進場，禁止顯示今日可進場。,False,False
2026-10-05,2026-10-05,收盤確認價,臺灣證券交易所 / 證券櫃檯買賣中心正式收盤；yfinance 歷史資料,只使用完整收盤日K，不使用盤中未完成K,上櫃,9960,邁達康,38.05,38.9,37.85,39.25,37.24,34.04,32.39,27.12,13.58,0.13,False,13128,69507,499520,2489861,4.32,False,True,40.37,一般K,,True,False,False,False,1,False,C級：已漲遠或接近目標，禁止追高,趨勢多頭,接近成形,35.35,32.34,41.65,接近成形＋可觀察,36.06,35.35,36.06,37.14,34.29,4.9,低,7.64,9.3,3.16,15.51,36.06,2.23,True,False,True,距離頸線或前高過遠，禁止追高,頸線以當日前20日高點計算；收盤站上頸線 35.35 至少2%；成交量>=20日均量2倍；不可長上影；回踩須有近10日突破紀錄且不有效跌破頸線；距離頸線>5%禁止進場,20,C,禁止追高,已漲遠或接近目標，空手不追；持有者依策略分批處理。,False,2026-10-05,True,True,STOP,STOP 停止進場,接近目標,取消新進場，只保留觀察,只看續抱 / 減碼 / 停利 / 停損，不新增部位。,停止新進場，先保留現金，等待大盤止跌。,停止新進場，禁止顯示今日可進場。,False,False
2026-10-05,2026-10-05,收盤確認價,臺灣證券交易所 / 證券櫃檯買賣中心正式收盤；yfinance 歷史資料,只使用完整收盤日K，不使用盤中未完成K,上櫃,4907,富宇,42.8,45.2,42.0,44.52,44.93,44.67,44.42,41.82,3.51,-3.82,False,186943,74255,8001160,3299115,1.82,False,True,28.88,一般K,,False,True,False,False,1,False,C級：已漲遠或接近目標，禁止追高,量能放大,三角收斂突破,47.75,43.1,56.25,接近成形＋可觀察,48.7,47.75,48.7,50.17,46.32,4.9,低,-10.37,12.65,3.16,15.49,48.7,1.64,False,False,True,距離頸線或前高過遠，禁止追高,頸線以當日前20日高點計算；收盤站上頸線 47.75 至少2%；成交量>=20日均量2倍；不可長上影；回踩須有近10日突破紀錄且不有效跌破頸線；距離頸線>5%禁止進場,20,C,禁止追高,已漲遠或接近目標，空手不追；持有者依策略分批處理。,False,2026-10-05,True,True,STOP,STOP 停止進場,觀察,取消新進場，只保留觀察,只看續抱 / 減碼 / 停利 / 停損，不新增部位。,停止新進場，先保留現金，等待大盤止跌。,停止新進場，禁止顯示今日可進場。,False,False
2026-10-05,2026-10-05,收盤確認價,臺灣證券交易所 / 證券櫃檯買賣中心正式收盤；yfinance 歷史資料,只使用完整收盤日K，不使用盤中未完成K,上櫃,3064,泰偉,14.3,15.8,14.25,16.05,16.6,16.99,18.3,31.47,-25.52,-9.49,False,17547,1566,250922,23864,3.41,False,True,81.88,長黑,,False,True,False,False,1,False,C級：已漲遠或接近目標，禁止追高,量能放大,接近成形,18.95,16.14,22.15,接近成形＋可觀察,19.33,18.95,19.33,19.91,18.38,4.9,低,-24.54,27.04,2.98,14.59,19.33,0.0,False,False,True,距離頸線或前高過遠，禁止追高,頸線以當日前20日高點計算；收盤站上頸線 18.95 至少2%；成交量>=20日均量2倍；不可長上影；回踩須有近10日突破紀錄且不有效跌破頸線；距離頸線>5%禁止進場,20,C,禁止追高,已漲遠或接近目標，空手不追；持有者依策略分批處理。,False,2026-10-05,True,True,STOP,STOP 停止進場,觀察,取消新進場，只保留觀察,只看續抱 / 減碼 / 停利 / 停損，不新增部位。,停止新進場，先保留現金，等待大盤止跌。,停止新進場，禁止顯示今日可進場。,False,False
2026-10-05,2026-10-05,收盤確認價,臺灣證券交易所 / 證券櫃檯買賣中心正式收盤；yfinance 歷史資料,只使用完整收盤日K，不使用盤中未完成K,上市,2321,東訊,25.35,25.5,25.35,24.8,25.15,26.14,27.12,28.18,0.1,-1.93,False,36405,5849,922866,148566,4.29,False,True,41.26,一般K,,False,True,False,False,1,False,C級：已漲遠或接近目標，禁止追高,量能放大,接近成形,28.16,24.84,32.82,接近成形＋可觀察,28.72,28.16,28.72,29.58,27.32,4.9,低,-9.98,16.99,2.91,14.26,28.72,0.0,False,False,True,距離頸線或前高過遠，禁止追高,頸線以當日前20日高點計算；收盤站上頸線 28.16 至少2%；成交量>=20日均量2倍；不可長上影；回踩須有近10日突破紀錄且不有效跌破頸線；距離頸線>5%禁止進場,20,C,禁止追高,已漲遠或接近目標，空手不追；持有者依策略分批處理。,False,2026-10-05,True,True,STOP,STOP 停止進場,觀察,取消新進場，只保留觀察,只看續抱 / 減碼 / 停利 / 停損，不新增部位。,停止新進場，先保留現金，等待大盤止跌。,停止新進場，禁止顯示今日可進場。,False,False
2026-10-05,2026-10-05,收盤確認價,臺灣證券交易所 / 證券櫃檯買賣中心正式收盤；yfinance 歷史資料,只使用完整收盤日K，不使用盤中未完成K,上櫃,8087,麗升能源,24.0,24.0,23.9,23.48,23.77,24.66,26.81,31.75,-23.81,0.0,False,209879,30663,5037096,734843,3.05,False,True,42.75,一般K,,False,True,False,False,1,False,C級：已漲遠或接近目標，禁止追高,量能放大,接近成形,27.0,23.43,31.4,接近成形＋可觀察,27.54,27.0,27.54,28.37,26.19,4.9,低,-11.11,23.81,2.86,14.02,27.54,0.0,False,False,True,距離頸線或前高過遠，禁止追高,頸線以當日前20日高點計算；收盤站上頸線 27.0 至少2%；成交量>=20日均量2倍；不可長上影；回踩須有近10日突破紀錄且不有效跌破頸線；距離頸線>5%禁止進場,20,C,禁止追高,已漲遠或接近目標，空手不追；持有者依策略分批處理。,False,2026-10-05,True,True,STOP,STOP 停止進場,觀察,取消新進場，只保留觀察,只看續抱 / 減碼 / 停利 / 停損，不新增部位。,停止新進場，先保留現金，等待大盤止跌。,停止新進場，禁止顯示今日可進場。,False,False
2026-10-05,2026-10-05,收盤確認價,臺灣證券交易所 / 證券櫃檯買賣中心正式收盤；yfinance 歷史資料,只使用完整收盤日K，不使用盤中未完成K,上櫃,4995,晶達,47.3,48.8,46.35,49.34,49.84,50.18,48.97,44.26,2.71,-3.07,False,98206,29714,4645143,1478744,1.33,False,True,12.68,一般K,,False,True,False,False,1,False,C級：已漲遠或接近目標，禁止追高,量能放大,三角收斂突破,52.6,48.0,61.05,接近成形＋可觀察,53.65,52.6,53.65,55.26,51.02,4.9,低,-10.08,10.08,2.81,13.79,53.65,0.0,False,False,True,距離頸線或前高過遠，禁止追高,頸線以當日前20日高點計算；收盤站上頸線 52.6 至少2%；成交量>=20日均量2倍；不可長上影；回踩須有近10日突破紀錄且不有效跌破頸線；距離頸線>5%禁止進場,20,C,禁止追高,已漲遠或接近目標，空手不追；持有者依策略分批處理。,False,2026-10-05,True,True,STOP,STOP 停止進場,觀察,取消新進場，只保留觀察,只看續抱 / 減碼 / 停利 / 停損，不新增部位。,停止新進場，先保留現金，等待大盤止跌。,停止新進場，禁止顯示今日可進場。,False,False
2026-10-05,2026-10-05,收盤確認價,臺灣證券交易所 / 證券櫃檯買賣中心正式收盤；yfinance 歷史資料,只使用完整收盤日K，不使用盤中未完成K,上櫃,8024,佑華,12.4,12.65,12.2,12.47,12.58,12.74,13.84,13.19,-26.19,-0.8,False,101338,46684,1256591,593824,1.16,False,True,18.77,一般K,,False,True,False,False,1,False,C級：已漲遠或接近目標，禁止追高,量能放大,三角收斂突破,13.8,12.11,16.0,接近成形＋可觀察,14.08,13.8,14.08,14.5,13.39,4.9,低,-10.14,30.34,2.79,13.67,14.08,0.0,False,False,True,距離頸線或前高過遠，禁止追高,頸線以當日前20日高點計算；收盤站上頸線 13.8 至少2%；成交量>=20日均量2倍；不可長上影；回踩須有近10日突破紀錄且不有效跌破頸線；距離頸線>5%禁止進場,20,C,禁止追高,已漲遠或接近目標，空手不追；持有者依策略分批處理。,False,2026-10-05,True,True,STOP,STOP 停止進場,觀察,取消新進場，只保留觀察,只看續抱 / 減碼 / 停利 / 停損，不新增部位。,停止新進場，先保留現金，等待大盤止跌。,停止新進場，禁止顯示今日可進場。,False,False
2026-10-05,2026-10-05,收盤確認價,臺灣證券交易所 / 證券櫃檯買賣中心正式收盤；yfinance 歷史資料,只使用完整收盤日K，不使用盤中未完成K,上櫃,4951,精拓科,90.1,92.3,89.8,90.6,91.83,86.4,81.79,81.38,2.15,-0.88,False,225372,563320,20306017,50755073,4.0,False,True,69.79,一般K,,True,False,False,False,1,False,C級：已漲遠或接近目標，禁止追高,趨勢多頭,接近成形,85.0,82.08,98.0,接近成形＋可觀察,86.7,85.0,86.7,89.3,82.45,4.9,低,6.0,17.72,2.66,13.03,86.7,1.33,True,False,True,距離頸線或前高過遠，禁止追高,頸線以當日前20日高點計算；收盤站上頸線 85.0 至少2%；成交量>=20日均量2倍；不可長上影；回踩須有近10日突破紀錄且不有效跌破頸線；距離頸線>5%禁止進場,20,C,禁止追高,已漲遠或接近目標，空手不追；持有者依策略分批處理。,False,2026-10-05,True,True,STOP,STOP 停止進場,接近目標,取消新進場，只保留觀察,只看續抱 / 減碼 / 停利 / 停損，不新增部位。,停止新進場，先保留現金，等待大盤止跌。,停止新進場，禁止顯示今日可進場。,False,False
2026-10-05,2026-10-05,收盤確認價,臺灣證券交易所 / 證券櫃檯買賣中心正式收盤；yfinance 歷史資料,只使用完整收盤日K，不使用盤中未完成K,上櫃,3122,笙泉,23.35,24.2,23.3,23.95,24.04,24.21,25.28,26.42,-22.55,-3.51,False,57105,39585,1333401,958153,1.67,False,True,29.17,一般K,IC設計 半導體 MCU,False,False,True,False,1,False,C級：已漲遠或接近目標，禁止追高,題材命中,接近成形,25.55,23.0,29.15,接近成形＋可觀察,26.06,25.55,26.06,26.84,24.78,4.9,低,-8.61,22.55,2.42,11.85,26.06,0.0,False,False,True,距離頸線或前高過遠，禁止追高,頸線以當日前20日高點計算；收盤站上頸線 25.55 至少2%；成交量>=20日均量2倍；不可長上影；回踩須有近10日突破紀錄且不有效跌破頸線；距離頸線>5%禁止進場,20,C,禁止追高,已漲遠或接近目標，空手不追；持有者依策略分批處理。,False,2026-10-05,True,True,STOP,STOP 停止進場,觀察,取消新進場，只保留觀察,只看續抱 / 減碼 / 停利 / 停損，不新增部位。,停止新進場，先保留現金，等待大盤止跌。,停止新進場，禁止顯示今日可進場。,False,False
2026-10-05,2026-10-05,收盤確認價,臺灣證券交易所 / 證券櫃檯買賣中心正式收盤；yfinance 歷史資料,只使用完整收盤日K，不使用盤中未完成K,上櫃,8390,金益鼎,89.0,91.0,88.8,89.92,90.4,92.11,95.55,94.27,-13.17,-1.66,False,706462,318901,62875118,29369926,1.51,False,True,44.81,一般K,,False,True,False,False,1,False,C級：已漲遠或接近目標，禁止追高,量能放大,三角收斂突破,99.2,89.0,112.9,接近成形＋可觀察,101.18,99.2,101.18,104.22,96.22,4.9,低,-10.28,15.24,2.36,11.58,101.18,0.34,False,False,True,距離頸線或前高過遠，禁止追高,頸線以當日前20日高點計算；收盤站上頸線 99.2 至少2%；成交量>=20日均量2倍；不可長上影；回踩須有近10日突破紀錄且不有效跌破頸線；距離頸線>5%禁止進場,20,C,禁止追高,已漲遠或接近目標，空手不追；持有者依策略分批處理。,False,2026-10-05,True,True,STOP,STOP 停止進場,觀察,取消新進場，只保留觀察,只看續抱 / 減碼 / 停利 / 停損，不新增部位。,停止新進場，先保留現金，等待大盤止跌。,停止新進場，禁止顯示今日可進場。,False,False
2026-10-05,2026-10-05,收盤確認價,臺灣證券交易所 / 證券櫃檯買賣中心正式收盤；yfinance 歷史資料,只使用完整收盤日K，不使用盤中未完成K,上櫃,6996,力領科技,165.5,170.0,165.5,168.5,169.6,170.53,175.43,169.86,-15.13,-2.36,False,130382,52685,21578221,8945110,2.06,False,True,23.99,一般K,,False,True,False,False,1,False,C級：已漲遠或接近目標，禁止追高,量能放大,三角收斂突破,187.0,164.0,212.0,接近成形＋可觀察,190.74,187.0,190.74,196.46,181.39,4.9,低,-11.5,15.35,2.27,11.15,190.74,0.0,False,False,True,距離頸線或前高過遠，禁止追高,頸線以當日前20日高點計算；收盤站上頸線 187.0 至少2%；成交量>=20日均量2倍；不可長上影；回踩須有近10日突破紀錄且不有效跌破頸線；距離頸線>5%禁止進場,20,C,禁止追高,已漲遠或接近目標，空手不追；持有者依策略分批處理。,False,2026-10-05,True,True,STOP,STOP 停止進場,觀察,取消新進場，只保留觀察,只看續抱 / 減碼 / 停利 / 停損，不新增部位。,停止新進場，先保留現金，等待大盤止跌。,停止新進場，禁止顯示今日可進場。,False,False
2026-10-05,2026-10-05,收盤確認價,臺灣證券交易所 / 證券櫃檯買賣中心正式收盤；yfinance 歷史資料,只使用完整收盤日K，不使用盤中未完成K,上櫃,7642,昶瑞機電,67.5,69.7,66.5,68.3,68.93,71.25,76.36,78.23,-11.07,-1.89,False,42617,21241,2876647,1488742,1.95,False,True,36.81,一般K,,False,True,False,False,1,False,C級：已漲遠或接近目標，禁止追高,量能放大,三角收斂突破,77.7,67.69,88.0,接近成形＋可觀察,79.25,77.7,79.25,81.63,75.37,4.9,低,-13.13,21.6,2.25,11.04,79.25,0.0,False,False,True,距離頸線或前高過遠，禁止追高,頸線以當日前20日高點計算；收盤站上頸線 77.7 至少2%；成交量>=20日均量2倍；不可長上影；回踩須有近10日突破紀錄且不有效跌破頸線；距離頸線>5%禁止進場,20,C,禁止追高,已漲遠或接近目標，空手不追；持有者依策略分批處理。,False,2026-10-05,True,True,STOP,STOP 停止進場,觀察,取消新進場，只保留觀察,只看續抱 / 減碼 / 停利 / 停損，不新增部位。,停止新進場，先保留現金，等待大盤止跌。,停止新進場，禁止顯示今日可進場。,False,False
2026-10-05,2026-10-05,收盤確認價,臺灣證券交易所 / 證券櫃檯買賣中心正式收盤；yfinance 歷史資料,只使用完整收盤日K，不使用盤中未完成K,上櫃,4806,桂田文創,12.1,13.2,12.1,14.02,14.16,13.53,13.78,15.34,-17.01,-9.7,False,86473,15282,1046323,199476,3.97,False,True,37.02,長黑,,False,True,False,False,1,False,C級：已漲遠或接近目標，禁止追高,量能放大,接近成形,13.58,12.86,15.34,接近成形＋可觀察,13.85,13.58,13.85,14.27,13.17,4.9,低,-10.89,18.6,2.19,10.73,13.85,0.0,True,False,True,距離頸線或前高過遠，禁止追高,頸線以當日前20日高點計算；收盤站上頸線 13.58 至少2%；成交量>=20日均量2倍；不可長上影；回踩須有近10日突破紀錄且不有效跌破頸線；距離頸線>5%禁止進場,20,C,禁止追高,已漲遠或接近目標，空手不追；持有者依策略分批處理。,False,2026-10-05,True,True,STOP,STOP 停止進場,觀察,取消新進場，只保留觀察,只看續抱 / 減碼 / 停利 / 停損，不新增部位。,停止新進場，先保留現金，等待大盤止跌。,停止新進場，禁止顯示今日可進場。,False,False
2026-10-05,2026-10-05,收盤確認價,臺灣證券交易所 / 證券櫃檯買賣中心正式收盤；yfinance 歷史資料,只使用完整收盤日K，不使用盤中未完成K,上櫃,4716,大立,19.05,19.65,18.35,17.8,17.37,17.12,17.7,16.44,-16.63,0.53,False,5591635,947463,106520646,17036070,2.46,False,True,24.19,下影線,,False,True,False,False,1,False,C級：已漲遠或接近目標，禁止追高,量能放大,三角收斂突破,17.7,16.3,19.9,接近成形＋可觀察,18.05,17.7,18.05,18.6,17.17,4.9,低,7.63,18.24,2.09,10.22,18.05,3.15,True,True,True,接近目標區，只給持有者分批停利參考，空手不追高,頸線以當日前20日高點計算；收盤站上頸線 17.7 至少2%；成交量>=20日均量2倍；不可長上影；回踩須有近10日突破紀錄且不有效跌破頸線；距離頸線>5%禁止進場,20,C,禁止追高,已漲遠或接近目標，空手不追；持有者依策略分批處理。,False,2026-10-05,True,True,STOP,STOP 停止進場,接近目標,取消新進場，只保留觀察,只看續抱 / 減碼 / 停利 / 停損，不新增部位。,停止新進場，先保留現金，等待大盤止跌。,停止新進場，禁止顯示今日可進場。,False,False
2026-10-05,2026-10-05,收盤確認價,臺灣證券交易所 / 證券櫃檯買賣中心正式收盤；yfinance 歷史資料,只使用完整收盤日K，不使用盤中未完成K,上櫃,7715,裕山,26.95,27.9,26.95,27.91,27.85,28.07,30.93,30.88,-20.74,-4.6,False,193595,53845,5217385,1498729,1.75,False,True,40.93,一般K,,False,True,False,False,1,False,C級：已漲遠或接近目標，禁止追高,量能放大,三角收斂突破,30.35,26.7,34.0,接近成形＋可觀察,30.96,30.35,30.96,31.89,29.44,4.9,低,-11.2,28.51,2.01,9.83,30.96,0.0,False,False,True,距離頸線或前高過遠，禁止追高,頸線以當日前20日高點計算；收盤站上頸線 30.35 至少2%；成交量>=20日均量2倍；不可長上影；回踩須有近10日突破紀錄且不有效跌破頸線；距離頸線>5%禁止進場,20,C,禁止追高,已漲遠或接近目標，空手不追；持有者依策略分批處理。,False,2026-10-05,True,True,STOP,STOP 停止進場,觀察,取消新進場，只保留觀察,只看續抱 / 減碼 / 停利 / 停損，不新增部位。,停止新進場，先保留現金，等待大盤止跌。,停止新進場，禁止顯示今日可進場。,False,False
2026-10-05,2026-10-05,收盤確認價,臺灣證券交易所 / 證券櫃檯買賣中心正式收盤；yfinance 歷史資料,只使用完整收盤日K，不使用盤中未完成K,上櫃,8084,巨虹,19.65,19.65,19.65,24.46,31.53,37.55,43.26,48.73,-59.4,-9.86,False,146467,755396,2878076,26856750,4.61,False,True,71.39,資料不足,,False,False,False,False,0,False,C級：已漲遠或接近目標，禁止追高,條件不足,接近成形,49.0,35.67,76.2,接近成形＋可觀察,49.98,49.0,49.98,51.48,47.53,4.9,低,-59.9,64.85,10.7,52.46,49.98,0.0,False,False,True,距離頸線或前高過遠，禁止追高,頸線以當日前20日高點計算；收盤站上頸線 49.0 至少2%；成交量>=20日均量2倍；不可長上影；回踩須有近10日突破紀錄且不有效跌破頸線；距離頸線>5%禁止進場,20,C,禁止追高,已漲遠或接近目標，空手不追；持有者依策略分批處理。,False,2026-10-05,True,True,STOP,STOP 停止進場,觀察,取消新進場，只保留觀察,只看續抱 / 減碼 / 停利 / 停損，不新增部位。,停止新進場，先保留現金，等待大盤止跌。,停止新進場，禁止顯示今日可進場。,False,False
2026-10-05,2026-10-05,收盤確認價,臺灣證券交易所 / 證券櫃檯買賣中心正式收盤；yfinance 歷史資料,只使用完整收盤日K，不使用盤中未完成K,上櫃,6872,浩宇生醫,22.5,23.95,22.0,23.33,23.03,22.87,17.98,18.7,35.14,-2.6,False,124565,382191,2802712,9104138,6.66,False,True,38.67,長黑,,False,False,False,False,0,False,C級：已漲遠或接近目標，禁止追高,條件不足,接近成形,27.05,21.72,40.3,接近成形＋可觀察,27.59,27.05,27.59,28.42,26.24,4.9,低,-16.82,16.82,9.4,46.06,27.59,0.0,False,False,True,距離頸線或前高過遠，禁止追高,頸線以當日前20日高點計算；收盤站上頸線 27.05 至少2%；成交量>=20日均量2倍；不可長上影；回踩須有近10日突破紀錄且不有效跌破頸線；距離頸線>5%禁止進場,20,C,禁止追高,已漲遠或接近目標，空手不追；持有者依策略分批處理。,False,2026-10-05,True,True,STOP,STOP 停止進場,觀察,取消新進場，只保留觀察,只看續抱 / 減碼 / 停利 / 停損，不新增部位。,停止新進場，先保留現金，等待大盤止跌。,停止新進場，禁止顯示今日可進場。,False,False
2026-10-05,2026-10-05,收盤確認價,臺灣證券交易所 / 證券櫃檯買賣中心正式收盤；yfinance 歷史資料,只使用完整收盤日K，不使用盤中未完成K,上櫃,3664,安瑞-KY,8.0,8.0,7.68,8.58,8.58,8.08,6.96,11.37,0.0,-3.73,False,15045,45002,120360,374020,5.63,False,True,18.59,紅K突破,,False,False,False,False,0,False,C級：已漲遠或接近目標，禁止追高,條件不足,接近成形,9.17,7.67,13.14,接近成形＋可觀察,9.35,9.17,9.35,9.63,8.89,4.9,低,-12.76,12.76,8.26,40.48,9.35,0.0,False,False,True,距離頸線或前高過遠，禁止追高,頸線以當日前20日高點計算；收盤站上頸線 9.17 至少2%；成交量>=20日均量2倍；不可長上影；回踩須有近10日突破紀錄且不有效跌破頸線；距離頸線>5%禁止進場,20,C,禁止追高,已漲遠或接近目標，空手不追；持有者依策略分批處理。,False,2026-10-05,True,True,STOP,STOP 停止進場,觀察,取消新進場，只保留觀察,只看續抱 / 減碼 / 停利 / 停損，不新增部位。,停止新進場，先保留現金，等待大盤止跌。,停止新進場，禁止顯示今日可進場。,False,False
2026-10-05,2026-10-05,收盤確認價,臺灣證券交易所 / 證券櫃檯買賣中心正式收盤；yfinance 歷史資料,只使用完整收盤日K，不使用盤中未完成K,上櫃,4188,安克,13.85,14.2,13.75,14.08,14.07,14.13,12.06,13.07,29.44,-1.77,False,66363,245191,919127,3521229,4.88,False,True,20.23,一般K,,False,False,False,False,0,False,C級：已漲遠或接近目標，禁止追高,條件不足,接近成形,15.9,13.42,22.74,接近成形＋可觀察,16.22,15.9,16.22,16.7,15.42,4.9,低,-12.89,21.53,8.2,40.21,16.22,0.0,False,False,True,距離頸線或前高過遠，禁止追高,頸線以當日前20日高點計算；收盤站上頸線 15.9 至少2%；成交量>=20日均量2倍；不可長上影；回踩須有近10日突破紀錄且不有效跌破頸線；距離頸線>5%禁止進場,20,C,禁止追高,已漲遠或接近目標，空手不追；持有者依策略分批處理。,False,2026-10-05,True,True,STOP,STOP 停止進場,觀察,取消新進場，只保留觀察,只看續抱 / 減碼 / 停利 / 停損，不新增部位。,停止新進場，先保留現金，等待大盤止跌。,停止新進場，禁止顯示今日可進場。,False,False
2026-10-05,2026-10-05,收盤確認價,臺灣證券交易所 / 證券櫃檯買賣中心正式收盤；yfinance 歷史資料,只使用完整收盤日K，不使用盤中未完成K,上櫃,6103,合邦,35.9,36.9,34.0,37.97,37.84,35.46,33.21,36.47,17.32,-2.84,False,20030,43895,719077,1651999,7.18,False,True,23.78,下影線,,False,False,False,False,0,False,C級：已漲遠或接近目標，禁止追高,條件不足,接近成形,45.0,33.68,64.35,接近成形＋可觀察,45.9,45.0,45.9,47.28,43.65,4.9,低,-20.22,23.62,8.2,40.2,45.9,0.0,False,False,True,距離頸線或前高過遠，禁止追高,頸線以當日前20日高點計算；收盤站上頸線 45.0 至少2%；成交量>=20日均量2倍；不可長上影；回踩須有近10日突破紀錄且不有效跌破頸線；距離頸線>5%禁止進場,20,C,禁止追高,已漲遠或接近目標，空手不追；持有者依策略分批處理。,False,2026-10-05,True,True,STOP,STOP 停止進場,觀察,取消新進場，只保留觀察,只看續抱 / 減碼 / 停利 / 停損，不新增部位。,停止新進場，先保留現金，等待大盤止跌。,停止新進場，禁止顯示今日可進場。,False,False
2026-10-05,2026-10-05,收盤確認價,臺灣證券交易所 / 證券櫃檯買賣中心正式收盤；yfinance 歷史資料,只使用完整收盤日K，不使用盤中未完成K,上櫃,5321,美而快,67.1,69.7,66.9,68.24,69.25,72.03,66.37,42.78,9.64,-2.19,False,248179,499306,16652810,36543235,4.27,False,True,9.99,一般K,,False,False,False,False,0,False,C級：已漲遠或接近目標，禁止追高,條件不足,接近成形,86.7,68.42,122.3,接近成形＋可觀察,88.43,86.7,88.43,91.09,84.1,4.9,低,-22.61,23.84,7.81,38.3,88.43,0.0,False,False,True,距離頸線或前高過遠，禁止追高,頸線以當日前20日高點計算；收盤站上頸線 86.7 至少2%；成交量>=20日均量2倍；不可長上影；回踩須有近10日突破紀錄且不有效跌破頸線；距離頸線>5%禁止進場,20,C,禁止追高,已漲遠或接近目標，空手不追；持有者依策略分批處理。,False,2026-10-05,True,True,STOP,STOP 停止進場,觀察,取消新進場，只保留觀察,只看續抱 / 減碼 / 停利 / 停損，不新增部位。,停止新進場，先保留現金，等待大盤止跌。,停止新進場，禁止顯示今日可進場。,False,False
2026-10-05,2026-10-05,收盤確認價,臺灣證券交易所 / 證券櫃檯買賣中心正式收盤；yfinance 歷史資料,只使用完整收盤日K，不使用盤中未完成K,上櫃,3629,地心引力,13.35,13.7,13.35,15.75,16.98,18.24,15.95,18.96,-9.8,-8.56,False,5180,3096,69153,55254,5.07,False,True,18.44,一般K,,False,False,False,False,0,False,C級：已漲遠或接近目標，禁止追高,條件不足,接近成形,21.35,17.32,29.9,接近成形＋可觀察,21.78,21.35,21.78,22.43,20.71,4.9,低,-37.47,37.47,7.61,37.3,21.78,0.0,False,False,True,距離頸線或前高過遠，禁止追高,頸線以當日前20日高點計算；收盤站上頸線 21.35 至少2%；成交量>=20日均量2倍；不可長上影；回踩須有近10日突破紀錄且不有效跌破頸線；距離頸線>5%禁止進場,20,C,禁止追高,已漲遠或接近目標，空手不追；持有者依策略分批處理。,False,2026-10-05,True,True,STOP,STOP 停止進場,觀察,取消新進場，只保留觀察,只看續抱 / 減碼 / 停利 / 停損，不新增部位。,停止新進場，先保留現金，等待大盤止跌。,停止新進場，禁止顯示今日可進場。,False,False
2026-10-05,2026-10-05,收盤確認價,臺灣證券交易所 / 證券櫃檯買賣中心正式收盤；yfinance 歷史資料,只使用完整收盤日K，不使用盤中未完成K,上櫃,4127,天良,43.3,45.65,42.65,45.74,50.26,55.85,72.06,48.95,-41.49,-5.04,False,500739,365985,21681998,19830068,3.61,False,True,64.38,長黑,,False,False,False,False,0,False,C級：已漲遠或接近目標，禁止追高,條件不足,接近成形,70.5,53.06,95.9,接近成形＋可觀察,71.91,70.5,71.91,74.07,68.39,4.9,低,-38.58,54.9,6.81,33.36,71.91,0.0,False,False,True,距離頸線或前高過遠，禁止追高,頸線以當日前20日高點計算；收盤站上頸線 70.5 至少2%；成交量>=20日均量2倍；不可長上影；回踩須有近10日突破紀錄且不有效跌破頸線；距離頸線>5%禁止進場,20,C,禁止追高,已漲遠或接近目標，空手不追；持有者依策略分批處理。,False,2026-10-05,True,True,STOP,STOP 停止進場,觀察,取消新進場，只保留觀察,只看續抱 / 減碼 / 停利 / 停損，不新增部位。,停止新進場，先保留現金，等待大盤止跌。,停止新進場，禁止顯示今日可進場。,False,False
2026-10-05,2026-10-05,收盤確認價,臺灣證券交易所 / 證券櫃檯買賣中心正式收盤；yfinance 歷史資料,只使用完整收盤日K，不使用盤中未完成K,上櫃,4304,勝昱,17.0,17.1,16.75,17.32,18.03,17.39,18.71,24.84,-12.82,-1.73,False,52564,103200,893588,1823995,6.85,False,True,38.78,一般K,,False,False,False,False,0,False,C級：已漲遠或接近目標，禁止追高,條件不足,接近成形,22.15,16.52,30.1,接近成形＋可觀察,22.59,22.15,22.59,23.27,21.49,4.9,低,-23.25,39.82,6.78,33.23,22.59,0.59,False,False,True,距離頸線或前高過遠，禁止追高,頸線以當日前20日高點計算；收盤站上頸線 22.15 至少2%；成交量>=20日均量2倍；不可長上影；回踩須有近10日突破紀錄且不有效跌破頸線；距離頸線>5%禁止進場,20,C,禁止追高,已漲遠或接近目標，空手不追；持有者依策略分批處理。,False,2026-10-05,True,True,STOP,STOP 停止進場,觀察,取消新進場，只保留觀察,只看續抱 / 減碼 / 停利 / 停損，不新增部位。,停止新進場，先保留現金，等待大盤止跌。,停止新進場，禁止顯示今日可進場。,False,False
2026-10-05,2026-10-05,收盤確認價,臺灣證券交易所 / 證券櫃檯買賣中心正式收盤；yfinance 歷史資料,只使用完整收盤日K，不使用盤中未完成K,上櫃,6761,穩得,169.5,172.0,168.0,166.1,165.55,167.43,167.47,164.54,-6.35,0.89,False,244611,184132,41461564,31186945,2.37,False,True,50.19,一般K,,False,False,False,False,0,False,C級：已漲遠或接近目標，禁止追高,條件不足,旗型整理突破,190.5,160.0,256.5,接近成形＋可觀察,194.31,190.5,194.31,200.14,184.78,4.9,低,-11.02,12.85,6.53,32.01,194.31,1.18,False,False,True,距離頸線或前高過遠，禁止追高,頸線以當日前20日高點計算；收盤站上頸線 190.5 至少2%；成交量>=20日均量2倍；不可長上影；回踩須有近10日突破紀錄且不有效跌破頸線；距離頸線>5%禁止進場,20,C,禁止追高,已漲遠或接近目標，空手不追；持有者依策略分批處理。,False,2026-10-05,True,True,STOP,STOP 停止進場,觀察,取消新進場，只保留觀察,只看續抱 / 減碼 / 停利 / 停損，不新增部位。,停止新進場，先保留現金，等待大盤止跌。,停止新進場，禁止顯示今日可進場。,False,False
2026-10-05,2026-10-05,收盤確認價,臺灣證券交易所 / 證券櫃檯買賣中心正式收盤；yfinance 歷史資料,只使用完整收盤日K，不使用盤中未完成K,上櫃,8937,合騏,25.2,26.25,24.85,25.44,26.62,27.85,26.12,32.98,-1.37,-0.0,False,128804,205010,3245860,5778683,3.79,False,True,25.55,長黑,,False,False,False,False,0,False,C級：已漲遠或接近目標，禁止追高,條件不足,接近成形,32.4,26.45,43.0,接近成形＋可觀察,33.05,32.4,33.05,34.04,31.43,4.9,低,-22.22,22.22,6.14,30.11,33.05,0.0,False,False,True,距離頸線或前高過遠，禁止追高,頸線以當日前20日高點計算；收盤站上頸線 32.4 至少2%；成交量>=20日均量2倍；不可長上影；回踩須有近10日突破紀錄且不有效跌破頸線；距離頸線>5%禁止進場,20,C,禁止追高,已漲遠或接近目標，空手不追；持有者依策略分批處理。,False,2026-10-05,True,True,STOP,STOP 停止進場,觀察,取消新進場，只保留觀察,只看續抱 / 減碼 / 停利 / 停損，不新增部位。,停止新進場，先保留現金，等待大盤止跌。,停止新進場，禁止顯示今日可進場。,False,False
2026-10-05,2026-10-05,收盤確認價,臺灣證券交易所 / 證券櫃檯買賣中心正式收盤；yfinance 歷史資料,只使用完整收盤日K，不使用盤中未完成K,上櫃,3609,三一東林,23.65,24.0,22.6,23.21,23.21,21.54,23.19,31.97,-16.43,3.28,False,93002,252200,2199497,5088480,3.94,False,True,49.71,紅K突破,,False,False,False,False,0,False,C級：已漲遠或接近目標，禁止追高,條件不足,接近成形,25.8,20.46,34.15,接近成形＋可觀察,26.32,25.8,26.32,27.11,25.03,4.9,低,-8.33,17.74,6.07,29.77,26.32,1.48,False,False,True,距離頸線或前高過遠，禁止追高,頸線以當日前20日高點計算；收盤站上頸線 25.8 至少2%；成交量>=20日均量2倍；不可長上影；回踩須有近10日突破紀錄且不有效跌破頸線；距離頸線>5%禁止進場,20,C,禁止追高,已漲遠或接近目標，空手不追；持有者依策略分批處理。,False,2026-10-05,True,True,STOP,STOP 停止進場,觀察,取消新進場，只保留觀察,只看續抱 / 減碼 / 停利 / 停損，不新增部位。,停止新進場，先保留現金，等待大盤止跌。,停止新進場，禁止顯示今日可進場。,False,False
2026-10-05,2026-10-05,收盤確認價,臺灣證券交易所 / 證券櫃檯買賣中心正式收盤；yfinance 歷史資料,只使用完整收盤日K，不使用盤中未完成K,上櫃,4510,高鋒,42.65,43.85,42.65,43.35,43.62,43.73,42.27,43.34,0.24,-2.18,False,749152,979090,31951332,44151292,1.84,False,True,17.92,一般K,,False,False,False,False,0,False,C級：已漲遠或接近目標，禁止追高,條件不足,接近成形,48.45,41.54,63.9,接近成形＋可觀察,49.42,48.45,49.42,50.9,47.0,4.9,低,-11.97,11.97,5.98,29.3,49.42,0.0,False,False,True,距離頸線或前高過遠，禁止追高,頸線以當日前20日高點計算；收盤站上頸線 48.45 至少2%；成交量>=20日均量2倍；不可長上影；回踩須有近10日突破紀錄且不有效跌破頸線；距離頸線>5%禁止進場,20,C,禁止追高,已漲遠或接近目標，空手不追；持有者依策略分批處理。,False,2026-10-05,True,True,STOP,STOP 停止進場,觀察,取消新進場，只保留觀察,只看續抱 / 減碼 / 停利 / 停損，不新增部位。,停止新進場，先保留現金，等待大盤止跌。,停止新進場，禁止顯示今日可進場。,False,False
2026-10-05,2026-10-05,收盤確認價,臺灣證券交易所 / 證券櫃檯買賣中心正式收盤；yfinance 歷史資料,只使用完整收盤日K，不使用盤中未完成K,上櫃,8085,福華,14.85,14.85,14.7,14.56,14.45,14.57,13.07,15.02,23.24,1.02,False,266917,202804,3963717,2988966,1.37,False,True,27.58,紅K突破,,False,False,False,False,0,False,C級：已漲遠或接近目標，禁止追高,條件不足,旗型整理突破,15.95,13.95,21.0,接近成形＋可觀察,16.27,15.95,16.27,16.76,15.47,4.9,低,-6.9,10.54,5.93,29.08,16.27,0.0,False,False,True,距離頸線或前高過遠，禁止追高,頸線以當日前20日高點計算；收盤站上頸線 15.95 至少2%；成交量>=20日均量2倍；不可長上影；回踩須有近10日突破紀錄且不有效跌破頸線；距離頸線>5%禁止進場,20,C,禁止追高,已漲遠或接近目標，空手不追；持有者依策略分批處理。,False,2026-10-05,True,True,STOP,STOP 停止進場,觀察,取消新進場，只保留觀察,只看續抱 / 減碼 / 停利 / 停損，不新增部位。,停止新進場，先保留現金，等待大盤止跌。,停止新進場，禁止顯示今日可進場。,False,False
2026-10-05,2026-10-05,收盤確認價,臺灣證券交易所 / 證券櫃檯買賣中心正式收盤；yfinance 歷史資料,只使用完整收盤日K，不使用盤中未完成K,上櫃,6140,訊達,19.7,20.05,19.6,20.16,21.11,19.44,17.92,22.51,-0.76,-1.99,False,215642,566918,4248147,12231043,5.43,False,True,45.75,一般K,,False,False,False,False,0,False,C級：已漲遠或接近目標，禁止追高,條件不足,接近成形,22.0,18.47,28.95,接近成形＋可觀察,22.44,22.0,22.44,23.11,21.34,4.9,低,-10.45,17.75,5.92,29.01,22.44,0.0,True,False,True,距離頸線或前高過遠，禁止追高,頸線以當日前20日高點計算；收盤站上頸線 22.0 至少2%；成交量>=20日均量2倍；不可長上影；回踩須有近10日突破紀錄且不有效跌破頸線；距離頸線>5%禁止進場,20,C,禁止追高,已漲遠或接近目標，空手不追；持有者依策略分批處理。,False,2026-10-05,True,True,STOP,STOP 停止進場,觀察,取消新進場，只保留觀察,只看續抱 / 減碼 / 停利 / 停損，不新增部位。,停止新進場，先保留現金，等待大盤止跌。,停止新進場，禁止顯示今日可進場。,False,False
2026-10-05,2026-10-05,收盤確認價,臺灣證券交易所 / 證券櫃檯買賣中心正式收盤；yfinance 歷史資料,只使用完整收盤日K，不使用盤中未完成K,上櫃,4416,三圓,12.75,12.9,12.65,13.15,13.26,12.43,11.78,22.07,11.35,-0.39,False,480038,1490545,6120484,18733419,4.48,False,True,34.03,一般K,,False,False,False,False,0,False,C級：已漲遠或接近目標，禁止追高,條件不足,接近成形,14.5,11.8,19.02,接近成形＋可觀察,14.79,14.5,14.79,15.23,14.06,4.9,低,-12.07,21.78,5.83,28.6,14.79,0.39,False,False,True,距離頸線或前高過遠，禁止追高,頸線以當日前20日高點計算；收盤站上頸線 14.5 至少2%；成交量>=20日均量2倍；不可長上影；回踩須有近10日突破紀錄且不有效跌破頸線；距離頸線>5%禁止進場,20,C,禁止追高,已漲遠或接近目標，空手不追；持有者依策略分批處理。,False,2026-10-05,True,True,STOP,STOP 停止進場,觀察,取消新進場，只保留觀察,只看續抱 / 減碼 / 停利 / 停損，不新增部位。,停止新進場，先保留現金，等待大盤止跌。,停止新進場，禁止顯示今日可進場。,False,False
2026-10-05,2026-10-05,收盤確認價,臺灣證券交易所 / 證券櫃檯買賣中心正式收盤；yfinance 歷史資料,只使用完整收盤日K，不使用盤中未完成K,上櫃,3444,利機,77.0,81.4,76.8,80.08,80.6,80.85,78.27,73.84,-7.89,-4.7,False,428999,237322,33032923,19345536,2.85,False,True,19.13,長黑,,False,False,False,False,0,False,C級：已漲遠或接近目標，禁止追高,條件不足,三角收斂突破,87.0,77.0,114.0,接近成形＋可觀察,88.74,87.0,88.74,91.4,84.39,4.9,低,-11.49,19.79,5.81,28.47,88.74,0.0,False,False,True,距離頸線或前高過遠，禁止追高,頸線以當日前20日高點計算；收盤站上頸線 87.0 至少2%；成交量>=20日均量2倍；不可長上影；回踩須有近10日突破紀錄且不有效跌破頸線；距離頸線>5%禁止進場,20,C,禁止追高,已漲遠或接近目標，空手不追；持有者依策略分批處理。,False,2026-10-05,True,True,STOP,STOP 停止進場,觀察,取消新進場，只保留觀察,只看續抱 / 減碼 / 停利 / 停損，不新增部位。,停止新進場，先保留現金，等待大盤止跌。,停止新進場，禁止顯示今日可進場。,False,False
2026-10-05,2026-10-05,收盤確認價,臺灣證券交易所 / 證券櫃檯買賣中心正式收盤；yfinance 歷史資料,只使用完整收盤日K，不使用盤中未完成K,上櫃,3438,類比科,61.8,63.1,61.7,61.7,61.98,62.21,60.0,55.85,-8.98,-0.32,False,67710,66491,4184478,4150524,1.06,False,True,13.82,一般K,,False,False,False,False,0,False,C級：已漲遠或接近目標，禁止追高,條件不足,接近成形,68.2,60.7,89.2,接近成形＋可觀察,69.56,68.2,69.56,71.65,66.15,4.9,低,-9.38,10.69,5.76,28.23,69.56,0.65,False,False,True,距離頸線或前高過遠，禁止追高,頸線以當日前20日高點計算；收盤站上頸線 68.2 至少2%；成交量>=20日均量2倍；不可長上影；回踩須有近10日突破紀錄且不有效跌破頸線；距離頸線>5%禁止進場,20,C,禁止追高,已漲遠或接近目標，空手不追；持有者依策略分批處理。,False,2026-10-05,True,True,STOP,STOP 停止進場,觀察,取消新進場，只保留觀察,只看續抱 / 減碼 / 停利 / 停損，不新增部位。,停止新進場，先保留現金，等待大盤止跌。,停止新進場，禁止顯示今日可進場。,False,False
2026-10-05,2026-10-05,收盤確認價,臺灣證券交易所 / 證券櫃檯買賣中心正式收盤；yfinance 歷史資料,只使用完整收盤日K，不使用盤中未完成K,上櫃,6590,普鴻,64.2,65.0,64.0,65.38,66.61,64.33,59.39,61.78,8.26,-1.98,False,20363,46960,1307304,3128426,3.6,False,True,65.92,一般K,,False,False,False,False,0,False,C級：已漲遠或接近目標，禁止追高,條件不足,接近成形,75.0,61.11,97.74,接近成形＋可觀察,76.5,75.0,76.5,78.8,72.75,4.9,低,-14.4,14.4,5.66,27.77,76.5,0.0,False,False,True,距離頸線或前高過遠，禁止追高,頸線以當日前20日高點計算；收盤站上頸線 75.0 至少2%；成交量>=20日均量2倍；不可長上影；回踩須有近10日突破紀錄且不有效跌破頸線；距離頸線>5%禁止進場,20,C,禁止追高,已漲遠或接近目標，空手不追；持有者依策略分批處理。,False,2026-10-05,True,True,STOP,STOP 停止進場,觀察,取消新進場，只保留觀察,只看續抱 / 減碼 / 停利 / 停損，不新增部位。,停止新進場，先保留現金，等待大盤止跌。,停止新進場，禁止顯示今日可進場。,False,False
2026-10-05,2026-10-05,收盤確認價,臺灣證券交易所 / 證券櫃檯買賣中心正式收盤；yfinance 歷史資料,只使用完整收盤日K，不使用盤中未完成K,上櫃,3297,杭特,32.1,33.4,31.8,32.31,33.31,30.82,28.97,35.89,4.73,-1.23,False,242452,483953,7782709,15892333,4.74,False,True,56.81,一般K,,False,False,False,False,0,False,C級：已漲遠或接近目標，禁止追高,條件不足,接近成形,33.9,29.28,44.1,接近成形＋可觀察,34.58,33.9,34.58,35.62,32.88,4.9,低,-5.31,17.48,5.62,27.54,34.58,1.71,True,False,True,距離頸線或前高過遠，禁止追高,頸線以當日前20日高點計算；收盤站上頸線 33.9 至少2%；成交量>=20日均量2倍；不可長上影；回踩須有近10日突破紀錄且不有效跌破頸線；距離頸線>5%禁止進場,20,C,禁止追高,已漲遠或接近目標，空手不追；持有者依策略分批處理。,False,2026-10-05,True,True,STOP,STOP 停止進場,觀察,取消新進場，只保留觀察,只看續抱 / 減碼 / 停利 / 停損，不新增部位。,停止新進場，先保留現金，等待大盤止跌。,停止新進場，禁止顯示今日可進場。,False,False
2026-10-05,2026-10-05,收盤確認價,臺灣證券交易所 / 證券櫃檯買賣中心正式收盤；yfinance 歷史資料,只使用完整收盤日K，不使用盤中未完成K,上櫃,6913,鴻呈,130.0,131.0,129.0,128.9,128.95,130.05,134.26,126.42,2.36,0.0,False,167822,316512,21816860,42249906,2.56,False,True,44.03,一般K,,False,False,False,False,0,False,C級：已漲遠或接近目標，禁止追高,條件不足,旗型整理突破,157.0,123.55,202.5,接近成形＋可觀察,160.14,157.0,160.14,164.94,152.29,4.9,低,-17.2,23.08,5.4,26.45,160.14,0.0,False,False,True,距離頸線或前高過遠，禁止追高,頸線以當日前20日高點計算；收盤站上頸線 157.0 至少2%；成交量>=20日均量2倍；不可長上影；回踩須有近10日突破紀錄且不有效跌破頸線；距離頸線>5%禁止進場,20,C,禁止追高,已漲遠或接近目標，空手不追；持有者依策略分批處理。,False,2026-10-05,True,True,STOP,STOP 停止進場,觀察,取消新進場，只保留觀察,只看續抱 / 減碼 / 停利 / 停損，不新增部位。,停止新進場，先保留現金，等待大盤止跌。,停止新進場，禁止顯示今日可進場。,False,False
2026-10-05,2026-10-05,收盤確認價,臺灣證券交易所 / 證券櫃檯買賣中心正式收盤；yfinance 歷史資料,只使用完整收盤日K，不使用盤中未完成K,上櫃,8277,商丞,15.3,15.5,15.3,15.42,16.01,17.33,18.27,21.43,-19.57,0.66,False,96580,88290,1477674,1455250,2.44,False,True,37.56,一般K,,False,False,False,False,0,False,C級：已漲遠或接近目標，禁止追高,條件不足,接近成形,20.5,16.47,26.35,接近成形＋可觀察,20.91,20.5,20.91,21.54,19.88,4.9,低,-25.37,28.31,5.31,26.02,20.91,1.31,False,False,True,距離頸線或前高過遠，禁止追高,頸線以當日前20日高點計算；收盤站上頸線 20.5 至少2%；成交量>=20日均量2倍；不可長上影；回踩須有近10日突破紀錄且不有效跌破頸線；距離頸線>5%禁止進場,20,C,禁止追高,已漲遠或接近目標，空手不追；持有者依策略分批處理。,False,2026-10-05,True,True,STOP,STOP 停止進場,觀察,取消新進場，只保留觀察,只看續抱 / 減碼 / 停利 / 停損，不新增部位。,停止新進場，先保留現金，等待大盤止跌。,停止新進場，禁止顯示今日可進場。,False,False
2026-10-05,2026-10-05,收盤確認價,臺灣證券交易所 / 證券櫃檯買賣中心正式收盤；yfinance 歷史資料,只使用完整收盤日K，不使用盤中未完成K,上櫃,5251,天鉞電,29.4,29.95,29.25,29.81,30.4,28.7,27.06,31.72,0.0,-1.84,False,87405,373558,2569707,11269632,3.18,False,True,69.27,一般K,,False,False,False,False,0,False,C級：已漲遠或接近目標，禁止追高,條件不足,接近成形,32.95,27.26,42.05,接近成形＋可觀察,33.61,32.95,33.61,34.62,31.96,4.9,低,-10.77,10.77,5.12,25.12,33.61,0.34,False,False,True,距離頸線或前高過遠，禁止追高,頸線以當日前20日高點計算；收盤站上頸線 32.95 至少2%；成交量>=20日均量2倍；不可長上影；回踩須有近10日突破紀錄且不有效跌破頸線；距離頸線>5%禁止進場,20,C,禁止追高,已漲遠或接近目標，空手不追；持有者依策略分批處理。,False,2026-10-05,True,True,STOP,STOP 停止進場,觀察,取消新進場，只保留觀察,只看續抱 / 減碼 / 停利 / 停損，不新增部位。,停止新進場，先保留現金，等待大盤止跌。,停止新進場，禁止顯示今日可進場。,False,False
2026-10-05,2026-10-05,收盤確認價,臺灣證券交易所 / 證券櫃檯買賣中心正式收盤；yfinance 歷史資料,只使用完整收盤日K，不使用盤中未完成K,上櫃,8291,尚茂,28.1,29.55,28.05,28.5,29.27,29.69,33.74,29.04,-10.22,-1.75,False,9780,18963,274818,562870,4.28,False,True,22.73,長黑,,False,False,False,False,0,False,C級：已漲遠或接近目標，禁止追高,條件不足,接近成形,33.0,28.2,42.0,接近成形＋可觀察,33.66,33.0,33.66,34.67,32.01,4.9,低,-14.85,41.76,5.05,24.78,33.66,0.0,False,False,True,距離頸線或前高過遠，禁止追高,頸線以當日前20日高點計算；收盤站上頸線 33.0 至少2%；成交量>=20日均量2倍；不可長上影；回踩須有近10日突破紀錄且不有效跌破頸線；距離頸線>5%禁止進場,20,C,禁止追高,已漲遠或接近目標，空手不追；持有者依策略分批處理。,False,2026-10-05,True,True,STOP,STOP 停止進場,觀察,取消新進場，只保留觀察,只看續抱 / 減碼 / 停利 / 停損，不新增部位。,停止新進場，先保留現金，等待大盤止跌。,停止新進場，禁止顯示今日可進場。,False,False
2026-10-05,2026-10-05,收盤確認價,臺灣證券交易所 / 證券櫃檯買賣中心正式收盤；yfinance 歷史資料,只使用完整收盤日K，不使用盤中未完成K,上櫃,5392,能率,39.2,40.5,39.2,39.73,39.77,40.26,42.2,43.18,-13.73,-2.12,False,921327,683837,36116018,27713018,1.2,False,True,56.73,一般K,,False,False,False,False,0,False,C級：已漲遠或接近目標，禁止追高,條件不足,接近成形,45.85,39.15,58.12,接近成形＋可觀察,46.77,45.85,46.77,48.17,44.47,4.9,低,-14.5,17.73,4.95,24.28,46.77,0.0,False,False,True,距離頸線或前高過遠，禁止追高,頸線以當日前20日高點計算；收盤站上頸線 45.85 至少2%；成交量>=20日均量2倍；不可長上影；回踩須有近10日突破紀錄且不有效跌破頸線；距離頸線>5%禁止進場,20,C,禁止追高,已漲遠或接近目標，空手不追；持有者依策略分批處理。,False,2026-10-05,True,True,STOP,STOP 停止進場,觀察,取消新進場，只保留觀察,只看續抱 / 減碼 / 停利 / 停損，不新增部位。,停止新進場，先保留現金，等待大盤止跌。,停止新進場，禁止顯示今日可進場。,False,False
2026-10-05,2026-10-05,收盤確認價,臺灣證券交易所 / 證券櫃檯買賣中心正式收盤；yfinance 歷史資料,只使用完整收盤日K，不使用盤中未完成K,上櫃,8059,凱碩,17.8,18.15,17.8,17.57,18.38,20.35,23.21,30.84,-32.61,-1.39,False,101065,109683,1798957,2057757,3.31,False,True,62.74,一般K,,False,False,False,False,0,False,C級：已漲遠或接近目標，禁止追高,條件不足,接近成形,23.0,19.34,29.14,接近成形＋可觀察,23.46,23.0,23.46,24.16,22.31,4.9,低,-22.6,40.49,4.95,24.24,23.46,0.28,False,False,True,距離頸線或前高過遠，禁止追高,頸線以當日前20日高點計算；收盤站上頸線 23.0 至少2%；成交量>=20日均量2倍；不可長上影；回踩須有近10日突破紀錄且不有效跌破頸線；距離頸線>5%禁止進場,20,C,禁止追高,已漲遠或接近目標，空手不追；持有者依策略分批處理。,False,2026-10-05,True,True,STOP,STOP 停止進場,觀察,取消新進場，只保留觀察,只看續抱 / 減碼 / 停利 / 停損，不新增部位。,停止新進場，先保留現金，等待大盤止跌。,停止新進場，禁止顯示今日可進場。,False,False
2026-10-05,2026-10-05,收盤確認價,臺灣證券交易所 / 證券櫃檯買賣中心正式收盤；yfinance 歷史資料,只使用完整收盤日K，不使用盤中未完成K,上櫃,6597,立誠,64.9,64.9,62.9,65.62,67.19,69.64,67.97,64.42,-4.28,3.02,False,6030,8051,391347,536587,2.28,False,True,57.38,紅K突破,,False,False,False,False,0,False,C級：已漲遠或接近目標，禁止追高,條件不足,接近成形,73.4,66.16,93.0,接近成形＋可觀察,74.87,73.4,74.87,77.11,71.2,4.9,低,-11.58,14.61,4.94,24.22,74.87,0.0,False,False,True,距離頸線或前高過遠，禁止追高,頸線以當日前20日高點計算；收盤站上頸線 73.4 至少2%；成交量>=20日均量2倍；不可長上影；回踩須有近10日突破紀錄且不有效跌破頸線；距離頸線>5%禁止進場,20,C,禁止追高,已漲遠或接近目標，空手不追；持有者依策略分批處理。,False,2026-10-05,True,True,STOP,STOP 停止進場,觀察,取消新進場，只保留觀察,只看續抱 / 減碼 / 停利 / 停損，不新增部位。,停止新進場，先保留現金，等待大盤止跌。,停止新進場，禁止顯示今日可進場。,False,False
2026-10-05,2026-10-05,收盤確認價,臺灣證券交易所 / 證券櫃檯買賣中心正式收盤；yfinance 歷史資料,只使用完整收盤日K，不使用盤中未完成K,上櫃,4303,信立,32.0,33.35,32.0,33.11,33.98,34.78,33.85,39.48,-1.75,-4.05,False,1166808,764439,37337856,26684312,1.76,False,True,19.58,長黑,,False,False,False,False,0,False,C級：已漲遠或接近目標，禁止追高,條件不足,三角收斂突破,38.35,33.05,48.59,接近成形＋可觀察,39.12,38.35,39.12,40.29,37.2,4.9,低,-16.56,28.73,4.94,24.22,39.12,0.0,False,False,True,距離頸線或前高過遠，禁止追高,頸線以當日前20日高點計算；收盤站上頸線 38.35 至少2%；成交量>=20日均量2倍；不可長上影；回踩須有近10日突破紀錄且不有效跌破頸線；距離頸線>5%禁止進場,20,C,禁止追高,已漲遠或接近目標，空手不追；持有者依策略分批處理。,False,2026-10-05,True,True,STOP,STOP 停止進場,觀察,取消新進場，只保留觀察,只看續抱 / 減碼 / 停利 / 停損，不新增部位。,停止新進場，先保留現金，等待大盤止跌。,停止新進場，禁止顯示今日可進場。,False,False
2026-10-05,2026-10-05,收盤確認價,臺灣證券交易所 / 證券櫃檯買賣中心正式收盤；yfinance 歷史資料,只使用完整收盤日K，不使用盤中未完成K,上櫃,4530,宏易,24.6,24.65,23.3,24.33,24.32,25.17,25.84,27.49,-5.57,2.5,False,10604,28080,260858,699128,3.55,False,True,45.48,紅K突破,,False,False,False,False,0,False,C級：已漲遠或接近目標，禁止追高,條件不足,接近成形,29.75,23.91,37.5,接近成形＋可觀察,30.34,29.75,30.34,31.26,28.86,4.9,低,-17.31,20.65,4.81,23.58,30.34,0.2,False,False,True,距離頸線或前高過遠，禁止追高,頸線以當日前20日高點計算；收盤站上頸線 29.75 至少2%；成交量>=20日均量2倍；不可長上影；回踩須有近10日突破紀錄且不有效跌破頸線；距離頸線>5%禁止進場,20,C,禁止追高,已漲遠或接近目標，空手不追；持有者依策略分批處理。,False,2026-10-05,True,True,STOP,STOP 停止進場,觀察,取消新進場，只保留觀察,只看續抱 / 減碼 / 停利 / 停損，不新增部位。,停止新進場，先保留現金，等待大盤止跌。,停止新進場，禁止顯示今日可進場。,False,False
2026-10-05,2026-10-05,收盤確認價,臺灣證券交易所 / 證券櫃檯買賣中心正式收盤；yfinance 歷史資料,只使用完整收盤日K，不使用盤中未完成K,上櫃,3288,點晶,21.55,21.95,21.0,21.19,21.23,20.84,22.16,18.22,16.49,2.38,False,16319,46432,351674,979810,2.88,False,True,13.16,紅K突破,,False,False,False,False,0,False,C級：已漲遠或接近目標，禁止追高,條件不足,旗型整理突破,23.1,19.8,28.9,接近成形＋可觀察,23.56,23.1,23.56,24.27,22.41,4.9,低,-6.71,31.15,4.62,22.66,23.56,1.86,False,False,True,距離頸線或前高過遠，禁止追高,頸線以當日前20日高點計算；收盤站上頸線 23.1 至少2%；成交量>=20日均量2倍；不可長上影；回踩須有近10日突破紀錄且不有效跌破頸線；距離頸線>5%禁止進場,20,C,禁止追高,已漲遠或接近目標，空手不追；持有者依策略分批處理。,False,2026-10-05,True,True,STOP,STOP 停止進場,觀察,取消新進場，只保留觀察,只看續抱 / 減碼 / 停利 / 停損，不新增部位。,停止新進場，先保留現金，等待大盤止跌。,停止新進場，禁止顯示今日可進場。,False,False
2026-10-05,2026-10-05,收盤確認價,臺灣證券交易所 / 證券櫃檯買賣中心正式收盤；yfinance 歷史資料,只使用完整收盤日K，不使用盤中未完成K,上櫃,3430,奇鈦科,113.0,116.0,112.5,112.4,109.7,106.9,112.52,97.93,-11.72,-0.44,False,299351,292561,33826663,31872214,2.4,False,True,37.7,一般K,,False,False,False,False,0,False,C級：已漲遠或接近目標，禁止追高,條件不足,旗型整理突破,119.0,101.56,148.5,接近成形＋可觀察,121.38,119.0,121.38,125.02,115.43,4.9,低,-5.04,23.65,4.56,22.34,121.38,1.33,False,False,True,距離頸線或前高過遠，禁止追高,頸線以當日前20日高點計算；收盤站上頸線 119.0 至少2%；成交量>=20日均量2倍；不可長上影；回踩須有近10日突破紀錄且不有效跌破頸線；距離頸線>5%禁止進場,20,C,禁止追高,已漲遠或接近目標，空手不追；持有者依策略分批處理。,False,2026-10-05,True,True,STOP,STOP 停止進場,觀察,取消新進場，只保留觀察,只看續抱 / 減碼 / 停利 / 停損，不新增部位。,停止新進場，先保留現金，等待大盤止跌。,停止新進場，禁止顯示今日可進場。,False,False
2026-10-05,2026-10-05,收盤確認價,臺灣證券交易所 / 證券櫃檯買賣中心正式收盤；yfinance 歷史資料,只使用完整收盤日K，不使用盤中未完成K,上櫃,8472,夠麻吉,66.3,67.7,65.0,68.68,73.08,75.25,72.12,73.71,-17.54,1.53,False,10109,32270,670226,2355608,3.83,False,True,55.68,一般K,,False,False,False,False,0,False,C級：已漲遠或接近目標，禁止追高,條件不足,接近成形,83.1,71.49,103.6,接近成形＋可觀察,84.76,83.1,84.76,87.3,80.61,4.9,低,-20.22,20.22,4.53,22.22,84.76,2.11,False,False,True,距離頸線或前高過遠，禁止追高,頸線以當日前20日高點計算；收盤站上頸線 83.1 至少2%；成交量>=20日均量2倍；不可長上影；回踩須有近10日突破紀錄且不有效跌破頸線；距離頸線>5%禁止進場,20,C,禁止追高,已漲遠或接近目標，空手不追；持有者依策略分批處理。,False,2026-10-05,True,True,STOP,STOP 停止進場,觀察,取消新進場，只保留觀察,只看續抱 / 減碼 / 停利 / 停損，不新增部位。,停止新進場，先保留現金，等待大盤止跌。,停止新進場，禁止顯示今日可進場。,False,False
2026-10-05,2026-10-05,收盤確認價,臺灣證券交易所 / 證券櫃檯買賣中心正式收盤；yfinance 歷史資料,只使用完整收盤日K，不使用盤中未完成K,上櫃,5202,力新,13.7,14.3,13.65,14.07,14.41,13.48,12.75,14.63,-4.86,-2.84,False,445905,1115725,6108898,16099044,4.18,False,True,69.88,長黑,,False,False,False,False,0,False,C級：已漲遠或接近目標，禁止追高,條件不足,接近成形,14.85,12.81,18.5,接近成形＋可觀察,15.15,14.85,15.15,15.6,14.4,4.9,低,-7.74,13.84,4.52,22.14,15.15,0.36,True,False,True,距離頸線或前高過遠，禁止追高,頸線以當日前20日高點計算；收盤站上頸線 14.85 至少2%；成交量>=20日均量2倍；不可長上影；回踩須有近10日突破紀錄且不有效跌破頸線；距離頸線>5%禁止進場,20,C,禁止追高,已漲遠或接近目標，空手不追；持有者依策略分批處理。,False,2026-10-05,True,True,STOP,STOP 停止進場,觀察,取消新進場，只保留觀察,只看續抱 / 減碼 / 停利 / 停損，不新增部位。,停止新進場，先保留現金，等待大盤止跌。,停止新進場，禁止顯示今日可進場。,False,False
2026-10-05,2026-10-05,收盤確認價,臺灣證券交易所 / 證券櫃檯買賣中心正式收盤；yfinance 歷史資料,只使用完整收盤日K，不使用盤中未完成K,上櫃,7704,明遠精密,60.4,61.0,60.2,61.06,61.61,61.17,59.93,53.67,0.67,-0.98,False,45339,36769,2738475,2250473,1.1,False,True,25.68,一般K,,False,False,False,False,0,False,C級：已漲遠或接近目標，禁止追高,條件不足,接近成形,64.5,58.6,80.2,接近成形＋可觀察,65.79,64.5,65.79,67.76,62.56,4.9,低,-6.36,11.7,4.47,21.9,65.79,0.33,False,False,True,距離頸線或前高過遠，禁止追高,頸線以當日前20日高點計算；收盤站上頸線 64.5 至少2%；成交量>=20日均量2倍；不可長上影；回踩須有近10日突破紀錄且不有效跌破頸線；距離頸線>5%禁止進場,20,C,禁止追高,已漲遠或接近目標，空手不追；持有者依策略分批處理。,False,2026-10-05,True,True,STOP,STOP 停止進場,觀察,取消新進場，只保留觀察,只看續抱 / 減碼 / 停利 / 停損，不新增部位。,停止新進場，先保留現金，等待大盤止跌。,停止新進場，禁止顯示今日可進場。,False,False
2026-10-05,2026-10-05,收盤確認價,臺灣證券交易所 / 證券櫃檯買賣中心正式收盤；yfinance 歷史資料,只使用完整收盤日K，不使用盤中未完成K,上櫃,4735,豪展,36.05,36.25,35.9,36.08,36.0,36.09,34.75,32.51,16.67,0.14,False,42852,32133,1544814,1163578,1.16,False,True,35.68,紅K突破,,False,False,False,False,0,False,C級：已漲遠或接近目標，禁止追高,條件不足,旗型整理突破,38.3,35.25,47.6,接近成形＋可觀察,39.07,38.3,39.07,40.24,37.15,4.9,低,-5.87,11.64,4.46,21.85,39.07,0.55,False,False,True,距離頸線或前高過遠，禁止追高,頸線以當日前20日高點計算；收盤站上頸線 38.3 至少2%；成交量>=20日均量2倍；不可長上影；回踩須有近10日突破紀錄且不有效跌破頸線；距離頸線>5%禁止進場,20,C,禁止追高,已漲遠或接近目標，空手不追；持有者依策略分批處理。,False,2026-10-05,True,True,STOP,STOP 停止進場,觀察,取消新進場，只保留觀察,只看續抱 / 減碼 / 停利 / 停損，不新增部位。,停止新進場，先保留現金，等待大盤止跌。,停止新進場，禁止顯示今日可進場。,False,False
2026-10-05,2026-10-05,收盤確認價,臺灣證券交易所 / 證券櫃檯買賣中心正式收盤；yfinance 歷史資料,只使用完整收盤日K，不使用盤中未完成K,上櫃,6494,九齊,52.9,53.3,52.0,52.24,51.83,51.66,52.81,47.74,-19.11,-0.75,False,86735,97247,4588281,5047826,1.92,False,True,30.4,下影線,,False,False,False,False,0,False,C級：已漲遠或接近目標，禁止追高,條件不足,旗型整理突破,56.7,49.08,70.4,接近成形＋可觀察,57.83,56.7,57.83,59.57,55.0,4.9,低,-6.7,21.04,4.43,21.73,57.83,0.0,False,False,True,距離頸線或前高過遠，禁止追高,頸線以當日前20日高點計算；收盤站上頸線 56.7 至少2%；成交量>=20日均量2倍；不可長上影；回踩須有近10日突破紀錄且不有效跌破頸線；距離頸線>5%禁止進場,20,C,禁止追高,已漲遠或接近目標，空手不追；持有者依策略分批處理。,False,2026-10-05,True,True,STOP,STOP 停止進場,觀察,取消新進場，只保留觀察,只看續抱 / 減碼 / 停利 / 停損，不新增部位。,停止新進場，先保留現金，等待大盤止跌。,停止新進場，禁止顯示今日可進場。,False,False
2026-10-05,2026-10-05,收盤確認價,臺灣證券交易所 / 證券櫃檯買賣中心正式收盤；yfinance 歷史資料,只使用完整收盤日K，不使用盤中未完成K,上市,1435,中福,21.5,22.0,21.5,21.84,22.25,22.4,23.01,20.94,-26.37,-0.23,False,11300,11192,242950,251283,2.29,False,True,23.42,一般K,,False,False,False,False,0,False,C級：已漲遠或接近目標，禁止追高,條件不足,接近成形,24.4,21.28,30.15,接近成形＋可觀察,24.89,24.4,24.89,25.63,23.67,4.9,低,-11.89,26.37,4.31,21.14,24.89,1.4,False,False,True,距離頸線或前高過遠，禁止追高,頸線以當日前20日高點計算；收盤站上頸線 24.4 至少2%；成交量>=20日均量2倍；不可長上影；回踩須有近10日突破紀錄且不有效跌破頸線；距離頸線>5%禁止進場,20,C,禁止追高,已漲遠或接近目標，空手不追；持有者依策略分批處理。,False,2026-10-05,True,True,STOP,STOP 停止進場,觀察,取消新進場，只保留觀察,只看續抱 / 減碼 / 停利 / 停損，不新增部位。,停止新進場，先保留現金，等待大盤止跌。,停止新進場，禁止顯示今日可進場。,False,False
2026-10-05,2026-10-05,收盤確認價,臺灣證券交易所 / 證券櫃檯買賣中心正式收盤；yfinance 歷史資料,只使用完整收盤日K，不使用盤中未完成K,上櫃,6125,廣運,50.3,51.4,50.1,50.04,49.62,49.46,50.37,60.34,-13.43,-1.18,False,770230,536294,38742569,26686111,1.51,False,True,15.2,一般K,,False,False,False,False,0,False,C級：已漲遠或接近目標，禁止追高,條件不足,旗型整理突破,55.2,47.5,68.0,接近成形＋可觀察,56.3,55.2,56.3,57.99,53.54,4.9,低,-8.88,14.89,4.24,20.77,56.3,0.0,False,False,True,距離頸線或前高過遠，禁止追高,頸線以當日前20日高點計算；收盤站上頸線 55.2 至少2%；成交量>=20日均量2倍；不可長上影；回踩須有近10日突破紀錄且不有效跌破頸線；距離頸線>5%禁止進場,20,C,禁止追高,已漲遠或接近目標，空手不追；持有者依策略分批處理。,False,2026-10-05,True,True,STOP,STOP 停止進場,觀察,取消新進場，只保留觀察,只看續抱 / 減碼 / 停利 / 停損，不新增部位。,停止新進場，先保留現金，等待大盤止跌。,停止新進場，禁止顯示今日可進場。,False,False
2026-10-05,2026-10-05,收盤確認價,臺灣證券交易所 / 證券櫃檯買賣中心正式收盤；yfinance 歷史資料,只使用完整收盤日K，不使用盤中未完成K,上櫃,6237,驊訊,35.6,36.8,35.6,36.27,35.85,34.82,34.88,39.88,-15.24,-1.93,False,297976,362478,10607945,13090529,2.71,False,True,36.27,一般K,,False,False,False,False,0,False,C級：已漲遠或接近目標，禁止追高,條件不足,接近成形,38.95,33.08,47.9,接近成形＋可觀察,39.73,38.95,39.73,40.92,37.78,4.9,低,-8.6,17.21,4.2,20.57,39.73,0.0,False,False,True,距離頸線或前高過遠，禁止追高,頸線以當日前20日高點計算；收盤站上頸線 38.95 至少2%；成交量>=20日均量2倍；不可長上影；回踩須有近10日突破紀錄且不有效跌破頸線；距離頸線>5%禁止進場,20,C,禁止追高,已漲遠或接近目標，空手不追；持有者依策略分批處理。,False,2026-10-05,True,True,STOP,STOP 停止進場,觀察,取消新進場，只保留觀察,只看續抱 / 減碼 / 停利 / 停損，不新增部位。,停止新進場，先保留現金，等待大盤止跌。,停止新進場，禁止顯示今日可進場。,False,False
2026-10-05,2026-10-05,收盤確認價,臺灣證券交易所 / 證券櫃檯買賣中心正式收盤；yfinance 歷史資料,只使用完整收盤日K，不使用盤中未完成K,上櫃,4442,竣邦-KY,53.2,53.4,53.2,53.62,53.88,53.9,53.65,56.03,6.19,-0.75,False,12367,91253,657924,4971283,1.88,False,True,47.01,一般K,,False,False,False,False,0,False,C級：已漲遠或接近目標，禁止追高,條件不足,接近成形,59.4,51.21,72.8,接近成形＋可觀察,60.59,59.4,60.59,62.41,57.62,4.9,低,-10.44,27.02,4.11,20.16,60.59,0.0,False,False,True,距離頸線或前高過遠，禁止追高,頸線以當日前20日高點計算；收盤站上頸線 59.4 至少2%；成交量>=20日均量2倍；不可長上影；回踩須有近10日突破紀錄且不有效跌破頸線；距離頸線>5%禁止進場,20,C,禁止追高,已漲遠或接近目標，空手不追；持有者依策略分批處理。,False,2026-10-05,True,True,STOP,STOP 停止進場,觀察,取消新進場，只保留觀察,只看續抱 / 減碼 / 停利 / 停損，不新增部位。,停止新進場，先保留現金，等待大盤止跌。,停止新進場，禁止顯示今日可進場。,False,False
2026-10-05,2026-10-05,收盤確認價,臺灣證券交易所 / 證券櫃檯買賣中心正式收盤；yfinance 歷史資料,只使用完整收盤日K，不使用盤中未完成K,上櫃,3230,錦明,40.75,41.95,40.5,41.61,41.38,41.62,42.7,39.85,-22.08,-2.86,False,579462,392811,23613076,16315397,1.44,False,True,21.91,一般K,,False,False,False,False,0,False,C級：已漲遠或接近目標，禁止追高,條件不足,接近成形,44.45,40.2,54.4,接近成形＋可觀察,45.34,44.45,45.34,46.7,43.12,4.9,低,-8.32,29.25,4.08,19.99,45.34,0.0,False,False,True,距離頸線或前高過遠，禁止追高,頸線以當日前20日高點計算；收盤站上頸線 44.45 至少2%；成交量>=20日均量2倍；不可長上影；回踩須有近10日突破紀錄且不有效跌破頸線；距離頸線>5%禁止進場,20,C,禁止追高,已漲遠或接近目標，空手不追；持有者依策略分批處理。,False,2026-10-05,True,True,STOP,STOP 停止進場,觀察,取消新進場，只保留觀察,只看續抱 / 減碼 / 停利 / 停損，不新增部位。,停止新進場，先保留現金，等待大盤止跌。,停止新進場，禁止顯示今日可進場。,False,False
2026-10-05,2026-10-05,收盤確認價,臺灣證券交易所 / 證券櫃檯買賣中心正式收盤；yfinance 歷史資料,只使用完整收盤日K，不使用盤中未完成K,上櫃,5468,凱鈺,24.7,25.2,24.7,25.35,25.01,25.16,25.8,21.24,-13.94,-1.98,False,117979,207006,2914081,5369097,3.42,False,True,18.28,一般K,,False,False,False,False,0,False,C級：已漲遠或接近目標，禁止追高,條件不足,接近成形,28.5,24.05,34.8,接近成形＋可觀察,29.07,28.5,29.07,29.94,27.64,4.9,低,-13.33,25.6,4.02,19.71,29.07,0.0,False,False,True,距離頸線或前高過遠，禁止追高,頸線以當日前20日高點計算；收盤站上頸線 28.5 至少2%；成交量>=20日均量2倍；不可長上影；回踩須有近10日突破紀錄且不有效跌破頸線；距離頸線>5%禁止進場,20,C,禁止追高,已漲遠或接近目標，空手不追；持有者依策略分批處理。,False,2026-10-05,True,True,STOP,STOP 停止進場,觀察,取消新進場，只保留觀察,只看續抱 / 減碼 / 停利 / 停損，不新增部位。,停止新進場，先保留現金，等待大盤止跌。,停止新進場，禁止顯示今日可進場。,False,False
2026-10-05,2026-10-05,收盤確認價,臺灣證券交易所 / 證券櫃檯買賣中心正式收盤；yfinance 歷史資料,只使用完整收盤日K，不使用盤中未完成K,上市,1563,巧新,77.0,77.6,76.7,76.22,74.97,76.27,80.3,67.72,-14.7,0.92,False,470151,524562,36201627,40047312,2.74,False,True,45.63,紅K突破,,False,False,False,False,0,False,C級：已漲遠或接近目標，禁止追高,條件不足,接近成形,88.8,72.46,108.4,接近成形＋可觀察,90.58,88.8,90.58,93.29,86.14,4.9,低,-13.29,16.91,4.01,19.68,90.58,0.78,False,False,True,距離頸線或前高過遠，禁止追高,頸線以當日前20日高點計算；收盤站上頸線 88.8 至少2%；成交量>=20日均量2倍；不可長上影；回踩須有近10日突破紀錄且不有效跌破頸線；距離頸線>5%禁止進場,20,C,禁止追高,已漲遠或接近目標，空手不追；持有者依策略分批處理。,False,2026-10-05,True,True,STOP,STOP 停止進場,觀察,取消新進場，只保留觀察,只看續抱 / 減碼 / 停利 / 停損，不新增部位。,停止新進場，先保留現金，等待大盤止跌。,停止新進場，禁止顯示今日可進場。,False,False
2026-10-05,2026-10-05,收盤確認價,臺灣證券交易所 / 證券櫃檯買賣中心正式收盤；yfinance 歷史資料,只使用完整收盤日K，不使用盤中未完成K,上櫃,6568,宏觀,137.5,141.5,137.5,141.0,141.65,138.32,137.28,156.7,-11.86,-2.48,False,142785,99673,19632937,13855572,2.0,False,True,31.36,一般K,,False,False,False,False,0,False,C級：已漲遠或接近目標，禁止追高,條件不足,接近成形,150.0,131.41,183.0,接近成形＋可觀察,153.0,150.0,153.0,157.59,145.5,4.9,低,-8.33,14.86,4.0,19.61,153.0,0.0,False,False,True,距離頸線或前高過遠，禁止追高,頸線以當日前20日高點計算；收盤站上頸線 150.0 至少2%；成交量>=20日均量2倍；不可長上影；回踩須有近10日突破紀錄且不有效跌破頸線；距離頸線>5%禁止進場,20,C,禁止追高,已漲遠或接近目標，空手不追；持有者依策略分批處理。,False,2026-10-05,True,True,STOP,STOP 停止進場,觀察,取消新進場，只保留觀察,只看續抱 / 減碼 / 停利 / 停損，不新增部位。,停止新進場，先保留現金，等待大盤止跌。,停止新進場，禁止顯示今日可進場。,False,False
2026-10-05,2026-10-05,收盤確認價,臺灣證券交易所 / 證券櫃檯買賣中心正式收盤；yfinance 歷史資料,只使用完整收盤日K，不使用盤中未完成K,上櫃,5381,合正,22.9,23.65,22.8,23.27,23.36,23.44,24.12,27.36,-15.96,-1.93,False,620799,376430,14216297,8831307,1.65,False,True,35.2,一般K,,False,False,False,False,0,False,C級：已漲遠或接近目標，禁止追高,條件不足,三角收斂突破,26.5,22.55,32.0,接近成形＋可觀察,27.03,26.5,27.03,27.84,25.7,4.9,低,-13.58,17.33,3.75,18.39,27.03,0.0,False,False,True,距離頸線或前高過遠，禁止追高,頸線以當日前20日高點計算；收盤站上頸線 26.5 至少2%；成交量>=20日均量2倍；不可長上影；回踩須有近10日突破紀錄且不有效跌破頸線；距離頸線>5%禁止進場,20,C,禁止追高,已漲遠或接近目標，空手不追；持有者依策略分批處理。,False,2026-10-05,True,True,STOP,STOP 停止進場,觀察,取消新進場，只保留觀察,只看續抱 / 減碼 / 停利 / 停損，不新增部位。,停止新進場，先保留現金，等待大盤止跌。,停止新進場，禁止顯示今日可進場。,False,False
2026-10-05,2026-10-05,收盤確認價,臺灣證券交易所 / 證券櫃檯買賣中心正式收盤；yfinance 歷史資料,只使用完整收盤日K，不使用盤中未完成K,上櫃,8071,能率網通,22.0,22.65,22.0,22.06,21.99,22.04,23.38,20.18,-27.39,-1.79,False,504239,302246,11093258,6701475,1.52,False,True,39.86,一般K,,False,False,False,False,0,False,C級：已漲遠或接近目標，禁止追高,條件不足,三角收斂突破,24.2,20.94,29.2,接近成形＋可觀察,24.68,24.2,24.68,25.42,23.47,4.9,低,-9.09,30.05,3.73,18.3,24.68,1.14,False,False,True,距離頸線或前高過遠，禁止追高,頸線以當日前20日高點計算；收盤站上頸線 24.2 至少2%；成交量>=20日均量2倍；不可長上影；回踩須有近10日突破紀錄且不有效跌破頸線；距離頸線>5%禁止進場,20,C,禁止追高,已漲遠或接近目標，空手不追；持有者依策略分批處理。,False,2026-10-05,True,True,STOP,STOP 停止進場,觀察,取消新進場，只保留觀察,只看續抱 / 減碼 / 停利 / 停損，不新增部位。,停止新進場，先保留現金，等待大盤止跌。,停止新進場，禁止顯示今日可進場。,False,False
2026-10-05,2026-10-05,收盤確認價,臺灣證券交易所 / 證券櫃檯買賣中心正式收盤；yfinance 歷史資料,只使用完整收盤日K，不使用盤中未完成K,上櫃,8234,新漢,62.8,63.8,62.5,62.76,62.18,63.23,65.3,69.05,-11.92,-0.79,False,306011,347865,19217490,22219162,1.61,False,True,60.09,一般K,,False,False,False,False,0,False,C級：已漲遠或接近目標，禁止追高,條件不足,旗型整理突破,70.3,60.6,84.8,接近成形＋可觀察,71.71,70.3,71.71,73.86,68.19,4.9,低,-10.67,16.82,3.73,18.26,71.71,0.16,False,False,True,距離頸線或前高過遠，禁止追高,頸線以當日前20日高點計算；收盤站上頸線 70.3 至少2%；成交量>=20日均量2倍；不可長上影；回踩須有近10日突破紀錄且不有效跌破頸線；距離頸線>5%禁止進場,20,C,禁止追高,已漲遠或接近目標，空手不追；持有者依策略分批處理。,False,2026-10-05,True,True,STOP,STOP 停止進場,觀察,取消新進場，只保留觀察,只看續抱 / 減碼 / 停利 / 停損，不新增部位。,停止新進場，先保留現金，等待大盤止跌。,停止新進場，禁止顯示今日可進場。,False,False
2026-10-05,2026-10-05,收盤確認價,臺灣證券交易所 / 證券櫃檯買賣中心正式收盤；yfinance 歷史資料,只使用完整收盤日K，不使用盤中未完成K,上櫃,6498,久禾光,69.8,69.9,68.5,68.16,67.66,68.25,74.19,88.09,-23.97,2.05,False,95315,136512,6652987,9374302,2.47,False,True,35.71,紅K突破,,False,False,False,False,0,False,C級：已漲遠或接近目標，禁止追高,條件不足,接近成形,80.5,64.84,96.8,接近成形＋可觀察,82.11,80.5,82.11,84.57,78.08,4.9,低,-13.29,23.97,3.65,17.89,82.11,0.14,False,False,True,距離頸線或前高過遠，禁止追高,頸線以當日前20日高點計算；收盤站上頸線 80.5 至少2%；成交量>=20日均量2倍；不可長上影；回踩須有近10日突破紀錄且不有效跌破頸線；距離頸線>5%禁止進場,20,C,禁止追高,已漲遠或接近目標，空手不追；持有者依策略分批處理。,False,2026-10-05,True,True,STOP,STOP 停止進場,觀察,取消新進場，只保留觀察,只看續抱 / 減碼 / 停利 / 停損，不新增部位。,停止新進場，先保留現金，等待大盤止跌。,停止新進場，禁止顯示今日可進場。,False,False
2026-10-05,2026-10-05,收盤確認價,臺灣證券交易所 / 證券櫃檯買賣中心正式收盤；yfinance 歷史資料,只使用完整收盤日K，不使用盤中未完成K,上櫃,3086,華義,27.4,28.95,27.35,27.65,28.16,28.76,28.47,27.93,-13.56,-3.52,False,101877,83563,2791429,2404378,2.16,False,True,22.98,長黑,遊戲 軟體 題材股,False,False,False,False,0,False,C級：已漲遠或接近目標，禁止追高,條件不足,接近成形,32.0,27.33,38.4,接近成形＋可觀察,32.64,32.0,32.64,33.62,31.04,4.9,低,-14.38,21.26,3.6,17.65,32.64,0.0,False,False,True,距離頸線或前高過遠，禁止追高,頸線以當日前20日高點計算；收盤站上頸線 32.0 至少2%；成交量>=20日均量2倍；不可長上影；回踩須有近10日突破紀錄且不有效跌破頸線；距離頸線>5%禁止進場,20,C,禁止追高,已漲遠或接近目標，空手不追；持有者依策略分批處理。,False,2026-10-05,True,True,STOP,STOP 停止進場,觀察,取消新進場，只保留觀察,只看續抱 / 減碼 / 停利 / 停損，不新增部位。,停止新進場，先保留現金，等待大盤止跌。,停止新進場，禁止顯示今日可進場。,False,False
2026-10-05,2026-10-05,收盤確認價,臺灣證券交易所 / 證券櫃檯買賣中心正式收盤；yfinance 歷史資料,只使用完整收盤日K，不使用盤中未完成K,上櫃,6546,正基,60.8,61.5,60.7,59.76,59.57,59.97,60.97,66.74,-10.06,0.83,False,164662,239380,10011449,14205928,1.46,False,True,42.28,一般K,,False,False,False,False,0,False,C級：已漲遠或接近目標，禁止追高,條件不足,旗型整理突破,64.5,57.0,77.2,接近成形＋可觀察,65.79,64.5,65.79,67.76,62.56,4.9,低,-5.74,11.5,3.54,17.34,65.79,0.49,False,False,True,距離頸線或前高過遠，禁止追高,頸線以當日前20日高點計算；收盤站上頸線 64.5 至少2%；成交量>=20日均量2倍；不可長上影；回踩須有近10日突破紀錄且不有效跌破頸線；距離頸線>5%禁止進場,20,C,禁止追高,已漲遠或接近目標，空手不追；持有者依策略分批處理。,False,2026-10-05,True,True,STOP,STOP 停止進場,觀察,取消新進場，只保留觀察,只看續抱 / 減碼 / 停利 / 停損，不新增部位。,停止新進場，先保留現金，等待大盤止跌。,停止新進場，禁止顯示今日可進場。,False,False
2026-10-05,2026-10-05,收盤確認價,臺灣證券交易所 / 證券櫃檯買賣中心正式收盤；yfinance 歷史資料,只使用完整收盤日K，不使用盤中未完成K,上櫃,6517,保勝光學,66.4,68.2,65.7,64.46,64.43,64.51,66.11,63.66,1.37,0.61,False,411168,288955,27301555,18848862,2.3,False,True,26.12,一般K,,False,False,False,False,0,False,C級：已漲遠或接近目標，禁止追高,條件不足,接近成形,72.5,61.29,86.8,接近成形＋可觀察,73.95,72.5,73.95,76.17,70.33,4.9,低,-8.41,18.02,3.54,17.38,73.95,2.56,False,False,True,距離頸線或前高過遠，禁止追高,頸線以當日前20日高點計算；收盤站上頸線 72.5 至少2%；成交量>=20日均量2倍；不可長上影；回踩須有近10日突破紀錄且不有效跌破頸線；距離頸線>5%禁止進場,20,C,禁止追高,已漲遠或接近目標，空手不追；持有者依策略分批處理。,False,2026-10-05,True,True,STOP,STOP 停止進場,觀察,取消新進場，只保留觀察,只看續抱 / 減碼 / 停利 / 停損，不新增部位。,停止新進場，先保留現金，等待大盤止跌。,停止新進場，禁止顯示今日可進場。,False,False
2026-10-05,2026-10-05,收盤確認價,臺灣證券交易所 / 證券櫃檯買賣中心正式收盤；yfinance 歷史資料,只使用完整收盤日K，不使用盤中未完成K,上櫃,3499,環天科,13.5,13.8,13.2,13.71,13.61,13.58,13.3,15.38,-8.78,-2.17,False,118574,113215,1600749,1570769,3.69,False,True,47.17,一般K,,False,False,False,False,0,False,C級：已漲遠或接近目標，禁止追高,條件不足,接近成形,14.9,12.9,17.8,接近成形＋可觀察,15.2,14.9,15.2,15.65,14.45,4.9,低,-9.4,10.6,3.49,17.12,15.2,0.0,False,False,True,距離頸線或前高過遠，禁止追高,頸線以當日前20日高點計算；收盤站上頸線 14.9 至少2%；成交量>=20日均量2倍；不可長上影；回踩須有近10日突破紀錄且不有效跌破頸線；距離頸線>5%禁止進場,20,C,禁止追高,已漲遠或接近目標，空手不追；持有者依策略分批處理。,False,2026-10-05,True,True,STOP,STOP 停止進場,觀察,取消新進場，只保留觀察,只看續抱 / 減碼 / 停利 / 停損，不新增部位。,停止新進場，先保留現金，等待大盤止跌。,停止新進場，禁止顯示今日可進場。,False,False
2026-10-05,2026-10-05,收盤確認價,臺灣證券交易所 / 證券櫃檯買賣中心正式收盤；yfinance 歷史資料,只使用完整收盤日K，不使用盤中未完成K,上櫃,5201,凱衛,27.35,28.75,27.1,28.81,28.96,28.96,27.34,35.68,0.55,-2.32,False,38319,132844,1048024,3854035,2.43,False,True,38.2,長黑,,False,False,False,False,0,False,C級：已漲遠或接近目標，禁止追高,條件不足,接近成形,31.2,27.51,37.25,接近成形＋可觀察,31.82,31.2,31.82,32.78,30.26,4.9,低,-12.34,12.34,3.48,17.05,31.82,0.0,False,False,True,距離頸線或前高過遠，禁止追高,頸線以當日前20日高點計算；收盤站上頸線 31.2 至少2%；成交量>=20日均量2倍；不可長上影；回踩須有近10日突破紀錄且不有效跌破頸線；距離頸線>5%禁止進場,20,C,禁止追高,已漲遠或接近目標，空手不追；持有者依策略分批處理。,False,2026-10-05,True,True,STOP,STOP 停止進場,觀察,取消新進場，只保留觀察,只看續抱 / 減碼 / 停利 / 停損，不新增部位。,停止新進場，先保留現金，等待大盤止跌。,停止新進場，禁止顯示今日可進場。,False,False
2026-10-05,2026-10-05,收盤確認價,臺灣證券交易所 / 證券櫃檯買賣中心正式收盤；yfinance 歷史資料,只使用完整收盤日K，不使用盤中未完成K,上櫃,3379,彬台,27.7,28.45,27.5,27.62,27.59,27.55,28.77,40.71,-18.65,-0.36,False,41183,57645,1140769,1590900,1.63,False,True,30.47,一般K,,False,False,False,False,0,False,C級：已漲遠或接近目標，禁止追高,條件不足,旗型整理突破,29.75,26.17,35.5,接近成形＋可觀察,30.34,29.75,30.34,31.26,28.86,4.9,低,-6.89,23.27,3.47,16.99,30.34,0.36,False,False,True,距離頸線或前高過遠，禁止追高,頸線以當日前20日高點計算；收盤站上頸線 29.75 至少2%；成交量>=20日均量2倍；不可長上影；回踩須有近10日突破紀錄且不有效跌破頸線；距離頸線>5%禁止進場,20,C,禁止追高,已漲遠或接近目標，空手不追；持有者依策略分批處理。,False,2026-10-05,True,True,STOP,STOP 停止進場,觀察,取消新進場，只保留觀察,只看續抱 / 減碼 / 停利 / 停損，不新增部位。,停止新進場，先保留現金，等待大盤止跌。,停止新進場，禁止顯示今日可進場。,False,False
2026-10-05,2026-10-05,收盤確認價,臺灣證券交易所 / 證券櫃檯買賣中心正式收盤；yfinance 歷史資料,只使用完整收盤日K，不使用盤中未完成K,上櫃,2067,嘉鋼,4.89,5.0,4.81,4.96,5.1,4.99,5.69,8.04,-25.91,0.0,False,44003,28352,215174,140785,2.92,False,True,27.56,下影線,,False,False,False,False,0,False,C級：已漲遠或接近目標，禁止追高,條件不足,接近成形,5.65,4.74,6.74,接近成形＋可觀察,5.76,5.65,5.76,5.94,5.48,4.9,低,-13.45,27.56,3.46,16.95,5.76,1.43,False,False,True,距離頸線或前高過遠，禁止追高,頸線以當日前20日高點計算；收盤站上頸線 5.65 至少2%；成交量>=20日均量2倍；不可長上影；回踩須有近10日突破紀錄且不有效跌破頸線；距離頸線>5%禁止進場,20,C,禁止追高,已漲遠或接近目標，空手不追；持有者依策略分批處理。,False,2026-10-05,True,True,STOP,STOP 停止進場,觀察,取消新進場，只保留觀察,只看續抱 / 減碼 / 停利 / 停損，不新增部位。,停止新進場，先保留現金，等待大盤止跌。,停止新進場，禁止顯示今日可進場。,False,False
2026-10-05,2026-10-05,收盤確認價,臺灣證券交易所 / 證券櫃檯買賣中心正式收盤；yfinance 歷史資料,只使用完整收盤日K，不使用盤中未完成K,上市,2362,藍天,46.25,47.1,46.25,46.62,47.3,47.4,46.33,41.84,6.57,-0.86,False,629435,582639,29111368,27765864,1.59,False,True,16.66,一般K,,False,False,False,False,0,False,C級：已漲遠或接近目標，禁止追高,條件不足,接近成形,49.9,46.25,59.4,接近成形＋可觀察,50.9,49.9,50.9,52.42,48.4,4.9,低,-7.31,10.71,3.41,16.7,50.9,0.76,False,False,True,距離頸線或前高過遠，禁止追高,頸線以當日前20日高點計算；收盤站上頸線 49.9 至少2%；成交量>=20日均量2倍；不可長上影；回踩須有近10日突破紀錄且不有效跌破頸線；距離頸線>5%禁止進場,20,C,禁止追高,已漲遠或接近目標，空手不追；持有者依策略分批處理。,False,2026-10-05,True,True,STOP,STOP 停止進場,觀察,取消新進場，只保留觀察,只看續抱 / 減碼 / 停利 / 停損，不新增部位。,停止新進場，先保留現金，等待大盤止跌。,停止新進場，禁止顯示今日可進場。,False,False
2026-10-05,2026-10-05,收盤確認價,臺灣證券交易所 / 證券櫃檯買賣中心正式收盤；yfinance 歷史資料,只使用完整收盤日K，不使用盤中未完成K,上市,1808,潤隆,31.35,31.7,31.15,31.58,32.85,33.51,33.24,32.62,4.15,-0.79,False,844067,1786229,26461500,60572101,2.75,False,True,24.16,一般K,,False,False,False,False,0,False,C級：已漲遠或接近目標，禁止追高,條件不足,接近成形,37.15,31.84,44.2,接近成形＋可觀察,37.89,37.15,37.89,39.03,36.04,4.9,低,-15.61,17.06,3.4,16.64,37.89,0.32,False,False,True,距離頸線或前高過遠，禁止追高,頸線以當日前20日高點計算；收盤站上頸線 37.15 至少2%；成交量>=20日均量2倍；不可長上影；回踩須有近10日突破紀錄且不有效跌破頸線；距離頸線>5%禁止進場,20,C,禁止追高,已漲遠或接近目標，空手不追；持有者依策略分批處理。,False,2026-10-05,True,True,STOP,STOP 停止進場,觀察,取消新進場，只保留觀察,只看續抱 / 減碼 / 停利 / 停損，不新增部位。,停止新進場，先保留現金，等待大盤止跌。,停止新進場，禁止顯示今日可進場。,False,False
2026-10-05,2026-10-05,收盤確認價,臺灣證券交易所 / 證券櫃檯買賣中心正式收盤；yfinance 歷史資料,只使用完整收盤日K，不使用盤中未完成K,上櫃,6684,安格,49.05,50.1,49.0,50.05,49.66,47.63,48.01,50.03,-9.0,-1.9,False,87091,106978,4271813,5174304,2.04,False,True,48.01,一般K,,False,False,False,False,0,False,C級：已漲遠或接近目標，禁止追高,條件不足,接近成形,52.9,45.25,62.85,接近成形＋可觀察,53.96,52.9,53.96,55.58,51.31,4.9,低,-7.28,10.0,3.36,16.48,53.96,1.02,False,False,True,距離頸線或前高過遠，禁止追高,頸線以當日前20日高點計算；收盤站上頸線 52.9 至少2%；成交量>=20日均量2倍；不可長上影；回踩須有近10日突破紀錄且不有效跌破頸線；距離頸線>5%禁止進場,20,C,禁止追高,已漲遠或接近目標，空手不追；持有者依策略分批處理。,False,2026-10-05,True,True,STOP,STOP 停止進場,觀察,取消新進場，只保留觀察,只看續抱 / 減碼 / 停利 / 停損，不新增部位。,停止新進場，先保留現金，等待大盤止跌。,停止新進場，禁止顯示今日可進場。,False,False
2026-10-05,2026-10-05,收盤確認價,臺灣證券交易所 / 證券櫃檯買賣中心正式收盤；yfinance 歷史資料,只使用完整收盤日K，不使用盤中未完成K,上市,1538,正峰,8.13,8.13,8.13,7.93,8.17,8.45,9.28,17.06,-18.7,2.91,False,1591,8955,12934,75196,4.07,False,True,15.62,資料不足,,False,False,False,False,0,False,C級：已漲遠或接近目標，禁止追高,條件不足,接近成形,9.2,8.03,10.92,接近成形＋可觀察,9.38,9.2,9.38,9.67,8.92,4.9,低,-11.63,26.09,3.34,16.37,9.38,0.0,False,False,True,距離頸線或前高過遠，禁止追高,頸線以當日前20日高點計算；收盤站上頸線 9.2 至少2%；成交量>=20日均量2倍；不可長上影；回踩須有近10日突破紀錄且不有效跌破頸線；距離頸線>5%禁止進場,20,C,禁止追高,已漲遠或接近目標，空手不追；持有者依策略分批處理。,False,2026-10-05,True,True,STOP,STOP 停止進場,觀察,取消新進場，只保留觀察,只看續抱 / 減碼 / 停利 / 停損，不新增部位。,停止新進場，先保留現金，等待大盤止跌。,停止新進場，禁止顯示今日可進場。,False,False
2026-10-05,2026-10-05,收盤確認價,臺灣證券交易所 / 證券櫃檯買賣中心正式收盤；yfinance 歷史資料,只使用完整收盤日K，不使用盤中未完成K,上櫃,5263,智崴,90.6,91.4,89.4,90.1,89.95,93.33,93.86,98.01,-10.3,0.11,False,177720,244321,16101431,23056242,2.6,False,True,34.73,一般K,,False,False,False,False,0,False,C級：已漲遠或接近目標，禁止追高,條件不足,接近成形,106.0,88.66,125.2,接近成形＋可觀察,108.12,106.0,108.12,111.36,102.82,4.9,低,-14.53,14.53,3.22,15.8,108.12,0.33,False,False,True,距離頸線或前高過遠，禁止追高,頸線以當日前20日高點計算；收盤站上頸線 106.0 至少2%；成交量>=20日均量2倍；不可長上影；回踩須有近10日突破紀錄且不有效跌破頸線；距離頸線>5%禁止進場,20,C,禁止追高,已漲遠或接近目標，空手不追；持有者依策略分批處理。,False,2026-10-05,True,True,STOP,STOP 停止進場,觀察,取消新進場，只保留觀察,只看續抱 / 減碼 / 停利 / 停損，不新增部位。,停止新進場，先保留現金，等待大盤止跌。,停止新進場，禁止顯示今日可進場。,False,False
2026-10-05,2026-10-05,收盤確認價,臺灣證券交易所 / 證券櫃檯買賣中心正式收盤；yfinance 歷史資料,只使用完整收盤日K，不使用盤中未完成K,上市,2009,第一銅,39.2,39.7,39.2,39.39,39.46,39.4,38.97,41.54,2.89,-0.25,False,1213551,1775047,47571199,70444424,1.63,False,True,20.16,一般K,,False,False,False,False,0,False,C級：已漲遠或接近目標，禁止追高,條件不足,接近成形,41.85,38.05,49.4,接近成形＋可觀察,42.69,41.85,42.69,43.97,40.59,4.9,低,-6.33,11.31,3.21,15.73,42.69,0.0,False,False,True,距離頸線或前高過遠，禁止追高,頸線以當日前20日高點計算；收盤站上頸線 41.85 至少2%；成交量>=20日均量2倍；不可長上影；回踩須有近10日突破紀錄且不有效跌破頸線；距離頸線>5%禁止進場,20,C,禁止追高,已漲遠或接近目標，空手不追；持有者依策略分批處理。,False,2026-10-05,True,True,STOP,STOP 停止進場,觀察,取消新進場，只保留觀察,只看續抱 / 減碼 / 停利 / 停損，不新增部位。,停止新進場，先保留現金，等待大盤止跌。,停止新進場，禁止顯示今日可進場。,False,False
2026-10-05,2026-10-05,收盤確認價,臺灣證券交易所 / 證券櫃檯買賣中心正式收盤；yfinance 歷史資料,只使用完整收盤日K，不使用盤中未完成K,上櫃,3115,富榮綱,8.5,8.59,8.5,8.44,8.25,8.45,8.81,9.8,-6.7,1.31,False,2630,15330,22355,125721,3.03,False,True,36.1,一般K,,False,False,False,False,0,False,C級：已漲遠或接近目標，禁止追高,條件不足,接近成形,9.25,8.03,10.92,接近成形＋可觀察,9.44,9.25,9.44,9.72,8.97,4.9,低,-8.11,11.55,3.21,15.74,9.44,0.0,False,False,True,距離頸線或前高過遠，禁止追高,頸線以當日前20日高點計算；收盤站上頸線 9.25 至少2%；成交量>=20日均量2倍；不可長上影；回踩須有近10日突破紀錄且不有效跌破頸線；距離頸線>5%禁止進場,20,C,禁止追高,已漲遠或接近目標，空手不追；持有者依策略分批處理。,False,2026-10-05,True,True,STOP,STOP 停止進場,觀察,取消新進場，只保留觀察,只看續抱 / 減碼 / 停利 / 停損，不新增部位。,停止新進場，先保留現金，等待大盤止跌。,停止新進場，禁止顯示今日可進場。,False,False
2026-10-05,2026-10-05,收盤確認價,臺灣證券交易所 / 證券櫃檯買賣中心正式收盤；yfinance 歷史資料,只使用完整收盤日K，不使用盤中未完成K,上櫃,5508,永信建,53.0,53.3,52.8,53.24,53.69,53.52,53.19,58.54,-8.62,-1.3,False,327798,385586,17373294,20979714,1.9,False,True,23.68,一般K,,False,False,False,False,0,False,C級：已漲遠或接近目標，禁止追高,條件不足,接近成形,60.0,51.7,70.8,接近成形＋可觀察,61.2,60.0,61.2,63.04,58.2,4.9,低,-11.67,11.67,3.2,15.69,61.2,0.57,False,False,True,距離頸線或前高過遠，禁止追高,頸線以當日前20日高點計算；收盤站上頸線 60.0 至少2%；成交量>=20日均量2倍；不可長上影；回踩須有近10日突破紀錄且不有效跌破頸線；距離頸線>5%禁止進場,20,C,禁止追高,已漲遠或接近目標，空手不追；持有者依策略分批處理。,False,2026-10-05,True,True,STOP,STOP 停止進場,觀察,取消新進場，只保留觀察,只看續抱 / 減碼 / 停利 / 停損，不新增部位。,停止新進場，先保留現金，等待大盤止跌。,停止新進場，禁止顯示今日可進場。,False,False
2026-10-05,2026-10-05,收盤確認價,臺灣證券交易所 / 證券櫃檯買賣中心正式收盤；yfinance 歷史資料,只使用完整收盤日K，不使用盤中未完成K,上櫃,6171,大城地產,24.0,24.5,23.9,25.84,25.99,25.97,24.64,26.11,1.69,-2.04,False,123764,94497,2970336,2453308,2.73,False,True,28.11,一般K,,False,False,False,False,0,False,C級：已漲遠或接近目標，禁止追高,條件不足,接近成形,27.35,24.67,32.2,接近成形＋可觀察,27.9,27.35,27.9,28.73,26.53,4.9,低,-12.25,12.25,3.15,15.42,27.9,0.0,False,False,True,距離頸線或前高過遠，禁止追高,頸線以當日前20日高點計算；收盤站上頸線 27.35 至少2%；成交量>=20日均量2倍；不可長上影；回踩須有近10日突破紀錄且不有效跌破頸線；距離頸線>5%禁止進場,20,C,禁止追高,已漲遠或接近目標，空手不追；持有者依策略分批處理。,False,2026-10-05,True,True,STOP,STOP 停止進場,觀察,取消新進場，只保留觀察,只看續抱 / 減碼 / 停利 / 停損，不新增部位。,停止新進場，先保留現金，等待大盤止跌。,停止新進場，禁止顯示今日可進場。,False,False
2026-10-05,2026-10-05,收盤確認價,臺灣證券交易所 / 證券櫃檯買賣中心正式收盤；yfinance 歷史資料,只使用完整收盤日K，不使用盤中未完成K,上櫃,3272,東碩,14.15,14.3,14.1,13.96,13.99,14.08,14.24,17.63,-10.16,0.35,False,14400,43565,203760,622534,1.31,False,True,34.98,一般K,,False,False,False,False,0,False,C級：已漲遠或接近目標，禁止追高,條件不足,旗型整理突破,15.6,13.55,18.35,接近成形＋可觀察,15.91,15.6,15.91,16.39,15.13,4.9,低,-9.29,13.98,3.13,15.32,15.91,0.0,False,False,True,距離頸線或前高過遠，禁止追高,頸線以當日前20日高點計算；收盤站上頸線 15.6 至少2%；成交量>=20日均量2倍；不可長上影；回踩須有近10日突破紀錄且不有效跌破頸線；距離頸線>5%禁止進場,20,C,禁止追高,已漲遠或接近目標，空手不追；持有者依策略分批處理。,False,2026-10-05,True,True,STOP,STOP 停止進場,觀察,取消新進場，只保留觀察,只看續抱 / 減碼 / 停利 / 停損，不新增部位。,停止新進場，先保留現金，等待大盤止跌。,停止新進場，禁止顯示今日可進場。,False,False
2026-10-05,2026-10-05,收盤確認價,臺灣證券交易所 / 證券櫃檯買賣中心正式收盤；yfinance 歷史資料,只使用完整收盤日K，不使用盤中未完成K,上櫃,3577,泓格,112.0,115.0,112.0,116.3,116.1,113.95,122.97,91.73,-10.76,-2.18,False,327493,299847,36679216,34532141,2.83,False,True,21.48,一般K,,False,False,False,False,0,False,C級：已漲遠或接近目標，禁止追高,條件不足,接近成形,125.0,108.25,147.0,接近成形＋可觀察,127.5,125.0,127.5,131.33,121.25,4.9,低,-10.4,36.36,3.12,15.29,127.5,0.45,False,False,True,距離頸線或前高過遠，禁止追高,頸線以當日前20日高點計算；收盤站上頸線 125.0 至少2%；成交量>=20日均量2倍；不可長上影；回踩須有近10日突破紀錄且不有效跌破頸線；距離頸線>5%禁止進場,20,C,禁止追高,已漲遠或接近目標，空手不追；持有者依策略分批處理。,False,2026-10-05,True,True,STOP,STOP 停止進場,觀察,取消新進場，只保留觀察,只看續抱 / 減碼 / 停利 / 停損，不新增部位。,停止新進場，先保留現金，等待大盤止跌。,停止新進場，禁止顯示今日可進場。,False,False
2026-10-05,2026-10-05,收盤確認價,臺灣證券交易所 / 證券櫃檯買賣中心正式收盤；yfinance 歷史資料,只使用完整收盤日K，不使用盤中未完成K,上櫃,6560,欣普羅,31.2,31.8,31.2,32.06,32.77,32.18,32.33,38.35,-17.02,-2.19,False,41231,42647,1286407,1410988,2.88,False,True,47.2,一般K,,False,False,False,False,0,False,C級：已漲遠或接近目標，禁止追高,條件不足,接近成形,35.8,30.57,42.1,接近成形＋可觀察,36.52,35.8,36.52,37.61,34.73,4.9,低,-12.85,17.02,3.12,15.29,36.52,0.0,False,False,True,距離頸線或前高過遠，禁止追高,頸線以當日前20日高點計算；收盤站上頸線 35.8 至少2%；成交量>=20日均量2倍；不可長上影；回踩須有近10日突破紀錄且不有效跌破頸線；距離頸線>5%禁止進場,20,C,禁止追高,已漲遠或接近目標，空手不追；持有者依策略分批處理。,False,2026-10-05,True,True,STOP,STOP 停止進場,觀察,取消新進場，只保留觀察,只看續抱 / 減碼 / 停利 / 停損，不新增部位。,停止新進場，先保留現金，等待大盤止跌。,停止新進場，禁止顯示今日可進場。,False,False
2026-10-05,2026-10-05,收盤確認價,臺灣證券交易所 / 證券櫃檯買賣中心正式收盤；yfinance 歷史資料,只使用完整收盤日K，不使用盤中未完成K,上櫃,5457,宣德,24.0,24.8,24.0,24.03,23.95,24.92,27.39,35.38,-28.04,-1.64,False,512652,750654,12303648,18158273,2.48,False,True,71.49,一般K,,False,False,False,False,0,False,C級：已漲遠或接近目標，禁止追高,條件不足,接近成形,28.25,23.67,33.2,接近成形＋可觀察,28.82,28.25,28.82,29.68,27.4,4.9,低,-15.04,28.78,3.1,15.22,28.82,0.0,False,False,True,距離頸線或前高過遠，禁止追高,頸線以當日前20日高點計算；收盤站上頸線 28.25 至少2%；成交量>=20日均量2倍；不可長上影；回踩須有近10日突破紀錄且不有效跌破頸線；距離頸線>5%禁止進場,20,C,禁止追高,已漲遠或接近目標，空手不追；持有者依策略分批處理。,False,2026-10-05,True,True,STOP,STOP 停止進場,觀察,取消新進場，只保留觀察,只看續抱 / 減碼 / 停利 / 停損，不新增部位。,停止新進場，先保留現金，等待大盤止跌。,停止新進場，禁止顯示今日可進場。,False,False
2026-10-05,2026-10-05,收盤確認價,臺灣證券交易所 / 證券櫃檯買賣中心正式收盤；yfinance 歷史資料,只使用完整收盤日K，不使用盤中未完成K,上櫃,7767,仁大資訊,46.0,46.15,46.0,46.18,46.38,45.97,45.99,47.84,12.61,-0.22,False,15110,30074,695060,1390150,0.98,False,True,57.4,一般K,,False,False,False,False,0,False,C級：已漲遠或接近目標，禁止追高,條件不足,接近成形,49.45,44.5,58.05,接近成形＋可觀察,50.44,49.45,50.44,51.95,47.97,4.9,低,-6.98,11.37,3.08,15.09,50.44,0.22,False,False,True,距離頸線或前高過遠，禁止追高,頸線以當日前20日高點計算；收盤站上頸線 49.45 至少2%；成交量>=20日均量2倍；不可長上影；回踩須有近10日突破紀錄且不有效跌破頸線；距離頸線>5%禁止進場,20,C,禁止追高,已漲遠或接近目標，空手不追；持有者依策略分批處理。,False,2026-10-05,True,True,STOP,STOP 停止進場,觀察,取消新進場，只保留觀察,只看續抱 / 減碼 / 停利 / 停損，不新增部位。,停止新進場，先保留現金，等待大盤止跌。,停止新進場，禁止顯示今日可進場。,False,False
2026-10-05,2026-10-05,收盤確認價,臺灣證券交易所 / 證券櫃檯買賣中心正式收盤；yfinance 歷史資料,只使用完整收盤日K，不使用盤中未完成K,上市,2380,虹光,16.6,17.0,16.5,16.8,16.78,17.04,18.51,19.52,-17.0,-1.48,False,51667,89352,857672,1522465,2.08,False,True,20.98,一般K,,False,False,False,False,0,False,C級：已漲遠或接近目標，禁止追高,條件不足,接近成形,19.25,16.19,22.6,接近成形＋可觀察,19.64,19.25,19.64,20.22,18.67,4.9,低,-13.77,22.43,3.08,15.1,19.64,0.0,False,False,True,距離頸線或前高過遠，禁止追高,頸線以當日前20日高點計算；收盤站上頸線 19.25 至少2%；成交量>=20日均量2倍；不可長上影；回踩須有近10日突破紀錄且不有效跌破頸線；距離頸線>5%禁止進場,20,C,禁止追高,已漲遠或接近目標，空手不追；持有者依策略分批處理。,False,2026-10-05,True,True,STOP,STOP 停止進場,觀察,取消新進場，只保留觀察,只看續抱 / 減碼 / 停利 / 停損，不新增部位。,停止新進場，先保留現金，等待大盤止跌。,停止新進場，禁止顯示今日可進場。,False,False
2026-10-05,2026-10-05,收盤確認價,臺灣證券交易所 / 證券櫃檯買賣中心正式收盤；yfinance 歷史資料,只使用完整收盤日K，不使用盤中未完成K,上市,1442,名軒,26.1,26.65,26.1,26.68,28.31,29.23,29.53,29.49,-8.26,-2.25,False,411060,498277,10728666,14610316,2.79,False,True,40.7,一般K,,False,False,False,False,0,False,C級：已漲遠或接近目標，禁止追高,條件不足,接近成形,31.95,27.77,37.5,接近成形＋可觀察,32.59,31.95,32.59,33.57,30.99,4.9,低,-18.31,18.31,3.07,15.07,32.59,0.0,False,False,True,距離頸線或前高過遠，禁止追高,頸線以當日前20日高點計算；收盤站上頸線 31.95 至少2%；成交量>=20日均量2倍；不可長上影；回踩須有近10日突破紀錄且不有效跌破頸線；距離頸線>5%禁止進場,20,C,禁止追高,已漲遠或接近目標，空手不追；持有者依策略分批處理。,False,2026-10-05,True,True,STOP,STOP 停止進場,觀察,取消新進場，只保留觀察,只看續抱 / 減碼 / 停利 / 停損，不新增部位。,停止新進場，先保留現金，等待大盤止跌。,停止新進場，禁止顯示今日可進場。,False,False
2026-10-05,2026-10-05,收盤確認價,臺灣證券交易所 / 證券櫃檯買賣中心正式收盤；yfinance 歷史資料,只使用完整收盤日K，不使用盤中未完成K,上櫃,3556,禾瑞亞,58.5,60.0,58.3,58.54,57.92,57.29,61.15,50.95,-22.92,-1.02,False,178034,194020,10414989,11141512,1.73,False,True,47.73,一般K,,False,False,False,False,0,False,C級：已漲遠或接近目標，禁止追高,條件不足,接近成形,63.4,54.8,74.3,接近成形＋可觀察,64.67,63.4,64.67,66.61,61.5,4.9,低,-7.73,24.12,3.04,14.89,64.67,0.0,False,False,True,距離頸線或前高過遠，禁止追高,頸線以當日前20日高點計算；收盤站上頸線 63.4 至少2%；成交量>=20日均量2倍；不可長上影；回踩須有近10日突破紀錄且不有效跌破頸線；距離頸線>5%禁止進場,20,C,禁止追高,已漲遠或接近目標，空手不追；持有者依策略分批處理。,False,2026-10-05,True,True,STOP,STOP 停止進場,觀察,取消新進場，只保留觀察,只看續抱 / 減碼 / 停利 / 停損，不新增部位。,停止新進場，先保留現金，等待大盤止跌。,停止新進場，禁止顯示今日可進場。,False,False
2026-10-05,2026-10-05,收盤確認價,臺灣證券交易所 / 證券櫃檯買賣中心正式收盤；yfinance 歷史資料,只使用完整收盤日K，不使用盤中未完成K,上櫃,3232,昱捷,20.25,20.6,20.25,20.64,20.91,20.54,20.25,22.43,-6.47,-1.46,False,17268,55524,349677,1181066,2.41,False,True,53.03,一般K,,False,False,False,False,0,False,C級：已漲遠或接近目標，禁止追高,條件不足,接近成形,22.7,19.52,26.6,接近成形＋可觀察,23.15,22.7,23.15,23.85,22.02,4.9,低,-10.79,10.79,3.04,14.88,23.15,0.0,False,False,True,距離頸線或前高過遠，禁止追高,頸線以當日前20日高點計算；收盤站上頸線 22.7 至少2%；成交量>=20日均量2倍；不可長上影；回踩須有近10日突破紀錄且不有效跌破頸線；距離頸線>5%禁止進場,20,C,禁止追高,已漲遠或接近目標，空手不追；持有者依策略分批處理。,False,2026-10-05,True,True,STOP,STOP 停止進場,觀察,取消新進場，只保留觀察,只看續抱 / 減碼 / 停利 / 停損，不新增部位。,停止新進場，先保留現金，等待大盤止跌。,停止新進場，禁止顯示今日可進場。,False,False
2026-10-05,2026-10-05,收盤確認價,臺灣證券交易所 / 證券櫃檯買賣中心正式收盤；yfinance 歷史資料,只使用完整收盤日K，不使用盤中未完成K,上市,1235,興泰,30.8,32.15,30.8,32.28,34.51,35.32,35.06,39.8,-10.17,-2.84,False,35792,42934,1102393,1534837,4.08,False,True,20.86,一般K,,False,False,False,False,0,False,C級：已漲遠或接近目標，禁止追高,條件不足,接近成形,38.24,33.56,44.78,接近成形＋可觀察,39.0,38.24,39.0,40.17,37.09,4.9,低,-19.45,23.38,3.02,14.8,39.0,1.14,True,False,True,距離頸線或前高過遠，禁止追高,頸線以當日前20日高點計算；收盤站上頸線 38.24 至少2%；成交量>=20日均量2倍；不可長上影；回踩須有近10日突破紀錄且不有效跌破頸線；距離頸線>5%禁止進場,20,C,禁止追高,已漲遠或接近目標，空手不追；持有者依策略分批處理。,False,2026-10-05,True,True,STOP,STOP 停止進場,觀察,取消新進場，只保留觀察,只看續抱 / 減碼 / 停利 / 停損，不新增部位。,停止新進場，先保留現金，等待大盤止跌。,停止新進場，禁止顯示今日可進場。,False,False
2026-10-05,2026-10-05,收盤確認價,臺灣證券交易所 / 證券櫃檯買賣中心正式收盤；yfinance 歷史資料,只使用完整收盤日K，不使用盤中未完成K,上櫃,3523,迎輝,14.1,14.25,13.75,14.37,14.68,14.78,15.19,16.03,-8.44,-1.4,False,23422,25541,330250,378199,4.99,False,True,38.51,下影線,,False,False,False,False,0,False,C級：已漲遠或接近目標，禁止追高,條件不足,接近成形,15.85,14.04,18.55,接近成形＋可觀察,16.17,15.85,16.17,16.65,15.37,4.9,低,-11.04,23.99,3.01,14.74,16.17,0.0,False,False,True,距離頸線或前高過遠，禁止追高,頸線以當日前20日高點計算；收盤站上頸線 15.85 至少2%；成交量>=20日均量2倍；不可長上影；回踩須有近10日突破紀錄且不有效跌破頸線；距離頸線>5%禁止進場,20,C,禁止追高,已漲遠或接近目標，空手不追；持有者依策略分批處理。,False,2026-10-05,True,True,STOP,STOP 停止進場,觀察,取消新進場，只保留觀察,只看續抱 / 減碼 / 停利 / 停損，不新增部位。,停止新進場，先保留現金，等待大盤止跌。,停止新進場，禁止顯示今日可進場。,False,False
2026-10-05,2026-10-05,收盤確認價,臺灣證券交易所 / 證券櫃檯買賣中心正式收盤；yfinance 歷史資料,只使用完整收盤日K，不使用盤中未完成K,上櫃,3522,御嵿,12.15,12.45,12.0,12.43,12.7,12.6,12.25,13.96,-0.82,-2.41,False,53374,175065,648494,2236368,2.02,False,True,63.33,一般K,,False,False,False,False,0,False,C級：已漲遠或接近目標，禁止追高,條件不足,接近成形,13.55,11.97,15.85,接近成形＋可觀察,13.82,13.55,13.82,14.24,13.14,4.9,低,-10.33,10.33,2.99,14.68,13.82,0.41,False,False,True,距離頸線或前高過遠，禁止追高,頸線以當日前20日高點計算；收盤站上頸線 13.55 至少2%；成交量>=20日均量2倍；不可長上影；回踩須有近10日突破紀錄且不有效跌破頸線；距離頸線>5%禁止進場,20,C,禁止追高,已漲遠或接近目標，空手不追；持有者依策略分批處理。,False,2026-10-05,True,True,STOP,STOP 停止進場,觀察,取消新進場，只保留觀察,只看續抱 / 減碼 / 停利 / 停損，不新增部位。,停止新進場，先保留現金，等待大盤止跌。,停止新進場，禁止顯示今日可進場。,False,False
2026-10-05,2026-10-05,收盤確認價,臺灣證券交易所 / 證券櫃檯買賣中心正式收盤；yfinance 歷史資料,只使用完整收盤日K，不使用盤中未完成K,上櫃,4609,唐鋒,4.31,4.45,4.31,4.39,4.29,4.26,4.66,5.32,-18.37,-9.45,False,7968,7622,34342,32651,4.57,False,True,25.81,一般K,,False,False,False,False,0,False,C級：已漲遠或接近目標，禁止追高,條件不足,接近成形,4.86,4.05,5.67,接近成形＋可觀察,4.96,4.86,4.96,5.11,4.71,4.9,低,-11.32,18.83,2.93,14.38,4.96,0.0,False,False,True,距離頸線或前高過遠，禁止追高,頸線以當日前20日高點計算；收盤站上頸線 4.86 至少2%；成交量>=20日均量2倍；不可長上影；回踩須有近10日突破紀錄且不有效跌破頸線；距離頸線>5%禁止進場,20,C,禁止追高,已漲遠或接近目標，空手不追；持有者依策略分批處理。,False,2026-10-05,True,True,STOP,STOP 停止進場,觀察,取消新進場，只保留觀察,只看續抱 / 減碼 / 停利 / 停損，不新增部位。,停止新進場，先保留現金，等待大盤止跌。,停止新進場，禁止顯示今日可進場。,False,False
2026-10-05,2026-10-05,收盤確認價,臺灣證券交易所 / 證券櫃檯買賣中心正式收盤；yfinance 歷史資料,只使用完整收盤日K，不使用盤中未完成K,上櫃,3349,寶德,19.0,19.5,18.6,19.46,19.61,20.23,22.17,24.15,-20.5,0.0,False,87300,253029,1658700,5146956,2.12,False,True,73.29,一般K,,False,False,False,False,0,False,C級：已漲遠或接近目標，禁止追高,條件不足,接近成形,22.8,19.21,26.6,接近成形＋可觀察,23.26,22.8,23.26,23.95,22.12,4.9,低,-16.67,26.36,2.93,14.38,23.26,0.0,False,False,True,距離頸線或前高過遠，禁止追高,頸線以當日前20日高點計算；收盤站上頸線 22.8 至少2%；成交量>=20日均量2倍；不可長上影；回踩須有近10日突破紀錄且不有效跌破頸線；距離頸線>5%禁止進場,20,C,禁止追高,已漲遠或接近目標，空手不追；持有者依策略分批處理。,False,2026-10-05,True,True,STOP,STOP 停止進場,觀察,取消新進場，只保留觀察,只看續抱 / 減碼 / 停利 / 停損，不新增部位。,停止新進場，先保留現金，等待大盤止跌。,停止新進場，禁止顯示今日可進場。,False,False
2026-10-05,2026-10-05,收盤確認價,臺灣證券交易所 / 證券櫃檯買賣中心正式收盤；yfinance 歷史資料,只使用完整收盤日K，不使用盤中未完成K,上市,1316,上曜,10.3,10.55,10.3,10.5,10.55,10.65,10.5,12.5,-0.48,-2.37,False,1940230,1721985,19984369,18444716,1.86,False,True,12.19,一般K,,False,False,False,False,0,False,C級：已漲遠或接近目標，禁止追高,條件不足,接近成形,11.25,10.4,13.11,接近成形＋可觀察,11.47,11.25,11.47,11.82,10.91,4.9,低,-8.44,17.6,2.91,14.25,11.47,0.0,False,False,True,距離頸線或前高過遠，禁止追高,頸線以當日前20日高點計算；收盤站上頸線 11.25 至少2%；成交量>=20日均量2倍；不可長上影；回踩須有近10日突破紀錄且不有效跌破頸線；距離頸線>5%禁止進場,20,C,禁止追高,已漲遠或接近目標，空手不追；持有者依策略分批處理。,False,2026-10-05,True,True,STOP,STOP 停止進場,觀察,取消新進場，只保留觀察,只看續抱 / 減碼 / 停利 / 停損，不新增部位。,停止新進場，先保留現金，等待大盤止跌。,停止新進場，禁止顯示今日可進場。,False,False
2026-10-05,2026-10-05,收盤確認價,臺灣證券交易所 / 證券櫃檯買賣中心正式收盤；yfinance 歷史資料,只使用完整收盤日K，不使用盤中未完成K,上櫃,6246,臺龍,12.7,12.7,12.7,12.76,12.8,12.83,12.89,14.28,-17.53,0.4,False,1227,18398,15582,238217,1.22,False,True,34.34,資料不足,,False,False,False,False,0,False,C級：已漲遠或接近目標，禁止追高,條件不足,接近成形,13.9,12.5,16.2,接近成形＋可觀察,14.18,13.9,14.18,14.6,13.48,4.9,低,-8.63,19.11,2.91,14.26,14.18,0.0,False,False,True,距離頸線或前高過遠，禁止追高,頸線以當日前20日高點計算；收盤站上頸線 13.9 至少2%；成交量>=20日均量2倍；不可長上影；回踩須有近10日突破紀錄且不有效跌破頸線；距離頸線>5%禁止進場,20,C,禁止追高,已漲遠或接近目標，空手不追；持有者依策略分批處理。,False,2026-10-05,True,True,STOP,STOP 停止進場,觀察,取消新進場，只保留觀察,只看續抱 / 減碼 / 停利 / 停損，不新增部位。,停止新進場，先保留現金，等待大盤止跌。,停止新進場，禁止顯示今日可進場。,False,False
2026-10-05,2026-10-05,收盤確認價,臺灣證券交易所 / 證券櫃檯買賣中心正式收盤；yfinance 歷史資料,只使用完整收盤日K，不使用盤中未完成K,上櫃,4741,泓瀚,40.5,42.0,40.4,40.66,39.38,38.98,42.42,37.96,-21.81,-2.76,False,143988,93920,5831514,3698077,2.49,False,True,30.15,一般K,,False,False,False,False,0,False,C級：已漲遠或接近目標，禁止追高,條件不足,三角收斂突破,42.8,37.04,49.85,接近成形＋可觀察,43.66,42.8,43.66,44.97,41.52,4.9,低,-5.37,24.86,2.89,14.19,43.66,0.0,False,False,True,距離頸線或前高過遠，禁止追高,頸線以當日前20日高點計算；收盤站上頸線 42.8 至少2%；成交量>=20日均量2倍；不可長上影；回踩須有近10日突破紀錄且不有效跌破頸線；距離頸線>5%禁止進場,20,C,禁止追高,已漲遠或接近目標，空手不追；持有者依策略分批處理。,False,2026-10-05,True,True,STOP,STOP 停止進場,觀察,取消新進場，只保留觀察,只看續抱 / 減碼 / 停利 / 停損，不新增部位。,停止新進場，先保留現金，等待大盤止跌。,停止新進場，禁止顯示今日可進場。,False,False
2026-10-05,2026-10-05,收盤確認價,臺灣證券交易所 / 證券櫃檯買賣中心正式收盤；yfinance 歷史資料,只使用完整收盤日K，不使用盤中未完成K,上櫃,6104,創惟,90.7,93.1,90.7,91.44,90.96,91.63,93.6,97.33,-11.08,-1.73,False,477401,328515,43300270,30117883,1.31,False,True,49.1,一般K,,False,False,False,False,0,False,C級：已漲遠或接近目標，禁止追高,條件不足,接近成形,99.1,89.2,115.4,接近成形＋可觀察,101.08,99.1,101.08,104.11,96.13,4.9,低,-8.48,13.62,2.89,14.16,101.08,0.0,False,False,True,距離頸線或前高過遠，禁止追高,頸線以當日前20日高點計算；收盤站上頸線 99.1 至少2%；成交量>=20日均量2倍；不可長上影；回踩須有近10日突破紀錄且不有效跌破頸線；距離頸線>5%禁止進場,20,C,禁止追高,已漲遠或接近目標，空手不追；持有者依策略分批處理。,False,2026-10-05,True,True,STOP,STOP 停止進場,觀察,取消新進場，只保留觀察,只看續抱 / 減碼 / 停利 / 停損，不新增部位。,停止新進場，先保留現金，等待大盤止跌。,停止新進場，禁止顯示今日可進場。,False,False
2026-10-05,2026-10-05,收盤確認價,臺灣證券交易所 / 證券櫃檯買賣中心正式收盤；yfinance 歷史資料,只使用完整收盤日K，不使用盤中未完成K,上櫃,3128,昇銳,20.05,20.5,20.0,20.23,20.31,20.23,20.58,23.66,-12.18,-1.47,False,79567,121915,1595318,2489032,1.14,False,True,49.84,一般K,,False,False,False,False,0,False,C級：已漲遠或接近目標，禁止追高,條件不足,接近成形,22.0,19.7,25.6,接近成形＋可觀察,22.44,22.0,22.44,23.11,21.34,4.9,低,-8.86,12.18,2.88,14.1,22.44,0.0,False,False,True,距離頸線或前高過遠，禁止追高,頸線以當日前20日高點計算；收盤站上頸線 22.0 至少2%；成交量>=20日均量2倍；不可長上影；回踩須有近10日突破紀錄且不有效跌破頸線；距離頸線>5%禁止進場,20,C,禁止追高,已漲遠或接近目標，空手不追；持有者依策略分批處理。,False,2026-10-05,True,True,STOP,STOP 停止進場,觀察,取消新進場，只保留觀察,只看續抱 / 減碼 / 停利 / 停損，不新增部位。,停止新進場，先保留現金，等待大盤止跌。,停止新進場，禁止顯示今日可進場。,False,False
2026-10-05,2026-10-05,收盤確認價,臺灣證券交易所 / 證券櫃檯買賣中心正式收盤；yfinance 歷史資料,只使用完整收盤日K，不使用盤中未完成K,上櫃,6161,捷波,49.15,49.9,48.9,49.92,49.5,49.43,50.47,47.98,-9.15,-1.01,False,60896,98573,2993038,4895505,2.05,False,True,20.35,一般K,,False,False,False,False,0,False,C級：已漲遠或接近目標，禁止追高,條件不足,接近成形,53.0,47.45,61.65,接近成形＋可觀察,54.06,53.0,54.06,55.68,51.41,4.9,低,-7.26,14.67,2.86,14.04,54.06,0.2,False,False,True,距離頸線或前高過遠，禁止追高,頸線以當日前20日高點計算；收盤站上頸線 53.0 至少2%；成交量>=20日均量2倍；不可長上影；回踩須有近10日突破紀錄且不有效跌破頸線；距離頸線>5%禁止進場,20,C,禁止追高,已漲遠或接近目標，空手不追；持有者依策略分批處理。,False,2026-10-05,True,True,STOP,STOP 停止進場,觀察,取消新進場，只保留觀察,只看續抱 / 減碼 / 停利 / 停損，不新增部位。,停止新進場，先保留現金，等待大盤止跌。,停止新進場，禁止顯示今日可進場。,False,False
2026-10-05,2026-10-05,收盤確認價,臺灣證券交易所 / 證券櫃檯買賣中心正式收盤；yfinance 歷史資料,只使用完整收盤日K，不使用盤中未完成K,上市,2365,昆盈,28.0,28.65,27.9,28.21,28.37,28.26,29.53,34.02,-13.85,-1.41,False,1067201,616528,29881628,17441893,1.44,False,True,26.21,一般K,,False,False,False,False,0,False,C級：已漲遠或接近目標，禁止追高,條件不足,三角收斂突破,30.7,27.05,35.65,接近成形＋可觀察,31.31,30.7,31.31,32.25,29.78,4.9,低,-8.79,16.67,2.82,13.85,31.31,0.0,False,False,True,距離頸線或前高過遠，禁止追高,頸線以當日前20日高點計算；收盤站上頸線 30.7 至少2%；成交量>=20日均量2倍；不可長上影；回踩須有近10日突破紀錄且不有效跌破頸線；距離頸線>5%禁止進場,20,C,禁止追高,已漲遠或接近目標，空手不追；持有者依策略分批處理。,False,2026-10-05,True,True,STOP,STOP 停止進場,觀察,取消新進場，只保留觀察,只看續抱 / 減碼 / 停利 / 停損，不新增部位。,停止新進場，先保留現金，等待大盤止跌。,停止新進場，禁止顯示今日可進場。,False,False
2026-10-05,2026-10-05,收盤確認價,臺灣證券交易所 / 證券櫃檯買賣中心正式收盤；yfinance 歷史資料,只使用完整收盤日K，不使用盤中未完成K,上櫃,6785,昱展新藥,94.4,94.8,94.0,95.14,96.81,95.85,99.97,181.31,-19.32,-0.32,False,44516,54691,4202310,5328412,2.95,False,True,38.26,一般K,,False,False,False,False,0,False,C級：已漲遠或接近目標，禁止追高,條件不足,接近成形,108.0,91.06,125.4,接近成形＋可觀察,110.16,108.0,110.16,113.46,104.76,4.9,低,-12.59,20.0,2.82,13.83,110.16,0.11,False,False,True,距離頸線或前高過遠，禁止追高,頸線以當日前20日高點計算；收盤站上頸線 108.0 至少2%；成交量>=20日均量2倍；不可長上影；回踩須有近10日突破紀錄且不有效跌破頸線；距離頸線>5%禁止進場,20,C,禁止追高,已漲遠或接近目標，空手不追；持有者依策略分批處理。,False,2026-10-05,True,True,STOP,STOP 停止進場,觀察,取消新進場，只保留觀察,只看續抱 / 減碼 / 停利 / 停損，不新增部位。,停止新進場，先保留現金，等待大盤止跌。,停止新進場，禁止顯示今日可進場。,False,False
2026-10-05,2026-10-05,收盤確認價,臺灣證券交易所 / 證券櫃檯買賣中心正式收盤；yfinance 歷史資料,只使用完整收盤日K，不使用盤中未完成K,上櫃,2743,山富,51.3,52.3,51.0,52.58,53.42,53.61,57.15,71.84,-21.8,-2.66,False,109402,57018,5612322,3081670,2.29,False,True,24.2,一般K,,False,False,False,False,0,False,C級：已漲遠或接近目標，禁止追高,條件不足,接近成形,60.8,51.0,70.6,接近成形＋可觀察,62.02,60.8,62.02,63.88,58.98,4.9,低,-15.62,21.92,2.82,13.84,62.02,0.0,False,False,True,距離頸線或前高過遠，禁止追高,頸線以當日前20日高點計算；收盤站上頸線 60.8 至少2%；成交量>=20日均量2倍；不可長上影；回踩須有近10日突破紀錄且不有效跌破頸線；距離頸線>5%禁止進場,20,C,禁止追高,已漲遠或接近目標，空手不追；持有者依策略分批處理。,False,2026-10-05,True,True,STOP,STOP 停止進場,觀察,取消新進場，只保留觀察,只看續抱 / 減碼 / 停利 / 停損，不新增部位。,停止新進場，先保留現金，等待大盤止跌。,停止新進場，禁止顯示今日可進場。,False,False
2026-10-05,2026-10-05,收盤確認價,臺灣證券交易所 / 證券櫃檯買賣中心正式收盤；yfinance 歷史資料,只使用完整收盤日K，不使用盤中未完成K,上櫃,4744,皇將,28.35,28.4,28.0,28.64,28.61,28.12,28.68,30.36,-1.56,0.18,False,15025,85413,425958,2471252,2.69,False,True,43.86,紅K突破,,False,False,False,False,0,False,C級：已漲遠或接近目標，禁止追高,條件不足,接近成形,31.4,26.71,36.4,接近成形＋可觀察,32.03,31.4,32.03,32.99,30.46,4.9,低,-9.71,17.11,2.78,13.65,32.03,0.18,False,False,True,距離頸線或前高過遠，禁止追高,頸線以當日前20日高點計算；收盤站上頸線 31.4 至少2%；成交量>=20日均量2倍；不可長上影；回踩須有近10日突破紀錄且不有效跌破頸線；距離頸線>5%禁止進場,20,C,禁止追高,已漲遠或接近目標，空手不追；持有者依策略分批處理。,False,2026-10-05,True,True,STOP,STOP 停止進場,觀察,取消新進場，只保留觀察,只看續抱 / 減碼 / 停利 / 停損，不新增部位。,停止新進場，先保留現金，等待大盤止跌。,停止新進場，禁止顯示今日可進場。,False,False
2026-10-05,2026-10-05,收盤確認價,臺灣證券交易所 / 證券櫃檯買賣中心正式收盤；yfinance 歷史資料,只使用完整收盤日K，不使用盤中未完成K,上市,1515,力山,28.7,29.5,28.65,29.25,29.61,29.82,32.71,28.01,-28.52,-1.71,False,870056,676810,24970607,20309974,2.11,False,True,23.05,一般K,,False,False,False,False,0,False,C級：已漲遠或接近目標，禁止追高,條件不足,接近成形,32.4,28.65,37.55,接近成形＋可觀察,33.05,32.4,33.05,34.04,31.43,4.9,低,-11.42,36.36,2.78,13.62,33.05,0.0,False,False,True,距離頸線或前高過遠，禁止追高,頸線以當日前20日高點計算；收盤站上頸線 32.4 至少2%；成交量>=20日均量2倍；不可長上影；回踩須有近10日突破紀錄且不有效跌破頸線；距離頸線>5%禁止進場,20,C,禁止追高,已漲遠或接近目標，空手不追；持有者依策略分批處理。,False,2026-10-05,True,True,STOP,STOP 停止進場,觀察,取消新進場，只保留觀察,只看續抱 / 減碼 / 停利 / 停損，不新增部位。,停止新進場，先保留現金，等待大盤止跌。,停止新進場，禁止顯示今日可進場。,False,False
2026-10-05,2026-10-05,收盤確認價,臺灣證券交易所 / 證券櫃檯買賣中心正式收盤；yfinance 歷史資料,只使用完整收盤日K，不使用盤中未完成K,上市,2108,南帝,28.1,28.4,28.1,28.33,28.52,28.67,28.85,26.18,-2.6,-0.53,False,570162,534488,16021552,15302426,1.63,False,True,11.87,一般K,,False,False,False,False,0,False,C級：已漲遠或接近目標，禁止追高,條件不足,接近成形,31.0,27.3,35.9,接近成形＋可觀察,31.62,31.0,31.62,32.57,30.07,4.9,低,-9.35,11.77,2.76,13.54,31.62,0.18,False,False,True,距離頸線或前高過遠，禁止追高,頸線以當日前20日高點計算；收盤站上頸線 31.0 至少2%；成交量>=20日均量2倍；不可長上影；回踩須有近10日突破紀錄且不有效跌破頸線；距離頸線>5%禁止進場,20,C,禁止追高,已漲遠或接近目標，空手不追；持有者依策略分批處理。,False,2026-10-05,True,True,STOP,STOP 停止進場,觀察,取消新進場，只保留觀察,只看續抱 / 減碼 / 停利 / 停損，不新增部位。,停止新進場，先保留現金，等待大盤止跌。,停止新進場，禁止顯示今日可進場。,False,False
2026-10-05,2026-10-05,收盤確認價,臺灣證券交易所 / 證券櫃檯買賣中心正式收盤；yfinance 歷史資料,只使用完整收盤日K，不使用盤中未完成K,上櫃,7402,邑錡,99.5,101.0,99.3,100.22,100.29,100.82,107.78,117.53,-24.05,-1.49,False,181611,194256,18070294,19611725,1.32,False,True,26.71,一般K,,False,False,False,False,0,False,C級：已漲遠或接近目標，禁止追高,條件不足,接近成形,108.5,98.6,125.5,接近成形＋可觀察,110.67,108.5,110.67,113.99,105.24,4.9,低,-8.29,33.44,2.73,13.4,110.67,0.0,False,False,True,距離頸線或前高過遠，禁止追高,頸線以當日前20日高點計算；收盤站上頸線 108.5 至少2%；成交量>=20日均量2倍；不可長上影；回踩須有近10日突破紀錄且不有效跌破頸線；距離頸線>5%禁止進場,20,C,禁止追高,已漲遠或接近目標，空手不追；持有者依策略分批處理。,False,2026-10-05,True,True,STOP,STOP 停止進場,觀察,取消新進場，只保留觀察,只看續抱 / 減碼 / 停利 / 停損，不新增部位。,停止新進場，先保留現金，等待大盤止跌。,停止新進場，禁止顯示今日可進場。,False,False
2026-10-05,2026-10-05,收盤確認價,臺灣證券交易所 / 證券櫃檯買賣中心正式收盤；yfinance 歷史資料,只使用完整收盤日K，不使用盤中未完成K,上櫃,3095,及成,33.5,33.5,33.5,33.46,33.66,34.63,36.46,34.16,-12.19,1.21,False,1254,9913,42009,340286,2.13,False,True,23.88,資料不足,,False,False,False,False,0,False,C級：已漲遠或接近目標，禁止追高,條件不足,接近成形,37.85,32.9,43.7,接近成形＋可觀察,38.61,37.85,38.61,39.77,36.71,4.9,低,-11.49,16.87,2.69,13.19,38.61,0.0,False,False,True,距離頸線或前高過遠，禁止追高,頸線以當日前20日高點計算；收盤站上頸線 37.85 至少2%；成交量>=20日均量2倍；不可長上影；回踩須有近10日突破紀錄且不有效跌破頸線；距離頸線>5%禁止進場,20,C,禁止追高,已漲遠或接近目標，空手不追；持有者依策略分批處理。,False,2026-10-05,True,True,STOP,STOP 停止進場,觀察,取消新進場，只保留觀察,只看續抱 / 減碼 / 停利 / 停損，不新增部位。,停止新進場，先保留現金，等待大盤止跌。,停止新進場，禁止顯示今日可進場。,False,False
2026-10-05,2026-10-05,收盤確認價,臺灣證券交易所 / 證券櫃檯買賣中心正式收盤；yfinance 歷史資料,只使用完整收盤日K，不使用盤中未完成K,上市,2348,海悅,69.9,70.6,69.7,70.4,71.67,71.47,71.71,73.19,-3.3,-0.99,False,467879,399753,32704742,28924453,1.56,False,True,35.78,一般K,,False,False,False,False,0,False,C級：已漲遠或接近目標，禁止追高,條件不足,接近成形,79.0,69.1,91.2,接近成形＋可觀察,80.58,79.0,80.58,83.0,76.63,4.9,低,-11.52,11.52,2.69,13.18,80.58,0.0,False,False,True,距離頸線或前高過遠，禁止追高,頸線以當日前20日高點計算；收盤站上頸線 79.0 至少2%；成交量>=20日均量2倍；不可長上影；回踩須有近10日突破紀錄且不有效跌破頸線；距離頸線>5%禁止進場,20,C,禁止追高,已漲遠或接近目標，空手不追；持有者依策略分批處理。,False,2026-10-05,True,True,STOP,STOP 停止進場,觀察,取消新進場，只保留觀察,只看續抱 / 減碼 / 停利 / 停損，不新增部位。,停止新進場，先保留現金，等待大盤止跌。,停止新進場，禁止顯示今日可進場。,False,False
2026-10-05,2026-10-05,收盤確認價,臺灣證券交易所 / 證券櫃檯買賣中心正式收盤；yfinance 歷史資料,只使用完整收盤日K，不使用盤中未完成K,上市,1529,樂事綠能,15.65,16.1,15.6,15.75,15.78,15.73,16.97,19.45,-21.06,-2.49,False,770075,899957,12051673,13989068,2.68,False,True,29.8,一般K,,False,False,False,False,0,False,C級：已漲遠或接近目標，禁止追高,條件不足,接近成形,16.95,14.94,19.55,接近成形＋可觀察,17.29,16.95,17.29,17.81,16.44,4.9,低,-7.67,22.31,2.67,13.08,17.29,0.0,False,False,True,距離頸線或前高過遠，禁止追高,頸線以當日前20日高點計算；收盤站上頸線 16.95 至少2%；成交量>=20日均量2倍；不可長上影；回踩須有近10日突破紀錄且不有效跌破頸線；距離頸線>5%禁止進場,20,C,禁止追高,已漲遠或接近目標，空手不追；持有者依策略分批處理。,False,2026-10-05,True,True,STOP,STOP 停止進場,觀察,取消新進場，只保留觀察,只看續抱 / 減碼 / 停利 / 停損，不新增部位。,停止新進場，先保留現金，等待大盤止跌。,停止新進場，禁止顯示今日可進場。,False,False
2026-10-05,2026-10-05,收盤確認價,臺灣證券交易所 / 證券櫃檯買賣中心正式收盤；yfinance 歷史資料,只使用完整收盤日K，不使用盤中未完成K,上櫃,4541,晟田,60.8,61.5,60.3,60.58,60.43,59.4,64.56,50.01,-0.33,-0.49,False,708478,1030050,43075462,61589578,2.49,False,True,41.44,一般K,,False,False,False,False,0,False,C級：已漲遠或接近目標，禁止追高,條件不足,接近成形,65.98,56.43,76.06,接近成形＋可觀察,67.3,65.98,67.3,69.32,64.0,4.9,低,-7.85,25.49,2.66,13.02,67.3,0.16,False,False,True,距離頸線或前高過遠，禁止追高,頸線以當日前20日高點計算；收盤站上頸線 65.98 至少2%；成交量>=20日均量2倍；不可長上影；回踩須有近10日突破紀錄且不有效跌破頸線；距離頸線>5%禁止進場,20,C,禁止追高,已漲遠或接近目標，空手不追；持有者依策略分批處理。,False,2026-10-05,True,True,STOP,STOP 停止進場,觀察,取消新進場，只保留觀察,只看續抱 / 減碼 / 停利 / 停損，不新增部位。,停止新進場，先保留現金，等待大盤止跌。,停止新進場，禁止顯示今日可進場。,False,False
2026-10-05,2026-10-05,收盤確認價,臺灣證券交易所 / 證券櫃檯買賣中心正式收盤；yfinance 歷史資料,只使用完整收盤日K，不使用盤中未完成K,上櫃,8102,傑霖科技,59.6,59.6,59.2,59.52,60.21,61.84,67.51,66.31,-12.87,0.0,False,4030,8089,240188,499590,2.2,False,True,57.53,一般K,,False,False,False,False,0,False,C級：已漲遠或接近目標，禁止追高,條件不足,接近成形,67.6,58.75,77.9,接近成形＋可觀察,68.95,67.6,68.95,71.02,65.57,4.9,低,-11.83,23.59,2.65,12.98,68.95,0.0,False,False,True,距離頸線或前高過遠，禁止追高,頸線以當日前20日高點計算；收盤站上頸線 67.6 至少2%；成交量>=20日均量2倍；不可長上影；回踩須有近10日突破紀錄且不有效跌破頸線；距離頸線>5%禁止進場,20,C,禁止追高,已漲遠或接近目標，空手不追；持有者依策略分批處理。,False,2026-10-05,True,True,STOP,STOP 停止進場,觀察,取消新進場，只保留觀察,只看續抱 / 減碼 / 停利 / 停損，不新增部位。,停止新進場，先保留現金，等待大盤止跌。,停止新進場，禁止顯示今日可進場。,False,False
2026-10-05,2026-10-05,收盤確認價,臺灣證券交易所 / 證券櫃檯買賣中心正式收盤；yfinance 歷史資料,只使用完整收盤日K，不使用盤中未完成K,上櫃,3713,新晶投控,13.55,14.0,13.25,13.79,13.94,14.11,14.44,17.59,-6.55,-1.81,False,43687,32795,591958,462488,0.9,False,True,25.62,一般K,,False,False,False,False,0,False,C級：已漲遠或接近目標，禁止追高,條件不足,接近成形,15.5,13.4,17.85,接近成形＋可觀察,15.81,15.5,15.81,16.28,15.04,4.9,低,-12.58,12.58,2.63,12.9,15.81,0.0,False,False,True,距離頸線或前高過遠，禁止追高,頸線以當日前20日高點計算；收盤站上頸線 15.5 至少2%；成交量>=20日均量2倍；不可長上影；回踩須有近10日突破紀錄且不有效跌破頸線；距離頸線>5%禁止進場,20,C,禁止追高,已漲遠或接近目標，空手不追；持有者依策略分批處理。,False,2026-10-05,True,True,STOP,STOP 停止進場,觀察,取消新進場，只保留觀察,只看續抱 / 減碼 / 停利 / 停損，不新增部位。,停止新進場，先保留現金，等待大盤止跌。,停止新進場，禁止顯示今日可進場。,False,False
2026-10-05,2026-10-05,收盤確認價,臺灣證券交易所 / 證券櫃檯買賣中心正式收盤；yfinance 歷史資料,只使用完整收盤日K，不使用盤中未完成K,上櫃,4420,光明,35.2,35.2,35.15,35.64,35.78,37.24,36.42,43.88,-4.74,-0.85,False,47931,50487,1687171,1893195,1.72,False,True,45.93,紅K突破,,False,False,False,False,0,False,C級：已漲遠或接近目標，禁止追高,條件不足,接近成形,40.0,35.38,46.0,接近成形＋可觀察,40.8,40.0,40.8,42.02,38.8,4.9,低,-12.0,12.0,2.6,12.75,40.8,0.0,False,False,True,距離頸線或前高過遠，禁止追高,頸線以當日前20日高點計算；收盤站上頸線 40.0 至少2%；成交量>=20日均量2倍；不可長上影；回踩須有近10日突破紀錄且不有效跌破頸線；距離頸線>5%禁止進場,20,C,禁止追高,已漲遠或接近目標，空手不追；持有者依策略分批處理。,False,2026-10-05,True,True,STOP,STOP 停止進場,觀察,取消新進場，只保留觀察,只看續抱 / 減碼 / 停利 / 停損，不新增部位。,停止新進場，先保留現金，等待大盤止跌。,停止新進場，禁止顯示今日可進場。,False,False
2026-10-05,2026-10-05,收盤確認價,臺灣證券交易所 / 證券櫃檯買賣中心正式收盤；yfinance 歷史資料,只使用完整收盤日K，不使用盤中未完成K,上櫃,3213,茂訊,125.5,126.0,123.5,124.5,124.65,124.15,127.28,113.03,-5.64,2.03,False,319023,264761,40037386,33104412,1.55,False,True,10.86,紅K突破,,False,False,False,False,0,False,C級：已漲遠或接近目標，禁止追高,條件不足,接近成形,134.5,119.5,154.5,接近成形＋可觀察,137.19,134.5,137.19,141.31,130.47,4.9,低,-6.69,12.54,2.57,12.62,137.19,0.4,False,False,True,距離頸線或前高過遠，禁止追高,頸線以當日前20日高點計算；收盤站上頸線 134.5 至少2%；成交量>=20日均量2倍；不可長上影；回踩須有近10日突破紀錄且不有效跌破頸線；距離頸線>5%禁止進場,20,C,禁止追高,已漲遠或接近目標，空手不追；持有者依策略分批處理。,False,2026-10-05,True,True,STOP,STOP 停止進場,觀察,取消新進場，只保留觀察,只看續抱 / 減碼 / 停利 / 停損，不新增部位。,停止新進場，先保留現金，等待大盤止跌。,停止新進場，禁止顯示今日可進場。,False,False
2026-10-05,2026-10-05,收盤確認價,臺灣證券交易所 / 證券櫃檯買賣中心正式收盤；yfinance 歷史資料,只使用完整收盤日K，不使用盤中未完成K,上市,1762,中化生,33.7,33.95,33.6,33.89,33.84,34.08,34.75,30.69,-11.66,-0.15,False,32699,60736,1101956,2080473,1.06,False,True,41.57,一般K,,False,False,False,False,0,False,C級：已漲遠或接近目標，禁止追高,條件不足,接近成形,36.4,32.95,41.8,接近成形＋可觀察,37.13,36.4,37.13,38.24,35.31,4.9,低,-7.42,11.66,2.57,12.58,37.13,0.74,False,False,True,距離頸線或前高過遠，禁止追高,頸線以當日前20日高點計算；收盤站上頸線 36.4 至少2%；成交量>=20日均量2倍；不可長上影；回踩須有近10日突破紀錄且不有效跌破頸線；距離頸線>5%禁止進場,20,C,禁止追高,已漲遠或接近目標，空手不追；持有者依策略分批處理。,False,2026-10-05,True,True,STOP,STOP 停止進場,觀察,取消新進場，只保留觀察,只看續抱 / 減碼 / 停利 / 停損，不新增部位。,停止新進場，先保留現金，等待大盤止跌。,停止新進場，禁止顯示今日可進場。,False,False
2026-10-05,2026-10-05,收盤確認價,臺灣證券交易所 / 證券櫃檯買賣中心正式收盤；yfinance 歷史資料,只使用完整收盤日K，不使用盤中未完成K,上市,1909,榮成,10.0,10.2,10.0,10.13,10.13,10.32,10.42,9.95,-2.91,-0.99,False,2397212,1904655,23972120,19758581,1.09,False,True,40.71,一般K,,False,False,False,False,0,False,C級：已漲遠或接近目標，禁止追高,條件不足,接近成形,11.45,10.0,13.15,接近成形＋可觀察,11.68,11.45,11.68,12.03,11.11,4.9,低,-12.66,13.04,2.57,12.6,11.68,0.0,False,False,True,距離頸線或前高過遠，禁止追高,頸線以當日前20日高點計算；收盤站上頸線 11.45 至少2%；成交量>=20日均量2倍；不可長上影；回踩須有近10日突破紀錄且不有效跌破頸線；距離頸線>5%禁止進場,20,C,禁止追高,已漲遠或接近目標，空手不追；持有者依策略分批處理。,False,2026-10-05,True,True,STOP,STOP 停止進場,觀察,取消新進場，只保留觀察,只看續抱 / 減碼 / 停利 / 停損，不新增部位。,停止新進場，先保留現金，等待大盤止跌。,停止新進場，禁止顯示今日可進場。,False,False
2026-10-05,2026-10-05,收盤確認價,臺灣證券交易所 / 證券櫃檯買賣中心正式收盤；yfinance 歷史資料,只使用完整收盤日K，不使用盤中未完成K,上市,1526,日馳,14.85,15.0,14.7,14.88,14.86,15.03,16.27,16.89,3.13,-1.0,False,65700,86690,975645,1306590,1.62,False,True,44.06,一般K,,False,False,False,False,0,False,C級：已漲遠或接近目標，禁止追高,條件不足,接近成形,16.2,14.45,18.6,接近成形＋可觀察,16.52,16.2,16.52,17.02,15.71,4.9,低,-8.33,28.26,2.56,12.56,16.52,0.0,False,False,True,距離頸線或前高過遠，禁止追高,頸線以當日前20日高點計算；收盤站上頸線 16.2 至少2%；成交量>=20日均量2倍；不可長上影；回踩須有近10日突破紀錄且不有效跌破頸線；距離頸線>5%禁止進場,20,C,禁止追高,已漲遠或接近目標，空手不追；持有者依策略分批處理。,False,2026-10-05,True,True,STOP,STOP 停止進場,觀察,取消新進場，只保留觀察,只看續抱 / 減碼 / 停利 / 停損，不新增部位。,停止新進場，先保留現金，等待大盤止跌。,停止新進場，禁止顯示今日可進場。,False,False
2026-10-05,2026-10-05,收盤確認價,臺灣證券交易所 / 證券櫃檯買賣中心正式收盤；yfinance 歷史資料,只使用完整收盤日K，不使用盤中未完成K,上櫃,3710,連展投控,8.19,8.19,8.02,8.25,8.04,8.16,8.44,10.16,-13.99,0.86,False,160118,175113,1311366,1409875,3.1,False,True,37.02,紅K突破,,False,False,False,False,0,False,C級：已漲遠或接近目標，禁止追高,條件不足,接近成形,8.78,7.75,10.06,接近成形＋可觀察,8.96,8.78,8.96,9.22,8.52,4.9,低,-6.72,17.77,2.52,12.33,8.96,0.0,False,False,True,距離頸線或前高過遠，禁止追高,頸線以當日前20日高點計算；收盤站上頸線 8.78 至少2%；成交量>=20日均量2倍；不可長上影；回踩須有近10日突破紀錄且不有效跌破頸線；距離頸線>5%禁止進場,20,C,禁止追高,已漲遠或接近目標，空手不追；持有者依策略分批處理。,False,2026-10-05,True,True,STOP,STOP 停止進場,觀察,取消新進場，只保留觀察,只看續抱 / 減碼 / 停利 / 停損，不新增部位。,停止新進場，先保留現金，等待大盤止跌。,停止新進場，禁止顯示今日可進場。,False,False
2026-10-05,2026-10-05,收盤確認價,臺灣證券交易所 / 證券櫃檯買賣中心正式收盤；yfinance 歷史資料,只使用完整收盤日K，不使用盤中未完成K,上市,1213,大飲,7.2,7.2,7.02,7.21,7.25,7.35,7.41,9.12,-4.38,1.69,False,2100,11437,15120,83608,3.19,False,True,19.21,紅K突破,,False,False,False,False,0,False,C級：已漲遠或接近目標，禁止追高,條件不足,接近成形,8.08,6.98,9.26,接近成形＋可觀察,8.24,8.08,8.24,8.49,7.84,4.9,低,-10.89,13.15,2.52,12.36,8.24,0.0,False,False,True,距離頸線或前高過遠，禁止追高,頸線以當日前20日高點計算；收盤站上頸線 8.08 至少2%；成交量>=20日均量2倍；不可長上影；回踩須有近10日突破紀錄且不有效跌破頸線；距離頸線>5%禁止進場,20,C,禁止追高,已漲遠或接近目標，空手不追；持有者依策略分批處理。,False,2026-10-05,True,True,STOP,STOP 停止進場,觀察,取消新進場，只保留觀察,只看續抱 / 減碼 / 停利 / 停損，不新增部位。,停止新進場，先保留現金，等待大盤止跌。,停止新進場，禁止顯示今日可進場。,False,False
2026-10-05,2026-10-05,收盤確認價,臺灣證券交易所 / 證券櫃檯買賣中心正式收盤；yfinance 歷史資料,只使用完整收盤日K，不使用盤中未完成K,上市,2331,精英,18.8,19.35,18.8,18.98,19.03,18.98,19.38,21.72,-8.52,-1.31,False,933570,900449,17551116,17138829,1.35,False,True,19.13,一般K,,False,False,False,False,0,False,C級：已漲遠或接近目標，禁止追高,條件不足,接近成形,20.1,18.4,23.0,接近成形＋可觀察,20.5,20.1,20.5,21.12,19.5,4.9,低,-6.47,10.9,2.49,12.18,20.5,0.8,False,False,True,距離頸線或前高過遠，禁止追高,頸線以當日前20日高點計算；收盤站上頸線 20.1 至少2%；成交量>=20日均量2倍；不可長上影；回踩須有近10日突破紀錄且不有效跌破頸線；距離頸線>5%禁止進場,20,C,禁止追高,已漲遠或接近目標，空手不追；持有者依策略分批處理。,False,2026-10-05,True,True,STOP,STOP 停止進場,觀察,取消新進場，只保留觀察,只看續抱 / 減碼 / 停利 / 停損，不新增部位。,停止新進場，先保留現金，等待大盤止跌。,停止新進場，禁止顯示今日可進場。,False,False
2026-10-05,2026-10-05,收盤確認價,臺灣證券交易所 / 證券櫃檯買賣中心正式收盤；yfinance 歷史資料,只使用完整收盤日K，不使用盤中未完成K,上櫃,8077,洛碁,41.5,41.5,41.5,42.07,42.54,42.91,44.01,44.67,-12.54,0.0,False,1033,2858,42869,122098,1.58,False,True,23.22,資料不足,,False,False,False,False,0,False,C級：已漲遠或接近目標，禁止追高,條件不足,接近成形,45.75,41.2,52.3,接近成形＋可觀察,46.66,45.75,46.66,48.06,44.38,4.9,低,-9.29,12.63,2.46,12.08,46.66,0.0,False,False,True,距離頸線或前高過遠，禁止追高,頸線以當日前20日高點計算；收盤站上頸線 45.75 至少2%；成交量>=20日均量2倍；不可長上影；回踩須有近10日突破紀錄且不有效跌破頸線；距離頸線>5%禁止進場,20,C,禁止追高,已漲遠或接近目標，空手不追；持有者依策略分批處理。,False,2026-10-05,True,True,STOP,STOP 停止進場,觀察,取消新進場，只保留觀察,只看續抱 / 減碼 / 停利 / 停損，不新增部位。,停止新進場，先保留現金，等待大盤止跌。,停止新進場，禁止顯示今日可進場。,False,False
2026-10-05,2026-10-05,收盤確認價,臺灣證券交易所 / 證券櫃檯買賣中心正式收盤；yfinance 歷史資料,只使用完整收盤日K，不使用盤中未完成K,上櫃,6733,博晟生醫,24.6,25.1,24.55,24.94,25.09,25.38,25.7,32.18,-6.64,-1.99,False,113531,58374,2792862,1480069,1.1,False,True,18.42,一般K,,False,False,False,False,0,False,C級：已漲遠或接近目標，禁止追高,條件不足,三角收斂突破,27.65,24.85,31.6,接近成形＋可觀察,28.2,27.65,28.2,29.05,26.82,4.9,低,-11.03,17.45,2.46,12.04,28.2,1.02,False,False,True,距離頸線或前高過遠，禁止追高,頸線以當日前20日高點計算；收盤站上頸線 27.65 至少2%；成交量>=20日均量2倍；不可長上影；回踩須有近10日突破紀錄且不有效跌破頸線；距離頸線>5%禁止進場,20,C,禁止追高,已漲遠或接近目標，空手不追；持有者依策略分批處理。,False,2026-10-05,True,True,STOP,STOP 停止進場,觀察,取消新進場，只保留觀察,只看續抱 / 減碼 / 停利 / 停損，不新增部位。,停止新進場，先保留現金，等待大盤止跌。,停止新進場，禁止顯示今日可進場。,False,False
2026-10-05,2026-10-05,收盤確認價,臺灣證券交易所 / 證券櫃檯買賣中心正式收盤；yfinance 歷史資料,只使用完整收盤日K，不使用盤中未完成K,上櫃,6578,達邦蛋白,16.35,16.55,16.2,16.46,16.67,17.09,17.29,18.03,-0.3,-0.61,False,73340,65459,1199109,1131059,1.16,False,True,54.42,一般K,,False,False,False,False,0,False,C級：已漲遠或接近目標，禁止追高,條件不足,接近成形,18.5,16.25,21.15,接近成形＋可觀察,18.87,18.5,18.87,19.44,17.95,4.9,低,-11.62,15.72,2.46,12.08,18.87,0.31,False,False,True,距離頸線或前高過遠，禁止追高,頸線以當日前20日高點計算；收盤站上頸線 18.5 至少2%；成交量>=20日均量2倍；不可長上影；回踩須有近10日突破紀錄且不有效跌破頸線；距離頸線>5%禁止進場,20,C,禁止追高,已漲遠或接近目標，空手不追；持有者依策略分批處理。,False,2026-10-05,True,True,STOP,STOP 停止進場,觀察,取消新進場，只保留觀察,只看續抱 / 減碼 / 停利 / 停損，不新增部位。,停止新進場，先保留現金，等待大盤止跌。,停止新進場，禁止顯示今日可進場。,False,False
2026-10-05,2026-10-05,收盤確認價,臺灣證券交易所 / 證券櫃檯買賣中心正式收盤；yfinance 歷史資料,只使用完整收盤日K，不使用盤中未完成K,上櫃,7738,東聯互動,155.0,157.0,153.0,155.5,157.1,161.03,165.63,179.13,-7.74,0.0,False,48251,41606,7478905,6865461,1.25,False,True,20.59,一般K,,False,False,False,False,0,False,C級：已漲遠或接近目標，禁止追高,條件不足,接近成形,179.5,154.0,205.0,接近成形＋可觀察,183.09,179.5,183.09,188.58,174.12,4.9,低,-13.65,13.65,2.44,11.97,183.09,0.32,False,False,True,距離頸線或前高過遠，禁止追高,頸線以當日前20日高點計算；收盤站上頸線 179.5 至少2%；成交量>=20日均量2倍；不可長上影；回踩須有近10日突破紀錄且不有效跌破頸線；距離頸線>5%禁止進場,20,C,禁止追高,已漲遠或接近目標，空手不追；持有者依策略分批處理。,False,2026-10-05,True,True,STOP,STOP 停止進場,觀察,取消新進場，只保留觀察,只看續抱 / 減碼 / 停利 / 停損，不新增部位。,停止新進場，先保留現金，等待大盤止跌。,停止新進場，禁止顯示今日可進場。,False,False
2026-10-05,2026-10-05,收盤確認價,臺灣證券交易所 / 證券櫃檯買賣中心正式收盤；yfinance 歷史資料,只使用完整收盤日K，不使用盤中未完成K,上櫃,6465,威潤,40.85,42.75,40.7,41.55,41.88,42.5,47.05,40.68,-35.47,-2.97,False,199322,110335,8142303,4705519,1.67,False,True,21.54,一般K,,False,False,False,False,0,False,C級：已漲遠或接近目標，禁止追高,條件不足,三角收斂突破,46.95,40.37,53.6,接近成形＋可觀察,47.89,46.95,47.89,49.33,45.54,4.9,低,-12.99,35.87,2.43,11.93,47.89,2.94,False,False,True,距離頸線或前高過遠，禁止追高,頸線以當日前20日高點計算；收盤站上頸線 46.95 至少2%；成交量>=20日均量2倍；不可長上影；回踩須有近10日突破紀錄且不有效跌破頸線；距離頸線>5%禁止進場,20,C,禁止追高,已漲遠或接近目標，空手不追；持有者依策略分批處理。,False,2026-10-05,True,True,STOP,STOP 停止進場,觀察,取消新進場，只保留觀察,只看續抱 / 減碼 / 停利 / 停損，不新增部位。,停止新進場，先保留現金，等待大盤止跌。,停止新進場，禁止顯示今日可進場。,False,False
2026-10-05,2026-10-05,收盤確認價,臺灣證券交易所 / 證券櫃檯買賣中心正式收盤；yfinance 歷史資料,只使用完整收盤日K，不使用盤中未完成K,上櫃,6241,易通展,16.25,16.65,16.1,16.1,15.85,15.75,19.02,17.09,-24.72,0.0,False,80399,86953,1306483,1366373,2.4,False,True,21.6,一般K,,False,False,False,False,0,False,C級：已漲遠或接近目標，禁止追高,條件不足,接近成形,17.45,15.0,19.9,接近成形＋可觀察,17.8,17.45,17.8,18.33,16.93,4.9,低,-6.88,37.92,2.41,11.8,17.8,0.0,False,False,True,距離頸線或前高過遠，禁止追高,頸線以當日前20日高點計算；收盤站上頸線 17.45 至少2%；成交量>=20日均量2倍；不可長上影；回踩須有近10日突破紀錄且不有效跌破頸線；距離頸線>5%禁止進場,20,C,禁止追高,已漲遠或接近目標，空手不追；持有者依策略分批處理。,False,2026-10-05,True,True,STOP,STOP 停止進場,觀察,取消新進場，只保留觀察,只看續抱 / 減碼 / 停利 / 停損，不新增部位。,停止新進場，先保留現金，等待大盤止跌。,停止新進場，禁止顯示今日可進場。,False,False
2026-10-05,2026-10-05,收盤確認價,臺灣證券交易所 / 證券櫃檯買賣中心正式收盤；yfinance 歷史資料,只使用完整收盤日K，不使用盤中未完成K,上櫃,6823,濾能,60.8,62.4,60.1,61.28,60.56,60.12,62.3,69.85,-8.16,-0.49,False,34640,46594,2106112,2809758,1.87,False,True,35.08,一般K,,False,False,False,False,0,False,C級：已漲遠或接近目標，禁止追高,條件不足,接近成形,64.2,57.12,73.2,接近成形＋可觀察,65.48,64.2,65.48,67.45,62.27,4.9,低,-5.3,13.27,2.4,11.78,65.48,2.14,False,False,True,距離頸線或前高過遠，禁止追高,頸線以當日前20日高點計算；收盤站上頸線 64.2 至少2%；成交量>=20日均量2倍；不可長上影；回踩須有近10日突破紀錄且不有效跌破頸線；距離頸線>5%禁止進場,20,C,禁止追高,已漲遠或接近目標，空手不追；持有者依策略分批處理。,False,2026-10-05,True,True,STOP,STOP 停止進場,觀察,取消新進場，只保留觀察,只看續抱 / 減碼 / 停利 / 停損，不新增部位。,停止新進場，先保留現金，等待大盤止跌。,停止新進場，禁止顯示今日可進場。,False,False
2026-10-05,2026-10-05,收盤確認價,臺灣證券交易所 / 證券櫃檯買賣中心正式收盤；yfinance 歷史資料,只使用完整收盤日K，不使用盤中未完成K,上市,2364,倫飛,64.8,65.4,64.5,65.02,65.67,65.22,66.41,62.04,4.82,-1.07,False,177005,213981,11469924,13979463,1.97,False,True,15.75,一般K,,False,False,False,False,0,False,C級：已漲遠或接近目標，禁止追高,條件不足,接近成形,69.0,61.96,78.64,接近成形＋可觀察,70.38,69.0,70.38,72.49,66.93,4.9,低,-6.09,20.62,2.39,11.73,70.38,0.0,False,False,True,距離頸線或前高過遠，禁止追高,頸線以當日前20日高點計算；收盤站上頸線 69.0 至少2%；成交量>=20日均量2倍；不可長上影；回踩須有近10日突破紀錄且不有效跌破頸線；距離頸線>5%禁止進場,20,C,禁止追高,已漲遠或接近目標，空手不追；持有者依策略分批處理。,False,2026-10-05,True,True,STOP,STOP 停止進場,觀察,取消新進場，只保留觀察,只看續抱 / 減碼 / 停利 / 停損，不新增部位。,停止新進場，先保留現金，等待大盤止跌。,停止新進場，禁止顯示今日可進場。,False,False
2026-10-05,2026-10-05,收盤確認價,臺灣證券交易所 / 證券櫃檯買賣中心正式收盤；yfinance 歷史資料,只使用完整收盤日K，不使用盤中未完成K,上櫃,1784,訊聯,59.5,60.2,59.0,60.58,60.35,59.7,60.53,80.56,-13.89,-1.65,False,85995,61405,5116702,3693808,1.55,False,True,36.05,一般K,,False,False,False,False,0,False,C級：已漲遠或接近目標，禁止追高,條件不足,接近成形,62.7,57.5,71.4,接近成形＋可觀察,63.95,62.7,63.95,65.87,60.82,4.9,低,-5.1,14.39,2.38,11.64,63.95,0.5,False,False,True,距離頸線或前高過遠，禁止追高,頸線以當日前20日高點計算；收盤站上頸線 62.7 至少2%；成交量>=20日均量2倍；不可長上影；回踩須有近10日突破紀錄且不有效跌破頸線；距離頸線>5%禁止進場,20,C,禁止追高,已漲遠或接近目標，空手不追；持有者依策略分批處理。,False,2026-10-05,True,True,STOP,STOP 停止進場,觀察,取消新進場，只保留觀察,只看續抱 / 減碼 / 停利 / 停損，不新增部位。,停止新進場，先保留現金，等待大盤止跌。,停止新進場，禁止顯示今日可進場。,False,False
2026-10-05,2026-10-05,收盤確認價,臺灣證券交易所 / 證券櫃檯買賣中心正式收盤；yfinance 歷史資料,只使用完整收盤日K，不使用盤中未完成K,上櫃,6101,寬魚國際,37.35,38.25,37.25,37.51,37.92,37.81,37.51,38.47,-8.9,-1.19,False,195246,187569,7292438,7080253,1.07,False,True,18.54,一般K,,False,False,False,False,0,False,C級：已漲遠或接近目標，禁止追高,條件不足,接近成形,39.5,36.0,45.0,接近成形＋可觀察,40.29,39.5,40.29,41.5,38.31,4.9,低,-5.44,10.11,2.38,11.69,40.29,0.0,False,False,True,距離頸線或前高過遠，禁止追高,頸線以當日前20日高點計算；收盤站上頸線 39.5 至少2%；成交量>=20日均量2倍；不可長上影；回踩須有近10日突破紀錄且不有效跌破頸線；距離頸線>5%禁止進場,20,C,禁止追高,已漲遠或接近目標，空手不追；持有者依策略分批處理。,False,2026-10-05,True,True,STOP,STOP 停止進場,觀察,取消新進場，只保留觀察,只看續抱 / 減碼 / 停利 / 停損，不新增部位。,停止新進場，先保留現金，等待大盤止跌。,停止新進場，禁止顯示今日可進場。,False,False
2026-10-05,2026-10-05,收盤確認價,臺灣證券交易所 / 證券櫃檯買賣中心正式收盤；yfinance 歷史資料,只使用完整收盤日K，不使用盤中未完成K,上櫃,6129,普誠,14.55,15.05,14.55,14.72,14.84,14.69,15.84,17.06,-32.04,-1.69,False,632115,343348,9197273,5046021,3.23,False,True,20.63,一般K,,False,False,False,False,0,False,C級：已漲遠或接近目標，禁止追高,條件不足,三角收斂突破,15.55,13.95,17.7,接近成形＋可觀察,15.86,15.55,15.86,16.34,15.08,4.9,低,-6.43,32.92,2.37,11.59,15.86,1.03,False,False,True,距離頸線或前高過遠，禁止追高,頸線以當日前20日高點計算；收盤站上頸線 15.55 至少2%；成交量>=20日均量2倍；不可長上影；回踩須有近10日突破紀錄且不有效跌破頸線；距離頸線>5%禁止進場,20,C,禁止追高,已漲遠或接近目標，空手不追；持有者依策略分批處理。,False,2026-10-05,True,True,STOP,STOP 停止進場,觀察,取消新進場，只保留觀察,只看續抱 / 減碼 / 停利 / 停損，不新增部位。,停止新進場，先保留現金，等待大盤止跌。,停止新進場，禁止顯示今日可進場。,False,False
2026-10-05,2026-10-05,收盤確認價,臺灣證券交易所 / 證券櫃檯買賣中心正式收盤；yfinance 歷史資料,只使用完整收盤日K，不使用盤中未完成K,上櫃,5245,智晶,20.55,21.15,20.5,20.71,20.68,21.33,22.8,24.46,-20.19,-0.96,False,96807,92700,1989383,1942993,1.25,False,True,13.36,一般K,,False,False,False,False,0,False,C級：已漲遠或接近目標，禁止追高,條件不足,接近成形,23.55,20.3,26.8,接近成形＋可觀察,24.02,23.55,24.02,24.74,22.84,4.9,低,-12.74,23.89,2.36,11.57,24.02,0.0,False,False,True,距離頸線或前高過遠，禁止追高,頸線以當日前20日高點計算；收盤站上頸線 23.55 至少2%；成交量>=20日均量2倍；不可長上影；回踩須有近10日突破紀錄且不有效跌破頸線；距離頸線>5%禁止進場,20,C,禁止追高,已漲遠或接近目標，空手不追；持有者依策略分批處理。,False,2026-10-05,True,True,STOP,STOP 停止進場,觀察,取消新進場，只保留觀察,只看續抱 / 減碼 / 停利 / 停損，不新增部位。,停止新進場，先保留現金，等待大盤止跌。,停止新進場，禁止顯示今日可進場。,False,False
2026-10-05,2026-10-05,收盤確認價,臺灣證券交易所 / 證券櫃檯買賣中心正式收盤；yfinance 歷史資料,只使用完整收盤日K，不使用盤中未完成K,上櫃,3206,志豐,34.0,34.7,33.8,34.42,34.73,34.76,34.54,35.09,-11.46,0.0,False,50483,40375,1716422,1405739,1.22,False,True,23.63,一般K,,False,False,False,False,0,False,C級：已漲遠或接近目標，禁止追高,條件不足,接近成形,35.9,33.02,40.8,接近成形＋可觀察,36.62,35.9,36.62,37.72,34.82,4.9,低,-5.29,12.82,2.33,11.42,36.62,1.91,False,False,True,距離頸線或前高過遠，禁止追高,頸線以當日前20日高點計算；收盤站上頸線 35.9 至少2%；成交量>=20日均量2倍；不可長上影；回踩須有近10日突破紀錄且不有效跌破頸線；距離頸線>5%禁止進場,20,C,禁止追高,已漲遠或接近目標，空手不追；持有者依策略分批處理。,False,2026-10-05,True,True,STOP,STOP 停止進場,觀察,取消新進場，只保留觀察,只看續抱 / 減碼 / 停利 / 停損，不新增部位。,停止新進場，先保留現金，等待大盤止跌。,停止新進場，禁止顯示今日可進場。,False,False
2026-10-05,2026-10-05,收盤確認價,臺灣證券交易所 / 證券櫃檯買賣中心正式收盤；yfinance 歷史資料,只使用完整收盤日K，不使用盤中未完成K,上櫃,6679,鈺太,206.5,211.5,206.5,206.4,203.2,200.97,209.41,226.3,-17.07,-1.2,False,208432,278112,43041208,56375371,1.43,False,True,20.83,一般K,,False,False,False,False,0,False,C級：已漲遠或接近目標，禁止追高,條件不足,接近成形,217.5,191.5,246.5,接近成形＋可觀察,221.85,217.5,221.85,228.51,210.97,4.9,低,-5.06,17.73,2.27,11.11,221.85,0.24,False,False,True,距離頸線或前高過遠，禁止追高,頸線以當日前20日高點計算；收盤站上頸線 217.5 至少2%；成交量>=20日均量2倍；不可長上影；回踩須有近10日突破紀錄且不有效跌破頸線；距離頸線>5%禁止進場,20,C,禁止追高,已漲遠或接近目標，空手不追；持有者依策略分批處理。,False,2026-10-05,True,True,STOP,STOP 停止進場,觀察,取消新進場，只保留觀察,只看續抱 / 減碼 / 停利 / 停損，不新增部位。,停止新進場，先保留現金，等待大盤止跌。,停止新進場，禁止顯示今日可進場。,False,False
2026-10-05,2026-10-05,收盤確認價,臺灣證券交易所 / 證券櫃檯買賣中心正式收盤；yfinance 歷史資料,只使用完整收盤日K，不使用盤中未完成K,上市,1110,東泥,14.35,14.7,14.35,14.47,14.79,15.3,15.77,15.85,-8.01,-0.0,False,177272,308088,2543853,4649892,1.27,False,True,43.28,一般K,,False,False,False,False,0,False,C級：已漲遠或接近目標，禁止追高,條件不足,接近成形,16.45,14.53,18.65,接近成形＋可觀察,16.78,16.45,16.78,17.28,15.96,4.9,低,-12.77,13.55,2.27,11.15,16.78,2.09,False,False,True,距離頸線或前高過遠，禁止追高,頸線以當日前20日高點計算；收盤站上頸線 16.45 至少2%；成交量>=20日均量2倍；不可長上影；回踩須有近10日突破紀錄且不有效跌破頸線；距離頸線>5%禁止進場,20,C,禁止追高,已漲遠或接近目標，空手不追；持有者依策略分批處理。,False,2026-10-05,True,True,STOP,STOP 停止進場,觀察,取消新進場，只保留觀察,只看續抱 / 減碼 / 停利 / 停損，不新增部位。,停止新進場，先保留現金，等待大盤止跌。,停止新進場，禁止顯示今日可進場。,False,False
2026-10-05,2026-10-05,收盤確認價,臺灣證券交易所 / 證券櫃檯買賣中心正式收盤；yfinance 歷史資料,只使用完整收盤日K，不使用盤中未完成K,上櫃,6570,維田,47.45,47.8,47.35,47.51,47.26,47.72,50.86,44.83,-10.13,0.42,False,50370,85470,2390056,4088816,1.56,False,True,46.25,一般K,,False,False,False,False,0,False,C級：已漲遠或接近目標，禁止追高,條件不足,接近成形,52.3,46.0,59.25,接近成形＋可觀察,53.35,52.3,53.35,54.95,50.73,4.9,低,-9.27,20.12,2.26,11.07,53.35,0.42,False,False,True,距離頸線或前高過遠，禁止追高,頸線以當日前20日高點計算；收盤站上頸線 52.3 至少2%；成交量>=20日均量2倍；不可長上影；回踩須有近10日突破紀錄且不有效跌破頸線；距離頸線>5%禁止進場,20,C,禁止追高,已漲遠或接近目標，空手不追；持有者依策略分批處理。,False,2026-10-05,True,True,STOP,STOP 停止進場,觀察,取消新進場，只保留觀察,只看續抱 / 減碼 / 停利 / 停損，不新增部位。,停止新進場，先保留現金，等待大盤止跌。,停止新進場，禁止顯示今日可進場。,False,False
2026-10-05,2026-10-05,收盤確認價,臺灣證券交易所 / 證券櫃檯買賣中心正式收盤；yfinance 歷史資料,只使用完整收盤日K，不使用盤中未完成K,上櫃,3224,三顧,31.45,32.45,31.35,31.21,31.58,32.3,34.28,41.24,-15.11,0.64,False,63250,43504,1989212,1404597,1.64,False,True,44.23,一般K,,False,False,False,False,0,False,C級：已漲遠或接近目標，禁止追高,條件不足,接近成形,35.0,30.69,39.6,接近成形＋可觀察,35.7,35.0,35.7,36.77,33.95,4.9,低,-10.14,17.13,2.23,10.92,35.7,2.07,False,False,True,距離頸線或前高過遠，禁止追高,頸線以當日前20日高點計算；收盤站上頸線 35.0 至少2%；成交量>=20日均量2倍；不可長上影；回踩須有近10日突破紀錄且不有效跌破頸線；距離頸線>5%禁止進場,20,C,禁止追高,已漲遠或接近目標，空手不追；持有者依策略分批處理。,False,2026-10-05,True,True,STOP,STOP 停止進場,觀察,取消新進場，只保留觀察,只看續抱 / 減碼 / 停利 / 停損，不新增部位。,停止新進場，先保留現金，等待大盤止跌。,停止新進場，禁止顯示今日可進場。,False,False
2026-10-05,2026-10-05,收盤確認價,臺灣證券交易所 / 證券櫃檯買賣中心正式收盤；yfinance 歷史資料,只使用完整收盤日K，不使用盤中未完成K,上櫃,6971,惠民實業,23.75,23.95,23.7,23.54,23.73,24.47,25.66,28.96,-13.0,1.28,False,25196,32565,598405,818191,1.62,False,True,46.82,一般K,,False,False,False,False,0,False,C級：已漲遠或接近目標，禁止追高,條件不足,接近成形,26.7,23.24,30.2,接近成形＋可觀察,27.23,26.7,27.23,28.05,25.9,4.9,低,-11.05,17.39,2.22,10.89,27.23,0.63,False,False,True,距離頸線或前高過遠，禁止追高,頸線以當日前20日高點計算；收盤站上頸線 26.7 至少2%；成交量>=20日均量2倍；不可長上影；回踩須有近10日突破紀錄且不有效跌破頸線；距離頸線>5%禁止進場,20,C,禁止追高,已漲遠或接近目標，空手不追；持有者依策略分批處理。,False,2026-10-05,True,True,STOP,STOP 停止進場,觀察,取消新進場，只保留觀察,只看續抱 / 減碼 / 停利 / 停損，不新增部位。,停止新進場，先保留現金，等待大盤止跌。,停止新進場，禁止顯示今日可進場。,False,False
2026-10-05,2026-10-05,收盤確認價,臺灣證券交易所 / 證券櫃檯買賣中心正式收盤；yfinance 歷史資料,只使用完整收盤日K，不使用盤中未完成K,上櫃,3313,斐成,10.3,10.5,10.3,10.46,10.48,10.6,10.8,12.86,-12.71,-1.9,False,91926,91711,946837,976990,1.01,False,True,22.12,一般K,,False,False,False,False,0,False,C級：已漲遠或接近目標，禁止追高,條件不足,接近成形,11.6,10.4,13.1,接近成形＋可觀察,11.83,11.6,11.83,12.19,11.25,4.9,低,-11.21,17.27,2.19,10.72,11.83,0.97,False,False,True,距離頸線或前高過遠，禁止追高,頸線以當日前20日高點計算；收盤站上頸線 11.6 至少2%；成交量>=20日均量2倍；不可長上影；回踩須有近10日突破紀錄且不有效跌破頸線；距離頸線>5%禁止進場,20,C,禁止追高,已漲遠或接近目標，空手不追；持有者依策略分批處理。,False,2026-10-05,True,True,STOP,STOP 停止進場,觀察,取消新進場，只保留觀察,只看續抱 / 減碼 / 停利 / 停損，不新增部位。,停止新進場，先保留現金，等待大盤止跌。,停止新進場，禁止顯示今日可進場。,False,False
2026-10-05,2026-10-05,收盤確認價,臺灣證券交易所 / 證券櫃檯買賣中心正式收盤；yfinance 歷史資料,只使用完整收盤日K，不使用盤中未完成K,上櫃,4747,強生,22.85,23.1,22.85,23.22,23.51,24.13,25.38,28.1,-8.6,-0.44,False,17228,48171,393659,1165575,1.16,False,True,63.58,一般K,,False,False,False,False,0,False,C級：已漲遠或接近目標，禁止追高,條件不足,接近成形,25.9,22.92,29.25,接近成形＋可觀察,26.42,25.9,26.42,27.21,25.12,4.9,低,-11.78,21.61,2.19,10.72,26.42,0.44,False,False,True,距離頸線或前高過遠，禁止追高,頸線以當日前20日高點計算；收盤站上頸線 25.9 至少2%；成交量>=20日均量2倍；不可長上影；回踩須有近10日突破紀錄且不有效跌破頸線；距離頸線>5%禁止進場,20,C,禁止追高,已漲遠或接近目標，空手不追；持有者依策略分批處理。,False,2026-10-05,True,True,STOP,STOP 停止進場,觀察,取消新進場，只保留觀察,只看續抱 / 減碼 / 停利 / 停損，不新增部位。,停止新進場，先保留現金，等待大盤止跌。,停止新進場，禁止顯示今日可進場。,False,False
2026-10-05,2026-10-05,收盤確認價,臺灣證券交易所 / 證券櫃檯買賣中心正式收盤；yfinance 歷史資料,只使用完整收盤日K，不使用盤中未完成K,上市,1516,川飛,13.75,13.8,13.3,13.55,13.39,13.79,14.95,19.18,-24.45,3.38,False,52387,39530,720321,538752,2.99,False,True,31.2,紅K突破,,False,False,False,False,0,False,C級：已漲遠或接近目標，禁止追高,條件不足,接近成形,14.75,13.1,16.65,接近成形＋可觀察,15.04,14.75,15.04,15.5,14.31,4.9,低,-6.78,24.45,2.18,10.67,15.04,0.36,False,False,True,距離頸線或前高過遠，禁止追高,頸線以當日前20日高點計算；收盤站上頸線 14.75 至少2%；成交量>=20日均量2倍；不可長上影；回踩須有近10日突破紀錄且不有效跌破頸線；距離頸線>5%禁止進場,20,C,禁止追高,已漲遠或接近目標，空手不追；持有者依策略分批處理。,False,2026-10-05,True,True,STOP,STOP 停止進場,觀察,取消新進場，只保留觀察,只看續抱 / 減碼 / 停利 / 停損，不新增部位。,停止新進場，先保留現金，等待大盤止跌。,停止新進場，禁止顯示今日可進場。,False,False
2026-10-05,2026-10-05,收盤確認價,臺灣證券交易所 / 證券櫃檯買賣中心正式收盤；yfinance 歷史資料,只使用完整收盤日K，不使用盤中未完成K,上櫃,6186,新潤,28.65,28.9,28.55,28.96,29.25,29.79,34.98,44.28,-33.6,-0.87,False,525187,718225,15046607,21515147,1.03,False,True,30.8,一般K,,False,False,False,False,0,False,C級：已漲遠或接近目標，禁止追高,條件不足,接近成形,33.1,28.85,37.35,接近成形＋可觀察,33.76,33.1,33.76,34.77,32.11,4.9,低,-13.44,34.51,2.17,10.63,33.76,0.0,False,False,True,距離頸線或前高過遠，禁止追高,頸線以當日前20日高點計算；收盤站上頸線 33.1 至少2%；成交量>=20日均量2倍；不可長上影；回踩須有近10日突破紀錄且不有效跌破頸線；距離頸線>5%禁止進場,20,C,禁止追高,已漲遠或接近目標，空手不追；持有者依策略分批處理。,False,2026-10-05,True,True,STOP,STOP 停止進場,觀察,取消新進場，只保留觀察,只看續抱 / 減碼 / 停利 / 停損，不新增部位。,停止新進場，先保留現金，等待大盤止跌。,停止新進場，禁止顯示今日可進場。,False,False
2026-10-05,2026-10-05,收盤確認價,臺灣證券交易所 / 證券櫃檯買賣中心正式收盤；yfinance 歷史資料,只使用完整收盤日K，不使用盤中未完成K,上櫃,1584,精剛,18.1,18.7,18.05,18.44,18.29,18.11,18.31,20.98,-7.18,-2.69,False,664790,391172,12032699,7139453,1.36,False,True,29.54,一般K,,False,False,False,False,0,False,C級：已漲遠或接近目標，禁止追高,條件不足,三角收斂突破,19.2,17.55,21.6,接近成形＋可觀察,19.58,19.2,19.58,20.17,18.62,4.9,低,-5.73,15.02,2.1,10.29,19.58,0.55,False,False,True,距離頸線或前高過遠，禁止追高,頸線以當日前20日高點計算；收盤站上頸線 19.2 至少2%；成交量>=20日均量2倍；不可長上影；回踩須有近10日突破紀錄且不有效跌破頸線；距離頸線>5%禁止進場,20,C,禁止追高,已漲遠或接近目標，空手不追；持有者依策略分批處理。,False,2026-10-05,True,True,STOP,STOP 停止進場,觀察,取消新進場，只保留觀察,只看續抱 / 減碼 / 停利 / 停損，不新增部位。,停止新進場，先保留現金，等待大盤止跌。,停止新進場，禁止顯示今日可進場。,False,False
2026-10-05,2026-10-05,收盤確認價,臺灣證券交易所 / 證券櫃檯買賣中心正式收盤；yfinance 歷史資料,只使用完整收盤日K，不使用盤中未完成K,上市,1907,永豐餘,27.6,27.8,27.55,27.96,28.36,28.77,29.15,26.57,-0.54,-1.08,False,875572,802377,24165787,23011920,1.11,False,True,37.36,一般K,,False,False,False,False,0,False,C級：已漲遠或接近目標，禁止追高,條件不足,接近成形,30.75,27.65,34.6,接近成形＋可觀察,31.37,30.75,31.37,32.31,29.83,4.9,低,-10.24,12.93,2.1,10.31,31.37,0.18,False,False,True,距離頸線或前高過遠，禁止追高,頸線以當日前20日高點計算；收盤站上頸線 30.75 至少2%；成交量>=20日均量2倍；不可長上影；回踩須有近10日突破紀錄且不有效跌破頸線；距離頸線>5%禁止進場,20,C,禁止追高,已漲遠或接近目標，空手不追；持有者依策略分批處理。,False,2026-10-05,True,True,STOP,STOP 停止進場,觀察,取消新進場，只保留觀察,只看續抱 / 減碼 / 停利 / 停損，不新增部位。,停止新進場，先保留現金，等待大盤止跌。,停止新進場，禁止顯示今日可進場。,False,False
2026-10-05,2026-10-05,收盤確認價,臺灣證券交易所 / 證券櫃檯買賣中心正式收盤；yfinance 歷史資料,只使用完整收盤日K，不使用盤中未完成K,上市,2349,錸德,10.35,10.6,10.35,10.49,10.43,10.45,10.94,12.32,-19.46,-1.43,False,2015466,1645354,20860073,17263294,1.31,False,True,34.36,一般K,,False,False,False,False,0,False,C級：已漲遠或接近目標，禁止追高,條件不足,接近成形,11.25,10.1,12.65,接近成形＋可觀察,11.47,11.25,11.47,11.82,10.91,4.9,低,-8.0,19.46,2.09,10.24,11.47,0.0,False,False,True,距離頸線或前高過遠，禁止追高,頸線以當日前20日高點計算；收盤站上頸線 11.25 至少2%；成交量>=20日均量2倍；不可長上影；回踩須有近10日突破紀錄且不有效跌破頸線；距離頸線>5%禁止進場,20,C,禁止追高,已漲遠或接近目標，空手不追；持有者依策略分批處理。,False,2026-10-05,True,True,STOP,STOP 停止進場,觀察,取消新進場，只保留觀察,只看續抱 / 減碼 / 停利 / 停損，不新增部位。,停止新進場，先保留現金，等待大盤止跌。,停止新進場，禁止顯示今日可進場。,False,False
2026-10-05,2026-10-05,收盤確認價,臺灣證券交易所 / 證券櫃檯買賣中心正式收盤；yfinance 歷史資料,只使用完整收盤日K，不使用盤中未完成K,上櫃,4558,寶緯,16.75,16.95,16.75,16.85,17.06,17.2,17.24,19.19,-8.72,-0.3,False,12231,24575,204869,421751,1.28,False,True,19.8,一般K,,False,False,False,False,0,False,C級：已漲遠或接近目標，禁止追高,條件不足,接近成形,17.75,16.35,19.95,接近成形＋可觀察,18.11,17.75,18.11,18.65,17.22,4.9,低,-5.63,12.53,2.08,10.19,18.11,0.9,False,False,True,距離頸線或前高過遠，禁止追高,頸線以當日前20日高點計算；收盤站上頸線 17.75 至少2%；成交量>=20日均量2倍；不可長上影；回踩須有近10日突破紀錄且不有效跌破頸線；距離頸線>5%禁止進場,20,C,禁止追高,已漲遠或接近目標，空手不追；持有者依策略分批處理。,False,2026-10-05,True,True,STOP,STOP 停止進場,觀察,取消新進場，只保留觀察,只看續抱 / 減碼 / 停利 / 停損，不新增部位。,停止新進場，先保留現金，等待大盤止跌。,停止新進場，禁止顯示今日可進場。,False,False
2026-10-05,2026-10-05,收盤確認價,臺灣證券交易所 / 證券櫃檯買賣中心正式收盤；yfinance 歷史資料,只使用完整收盤日K，不使用盤中未完成K,上櫃,6741,91APP*-KY,54.9,55.1,54.5,55.22,56.03,57.66,56.97,64.4,-8.5,-0.36,False,185746,149852,10197455,8587150,1.03,False,True,64.82,一般K,,False,False,False,False,0,False,C級：已漲遠或接近目標，禁止追高,條件不足,接近成形,60.5,55.0,68.0,接近成形＋可觀察,61.71,60.5,61.71,63.56,58.68,4.9,低,-9.26,10.0,2.08,10.19,61.71,0.0,False,False,True,距離頸線或前高過遠，禁止追高,頸線以當日前20日高點計算；收盤站上頸線 60.5 至少2%；成交量>=20日均量2倍；不可長上影；回踩須有近10日突破紀錄且不有效跌破頸線；距離頸線>5%禁止進場,20,C,禁止追高,已漲遠或接近目標，空手不追；持有者依策略分批處理。,False,2026-10-05,True,True,STOP,STOP 停止進場,觀察,取消新進場，只保留觀察,只看續抱 / 減碼 / 停利 / 停損，不新增部位。,停止新進場，先保留現金，等待大盤止跌。,停止新進場，禁止顯示今日可進場。,False,False
2026-10-05,2026-10-05,收盤確認價,臺灣證券交易所 / 證券櫃檯買賣中心正式收盤；yfinance 歷史資料,只使用完整收盤日K，不使用盤中未完成K,上櫃,2641,正德,17.25,17.5,17.2,17.37,17.47,17.62,17.58,18.97,-3.9,-1.15,False,1613648,1208590,27835428,21368992,1.08,False,True,26.64,一般K,,False,False,False,False,0,False,C級：已漲遠或接近目標，禁止追高,條件不足,接近成形,18.6,17.25,20.9,接近成形＋可觀察,18.97,18.6,18.97,19.54,18.04,4.9,低,-7.26,11.99,2.07,10.16,18.97,0.0,False,False,True,距離頸線或前高過遠，禁止追高,頸線以當日前20日高點計算；收盤站上頸線 18.6 至少2%；成交量>=20日均量2倍；不可長上影；回踩須有近10日突破紀錄且不有效跌破頸線；距離頸線>5%禁止進場,20,C,禁止追高,已漲遠或接近目標，空手不追；持有者依策略分批處理。,False,2026-10-05,True,True,STOP,STOP 停止進場,觀察,取消新進場，只保留觀察,只看續抱 / 減碼 / 停利 / 停損，不新增部位。,停止新進場，先保留現金，等待大盤止跌。,停止新進場，禁止顯示今日可進場。,False,False
2026-10-05,2026-10-05,收盤確認價,臺灣證券交易所 / 證券櫃檯買賣中心正式收盤；yfinance 歷史資料,只使用完整收盤日K，不使用盤中未完成K,上櫃,8421,旭源,13.0,13.45,12.9,12.96,12.93,12.82,13.8,13.39,-7.47,0.0,False,44753,130577,581789,1666177,1.43,False,True,31.59,一般K,,False,False,False,False,0,False,C級：已漲遠或接近目標，禁止追高,條件不足,接近成形,13.8,12.18,15.5,接近成形＋可觀察,14.08,13.8,14.08,14.5,13.39,4.9,低,-5.8,27.37,2.06,10.12,14.08,0.0,False,False,True,距離頸線或前高過遠，禁止追高,頸線以當日前20日高點計算；收盤站上頸線 13.8 至少2%；成交量>=20日均量2倍；不可長上影；回踩須有近10日突破紀錄且不有效跌破頸線；距離頸線>5%禁止進場,20,C,禁止追高,已漲遠或接近目標，空手不追；持有者依策略分批處理。,False,2026-10-05,True,True,STOP,STOP 停止進場,觀察,取消新進場，只保留觀察,只看續抱 / 減碼 / 停利 / 停損，不新增部位。,停止新進場，先保留現金，等待大盤止跌。,停止新進場，禁止顯示今日可進場。,False,False
2026-10-05,2026-10-05,收盤確認價,臺灣證券交易所 / 證券櫃檯買賣中心正式收盤；yfinance 歷史資料,只使用完整收盤日K，不使用盤中未完成K,上市,2314,台揚,11.1,11.1,10.95,11.17,11.12,11.02,11.67,17.21,-19.86,0.91,False,86999,121105,965688,1333189,3.38,False,True,25.47,紅K突破,,False,False,False,False,0,False,C級：已漲遠或接近目標，禁止追高,條件不足,接近成形,11.8,10.47,13.25,接近成形＋可觀察,12.04,11.8,12.04,12.4,11.45,4.9,低,-5.93,20.71,2.06,10.09,12.04,0.0,False,False,True,距離頸線或前高過遠，禁止追高,頸線以當日前20日高點計算；收盤站上頸線 11.8 至少2%；成交量>=20日均量2倍；不可長上影；回踩須有近10日突破紀錄且不有效跌破頸線；距離頸線>5%禁止進場,20,C,禁止追高,已漲遠或接近目標，空手不追；持有者依策略分批處理。,False,2026-10-05,True,True,STOP,STOP 停止進場,觀察,取消新進場，只保留觀察,只看續抱 / 減碼 / 停利 / 停損，不新增部位。,停止新進場，先保留現金，等待大盤止跌。,停止新進場，禁止顯示今日可進場。,False,False
2026-10-05,2026-10-05,收盤確認價,臺灣證券交易所 / 證券櫃檯買賣中心正式收盤；yfinance 歷史資料,只使用完整收盤日K，不使用盤中未完成K,上市,1466,聚隆,14.35,14.7,14.25,14.66,14.81,14.98,16.02,15.74,-14.84,-1.37,False,254894,216991,3657728,3256820,1.06,False,True,17.27,一般K,,False,False,False,False,0,False,C級：已漲遠或接近目標，禁止追高,條件不足,接近成形,16.3,14.3,18.3,接近成形＋可觀察,16.63,16.3,16.63,17.12,15.81,4.9,低,-11.96,28.61,2.05,10.07,16.63,0.0,False,False,True,距離頸線或前高過遠，禁止追高,頸線以當日前20日高點計算；收盤站上頸線 16.3 至少2%；成交量>=20日均量2倍；不可長上影；回踩須有近10日突破紀錄且不有效跌破頸線；距離頸線>5%禁止進場,20,C,禁止追高,已漲遠或接近目標，空手不追；持有者依策略分批處理。,False,2026-10-05,True,True,STOP,STOP 停止進場,觀察,取消新進場，只保留觀察,只看續抱 / 減碼 / 停利 / 停損，不新增部位。,停止新進場，先保留現金，等待大盤止跌。,停止新進場，禁止顯示今日可進場。,False,False
2026-10-05,2026-10-05,收盤確認價,臺灣證券交易所 / 證券櫃檯買賣中心正式收盤；yfinance 歷史資料,只使用完整收盤日K，不使用盤中未完成K,上櫃,3073,天方能源,20.55,20.8,20.45,20.57,20.51,21.17,21.79,26.75,-6.59,-0.24,False,19520,29556,401136,631211,1.26,False,True,19.49,一般K,,False,False,False,False,0,False,C級：已漲遠或接近目標，禁止追高,條件不足,接近成形,22.75,20.11,25.5,接近成形＋可觀察,23.21,22.75,23.21,23.9,22.07,4.9,低,-9.67,16.12,2.02,9.89,23.21,0.0,False,False,True,距離頸線或前高過遠，禁止追高,頸線以當日前20日高點計算；收盤站上頸線 22.75 至少2%；成交量>=20日均量2倍；不可長上影；回踩須有近10日突破紀錄且不有效跌破頸線；距離頸線>5%禁止進場,20,C,禁止追高,已漲遠或接近目標，空手不追；持有者依策略分批處理。,False,2026-10-05,True,True,STOP,STOP 停止進場,觀察,取消新進場，只保留觀察,只看續抱 / 減碼 / 停利 / 停損，不新增部位。,停止新進場，先保留現金，等待大盤止跌。,停止新進場，禁止顯示今日可進場。,False,False
2026-10-05,2026-10-05,收盤確認價,臺灣證券交易所 / 證券櫃檯買賣中心正式收盤；yfinance 歷史資料,只使用完整收盤日K，不使用盤中未完成K,上櫃,8092,建暐,12.2,12.5,12.2,12.44,12.63,12.71,13.08,14.43,-11.91,-0.81,False,30194,47185,368366,599775,0.95,False,True,31.63,一般K,,False,False,False,False,0,False,C級：已漲遠或接近目標，禁止追高,條件不足,接近成形,13.65,12.25,15.3,接近成形＋可觀察,13.92,13.65,13.92,14.34,13.24,4.9,低,-10.62,13.48,2.02,9.89,13.92,0.0,False,False,True,距離頸線或前高過遠，禁止追高,頸線以當日前20日高點計算；收盤站上頸線 13.65 至少2%；成交量>=20日均量2倍；不可長上影；回踩須有近10日突破紀錄且不有效跌破頸線；距離頸線>5%禁止進場,20,C,禁止追高,已漲遠或接近目標，空手不追；持有者依策略分批處理。,False,2026-10-05,True,True,STOP,STOP 停止進場,觀察,取消新進場，只保留觀察,只看續抱 / 減碼 / 停利 / 停損，不新增部位。,停止新進場，先保留現金，等待大盤止跌。,停止新進場，禁止顯示今日可進場。,False,False
2026-10-05,2026-10-05,收盤確認價,臺灣證券交易所 / 證券櫃檯買賣中心正式收盤；yfinance 歷史資料,只使用完整收盤日K，不使用盤中未完成K,上櫃,7723,築間,18.05,18.25,18.0,18.25,18.36,18.67,19.43,28.57,-20.48,-1.1,False,92858,58176,1676086,1101485,1.44,False,True,33.58,一般K,,False,False,False,False,0,False,C級：已漲遠或接近目標，禁止追高,條件不足,三角收斂突破,20.65,18.15,23.15,接近成形＋可觀察,21.06,20.65,21.06,21.69,20.03,4.9,低,-12.59,20.83,2.02,9.91,21.06,0.55,False,False,True,距離頸線或前高過遠，禁止追高,頸線以當日前20日高點計算；收盤站上頸線 20.65 至少2%；成交量>=20日均量2倍；不可長上影；回踩須有近10日突破紀錄且不有效跌破頸線；距離頸線>5%禁止進場,20,C,禁止追高,已漲遠或接近目標，空手不追；持有者依策略分批處理。,False,2026-10-05,True,True,STOP,STOP 停止進場,觀察,取消新進場，只保留觀察,只看續抱 / 減碼 / 停利 / 停損，不新增部位。,停止新進場，先保留現金，等待大盤止跌。,停止新進場，禁止顯示今日可進場。,False,False
2026-10-05,2026-10-05,收盤確認價,臺灣證券交易所 / 證券櫃檯買賣中心正式收盤；yfinance 歷史資料,只使用完整收盤日K，不使用盤中未完成K,上櫃,5701,劍湖山,4.05,4.13,4.0,4.06,4.13,4.17,4.31,4.11,-18.67,-0.49,False,120770,91991,489118,383294,1.59,False,True,25.28,一般K,,False,False,False,False,0,False,C級：已漲遠或接近目標，禁止追高,條件不足,接近成形,4.39,3.99,4.92,接近成形＋可觀察,4.48,4.39,4.48,4.61,4.26,4.9,低,-7.74,20.59,2.01,9.88,4.48,1.98,False,False,True,距離頸線或前高過遠，禁止追高,頸線以當日前20日高點計算；收盤站上頸線 4.39 至少2%；成交量>=20日均量2倍；不可長上影；回踩須有近10日突破紀錄且不有效跌破頸線；距離頸線>5%禁止進場,20,C,禁止追高,已漲遠或接近目標，空手不追；持有者依策略分批處理。,False,2026-10-05,True,True,STOP,STOP 停止進場,觀察,取消新進場，只保留觀察,只看續抱 / 減碼 / 停利 / 停損，不新增部位。,停止新進場，先保留現金，等待大盤止跌。,停止新進場，禁止顯示今日可進場。,False,False
2026-10-05,2026-10-05,收盤確認價,臺灣證券交易所 / 證券櫃檯買賣中心正式收盤；yfinance 歷史資料,只使用完整收盤日K，不使用盤中未完成K,上市,1905,華紙,12.7,12.95,12.7,12.85,13.01,13.14,13.5,13.03,-19.37,-1.17,False,1783533,1664585,22650869,21791944,1.35,False,True,18.45,一般K,,False,False,False,False,0,False,C級：已漲遠或接近目標，禁止追高,條件不足,接近成形,14.1,12.65,15.8,接近成形＋可觀察,14.38,14.1,14.38,14.81,13.68,4.9,低,-9.93,20.63,2.01,9.86,14.38,0.0,False,False,True,距離頸線或前高過遠，禁止追高,頸線以當日前20日高點計算；收盤站上頸線 14.1 至少2%；成交量>=20日均量2倍；不可長上影；回踩須有近10日突破紀錄且不有效跌破頸線；距離頸線>5%禁止進場,20,C,禁止追高,已漲遠或接近目標，空手不追；持有者依策略分批處理。,False,2026-10-05,True,True,STOP,STOP 停止進場,觀察,取消新進場，只保留觀察,只看續抱 / 減碼 / 停利 / 停損，不新增部位。,停止新進場，先保留現金，等待大盤止跌。,停止新進場，禁止顯示今日可進場。,False,False
2026-10-05,2026-10-05,收盤確認價,臺灣證券交易所 / 證券櫃檯買賣中心正式收盤；yfinance 歷史資料,只使用完整收盤日K，不使用盤中未完成K,上市,1623,大東電,198.0,200.0,197.5,198.7,200.3,203.82,209.53,224.55,-12.58,-0.25,False,68859,74724,13634082,15499213,2.39,False,True,20.14,一般K,,False,False,False,False,0,False,C級：已漲遠或接近目標，禁止追高,條件不足,接近成形,220.0,197.0,246.5,接近成形＋可觀察,224.4,220.0,224.4,231.13,213.4,4.9,低,-10.0,18.18,2.01,9.85,224.4,0.0,False,False,True,距離頸線或前高過遠，禁止追高,頸線以當日前20日高點計算；收盤站上頸線 220.0 至少2%；成交量>=20日均量2倍；不可長上影；回踩須有近10日突破紀錄且不有效跌破頸線；距離頸線>5%禁止進場,20,C,禁止追高,已漲遠或接近目標，空手不追；持有者依策略分批處理。,False,2026-10-05,True,True,STOP,STOP 停止進場,觀察,取消新進場，只保留觀察,只看續抱 / 減碼 / 停利 / 停損，不新增部位。,停止新進場，先保留現金，等待大盤止跌。,停止新進場，禁止顯示今日可進場。,False,False
2026-10-05,2026-10-05,收盤確認價,臺灣證券交易所 / 證券櫃檯買賣中心正式收盤；yfinance 歷史資料,只使用完整收盤日K，不使用盤中未完成K,上櫃,2235,謚源,27.2,27.2,27.15,27.92,28.14,28.17,27.83,31.86,-9.48,-3.2,False,6000,8454,163200,236108,2.08,False,True,25.15,紅K突破,,False,False,False,False,0,False,C級：已漲遠或接近目標，禁止追高,條件不足,接近成形,28.8,26.76,32.25,接近成形＋可觀察,29.38,28.8,29.38,30.26,27.94,4.9,低,-5.56,11.97,2.0,9.78,29.38,0.0,False,False,True,距離頸線或前高過遠，禁止追高,頸線以當日前20日高點計算；收盤站上頸線 28.8 至少2%；成交量>=20日均量2倍；不可長上影；回踩須有近10日突破紀錄且不有效跌破頸線；距離頸線>5%禁止進場,20,C,禁止追高,已漲遠或接近目標，空手不追；持有者依策略分批處理。,False,2026-10-05,True,True,STOP,STOP 停止進場,觀察,取消新進場，只保留觀察,只看續抱 / 減碼 / 停利 / 停損，不新增部位。,停止新進場，先保留現金，等待大盤止跌。,停止新進場，禁止顯示今日可進場。,False,False
2026-10-05,2026-10-05,收盤確認價,臺灣證券交易所 / 證券櫃檯買賣中心正式收盤；yfinance 歷史資料,只使用完整收盤日K，不使用盤中未完成K,上櫃,8111,立碁,94.3,94.3,86.5,83.42,80.37,75.83,64.66,64.49,87.48,9.91,True,37743237,14234396,3559187249,1121754517,4.65,True,True,36.13,紅K突破,,True,True,False,True,3,False,C級：已漲遠或接近目標，禁止追高,趨勢多頭、量能放大、價量條件足,旗型整理突破,85.8,72.04,127.5,突破第一根,87.52,85.8,87.52,90.14,83.23,11.74,低,9.91,9.91,3.0,35.21,94.3,0.0,False,False,True,距離頸線或前高過遠，禁止追高,頸線以當日前20日高點計算；收盤站上頸線 85.8 至少2%；成交量>=20日均量2倍；不可長上影；回踩須有近10日突破紀錄且不有效跌破頸線；距離頸線>5%禁止進場,15,C,禁止追高,已漲遠或接近目標，空手不追；持有者依策略分批處理。,False,2026-10-05,True,True,STOP,STOP 停止進場,突破買點,取消新進場，只保留觀察,只看續抱 / 減碼 / 停利 / 停損，不新增部位。,停止新進場，先保留現金，等待大盤止跌。,停止新進場，禁止顯示今日可進場。,False,False
2026-10-05,2026-10-05,收盤確認價,臺灣證券交易所 / 證券櫃檯買賣中心正式收盤；yfinance 歷史資料,只使用完整收盤日K，不使用盤中未完成K,上市,2340,台亞,50.3,50.3,46.5,43.74,39.02,35.73,33.26,30.83,37.81,9.95,True,21474354,9926281,1080160006,412614432,4.1,True,True,39.31,紅K突破,,True,True,False,True,3,False,C級：已漲遠或接近目標，禁止追高,趨勢多頭、量能放大、價量條件足,旗型整理突破,44.7,33.94,64.6,突破第一根,45.59,44.7,45.59,46.96,43.36,13.8,低,12.53,6.57,2.06,28.43,50.3,0.0,True,False,True,距離頸線或前高過遠，禁止追高,頸線以當日前20日高點計算；收盤站上頸線 44.7 至少2%；成交量>=20日均量2倍；不可長上影；回踩須有近10日突破紀錄且不有效跌破頸線；距離頸線>5%禁止進場,15,C,禁止追高,已漲遠或接近目標，空手不追；持有者依策略分批處理。,False,2026-10-05,True,True,STOP,STOP 停止進場,突破買點,取消新進場，只保留觀察,只看續抱 / 減碼 / 停利 / 停損，不新增部位。,停止新進場，先保留現金，等待大盤止跌。,停止新進場，禁止顯示今日可進場。,False,False
2026-10-05,2026-10-05,收盤確認價,臺灣證券交易所 / 證券櫃檯買賣中心正式收盤；yfinance 歷史資料,只使用完整收盤日K，不使用盤中未完成K,上櫃,8358,金居,570.0,570.0,526.0,517.4,507.75,506.65,444.43,363.6,6.94,9.83,True,42173918,12738829,24039133260,6523784247,4.53,True,True,22.89,紅K突破,,True,True,False,False,2,False,C級：已漲遠或接近目標，禁止追高,趨勢多頭、量能放大,箱型突破,536.0,481.32,801.0,突破第一根,546.72,536.0,546.72,563.12,519.92,8.79,低,6.34,1.06,4.61,40.53,570.0,0.0,False,False,True,距離頸線或前高過遠，禁止追高,頸線以當日前20日高點計算；收盤站上頸線 536.0 至少2%；成交量>=20日均量2倍；不可長上影；回踩須有近10日突破紀錄且不有效跌破頸線；距離頸線>5%禁止進場,15,C,禁止追高,已漲遠或接近目標，空手不追；持有者依策略分批處理。,False,2026-10-05,True,True,STOP,STOP 停止進場,突破買點,取消新進場，只保留觀察,只看續抱 / 減碼 / 停利 / 停損，不新增部位。,停止新進場，先保留現金，等待大盤止跌。,停止新進場，禁止顯示今日可進場。,False,False
2026-10-05,2026-10-05,收盤確認價,臺灣證券交易所 / 證券櫃檯買賣中心正式收盤；yfinance 歷史資料,只使用完整收盤日K，不使用盤中未完成K,上櫃,6419,京晨科,171.5,171.5,157.5,158.1,154.7,153.0,148.32,108.54,17.47,9.94,True,1495154,213250,256418911,34013379,3.49,True,True,23.0,紅K突破,,True,True,False,False,2,False,C級：已漲遠或接近目標，禁止追高,趨勢多頭、量能放大,箱型突破,161.5,145.35,210.5,突破第一根,164.73,161.5,164.73,169.67,156.66,8.66,低,6.19,6.28,2.63,22.74,171.5,0.0,False,False,True,距離頸線或前高過遠，禁止追高,頸線以當日前20日高點計算；收盤站上頸線 161.5 至少2%；成交量>=20日均量2倍；不可長上影；回踩須有近10日突破紀錄且不有效跌破頸線；距離頸線>5%禁止進場,15,C,禁止追高,已漲遠或接近目標，空手不追；持有者依策略分批處理。,False,2026-10-05,True,True,STOP,STOP 停止進場,突破買點,取消新進場，只保留觀察,只看續抱 / 減碼 / 停利 / 停損，不新增部位。,停止新進場，先保留現金，等待大盤止跌。,停止新進場，禁止顯示今日可進場。,False,False
2026-10-05,2026-10-05,收盤確認價,臺灣證券交易所 / 證券櫃檯買賣中心正式收盤；yfinance 歷史資料,只使用完整收盤日K，不使用盤中未完成K,上櫃,6877,鏵友益,145.5,153.5,140.0,138.0,130.3,122.28,121.67,115.2,9.81,-4.28,False,893847,121531,130054738,16410000,4.53,False,True,35.67,長黑,自動化 設備 機器人 半導體設備,True,True,True,False,3,False,C級：已漲遠或接近目標，禁止追高,趨勢多頭、量能放大、題材命中,接近成形,138.5,116.16,174.0,突破第一根,141.27,138.5,141.27,145.51,134.34,7.67,低,5.05,4.28,2.55,19.59,145.5,0.0,True,False,True,距離頸線或前高過遠，禁止追高,頸線以當日前20日高點計算；收盤站上頸線 138.5 至少2%；成交量>=20日均量2倍；不可長上影；回踩須有近10日突破紀錄且不有效跌破頸線；距離頸線>5%禁止進場,10,C,禁止追高,已漲遠或接近目標，空手不追；持有者依策略分批處理。,False,2026-10-05,True,True,STOP,STOP 停止進場,突破買點,取消新進場，只保留觀察,只看續抱 / 減碼 / 停利 / 停損，不新增部位。,停止新進場，先保留現金，等待大盤止跌。,停止新進場，禁止顯示今日可進場。,False,False
2026-10-05,2026-10-05,收盤確認價,臺灣證券交易所 / 證券櫃檯買賣中心正式收盤；yfinance 歷史資料,只使用完整收盤日K，不使用盤中未完成K,上市,2208,台船,18.45,18.95,18.45,18.88,19.1,18.99,19.33,20.14,-6.58,-2.12,False,5573000,2137546,102821850,40608081,1.14,True,True,22.98,一般K,,False,True,False,False,1,False,C級：已漲遠或接近目標，禁止追高,量能放大,三角收斂突破,19.7,18.7,21.4,接近成形＋可觀察,20.09,19.7,20.09,20.7,19.11,4.9,低,-6.35,19.26,1.33,6.5,20.09,0.27,False,False,True,距離頸線或前高過遠，禁止追高,頸線以當日前20日高點計算；收盤站上頸線 19.7 至少2%；成交量>=20日均量2倍；不可長上影；回踩須有近10日突破紀錄且不有效跌破頸線；距離頸線>5%禁止進場,10,C,禁止追高,已漲遠或接近目標，空手不追；持有者依策略分批處理。,False,2026-10-05,True,True,STOP,STOP 停止進場,觀察,取消新進場，只保留觀察,只看續抱 / 減碼 / 停利 / 停損，不新增部位。,停止新進場，先保留現金，等待大盤止跌。,停止新進場，禁止顯示今日可進場。,False,False
2026-10-05,2026-10-05,收盤確認價,臺灣證券交易所 / 證券櫃檯買賣中心正式收盤；yfinance 歷史資料,只使用完整收盤日K，不使用盤中未完成K,上市,2101,南港,28.7,29.4,28.65,29.47,29.83,30.16,32.2,34.44,-15.59,-2.05,False,7537237,1749790,216318701,52193794,0.92,True,True,53.46,一般K,,False,True,False,False,1,False,C級：已漲遠或接近目標，禁止追高,量能放大,三角收斂突破,31.85,29.1,34.6,接近成形＋可觀察,32.49,31.85,32.49,33.46,30.89,4.9,低,-9.89,20.83,1.33,6.5,32.49,0.0,False,False,True,距離頸線或前高過遠，禁止追高,頸線以當日前20日高點計算；收盤站上頸線 31.85 至少2%；成交量>=20日均量2倍；不可長上影；回踩須有近10日突破紀錄且不有效跌破頸線；距離頸線>5%禁止進場,10,C,禁止追高,已漲遠或接近目標，空手不追；持有者依策略分批處理。,False,2026-10-05,True,True,STOP,STOP 停止進場,觀察,取消新進場，只保留觀察,只看續抱 / 減碼 / 停利 / 停損，不新增部位。,停止新進場，先保留現金，等待大盤止跌。,停止新進場，禁止顯示今日可進場。,False,False
2026-10-05,2026-10-05,收盤確認價,臺灣證券交易所 / 證券櫃檯買賣中心正式收盤；yfinance 歷史資料,只使用完整收盤日K，不使用盤中未完成K,上櫃,5015,華祺,23.45,24.25,22.8,22.49,22.05,21.96,21.73,25.16,8.06,-2.09,False,214834,38558,5037857,885638,2.52,False,True,23.5,下影線,,False,True,False,False,1,False,C級：已漲遠或接近目標，禁止追高,量能放大,三角收斂突破,22.4,21.05,24.3,接近成形＋可觀察,22.85,22.4,22.85,23.53,21.73,4.9,低,4.69,2.09,1.3,6.36,22.85,3.2,True,True,True,接近目標區，只給持有者分批停利參考，空手不追高,頸線以當日前20日高點計算；收盤站上頸線 22.4 至少2%；成交量>=20日均量2倍；不可長上影；回踩須有近10日突破紀錄且不有效跌破頸線；距離頸線>5%禁止進場,10,C,禁止追高,已漲遠或接近目標，空手不追；持有者依策略分批處理。,False,2026-10-05,True,True,STOP,STOP 停止進場,接近目標,取消新進場，只保留觀察,只看續抱 / 減碼 / 停利 / 停損，不新增部位。,停止新進場，先保留現金，等待大盤止跌。,停止新進場，禁止顯示今日可進場。,False,False
2026-10-05,2026-10-05,收盤確認價,臺灣證券交易所 / 證券櫃檯買賣中心正式收盤；yfinance 歷史資料,只使用完整收盤日K，不使用盤中未完成K,上櫃,4153,鈺緯,31.4,31.6,31.3,31.43,31.73,31.87,32.1,32.96,1.62,-0.48,False,28234,8307,886547,263498,1.19,False,True,18.56,一般K,,False,True,False,False,1,False,C級：已漲遠或接近目標，禁止追高,量能放大,三角收斂突破,32.9,31.15,35.6,接近成形＋可觀察,33.56,32.9,33.56,34.56,31.91,4.9,低,-4.56,10.29,1.24,6.08,33.56,0.0,False,False,True,距離頸線或前高過遠，禁止追高,頸線以當日前20日高點計算；收盤站上頸線 32.9 至少2%；成交量>=20日均量2倍；不可長上影；回踩須有近10日突破紀錄且不有效跌破頸線；距離頸線>5%禁止進場,10,C,禁止追高,已漲遠或接近目標，空手不追；持有者依策略分批處理。,False,2026-10-05,True,True,STOP,STOP 停止進場,觀察,取消新進場，只保留觀察,只看續抱 / 減碼 / 停利 / 停損，不新增部位。,停止新進場，先保留現金，等待大盤止跌。,停止新進場，禁止顯示今日可進場。,False,False
2026-10-05,2026-10-05,收盤確認價,臺灣證券交易所 / 證券櫃檯買賣中心正式收盤；yfinance 歷史資料,只使用完整收盤日K，不使用盤中未完成K,上櫃,7753,星亞,35.65,35.85,35.35,35.65,35.63,35.9,37.6,41.43,-16.12,-0.14,False,50844,16323,1812588,584921,0.67,False,True,28.49,一般K,,False,True,False,False,1,False,C級：已漲遠或接近目標，禁止追高,量能放大,三角收斂突破,36.85,35.25,38.45,接近成形＋可觀察,37.59,36.85,37.59,38.71,35.74,4.9,低,-3.26,17.0,0.47,2.3,37.59,0.28,False,False,True,距離頸線或前高過遠，禁止追高,頸線以當日前20日高點計算；收盤站上頸線 36.85 至少2%；成交量>=20日均量2倍；不可長上影；回踩須有近10日突破紀錄且不有效跌破頸線；距離頸線>5%禁止進場,10,C,禁止追高,已漲遠或接近目標，空手不追；持有者依策略分批處理。,False,2026-10-05,True,True,STOP,STOP 停止進場,接近目標,取消新進場，只保留觀察,只看續抱 / 減碼 / 停利 / 停損，不新增部位。,停止新進場，先保留現金，等待大盤止跌。,停止新進場，禁止顯示今日可進場。,False,False
2026-10-05,2026-10-05,收盤確認價,臺灣證券交易所 / 證券櫃檯買賣中心正式收盤；yfinance 歷史資料,只使用完整收盤日K，不使用盤中未完成K,上櫃,4109,加捷生醫,10.9,11.0,10.9,10.98,11.06,11.06,11.27,13.07,-9.17,-0.91,False,6631330,445637,72281497,4875486,0.76,False,True,16.63,一般K,,False,True,False,False,1,False,C級：已漲遠或接近目標，禁止追高,量能放大,三角收斂突破,11.3,10.85,11.75,接近成形＋可觀察,11.53,11.3,11.53,11.87,10.96,4.9,低,-3.54,11.74,0.4,1.94,11.53,0.0,False,False,True,距離頸線或前高過遠，禁止追高,頸線以當日前20日高點計算；收盤站上頸線 11.3 至少2%；成交量>=20日均量2倍；不可長上影；回踩須有近10日突破紀錄且不有效跌破頸線；距離頸線>5%禁止進場,10,C,禁止追高,已漲遠或接近目標，空手不追；持有者依策略分批處理。,False,2026-10-05,True,True,STOP,STOP 停止進場,接近目標,取消新進場，只保留觀察,只看續抱 / 減碼 / 停利 / 停損，不新增部位。,停止新進場，先保留現金，等待大盤止跌。,停止新進場，禁止顯示今日可進場。,False,False
2026-10-05,2026-10-05,收盤確認價,臺灣證券交易所 / 證券櫃檯買賣中心正式收盤；yfinance 歷史資料,只使用完整收盤日K，不使用盤中未完成K,上櫃,6661,威健生技,16.6,17.0,16.6,16.28,16.2,16.28,17.03,18.1,-9.04,2.47,False,4000,5256,66400,85439,2.75,False,True,30.35,一般K,,False,False,False,False,0,False,C級：已漲遠或接近目標，禁止追高,條件不足,接近成形,17.4,15.8,19.0,接近成形＋可觀察,17.75,17.4,17.75,18.28,16.88,4.9,低,-4.6,13.32,1.44,7.05,17.75,0.0,False,False,True,距離頸線或前高過遠，禁止追高,頸線以當日前20日高點計算；收盤站上頸線 17.4 至少2%；成交量>=20日均量2倍；不可長上影；回踩須有近10日突破紀錄且不有效跌破頸線；距離頸線>5%禁止進場,10,C,禁止追高,已漲遠或接近目標，空手不追；持有者依策略分批處理。,False,2026-10-05,True,True,STOP,STOP 停止進場,觀察,取消新進場，只保留觀察,只看續抱 / 減碼 / 停利 / 停損，不新增部位。,停止新進場，先保留現金，等待大盤止跌。,停止新進場，禁止顯示今日可進場。,False,False
2026-10-05,2026-10-05,收盤確認價,臺灣證券交易所 / 證券櫃檯買賣中心正式收盤；yfinance 歷史資料,只使用完整收盤日K，不使用盤中未完成K,上市,1434,福懋,17.85,18.25,17.85,18.03,17.98,17.92,18.0,16.71,0.85,-1.92,False,2063293,1481333,36829780,26558694,1.12,False,True,9.32,一般K,,False,False,False,False,0,False,C級：已漲遠或接近目標，禁止追高,條件不足,接近成形,18.6,17.45,20.3,接近成形＋可觀察,18.97,18.6,18.97,19.54,18.04,4.9,低,-4.03,15.0,1.43,7.0,18.97,0.28,False,False,True,距離頸線或前高過遠，禁止追高,頸線以當日前20日高點計算；收盤站上頸線 18.6 至少2%；成交量>=20日均量2倍；不可長上影；回踩須有近10日突破紀錄且不有效跌破頸線；距離頸線>5%禁止進場,10,C,禁止追高,已漲遠或接近目標，空手不追；持有者依策略分批處理。,False,2026-10-05,True,True,STOP,STOP 停止進場,觀察,取消新進場，只保留觀察,只看續抱 / 減碼 / 停利 / 停損，不新增部位。,停止新進場，先保留現金，等待大盤止跌。,停止新進場，禁止顯示今日可進場。,False,False
2026-10-05,2026-10-05,收盤確認價,臺灣證券交易所 / 證券櫃檯買賣中心正式收盤；yfinance 歷史資料,只使用完整收盤日K，不使用盤中未完成K,上櫃,6508,惠光,26.1,26.55,26.1,26.71,27.3,26.32,26.12,25.02,5.24,-1.51,False,35668,118221,930934,3332520,3.03,False,True,36.47,一般K,,False,False,False,False,0,False,C級：已漲遠或接近目標，禁止追高,條件不足,接近成形,27.0,25.0,29.4,接近成形＋可觀察,27.54,27.0,27.54,28.37,26.19,4.9,低,-3.33,10.46,1.38,6.75,27.54,0.19,True,False,True,距離頸線或前高過遠，禁止追高,頸線以當日前20日高點計算；收盤站上頸線 27.0 至少2%；成交量>=20日均量2倍；不可長上影；回踩須有近10日突破紀錄且不有效跌破頸線；距離頸線>5%禁止進場,10,C,禁止追高,已漲遠或接近目標，空手不追；持有者依策略分批處理。,False,2026-10-05,True,True,STOP,STOP 停止進場,觀察,取消新進場，只保留觀察,只看續抱 / 減碼 / 停利 / 停損，不新增部位。,停止新進場，先保留現金，等待大盤止跌。,停止新進場，禁止顯示今日可進場。,False,False
2026-10-05,2026-10-05,收盤確認價,臺灣證券交易所 / 證券櫃檯買賣中心正式收盤；yfinance 歷史資料,只使用完整收盤日K，不使用盤中未完成K,上櫃,5276,達輝-KY,18.15,18.15,18.15,17.87,18.18,17.93,18.61,17.06,-5.96,1.68,False,1137,1725,20636,30666,2.04,False,True,27.81,資料不足,,False,False,False,False,0,False,C級：已漲遠或接近目標，禁止追高,條件不足,接近成形,18.85,17.2,20.5,接近成形＋可觀察,19.23,18.85,19.23,19.8,18.28,4.9,低,-3.71,11.03,1.35,6.62,19.23,0.0,False,False,True,距離頸線或前高過遠，禁止追高,頸線以當日前20日高點計算；收盤站上頸線 18.85 至少2%；成交量>=20日均量2倍；不可長上影；回踩須有近10日突破紀錄且不有效跌破頸線；距離頸線>5%禁止進場,10,C,禁止追高,已漲遠或接近目標，空手不追；持有者依策略分批處理。,False,2026-10-05,True,True,STOP,STOP 停止進場,觀察,取消新進場，只保留觀察,只看續抱 / 減碼 / 停利 / 停損，不新增部位。,停止新進場，先保留現金，等待大盤止跌。,停止新進場，禁止顯示今日可進場。,False,False
2026-10-05,2026-10-05,收盤確認價,臺灣證券交易所 / 證券櫃檯買賣中心正式收盤；yfinance 歷史資料,只使用完整收盤日K，不使用盤中未完成K,上櫃,3526,凡甲,276.0,277.0,274.0,273.0,271.7,271.82,286.45,285.17,-11.68,0.55,False,156043,161612,43067868,43894716,1.1,False,True,47.76,一般K,,False,False,False,False,0,False,C級：已漲遠或接近目標，禁止追高,條件不足,接近成形,286.5,262.0,311.0,接近成形＋可觀察,292.23,286.5,292.23,301.0,277.9,4.9,低,-3.66,13.07,1.31,6.42,292.23,0.0,False,False,True,距離頸線或前高過遠，禁止追高,頸線以當日前20日高點計算；收盤站上頸線 286.5 至少2%；成交量>=20日均量2倍；不可長上影；回踩須有近10日突破紀錄且不有效跌破頸線；距離頸線>5%禁止進場,10,C,禁止追高,已漲遠或接近目標，空手不追；持有者依策略分批處理。,False,2026-10-05,True,True,STOP,STOP 停止進場,觀察,取消新進場，只保留觀察,只看續抱 / 減碼 / 停利 / 停損，不新增部位。,停止新進場，先保留現金，等待大盤止跌。,停止新進場，禁止顯示今日可進場。,False,False
2026-10-05,2026-10-05,收盤確認價,臺灣證券交易所 / 證券櫃檯買賣中心正式收盤；yfinance 歷史資料,只使用完整收盤日K，不使用盤中未完成K,上市,2017,官田鋼,8.93,9.07,8.9,9.02,8.98,8.91,8.94,9.03,-2.08,-1.11,False,234208,417046,2091477,3723228,1.16,False,True,29.6,一般K,,False,False,False,False,0,False,C級：已漲遠或接近目標，禁止追高,條件不足,接近成形,9.24,8.58,10.01,接近成形＋可觀察,9.42,9.24,9.42,9.71,8.96,4.9,低,-3.35,10.25,1.27,6.21,9.42,0.0,False,False,True,距離頸線或前高過遠，禁止追高,頸線以當日前20日高點計算；收盤站上頸線 9.24 至少2%；成交量>=20日均量2倍；不可長上影；回踩須有近10日突破紀錄且不有效跌破頸線；距離頸線>5%禁止進場,10,C,禁止追高,已漲遠或接近目標，空手不追；持有者依策略分批處理。,False,2026-10-05,True,True,STOP,STOP 停止進場,觀察,取消新進場，只保留觀察,只看續抱 / 減碼 / 停利 / 停損，不新增部位。,停止新進場，先保留現金，等待大盤止跌。,停止新進場，禁止顯示今日可進場。,False,False
2026-10-05,2026-10-05,收盤確認價,臺灣證券交易所 / 證券櫃檯買賣中心正式收盤；yfinance 歷史資料,只使用完整收盤日K，不使用盤中未完成K,上櫃,2066,世德,52.4,52.6,52.0,52.3,52.44,52.43,57.27,54.8,-20.61,-0.19,False,33790,24839,1770596,1300199,1.3,False,True,27.37,一般K,,False,False,False,False,0,False,C級：已漲遠或接近目標，禁止追高,條件不足,接近成形,54.7,50.2,59.2,接近成形＋可觀察,55.79,54.7,55.79,57.47,53.06,4.9,低,-4.2,22.6,1.25,6.1,55.79,0.38,False,False,True,距離頸線或前高過遠，禁止追高,頸線以當日前20日高點計算；收盤站上頸線 54.7 至少2%；成交量>=20日均量2倍；不可長上影；回踩須有近10日突破紀錄且不有效跌破頸線；距離頸線>5%禁止進場,10,C,禁止追高,已漲遠或接近目標，空手不追；持有者依策略分批處理。,False,2026-10-05,True,True,STOP,STOP 停止進場,觀察,取消新進場，只保留觀察,只看續抱 / 減碼 / 停利 / 停損，不新增部位。,停止新進場，先保留現金，等待大盤止跌。,停止新進場，禁止顯示今日可進場。,False,False
2026-10-05,2026-10-05,收盤確認價,臺灣證券交易所 / 證券櫃檯買賣中心正式收盤；yfinance 歷史資料,只使用完整收盤日K，不使用盤中未完成K,上櫃,1796,金穎生技,29.5,29.5,29.5,29.53,29.61,29.64,30.36,39.19,-14.24,-1.34,False,4009,9156,118265,273054,1.54,False,True,18.44,資料不足,,False,False,False,False,0,False,C級：已漲遠或接近目標，禁止追高,條件不足,接近成形,30.75,28.8,33.25,接近成形＋可觀察,31.37,30.75,31.37,32.31,29.83,4.9,低,-4.07,14.24,1.23,6.01,31.37,0.0,False,False,True,距離頸線或前高過遠，禁止追高,頸線以當日前20日高點計算；收盤站上頸線 30.75 至少2%；成交量>=20日均量2倍；不可長上影；回踩須有近10日突破紀錄且不有效跌破頸線；距離頸線>5%禁止進場,10,C,禁止追高,已漲遠或接近目標，空手不追；持有者依策略分批處理。,False,2026-10-05,True,True,STOP,STOP 停止進場,觀察,取消新進場，只保留觀察,只看續抱 / 減碼 / 停利 / 停損，不新增部位。,停止新進場，先保留現金，等待大盤止跌。,停止新進場，禁止顯示今日可進場。,False,False
2026-10-05,2026-10-05,收盤確認價,臺灣證券交易所 / 證券櫃檯買賣中心正式收盤；yfinance 歷史資料,只使用完整收盤日K，不使用盤中未完成K,上櫃,6791,虎門科技,99.5,100.0,99.5,99.72,99.78,99.81,101.29,107.53,-8.29,-0.5,False,10206,10736,1015497,1075718,1.23,False,True,39.97,一般K,,False,False,False,False,0,False,C級：已漲遠或接近目標，禁止追高,條件不足,接近成形,104.5,97.5,112.9,接近成形＋可觀察,106.59,104.5,106.59,109.79,101.36,4.9,低,-4.78,11.95,1.21,5.92,106.59,0.0,False,False,True,距離頸線或前高過遠，禁止追高,頸線以當日前20日高點計算；收盤站上頸線 104.5 至少2%；成交量>=20日均量2倍；不可長上影；回踩須有近10日突破紀錄且不有效跌破頸線；距離頸線>5%禁止進場,10,C,禁止追高,已漲遠或接近目標，空手不追；持有者依策略分批處理。,False,2026-10-05,True,True,STOP,STOP 停止進場,觀察,取消新進場，只保留觀察,只看續抱 / 減碼 / 停利 / 停損，不新增部位。,停止新進場，先保留現金，等待大盤止跌。,停止新進場，禁止顯示今日可進場。,False,False
2026-10-05,2026-10-05,收盤確認價,臺灣證券交易所 / 證券櫃檯買賣中心正式收盤；yfinance 歷史資料,只使用完整收盤日K，不使用盤中未完成K,上櫃,6146,耕興,181.0,184.5,181.0,181.5,180.75,180.03,187.97,188.15,-12.14,-1.36,False,139816,246217,25306696,44228372,0.86,False,True,38.29,一般K,,False,False,False,False,0,False,C級：已漲遠或接近目標，禁止追高,條件不足,接近成形,189.5,174.5,204.5,接近成形＋可觀察,193.29,189.5,193.29,199.09,183.81,4.9,低,-4.49,12.35,1.18,5.8,193.29,0.0,False,False,True,距離頸線或前高過遠，禁止追高,頸線以當日前20日高點計算；收盤站上頸線 189.5 至少2%；成交量>=20日均量2倍；不可長上影；回踩須有近10日突破紀錄且不有效跌破頸線；距離頸線>5%禁止進場,10,C,禁止追高,已漲遠或接近目標，空手不追；持有者依策略分批處理。,False,2026-10-05,True,True,STOP,STOP 停止進場,觀察,取消新進場，只保留觀察,只看續抱 / 減碼 / 停利 / 停損，不新增部位。,停止新進場，先保留現金，等待大盤止跌。,停止新進場，禁止顯示今日可進場。,False,False
2026-10-05,2026-10-05,收盤確認價,臺灣證券交易所 / 證券櫃檯買賣中心正式收盤；yfinance 歷史資料,只使用完整收盤日K，不使用盤中未完成K,上櫃,8044,網家,23.65,24.45,23.65,24.12,23.96,23.8,25.31,27.38,-11.75,-2.87,False,439186,494745,10386748,11721971,1.66,False,True,37.13,一般K,,False,False,False,False,0,False,C級：已漲遠或接近目標，禁止追高,條件不足,接近成形,24.8,22.9,26.7,接近成形＋可觀察,25.3,24.8,25.3,26.05,24.06,4.9,低,-4.64,18.02,1.13,5.55,25.3,0.0,False,False,True,距離頸線或前高過遠，禁止追高,頸線以當日前20日高點計算；收盤站上頸線 24.8 至少2%；成交量>=20日均量2倍；不可長上影；回踩須有近10日突破紀錄且不有效跌破頸線；距離頸線>5%禁止進場,10,C,禁止追高,已漲遠或接近目標，空手不追；持有者依策略分批處理。,False,2026-10-05,True,True,STOP,STOP 停止進場,觀察,取消新進場，只保留觀察,只看續抱 / 減碼 / 停利 / 停損，不新增部位。,停止新進場，先保留現金，等待大盤止跌。,停止新進場，禁止顯示今日可進場。,False,False
2026-10-05,2026-10-05,收盤確認價,臺灣證券交易所 / 證券櫃檯買賣中心正式收盤；yfinance 歷史資料,只使用完整收盤日K，不使用盤中未完成K,上市,1810,和成,23.7,24.2,23.7,23.96,23.94,23.87,25.4,20.32,-0.63,-1.04,False,1405333,1446207,33306392,34578437,1.17,False,True,26.05,一般K,,False,False,False,False,0,False,C級：已漲遠或接近目標，禁止追高,條件不足,接近成形,24.9,23.4,26.8,接近成形＋可觀察,25.4,24.9,25.4,26.16,24.15,4.9,低,-4.82,30.6,1.13,5.52,25.4,0.0,False,False,True,距離頸線或前高過遠，禁止追高,頸線以當日前20日高點計算；收盤站上頸線 24.9 至少2%；成交量>=20日均量2倍；不可長上影；回踩須有近10日突破紀錄且不有效跌破頸線；距離頸線>5%禁止進場,10,C,禁止追高,已漲遠或接近目標，空手不追；持有者依策略分批處理。,False,2026-10-05,True,True,STOP,STOP 停止進場,觀察,取消新進場，只保留觀察,只看續抱 / 減碼 / 停利 / 停損，不新增部位。,停止新進場，先保留現金，等待大盤止跌。,停止新進場，禁止顯示今日可進場。,False,False
2026-10-05,2026-10-05,收盤確認價,臺灣證券交易所 / 證券櫃檯買賣中心正式收盤；yfinance 歷史資料,只使用完整收盤日K，不使用盤中未完成K,上櫃,2073,雄順,25.6,25.6,25.6,25.48,25.61,25.72,26.45,26.61,-7.41,-0.0,False,2000,2330,51200,59951,2.27,False,True,20.43,資料不足,,False,False,False,False,0,False,C級：已漲遠或接近目標，禁止追高,條件不足,接近成形,26.6,24.6,28.6,接近成形＋可觀察,27.13,26.6,27.13,27.95,25.8,4.9,低,-3.76,10.18,1.1,5.41,27.13,0.0,False,False,True,距離頸線或前高過遠，禁止追高,頸線以當日前20日高點計算；收盤站上頸線 26.6 至少2%；成交量>=20日均量2倍；不可長上影；回踩須有近10日突破紀錄且不有效跌破頸線；距離頸線>5%禁止進場,10,C,禁止追高,已漲遠或接近目標，空手不追；持有者依策略分批處理。,False,2026-10-05,True,True,STOP,STOP 停止進場,觀察,取消新進場，只保留觀察,只看續抱 / 減碼 / 停利 / 停損，不新增部位。,停止新進場，先保留現金，等待大盤止跌。,停止新進場，禁止顯示今日可進場。,False,False
2026-10-05,2026-10-05,收盤確認價,臺灣證券交易所 / 證券櫃檯買賣中心正式收盤；yfinance 歷史資料,只使用完整收盤日K，不使用盤中未完成K,上櫃,8489,三貝德,22.05,22.05,21.75,22.29,22.32,22.09,22.49,30.19,1.61,-0.9,False,58284,58055,1285162,1314213,2.24,False,True,46.3,紅K突破,,False,False,False,False,0,False,C級：已漲遠或接近目標，禁止追高,條件不足,接近成形,22.9,21.2,24.6,接近成形＋可觀察,23.36,22.9,23.36,24.06,22.21,4.9,低,-3.71,10.37,1.08,5.32,23.36,0.0,True,False,True,距離頸線或前高過遠，禁止追高,頸線以當日前20日高點計算；收盤站上頸線 22.9 至少2%；成交量>=20日均量2倍；不可長上影；回踩須有近10日突破紀錄且不有效跌破頸線；距離頸線>5%禁止進場,10,C,禁止追高,已漲遠或接近目標，空手不追；持有者依策略分批處理。,False,2026-10-05,True,True,STOP,STOP 停止進場,觀察,取消新進場，只保留觀察,只看續抱 / 減碼 / 停利 / 停損，不新增部位。,停止新進場，先保留現金，等待大盤止跌。,停止新進場，禁止顯示今日可進場。,False,False
2026-10-05,2026-10-05,收盤確認價,臺灣證券交易所 / 證券櫃檯買賣中心正式收盤；yfinance 歷史資料,只使用完整收盤日K，不使用盤中未完成K,上櫃,5014,建錩,10.0,10.2,10.0,10.17,10.04,9.97,10.4,10.57,-7.83,-0.99,False,266512,175969,2665120,1764653,1.0,False,True,29.43,一般K,,False,False,False,False,0,False,C級：已漲遠或接近目標，禁止追高,條件不足,三角收斂突破,10.4,9.63,11.17,接近成形＋可觀察,10.61,10.4,10.61,10.93,10.09,4.9,低,-3.85,13.04,1.08,5.3,10.61,0.0,False,False,True,距離頸線或前高過遠，禁止追高,頸線以當日前20日高點計算；收盤站上頸線 10.4 至少2%；成交量>=20日均量2倍；不可長上影；回踩須有近10日突破紀錄且不有效跌破頸線；距離頸線>5%禁止進場,10,C,禁止追高,已漲遠或接近目標，空手不追；持有者依策略分批處理。,False,2026-10-05,True,True,STOP,STOP 停止進場,觀察,取消新進場，只保留觀察,只看續抱 / 減碼 / 停利 / 停損，不新增部位。,停止新進場，先保留現金，等待大盤止跌。,停止新進場，禁止顯示今日可進場。,False,False
2026-10-05,2026-10-05,收盤確認價,臺灣證券交易所 / 證券櫃檯買賣中心正式收盤；yfinance 歷史資料,只使用完整收盤日K，不使用盤中未完成K,上櫃,6180,橘子,41.35,41.65,40.9,41.34,41.01,41.16,41.98,47.21,-12.21,0.36,False,220822,240754,9130989,9962210,1.3,False,True,15.15,紅K突破,,False,False,False,False,0,False,C級：已漲遠或接近目標，禁止追高,條件不足,接近成形,42.85,40.5,46.0,接近成形＋可觀察,43.71,42.85,43.71,45.02,41.56,4.9,低,-3.5,12.39,1.07,5.25,43.71,0.73,False,False,True,距離頸線或前高過遠，禁止追高,頸線以當日前20日高點計算；收盤站上頸線 42.85 至少2%；成交量>=20日均量2倍；不可長上影；回踩須有近10日突破紀錄且不有效跌破頸線；距離頸線>5%禁止進場,10,C,禁止追高,已漲遠或接近目標，空手不追；持有者依策略分批處理。,False,2026-10-05,True,True,STOP,STOP 停止進場,觀察,取消新進場，只保留觀察,只看續抱 / 減碼 / 停利 / 停損，不新增部位。,停止新進場，先保留現金，等待大盤止跌。,停止新進場，禁止顯示今日可進場。,False,False
2026-10-05,2026-10-05,收盤確認價,臺灣證券交易所 / 證券櫃檯買賣中心正式收盤；yfinance 歷史資料,只使用完整收盤日K，不使用盤中未完成K,上櫃,3466,德晉,24.3,24.3,24.0,24.0,24.12,24.2,25.84,35.43,-27.03,0.41,False,141189,149394,3430892,3618384,1.49,False,True,13.8,紅K突破,,False,False,False,False,0,False,C級：已漲遠或接近目標，禁止追高,條件不足,接近成形,25.25,23.4,27.1,接近成形＋可觀察,25.75,25.25,25.75,26.53,24.49,4.9,低,-3.76,28.42,1.07,5.22,25.75,0.0,False,False,True,距離頸線或前高過遠，禁止追高,頸線以當日前20日高點計算；收盤站上頸線 25.25 至少2%；成交量>=20日均量2倍；不可長上影；回踩須有近10日突破紀錄且不有效跌破頸線；距離頸線>5%禁止進場,10,C,禁止追高,已漲遠或接近目標，空手不追；持有者依策略分批處理。,False,2026-10-05,True,True,STOP,STOP 停止進場,觀察,取消新進場，只保留觀察,只看續抱 / 減碼 / 停利 / 停損，不新增部位。,停止新進場，先保留現金，等待大盤止跌。,停止新進場，禁止顯示今日可進場。,False,False
2026-10-05,2026-10-05,收盤確認價,臺灣證券交易所 / 證券櫃檯買賣中心正式收盤；yfinance 歷史資料,只使用完整收盤日K，不使用盤中未完成K,上市,1443,立益物流,23.05,23.3,22.45,23.14,23.26,23.38,24.86,25.88,-11.69,0.88,False,13277,12418,306034,290031,1.09,False,True,22.75,下影線,,False,False,False,False,0,False,C級：已漲遠或接近目標，禁止追高,條件不足,接近成形,24.25,22.5,26.0,接近成形＋可觀察,24.73,24.25,24.73,25.48,23.52,4.9,低,-4.95,15.88,1.04,5.11,24.73,1.08,False,False,True,距離頸線或前高過遠，禁止追高,頸線以當日前20日高點計算；收盤站上頸線 24.25 至少2%；成交量>=20日均量2倍；不可長上影；回踩須有近10日突破紀錄且不有效跌破頸線；距離頸線>5%禁止進場,10,C,禁止追高,已漲遠或接近目標，空手不追；持有者依策略分批處理。,False,2026-10-05,True,True,STOP,STOP 停止進場,觀察,取消新進場，只保留觀察,只看續抱 / 減碼 / 停利 / 停損，不新增部位。,停止新進場，先保留現金，等待大盤止跌。,停止新進場，禁止顯示今日可進場。,False,False
2026-10-05,2026-10-05,收盤確認價,臺灣證券交易所 / 證券櫃檯買賣中心正式收盤；yfinance 歷史資料,只使用完整收盤日K，不使用盤中未完成K,上櫃,8927,北基,18.85,19.1,18.65,18.93,18.94,18.97,19.74,22.6,-15.66,-1.57,False,201891,121636,3805645,2302924,1.56,False,True,41.63,一般K,,False,False,False,False,0,False,C級：已漲遠或接近目標，禁止追高,條件不足,三角收斂突破,19.8,18.4,21.2,接近成形＋可觀察,20.2,19.8,20.2,20.8,19.21,4.9,低,-4.8,17.51,1.01,4.97,20.2,0.0,False,False,True,距離頸線或前高過遠，禁止追高,頸線以當日前20日高點計算；收盤站上頸線 19.8 至少2%；成交量>=20日均量2倍；不可長上影；回踩須有近10日突破紀錄且不有效跌破頸線；距離頸線>5%禁止進場,10,C,禁止追高,已漲遠或接近目標，空手不追；持有者依策略分批處理。,False,2026-10-05,True,True,STOP,STOP 停止進場,觀察,取消新進場，只保留觀察,只看續抱 / 減碼 / 停利 / 停損，不新增部位。,停止新進場，先保留現金，等待大盤止跌。,停止新進場，禁止顯示今日可進場。,False,False
2026-10-05,2026-10-05,收盤確認價,臺灣證券交易所 / 證券櫃檯買賣中心正式收盤；yfinance 歷史資料,只使用完整收盤日K，不使用盤中未完成K,上櫃,6185,幃翔,12.45,12.55,12.4,12.47,12.52,12.56,13.23,14.42,-14.14,0.0,False,173525,182809,2160386,2292948,1.07,False,True,18.27,一般K,,False,False,False,False,0,False,C級：已漲遠或接近目標，禁止追高,條件不足,接近成形,12.95,12.1,13.8,接近成形＋可觀察,13.21,12.95,13.21,13.61,12.56,4.9,低,-3.86,14.73,0.91,4.47,13.21,0.4,False,False,True,距離頸線或前高過遠，禁止追高,頸線以當日前20日高點計算；收盤站上頸線 12.95 至少2%；成交量>=20日均量2倍；不可長上影；回踩須有近10日突破紀錄且不有效跌破頸線；距離頸線>5%禁止進場,10,C,禁止追高,已漲遠或接近目標，空手不追；持有者依策略分批處理。,False,2026-10-05,True,True,STOP,STOP 停止進場,接近目標,取消新進場，只保留觀察,只看續抱 / 減碼 / 停利 / 停損，不新增部位。,停止新進場，先保留現金，等待大盤止跌。,停止新進場，禁止顯示今日可進場。,False,False
2026-10-05,2026-10-05,收盤確認價,臺灣證券交易所 / 證券櫃檯買賣中心正式收盤；yfinance 歷史資料,只使用完整收盤日K，不使用盤中未完成K,上市,1506,正道,9.71,9.81,9.7,9.62,9.67,9.8,10.21,11.1,-7.96,-1.02,False,160515,226562,1558600,2218748,0.92,False,True,69.3,一般K,,False,False,False,False,0,False,C級：已漲遠或接近目標，禁止追高,條件不足,接近成形,10.1,9.44,10.76,接近成形＋可觀察,10.3,10.1,10.3,10.61,9.8,4.9,低,-3.86,14.82,0.91,4.45,10.3,0.1,False,False,True,距離頸線或前高過遠，禁止追高,頸線以當日前20日高點計算；收盤站上頸線 10.1 至少2%；成交量>=20日均量2倍；不可長上影；回踩須有近10日突破紀錄且不有效跌破頸線；距離頸線>5%禁止進場,10,C,禁止追高,已漲遠或接近目標，空手不追；持有者依策略分批處理。,False,2026-10-05,True,True,STOP,STOP 停止進場,接近目標,取消新進場，只保留觀察,只看續抱 / 減碼 / 停利 / 停損，不新增部位。,停止新進場，先保留現金，等待大盤止跌。,停止新進場，禁止顯示今日可進場。,False,False
2026-10-05,2026-10-05,收盤確認價,臺灣證券交易所 / 證券櫃檯買賣中心正式收盤；yfinance 歷史資料,只使用完整收盤日K，不使用盤中未完成K,上市,2028,威致,16.8,17.0,16.6,16.8,16.37,16.04,15.76,16.92,5.66,-0.3,False,88855,119335,1492764,1949673,1.58,False,True,34.78,一般K,,False,False,False,False,0,False,C級：已漲遠或接近目標，禁止追高,條件不足,箱型突破,16.05,15.4,17.1,接近成形＋可觀察,16.37,16.05,16.37,16.86,15.57,4.9,低,4.67,2.61,0.91,4.45,16.37,0.0,True,True,True,接近目標區，只給持有者分批停利參考，空手不追高,頸線以當日前20日高點計算；收盤站上頸線 16.05 至少2%；成交量>=20日均量2倍；不可長上影；回踩須有近10日突破紀錄且不有效跌破頸線；距離頸線>5%禁止進場,10,C,禁止追高,已漲遠或接近目標，空手不追；持有者依策略分批處理。,False,2026-10-05,True,True,STOP,STOP 停止進場,接近目標,取消新進場，只保留觀察,只看續抱 / 減碼 / 停利 / 停損，不新增部位。,停止新進場，先保留現金，等待大盤止跌。,停止新進場，禁止顯示今日可進場。,False,False
2026-10-05,2026-10-05,收盤確認價,臺灣證券交易所 / 證券櫃檯買賣中心正式收盤；yfinance 歷史資料,只使用完整收盤日K，不使用盤中未完成K,上市,1587,吉茂,23.4,23.85,23.4,23.88,23.78,23.74,24.31,35.29,-12.03,-1.89,False,192915,109561,4514211,2603120,1.17,False,True,23.79,一般K,,False,False,False,False,0,False,C級：已漲遠或接近目標，禁止追高,條件不足,三角收斂突破,24.6,23.15,26.2,接近成形＋可觀察,25.09,24.6,25.09,25.84,23.86,4.9,低,-4.88,13.97,0.9,4.42,25.09,0.0,False,False,True,距離頸線或前高過遠，禁止追高,頸線以當日前20日高點計算；收盤站上頸線 24.6 至少2%；成交量>=20日均量2倍；不可長上影；回踩須有近10日突破紀錄且不有效跌破頸線；距離頸線>5%禁止進場,10,C,禁止追高,已漲遠或接近目標，空手不追；持有者依策略分批處理。,False,2026-10-05,True,True,STOP,STOP 停止進場,觀察,取消新進場，只保留觀察,只看續抱 / 減碼 / 停利 / 停損，不新增部位。,停止新進場，先保留現金，等待大盤止跌。,停止新進場，禁止顯示今日可進場。,False,False
2026-10-05,2026-10-05,收盤確認價,臺灣證券交易所 / 證券櫃檯買賣中心正式收盤；yfinance 歷史資料,只使用完整收盤日K，不使用盤中未完成K,上櫃,8076,伍豐,21.4,22.05,21.35,21.63,21.58,21.62,22.8,23.74,-19.4,-2.06,False,847323,480429,18132712,10383541,1.15,False,True,47.3,一般K,,False,False,False,False,0,False,C級：已漲遠或接近目標，禁止追高,條件不足,三角收斂突破,22.5,21.05,23.95,接近成形＋可觀察,22.95,22.5,22.95,23.64,21.82,4.9,低,-4.89,20.15,0.89,4.36,22.95,0.47,False,False,True,距離頸線或前高過遠，禁止追高,頸線以當日前20日高點計算；收盤站上頸線 22.5 至少2%；成交量>=20日均量2倍；不可長上影；回踩須有近10日突破紀錄且不有效跌破頸線；距離頸線>5%禁止進場,10,C,禁止追高,已漲遠或接近目標，空手不追；持有者依策略分批處理。,False,2026-10-05,True,True,STOP,STOP 停止進場,觀察,取消新進場，只保留觀察,只看續抱 / 減碼 / 停利 / 停損，不新增部位。,停止新進場，先保留現金，等待大盤止跌。,停止新進場，禁止顯示今日可進場。,False,False
2026-10-05,2026-10-05,收盤確認價,臺灣證券交易所 / 證券櫃檯買賣中心正式收盤；yfinance 歷史資料,只使用完整收盤日K，不使用盤中未完成K,上櫃,2734,易飛網,14.35,14.4,14.2,14.39,14.44,14.56,14.82,16.75,-6.82,-0.35,False,71434,36797,1025077,535319,0.56,False,True,42.55,紅K突破,,False,False,False,False,0,False,C級：已漲遠或接近目標，禁止追高,條件不足,三角收斂突破,15.0,14.3,15.95,接近成形＋可觀察,15.3,15.0,15.3,15.76,14.55,4.9,低,-4.33,12.23,0.87,4.25,15.3,0.35,False,False,True,距離頸線或前高過遠，禁止追高,頸線以當日前20日高點計算；收盤站上頸線 15.0 至少2%；成交量>=20日均量2倍；不可長上影；回踩須有近10日突破紀錄且不有效跌破頸線；距離頸線>5%禁止進場,10,C,禁止追高,已漲遠或接近目標，空手不追；持有者依策略分批處理。,False,2026-10-05,True,True,STOP,STOP 停止進場,觀察,取消新進場，只保留觀察,只看續抱 / 減碼 / 停利 / 停損，不新增部位。,停止新進場，先保留現金，等待大盤止跌。,停止新進場，禁止顯示今日可進場。,False,False
2026-10-05,2026-10-05,收盤確認價,臺灣證券交易所 / 證券櫃檯買賣中心正式收盤；yfinance 歷史資料,只使用完整收盤日K，不使用盤中未完成K,上市,1611,中電,11.25,11.4,11.2,11.39,11.37,11.47,11.86,12.52,-14.45,-0.88,False,661557,1021026,7442516,11532300,1.32,False,True,40.48,一般K,,False,False,False,False,0,False,C級：已漲遠或接近目標，禁止追高,條件不足,接近成形,11.8,11.05,12.55,接近成形＋可觀察,12.04,11.8,12.04,12.4,11.45,4.9,低,-4.66,15.09,0.87,4.27,12.04,0.0,False,False,True,距離頸線或前高過遠，禁止追高,頸線以當日前20日高點計算；收盤站上頸線 11.8 至少2%；成交量>=20日均量2倍；不可長上影；回踩須有近10日突破紀錄且不有效跌破頸線；距離頸線>5%禁止進場,10,C,禁止追高,已漲遠或接近目標，空手不追；持有者依策略分批處理。,False,2026-10-05,True,True,STOP,STOP 停止進場,觀察,取消新進場，只保留觀察,只看續抱 / 減碼 / 停利 / 停損，不新增部位。,停止新進場，先保留現金，等待大盤止跌。,停止新進場，禁止顯示今日可進場。,False,False
2026-10-05,2026-10-05,收盤確認價,臺灣證券交易所 / 證券櫃檯買賣中心正式收盤；yfinance 歷史資料,只使用完整收盤日K，不使用盤中未完成K,上櫃,6763,綠界科技*,41.1,41.85,41.1,41.24,41.37,41.17,41.89,49.98,-10.46,-0.84,False,167468,135810,6882934,5591921,0.68,False,True,26.49,一般K,,False,False,False,False,0,False,C級：已漲遠或接近目標，禁止追高,條件不足,接近成形,42.7,40.1,45.4,接近成形＋可觀察,43.55,42.7,43.55,44.86,41.42,4.9,低,-3.75,10.46,0.86,4.24,43.55,0.97,False,False,True,距離頸線或前高過遠，禁止追高,頸線以當日前20日高點計算；收盤站上頸線 42.7 至少2%；成交量>=20日均量2倍；不可長上影；回踩須有近10日突破紀錄且不有效跌破頸線；距離頸線>5%禁止進場,10,C,禁止追高,已漲遠或接近目標，空手不追；持有者依策略分批處理。,False,2026-10-05,True,True,STOP,STOP 停止進場,接近目標,取消新進場，只保留觀察,只看續抱 / 減碼 / 停利 / 停損，不新增部位。,停止新進場，先保留現金，等待大盤止跌。,停止新進場，禁止顯示今日可進場。,False,False
2026-10-05,2026-10-05,收盤確認價,臺灣證券交易所 / 證券櫃檯買賣中心正式收盤；yfinance 歷史資料,只使用完整收盤日K，不使用盤中未完成K,上櫃,2719,燦星旅,19.4,19.8,19.4,19.51,19.54,19.52,21.01,26.87,-20.16,-1.52,False,5026,10245,97504,199075,1.23,False,True,18.46,一般K,,False,False,False,False,0,False,C級：已漲遠或接近目標，禁止追高,條件不足,接近成形,20.35,19.1,21.6,接近成形＋可觀察,20.76,20.35,20.76,21.38,19.74,4.9,低,-4.67,32.4,0.83,4.06,20.76,0.52,False,False,True,距離頸線或前高過遠，禁止追高,頸線以當日前20日高點計算；收盤站上頸線 20.35 至少2%；成交量>=20日均量2倍；不可長上影；回踩須有近10日突破紀錄且不有效跌破頸線；距離頸線>5%禁止進場,10,C,禁止追高,已漲遠或接近目標，空手不追；持有者依策略分批處理。,False,2026-10-05,True,True,STOP,STOP 停止進場,觀察,取消新進場，只保留觀察,只看續抱 / 減碼 / 停利 / 停損，不新增部位。,停止新進場，先保留現金，等待大盤止跌。,停止新進場，禁止顯示今日可進場。,False,False
2026-10-05,2026-10-05,收盤確認價,臺灣證券交易所 / 證券櫃檯買賣中心正式收盤；yfinance 歷史資料,只使用完整收盤日K，不使用盤中未完成K,上櫃,2726,雅茗-KY,8.0,8.03,7.97,8.01,8.03,8.06,8.47,11.15,-11.11,-0.25,False,23000,27349,184000,220287,0.67,False,True,13.6,一般K,,False,False,False,False,0,False,C級：已漲遠或接近目標，禁止追高,條件不足,接近成形,8.4,7.91,8.89,接近成形＋可觀察,8.57,8.4,8.57,8.83,8.15,4.9,低,-4.76,13.04,0.77,3.76,8.57,0.0,False,False,True,距離頸線或前高過遠，禁止追高,頸線以當日前20日高點計算；收盤站上頸線 8.4 至少2%；成交量>=20日均量2倍；不可長上影；回踩須有近10日突破紀錄且不有效跌破頸線；距離頸線>5%禁止進場,10,C,禁止追高,已漲遠或接近目標，空手不追；持有者依策略分批處理。,False,2026-10-05,True,True,STOP,STOP 停止進場,觀察,取消新進場，只保留觀察,只看續抱 / 減碼 / 停利 / 停損，不新增部位。,停止新進場，先保留現金，等待大盤止跌。,停止新進場，禁止顯示今日可進場。,False,False
2026-10-05,2026-10-05,收盤確認價,臺灣證券交易所 / 證券櫃檯買賣中心正式收盤；yfinance 歷史資料,只使用完整收盤日K，不使用盤中未完成K,上市,1626,艾美特-KY,9.65,9.73,9.61,9.64,9.69,9.67,9.77,10.72,-11.47,0.0,False,26494,52240,255667,505340,1.08,False,True,18.33,一般K,,False,False,False,False,0,False,C級：已漲遠或接近目標，禁止追高,條件不足,接近成形,9.99,9.41,10.57,接近成形＋可觀察,10.19,9.99,10.19,10.5,9.69,4.9,低,-3.4,11.87,0.76,3.73,10.19,0.83,False,False,True,距離頸線或前高過遠，禁止追高,頸線以當日前20日高點計算；收盤站上頸線 9.99 至少2%；成交量>=20日均量2倍；不可長上影；回踩須有近10日突破紀錄且不有效跌破頸線；距離頸線>5%禁止進場,10,C,禁止追高,已漲遠或接近目標，空手不追；持有者依策略分批處理。,False,2026-10-05,True,True,STOP,STOP 停止進場,接近目標,取消新進場，只保留觀察,只看續抱 / 減碼 / 停利 / 停損，不新增部位。,停止新進場，先保留現金，等待大盤止跌。,停止新進場，禁止顯示今日可進場。,False,False
2026-10-05,2026-10-05,收盤確認價,臺灣證券交易所 / 證券櫃檯買賣中心正式收盤；yfinance 歷史資料,只使用完整收盤日K，不使用盤中未完成K,上市,1423,利華,34.5,35.5,34.5,34.93,34.94,35.1,35.57,38.43,-6.5,0.58,False,3033,8494,104638,299210,1.7,False,True,40.99,一般K,,False,False,False,False,0,False,C級：已漲遠或接近目標，禁止追高,條件不足,接近成形,36.2,34.1,38.3,接近成形＋可觀察,36.92,36.2,36.92,38.03,35.11,4.9,低,-4.7,12.21,0.76,3.73,36.92,0.0,False,False,True,距離頸線或前高過遠，禁止追高,頸線以當日前20日高點計算；收盤站上頸線 36.2 至少2%；成交量>=20日均量2倍；不可長上影；回踩須有近10日突破紀錄且不有效跌破頸線；距離頸線>5%禁止進場,10,C,禁止追高,已漲遠或接近目標，空手不追；持有者依策略分批處理。,False,2026-10-05,True,True,STOP,STOP 停止進場,接近目標,取消新進場，只保留觀察,只看續抱 / 減碼 / 停利 / 停損，不新增部位。,停止新進場，先保留現金，等待大盤止跌。,停止新進場，禁止顯示今日可進場。,False,False
2026-10-05,2026-10-05,收盤確認價,臺灣證券交易所 / 證券櫃檯買賣中心正式收盤；yfinance 歷史資料,只使用完整收盤日K，不使用盤中未完成K,上櫃,2745,五福,84.9,84.9,84.2,84.66,84.58,85.21,89.75,102.44,-19.91,-0.0,False,39078,54877,3317722,4670687,0.7,False,True,44.34,紅K突破,,False,False,False,False,0,False,C級：已漲遠或接近目標，禁止追高,條件不足,接近成形,88.5,83.4,93.6,接近成形＋可觀察,90.27,88.5,90.27,92.98,85.84,4.9,低,-4.07,19.91,0.75,3.69,90.27,0.0,False,False,True,距離頸線或前高過遠，禁止追高,頸線以當日前20日高點計算；收盤站上頸線 88.5 至少2%；成交量>=20日均量2倍；不可長上影；回踩須有近10日突破紀錄且不有效跌破頸線；距離頸線>5%禁止進場,10,C,禁止追高,已漲遠或接近目標，空手不追；持有者依策略分批處理。,False,2026-10-05,True,True,STOP,STOP 停止進場,接近目標,取消新進場，只保留觀察,只看續抱 / 減碼 / 停利 / 停損，不新增部位。,停止新進場，先保留現金，等待大盤止跌。,停止新進場，禁止顯示今日可進場。,False,False
2026-10-05,2026-10-05,收盤確認價,臺灣證券交易所 / 證券櫃檯買賣中心正式收盤；yfinance 歷史資料,只使用完整收盤日K，不使用盤中未完成K,上市,1410,南染,24.05,24.15,23.8,24.07,24.17,24.31,25.24,29.84,-8.38,0.42,False,41948,121376,1008849,2947050,1.07,False,True,12.07,一般K,,False,False,False,False,0,False,C級：已漲遠或接近目標，禁止追高,條件不足,接近成形,25.25,23.8,26.7,接近成形＋可觀察,25.75,25.25,25.75,26.53,24.49,4.9,低,-4.75,15.91,0.75,3.67,25.75,0.21,False,False,True,距離頸線或前高過遠，禁止追高,頸線以當日前20日高點計算；收盤站上頸線 25.25 至少2%；成交量>=20日均量2倍；不可長上影；回踩須有近10日突破紀錄且不有效跌破頸線；距離頸線>5%禁止進場,10,C,禁止追高,已漲遠或接近目標，空手不追；持有者依策略分批處理。,False,2026-10-05,True,True,STOP,STOP 停止進場,接近目標,取消新進場，只保留觀察,只看續抱 / 減碼 / 停利 / 停損，不新增部位。,停止新進場，先保留現金，等待大盤止跌。,停止新進場，禁止顯示今日可進場。,False,False
2026-10-05,2026-10-05,收盤確認價,臺灣證券交易所 / 證券櫃檯買賣中心正式收盤；yfinance 歷史資料,只使用完整收盤日K，不使用盤中未完成K,上櫃,6474,華豫寧,35.65,35.8,35.6,35.61,35.54,35.7,37.22,37.37,-8.0,-0.28,False,34046,26113,1213739,929849,0.81,False,True,28.2,一般K,,False,False,False,False,0,False,C級：已漲遠或接近目標，禁止追高,條件不足,接近成形,36.95,35.0,38.9,接近成形＋可觀察,37.69,36.95,37.69,38.82,35.84,4.9,低,-3.52,12.08,0.66,3.21,37.69,0.0,False,False,True,距離頸線或前高過遠，禁止追高,頸線以當日前20日高點計算；收盤站上頸線 36.95 至少2%；成交量>=20日均量2倍；不可長上影；回踩須有近10日突破紀錄且不有效跌破頸線；距離頸線>5%禁止進場,10,C,禁止追高,已漲遠或接近目標，空手不追；持有者依策略分批處理。,False,2026-10-05,True,True,STOP,STOP 停止進場,接近目標,取消新進場，只保留觀察,只看續抱 / 減碼 / 停利 / 停損，不新增部位。,停止新進場，先保留現金，等待大盤止跌。,停止新進場，禁止顯示今日可進場。,False,False
2026-10-05,2026-10-05,收盤確認價,臺灣證券交易所 / 證券櫃檯買賣中心正式收盤；yfinance 歷史資料,只使用完整收盤日K，不使用盤中未完成K,上櫃,6492,生華科,33.85,34.05,33.8,34.27,34.2,34.03,37.22,44.64,-23.76,-1.6,False,176466,178802,5973374,6089097,1.08,False,True,31.12,一般K,,False,False,False,False,0,False,C級：已漲遠或接近目標，禁止追高,條件不足,接近成形,34.95,33.15,36.75,接近成形＋可觀察,35.65,34.95,35.65,36.72,33.9,4.9,低,-3.15,23.76,0.63,3.09,35.65,0.0,False,False,True,距離頸線或前高過遠，禁止追高,頸線以當日前20日高點計算；收盤站上頸線 34.95 至少2%；成交量>=20日均量2倍；不可長上影；回踩須有近10日突破紀錄且不有效跌破頸線；距離頸線>5%禁止進場,10,C,禁止追高,已漲遠或接近目標，空手不追；持有者依策略分批處理。,False,2026-10-05,True,True,STOP,STOP 停止進場,接近目標,取消新進場，只保留觀察,只看續抱 / 減碼 / 停利 / 停損，不新增部位。,停止新進場，先保留現金，等待大盤止跌。,停止新進場，禁止顯示今日可進場。,False,False
2026-10-05,2026-10-05,收盤確認價,臺灣證券交易所 / 證券櫃檯買賣中心正式收盤；yfinance 歷史資料,只使用完整收盤日K，不使用盤中未完成K,上櫃,8924,大田,49.2,49.5,49.0,49.49,49.61,49.99,52.07,64.09,-14.14,-0.61,False,97014,54619,4773088,2731157,0.78,False,True,25.21,一般K,,False,False,False,False,0,False,C級：已漲遠或接近目標，禁止追高,條件不足,三角收斂突破,51.5,49.05,53.95,接近成形＋可觀察,52.53,51.5,52.53,54.11,49.95,4.9,低,-4.47,15.75,0.55,2.7,52.53,0.0,False,False,True,距離頸線或前高過遠，禁止追高,頸線以當日前20日高點計算；收盤站上頸線 51.5 至少2%；成交量>=20日均量2倍；不可長上影；回踩須有近10日突破紀錄且不有效跌破頸線；距離頸線>5%禁止進場,10,C,禁止追高,已漲遠或接近目標，空手不追；持有者依策略分批處理。,False,2026-10-05,True,True,STOP,STOP 停止進場,接近目標,取消新進場，只保留觀察,只看續抱 / 減碼 / 停利 / 停損，不新增部位。,停止新進場，先保留現金，等待大盤止跌。,停止新進場，禁止顯示今日可進場。,False,False
2026-10-05,2026-10-05,收盤確認價,臺灣證券交易所 / 證券櫃檯買賣中心正式收盤；yfinance 歷史資料,只使用完整收盤日K，不使用盤中未完成K,上市,1446,宏和,13.35,13.45,13.35,13.39,13.54,13.46,13.73,16.27,-11.0,-0.37,False,74766,117852,998126,1588959,0.79,False,True,34.77,一般K,,False,False,False,False,0,False,C級：已漲遠或接近目標，禁止追高,條件不足,接近成形,13.9,13.25,14.55,接近成形＋可觀察,14.18,13.9,14.18,14.6,13.48,4.9,低,-3.96,11.0,0.54,2.62,14.18,0.0,False,False,True,距離頸線或前高過遠，禁止追高,頸線以當日前20日高點計算；收盤站上頸線 13.9 至少2%；成交量>=20日均量2倍；不可長上影；回踩須有近10日突破紀錄且不有效跌破頸線；距離頸線>5%禁止進場,10,C,禁止追高,已漲遠或接近目標，空手不追；持有者依策略分批處理。,False,2026-10-05,True,True,STOP,STOP 停止進場,接近目標,取消新進場，只保留觀察,只看續抱 / 減碼 / 停利 / 停損，不新增部位。,停止新進場，先保留現金，等待大盤止跌。,停止新進場，禁止顯示今日可進場。,False,False
2026-10-05,2026-10-05,收盤確認價,臺灣證券交易所 / 證券櫃檯買賣中心正式收盤；yfinance 歷史資料,只使用完整收盤日K，不使用盤中未完成K,上櫃,6730,常廣,31.85,32.25,31.15,32.0,32.06,32.03,33.55,37.47,-15.29,-0.31,False,17204,8879,547947,284660,0.7,False,True,44.19,下影線,,False,False,False,False,0,False,C級：已漲遠或接近目標，禁止追高,條件不足,三角收斂突破,33.0,31.5,34.5,接近成形＋可觀察,33.66,33.0,33.66,34.67,32.01,4.9,低,-3.48,15.29,0.51,2.5,33.66,0.0,False,False,True,距離頸線或前高過遠，禁止追高,頸線以當日前20日高點計算；收盤站上頸線 33.0 至少2%；成交量>=20日均量2倍；不可長上影；回踩須有近10日突破紀錄且不有效跌破頸線；距離頸線>5%禁止進場,10,C,禁止追高,已漲遠或接近目標，空手不追；持有者依策略分批處理。,False,2026-10-05,True,True,STOP,STOP 停止進場,接近目標,取消新進場，只保留觀察,只看續抱 / 減碼 / 停利 / 停損，不新增部位。,停止新進場，先保留現金，等待大盤止跌。,停止新進場，禁止顯示今日可進場。,False,False
2026-10-05,2026-10-05,收盤確認價,臺灣證券交易所 / 證券櫃檯買賣中心正式收盤；yfinance 歷史資料,只使用完整收盤日K，不使用盤中未完成K,上櫃,6997,博弘,66.5,68.7,66.5,67.44,67.4,67.56,69.5,81.78,-8.15,-3.2,False,3448,4079,229292,274356,1.63,False,True,18.02,一般K,,False,False,False,False,0,False,C級：已漲遠或接近目標，禁止追高,條件不足,接近成形,69.3,66.5,72.1,接近成形＋可觀察,70.69,69.3,70.69,72.81,67.22,4.9,低,-4.04,14.3,0.41,2.0,70.69,0.0,False,False,True,距離頸線或前高過遠，禁止追高,頸線以當日前20日高點計算；收盤站上頸線 69.3 至少2%；成交量>=20日均量2倍；不可長上影；回踩須有近10日突破紀錄且不有效跌破頸線；距離頸線>5%禁止進場,10,C,禁止追高,已漲遠或接近目標，空手不追；持有者依策略分批處理。,False,2026-10-05,True,True,STOP,STOP 停止進場,接近目標,取消新進場，只保留觀察,只看續抱 / 減碼 / 停利 / 停損，不新增部位。,停止新進場，先保留現金，等待大盤止跌。,停止新進場，禁止顯示今日可進場。,False,False
2026-10-05,2026-10-05,收盤確認價,臺灣證券交易所 / 證券櫃檯買賣中心正式收盤；yfinance 歷史資料,只使用完整收盤日K，不使用盤中未完成K,上櫃,3373,熱映,15.9,16.1,15.9,15.97,15.96,15.97,16.38,17.27,-3.93,0.0,False,38507,41855,612261,668462,0.65,False,True,21.78,一般K,,False,False,False,False,0,False,C級：已漲遠或接近目標，禁止追高,條件不足,接近成形,16.45,15.8,17.1,接近成形＋可觀察,16.78,16.45,16.78,17.28,15.96,4.9,低,-3.34,13.35,0.39,1.91,16.78,0.0,False,False,True,距離頸線或前高過遠，禁止追高,頸線以當日前20日高點計算；收盤站上頸線 16.45 至少2%；成交量>=20日均量2倍；不可長上影；回踩須有近10日突破紀錄且不有效跌破頸線；距離頸線>5%禁止進場,10,C,禁止追高,已漲遠或接近目標，空手不追；持有者依策略分批處理。,False,2026-10-05,True,True,STOP,STOP 停止進場,接近目標,取消新進場，只保留觀察,只看續抱 / 減碼 / 停利 / 停損，不新增部位。,停止新進場，先保留現金，等待大盤止跌。,停止新進場，禁止顯示今日可進場。,False,False
2026-10-05,2026-10-05,收盤確認價,臺灣證券交易所 / 證券櫃檯買賣中心正式收盤；yfinance 歷史資料,只使用完整收盤日K，不使用盤中未完成K,上櫃,3512,皇龍,18.95,19.1,18.95,19.13,19.19,19.19,19.52,20.61,-8.89,-0.79,False,40406,33314,765693,640125,0.51,False,True,15.02,一般K,,False,False,False,False,0,False,C級：已漲遠或接近目標，禁止追高,條件不足,接近成形,19.7,19.0,20.45,接近成形＋可觀察,20.09,19.7,20.09,20.7,19.11,4.9,低,-3.81,13.86,0.36,1.77,20.09,0.26,False,False,True,距離頸線或前高過遠，禁止追高,頸線以當日前20日高點計算；收盤站上頸線 19.7 至少2%；成交量>=20日均量2倍；不可長上影；回踩須有近10日突破紀錄且不有效跌破頸線；距離頸線>5%禁止進場,10,C,禁止追高,已漲遠或接近目標，空手不追；持有者依策略分批處理。,False,2026-10-05,True,True,STOP,STOP 停止進場,接近目標,取消新進場，只保留觀察,只看續抱 / 減碼 / 停利 / 停損，不新增部位。,停止新進場，先保留現金，等待大盤止跌。,停止新進場，禁止顯示今日可進場。,False,False
2026-10-05,2026-10-05,收盤確認價,臺灣證券交易所 / 證券櫃檯買賣中心正式收盤；yfinance 歷史資料,只使用完整收盤日K，不使用盤中未完成K,上市,1537,廣隆,113.5,114.0,113.5,114.7,115.15,115.08,121.22,123.59,-9.92,-0.87,False,116650,90899,13239775,10464683,0.76,False,True,30.38,一般K,,False,False,False,False,0,False,C級：已漲遠或接近目標，禁止追高,條件不足,接近成形,117.5,113.5,121.5,接近成形＋可觀察,119.85,117.5,119.85,123.45,113.97,4.9,低,-3.4,12.36,0.28,1.38,119.85,0.44,False,False,True,距離頸線或前高過遠，禁止追高,頸線以當日前20日高點計算；收盤站上頸線 117.5 至少2%；成交量>=20日均量2倍；不可長上影；回踩須有近10日突破紀錄且不有效跌破頸線；距離頸線>5%禁止進場,10,C,禁止追高,已漲遠或接近目標，空手不追；持有者依策略分批處理。,False,2026-10-05,True,True,STOP,STOP 停止進場,接近目標,取消新進場，只保留觀察,只看續抱 / 減碼 / 停利 / 停損，不新增部位。,停止新進場，先保留現金，等待大盤止跌。,停止新進場，禁止顯示今日可進場。,False,False
2026-10-05,2026-10-05,收盤確認價,臺灣證券交易所 / 證券櫃檯買賣中心正式收盤；yfinance 歷史資料,只使用完整收盤日K，不使用盤中未完成K,上櫃,5212,凌網,49.0,49.2,49.0,48.99,48.53,47.56,47.17,49.51,2.62,-0.61,False,12156,14950,595644,714048,1.17,False,True,51.99,一般K,,False,False,False,False,0,False,C級：已漲遠或接近目標，禁止追高,條件不足,箱型突破,47.3,46.1,48.6,接近成形＋可觀察,48.25,47.3,48.25,49.69,45.88,4.9,低,3.59,1.01,0.15,0.73,48.25,0.41,True,True,True,接近目標區，只給持有者分批停利參考，空手不追高,頸線以當日前20日高點計算；收盤站上頸線 47.3 至少2%；成交量>=20日均量2倍；不可長上影；回踩須有近10日突破紀錄且不有效跌破頸線；距離頸線>5%禁止進場,10,C,禁止追高,已漲遠或接近目標，空手不追；持有者依策略分批處理。,False,2026-10-05,True,True,STOP,STOP 停止進場,接近目標,取消新進場，只保留觀察,只看續抱 / 減碼 / 停利 / 停損，不新增部位。,停止新進場，先保留現金，等待大盤止跌。,停止新進場，禁止顯示今日可進場。,False,False
2026-10-05,2026-10-05,收盤確認價,臺灣證券交易所 / 證券櫃檯買賣中心正式收盤；yfinance 歷史資料,只使用完整收盤日K，不使用盤中未完成K,上櫃,6875,國邑*,27.55,29.9,26.95,30.29,31.69,32.06,33.16,41.12,-26.04,-7.86,False,847945,265632,23360884,8408013,3.55,False,True,16.78,長黑,,False,True,False,False,1,False,C級：已漲遠或接近目標，禁止追高,量能放大,接近成形,33.9,30.46,37.95,接近成形＋可觀察,34.58,33.9,34.58,35.62,32.88,4.9,低,-18.73,27.5,1.99,9.75,34.58,1.09,True,False,True,距離頸線或前高過遠，禁止追高,頸線以當日前20日高點計算；收盤站上頸線 33.9 至少2%；成交量>=20日均量2倍；不可長上影；回踩須有近10日突破紀錄且不有效跌破頸線；距離頸線>5%禁止進場,7,C,禁止追高,已漲遠或接近目標，空手不追；持有者依策略分批處理。,False,2026-10-05,True,True,STOP,STOP 停止進場,觀察,取消新進場，只保留觀察,只看續抱 / 減碼 / 停利 / 停損，不新增部位。,停止新進場，先保留現金，等待大盤止跌。,停止新進場，禁止顯示今日可進場。,False,False
2026-10-05,2026-10-05,收盤確認價,臺灣證券交易所 / 證券櫃檯買賣中心正式收盤；yfinance 歷史資料,只使用完整收盤日K，不使用盤中未完成K,上櫃,2064,晉椿,11.95,12.35,11.9,11.95,11.88,12.05,12.33,12.38,-10.15,-0.42,False,357000,144506,4266150,1749795,0.85,False,True,30.73,一般K,,False,True,False,False,1,False,C級：已漲遠或接近目標，禁止追高,量能放大,三角收斂突破,12.9,11.7,14.4,接近成形＋可觀察,13.16,12.9,13.16,13.55,12.51,4.9,低,-7.36,14.34,1.93,9.44,13.16,2.93,False,False,True,距離頸線或前高過遠，禁止追高,頸線以當日前20日高點計算；收盤站上頸線 12.9 至少2%；成交量>=20日均量2倍；不可長上影；回踩須有近10日突破紀錄且不有效跌破頸線；距離頸線>5%禁止進場,7,C,禁止追高,已漲遠或接近目標，空手不追；持有者依策略分批處理。,False,2026-10-05,True,True,STOP,STOP 停止進場,觀察,取消新進場，只保留觀察,只看續抱 / 減碼 / 停利 / 停損，不新增部位。,停止新進場，先保留現金，等待大盤止跌。,停止新進場，禁止顯示今日可進場。,False,False
2026-10-05,2026-10-05,收盤確認價,臺灣證券交易所 / 證券櫃檯買賣中心正式收盤；yfinance 歷史資料,只使用完整收盤日K，不使用盤中未完成K,上櫃,5227,立凱-KY,28.95,31.0,28.8,30.52,30.63,30.47,32.65,27.98,-3.98,-5.24,False,880550,335416,25491922,10271262,3.36,False,True,23.67,長黑,,False,True,False,False,1,False,C級：已漲遠或接近目標，禁止追高,量能放大,三角收斂突破,32.8,29.0,36.6,接近成形＋可觀察,33.46,32.8,33.46,34.46,31.82,4.9,低,-11.74,32.04,1.92,9.4,33.46,0.0,False,False,True,距離頸線或前高過遠，禁止追高,頸線以當日前20日高點計算；收盤站上頸線 32.8 至少2%；成交量>=20日均量2倍；不可長上影；回踩須有近10日突破紀錄且不有效跌破頸線；距離頸線>5%禁止進場,7,C,禁止追高,已漲遠或接近目標，空手不追；持有者依策略分批處理。,False,2026-10-05,True,True,STOP,STOP 停止進場,觀察,取消新進場，只保留觀察,只看續抱 / 減碼 / 停利 / 停損，不新增部位。,停止新進場，先保留現金，等待大盤止跌。,停止新進場，禁止顯示今日可進場。,False,False
2026-10-05,2026-10-05,收盤確認價,臺灣證券交易所 / 證券櫃檯買賣中心正式收盤；yfinance 歷史資料,只使用完整收盤日K，不使用盤中未完成K,上櫃,8272,全景軟體,60.8,61.6,60.3,63.34,63.95,64.05,64.63,74.15,-9.93,-1.94,False,24322,11145,1478777,713896,1.85,False,True,34.45,一般K,,False,True,False,False,1,False,C級：已漲遠或接近目標，禁止追高,量能放大,三角收斂突破,67.8,61.0,75.0,接近成形＋可觀察,69.16,67.8,69.16,71.23,65.77,4.9,低,-10.32,14.61,1.72,8.45,69.16,0.0,False,False,True,距離頸線或前高過遠，禁止追高,頸線以當日前20日高點計算；收盤站上頸線 67.8 至少2%；成交量>=20日均量2倍；不可長上影；回踩須有近10日突破紀錄且不有效跌破頸線；距離頸線>5%禁止進場,7,C,禁止追高,已漲遠或接近目標，空手不追；持有者依策略分批處理。,False,2026-10-05,True,True,STOP,STOP 停止進場,觀察,取消新進場，只保留觀察,只看續抱 / 減碼 / 停利 / 停損，不新增部位。,停止新進場，先保留現金，等待大盤止跌。,停止新進場，禁止顯示今日可進場。,False,False
2026-10-05,2026-10-05,收盤確認價,臺灣證券交易所 / 證券櫃檯買賣中心正式收盤；yfinance 歷史資料,只使用完整收盤日K，不使用盤中未完成K,上櫃,4131,浩泰,30.85,31.6,29.7,31.02,31.32,31.29,32.27,35.09,-5.95,0.16,False,54430,26942,1679165,832755,1.61,False,True,13.58,一般K,,False,True,False,False,1,False,C級：已漲遠或接近目標，禁止追高,量能放大,三角收斂突破,32.6,29.72,36.0,接近成形＋可觀察,33.25,32.6,33.25,34.25,31.62,4.9,低,-5.37,12.61,1.69,8.26,33.25,2.43,False,False,True,距離頸線或前高過遠，禁止追高,頸線以當日前20日高點計算；收盤站上頸線 32.6 至少2%；成交量>=20日均量2倍；不可長上影；回踩須有近10日突破紀錄且不有效跌破頸線；距離頸線>5%禁止進場,7,C,禁止追高,已漲遠或接近目標，空手不追；持有者依策略分批處理。,False,2026-10-05,True,True,STOP,STOP 停止進場,觀察,取消新進場，只保留觀察,只看續抱 / 減碼 / 停利 / 停損，不新增部位。,停止新進場，先保留現金，等待大盤止跌。,停止新進場，禁止顯示今日可進場。,False,False
2026-10-05,2026-10-05,收盤確認價,臺灣證券交易所 / 證券櫃檯買賣中心正式收盤；yfinance 歷史資料,只使用完整收盤日K，不使用盤中未完成K,上櫃,5410,國眾,32.9,33.1,32.85,33.01,33.04,33.64,35.49,34.48,-26.07,-0.6,False,202462,245314,6660999,8170250,1.99,False,True,65.04,一般K,,False,False,False,False,0,False,C級：已漲遠或接近目標，禁止追高,條件不足,接近成形,36.45,32.1,40.8,接近成形＋可觀察,37.18,36.45,37.18,38.29,35.36,4.9,低,-9.74,26.07,1.99,9.74,37.18,0.0,False,False,True,距離頸線或前高過遠，禁止追高,頸線以當日前20日高點計算；收盤站上頸線 36.45 至少2%；成交量>=20日均量2倍；不可長上影；回踩須有近10日突破紀錄且不有效跌破頸線；距離頸線>5%禁止進場,7,C,禁止追高,已漲遠或接近目標，空手不追；持有者依策略分批處理。,False,2026-10-05,True,True,STOP,STOP 停止進場,觀察,取消新進場，只保留觀察,只看續抱 / 減碼 / 停利 / 停損，不新增部位。,停止新進場，先保留現金，等待大盤止跌。,停止新進場，禁止顯示今日可進場。,False,False
2026-10-05,2026-10-05,收盤確認價,臺灣證券交易所 / 證券櫃檯買賣中心正式收盤；yfinance 歷史資料,只使用完整收盤日K，不使用盤中未完成K,上櫃,6276,安鈦克,19.75,20.0,19.2,19.56,19.62,19.8,20.08,30.56,-10.63,0.51,False,20109,20827,397152,411153,2.67,False,True,31.61,紅K突破,,False,False,False,False,0,False,C級：已漲遠或接近目標，禁止追高,條件不足,接近成形,21.0,18.81,23.5,接近成形＋可觀察,21.42,21.0,21.42,22.06,20.37,4.9,低,-5.95,13.76,1.98,9.71,21.42,1.27,False,False,True,距離頸線或前高過遠，禁止追高,頸線以當日前20日高點計算；收盤站上頸線 21.0 至少2%；成交量>=20日均量2倍；不可長上影；回踩須有近10日突破紀錄且不有效跌破頸線；距離頸線>5%禁止進場,7,C,禁止追高,已漲遠或接近目標，空手不追；持有者依策略分批處理。,False,2026-10-05,True,True,STOP,STOP 停止進場,觀察,取消新進場，只保留觀察,只看續抱 / 減碼 / 停利 / 停損，不新增部位。,停止新進場，先保留現金，等待大盤止跌。,停止新進場，禁止顯示今日可進場。,False,False
2026-10-05,2026-10-05,收盤確認價,臺灣證券交易所 / 證券櫃檯買賣中心正式收盤；yfinance 歷史資料,只使用完整收盤日K，不使用盤中未完成K,上市,2102,泰豐,16.4,16.75,16.4,16.57,16.68,17.3,18.33,19.07,-13.91,-2.09,False,342483,729249,5616721,12512775,1.54,False,True,55.51,一般K,,False,False,False,False,0,False,C級：已漲遠或接近目標，禁止追高,條件不足,接近成形,18.45,16.43,20.65,接近成形＋可觀察,18.82,18.45,18.82,19.38,17.9,4.9,低,-11.11,16.54,1.98,9.73,18.82,0.0,False,False,True,距離頸線或前高過遠，禁止追高,頸線以當日前20日高點計算；收盤站上頸線 18.45 至少2%；成交量>=20日均量2倍；不可長上影；回踩須有近10日突破紀錄且不有效跌破頸線；距離頸線>5%禁止進場,7,C,禁止追高,已漲遠或接近目標，空手不追；持有者依策略分批處理。,False,2026-10-05,True,True,STOP,STOP 停止進場,觀察,取消新進場，只保留觀察,只看續抱 / 減碼 / 停利 / 停損，不新增部位。,停止新進場，先保留現金，等待大盤止跌。,停止新進場，禁止顯示今日可進場。,False,False
2026-10-05,2026-10-05,收盤確認價,臺灣證券交易所 / 證券櫃檯買賣中心正式收盤；yfinance 歷史資料,只使用完整收盤日K，不使用盤中未完成K,上櫃,6114,久威,23.3,23.5,23.25,23.37,23.34,23.58,25.66,29.32,-22.33,-0.43,False,25731,27159,599532,636882,1.24,False,True,22.01,一般K,,False,False,False,False,0,False,C級：已漲遠或接近目標，禁止追高,條件不足,接近成形,25.75,22.7,28.8,接近成形＋可觀察,26.27,25.75,26.27,27.05,24.98,4.9,低,-9.51,23.61,1.97,9.65,26.27,0.64,False,False,True,距離頸線或前高過遠，禁止追高,頸線以當日前20日高點計算；收盤站上頸線 25.75 至少2%；成交量>=20日均量2倍；不可長上影；回踩須有近10日突破紀錄且不有效跌破頸線；距離頸線>5%禁止進場,7,C,禁止追高,已漲遠或接近目標，空手不追；持有者依策略分批處理。,False,2026-10-05,True,True,STOP,STOP 停止進場,觀察,取消新進場，只保留觀察,只看續抱 / 減碼 / 停利 / 停損，不新增部位。,停止新進場，先保留現金，等待大盤止跌。,停止新進場，禁止顯示今日可進場。,False,False
2026-10-05,2026-10-05,收盤確認價,臺灣證券交易所 / 證券櫃檯買賣中心正式收盤；yfinance 歷史資料,只使用完整收盤日K，不使用盤中未完成K,上市,1447,力鵬,6.41,6.51,6.39,6.55,6.49,6.53,7.01,6.0,-23.51,-1.99,False,1099224,969802,7046025,6354897,2.11,False,True,25.32,一般K,,False,False,False,False,0,False,C級：已漲遠或接近目標，禁止追高,條件不足,接近成形,7.09,6.25,7.93,接近成形＋可觀察,7.23,7.09,7.23,7.45,6.88,4.9,低,-9.59,30.33,1.97,9.65,7.23,0.0,False,False,True,距離頸線或前高過遠，禁止追高,頸線以當日前20日高點計算；收盤站上頸線 7.09 至少2%；成交量>=20日均量2倍；不可長上影；回踩須有近10日突破紀錄且不有效跌破頸線；距離頸線>5%禁止進場,7,C,禁止追高,已漲遠或接近目標，空手不追；持有者依策略分批處理。,False,2026-10-05,True,True,STOP,STOP 停止進場,觀察,取消新進場，只保留觀察,只看續抱 / 減碼 / 停利 / 停損，不新增部位。,停止新進場，先保留現金，等待大盤止跌。,停止新進場，禁止顯示今日可進場。,False,False
2026-10-05,2026-10-05,收盤確認價,臺灣證券交易所 / 證券櫃檯買賣中心正式收盤；yfinance 歷史資料,只使用完整收盤日K，不使用盤中未完成K,上櫃,6160,欣技,13.95,14.0,13.85,13.91,14.02,14.26,14.63,16.59,-15.2,0.36,False,30281,42954,422419,610651,0.92,False,True,8.41,紅K突破,,False,False,False,False,0,False,C級：已漲遠或接近目標，禁止追高,條件不足,接近成形,15.0,13.8,16.75,接近成形＋可觀察,15.3,15.0,15.3,15.76,14.55,4.9,低,-7.0,17.21,1.93,9.48,15.3,0.36,False,False,True,距離頸線或前高過遠，禁止追高,頸線以當日前20日高點計算；收盤站上頸線 15.0 至少2%；成交量>=20日均量2倍；不可長上影；回踩須有近10日突破紀錄且不有效跌破頸線；距離頸線>5%禁止進場,7,C,禁止追高,已漲遠或接近目標，空手不追；持有者依策略分批處理。,False,2026-10-05,True,True,STOP,STOP 停止進場,觀察,取消新進場，只保留觀察,只看續抱 / 減碼 / 停利 / 停損，不新增部位。,停止新進場，先保留現金，等待大盤止跌。,停止新進場，禁止顯示今日可進場。,False,False
2026-10-05,2026-10-05,收盤確認價,臺灣證券交易所 / 證券櫃檯買賣中心正式收盤；yfinance 歷史資料,只使用完整收盤日K，不使用盤中未完成K,上櫃,3672,康聯訊,12.3,12.3,11.4,12.3,12.21,12.04,12.55,12.3,-12.46,0.41,False,8338,23474,102557,286599,1.77,False,True,23.71,紅K突破,,False,False,False,False,0,False,C級：已漲遠或接近目標，禁止追高,條件不足,接近成形,13.0,11.5,14.5,接近成形＋可觀察,13.26,13.0,13.26,13.66,12.61,4.9,低,-5.38,14.88,1.91,9.35,13.26,0.0,False,False,True,距離頸線或前高過遠，禁止追高,頸線以當日前20日高點計算；收盤站上頸線 13.0 至少2%；成交量>=20日均量2倍；不可長上影；回踩須有近10日突破紀錄且不有效跌破頸線；距離頸線>5%禁止進場,7,C,禁止追高,已漲遠或接近目標，空手不追；持有者依策略分批處理。,False,2026-10-05,True,True,STOP,STOP 停止進場,觀察,取消新進場，只保留觀察,只看續抱 / 減碼 / 停利 / 停損，不新增部位。,停止新進場，先保留現金，等待大盤止跌。,停止新進場，禁止顯示今日可進場。,False,False
2026-10-05,2026-10-05,收盤確認價,臺灣證券交易所 / 證券櫃檯買賣中心正式收盤；yfinance 歷史資料,只使用完整收盤日K，不使用盤中未完成K,上櫃,6542,隆中,39.5,39.6,39.5,40.18,40.73,41.98,44.53,47.74,-11.34,-1.25,False,3051,7045,120514,296071,1.36,False,True,21.15,一般K,,False,False,False,False,0,False,C級：已漲遠或接近目標，禁止追高,條件不足,接近成形,45.0,39.89,50.2,接近成形＋可觀察,45.9,45.0,45.9,47.28,43.65,4.9,低,-12.22,19.22,1.91,9.37,45.9,0.0,False,False,True,距離頸線或前高過遠，禁止追高,頸線以當日前20日高點計算；收盤站上頸線 45.0 至少2%；成交量>=20日均量2倍；不可長上影；回踩須有近10日突破紀錄且不有效跌破頸線；距離頸線>5%禁止進場,7,C,禁止追高,已漲遠或接近目標，空手不追；持有者依策略分批處理。,False,2026-10-05,True,True,STOP,STOP 停止進場,觀察,取消新進場，只保留觀察,只看續抱 / 減碼 / 停利 / 停損，不新增部位。,停止新進場，先保留現金，等待大盤止跌。,停止新進場，禁止顯示今日可進場。,False,False
2026-10-05,2026-10-05,收盤確認價,臺灣證券交易所 / 證券櫃檯買賣中心正式收盤；yfinance 歷史資料,只使用完整收盤日K，不使用盤中未完成K,上市,2231,為升,92.2,93.6,91.9,92.8,92.27,91.06,96.44,101.13,-16.94,0.0,False,280099,149681,25825127,13690082,1.29,False,True,37.11,一般K,,False,False,False,False,0,False,C級：已漲遠或接近目標，禁止追高,條件不足,三角收斂突破,97.5,88.5,108.7,接近成形＋可觀察,99.45,97.5,99.45,102.43,94.58,4.9,低,-5.44,27.97,1.9,9.3,99.45,0.11,False,False,True,距離頸線或前高過遠，禁止追高,頸線以當日前20日高點計算；收盤站上頸線 97.5 至少2%；成交量>=20日均量2倍；不可長上影；回踩須有近10日突破紀錄且不有效跌破頸線；距離頸線>5%禁止進場,7,C,禁止追高,已漲遠或接近目標，空手不追；持有者依策略分批處理。,False,2026-10-05,True,True,STOP,STOP 停止進場,觀察,取消新進場，只保留觀察,只看續抱 / 減碼 / 停利 / 停損，不新增部位。,停止新進場，先保留現金，等待大盤止跌。,停止新進場，禁止顯示今日可進場。,False,False
2026-10-05,2026-10-05,收盤確認價,臺灣證券交易所 / 證券櫃檯買賣中心正式收盤；yfinance 歷史資料,只使用完整收盤日K，不使用盤中未完成K,上櫃,3171,炎洲流通,57.2,57.5,57.2,57.66,58.36,59.4,62.62,58.96,-12.67,0.88,False,6485,21898,370942,1307249,1.21,False,True,64.84,一般K,,False,False,False,False,0,False,C級：已漲遠或接近目標，禁止追高,條件不足,接近成形,63.8,56.5,71.1,接近成形＋可觀察,65.08,63.8,65.08,67.03,61.89,4.9,低,-10.34,15.88,1.89,9.26,65.08,0.35,False,False,True,距離頸線或前高過遠，禁止追高,頸線以當日前20日高點計算；收盤站上頸線 63.8 至少2%；成交量>=20日均量2倍；不可長上影；回踩須有近10日突破紀錄且不有效跌破頸線；距離頸線>5%禁止進場,7,C,禁止追高,已漲遠或接近目標，空手不追；持有者依策略分批處理。,False,2026-10-05,True,True,STOP,STOP 停止進場,觀察,取消新進場，只保留觀察,只看續抱 / 減碼 / 停利 / 停損，不新增部位。,停止新進場，先保留現金，等待大盤止跌。,停止新進場，禁止顯示今日可進場。,False,False
2026-10-05,2026-10-05,收盤確認價,臺灣證券交易所 / 證券櫃檯買賣中心正式收盤；yfinance 歷史資料,只使用完整收盤日K，不使用盤中未完成K,上櫃,6624,萬年清,39.5,39.5,39.5,38.66,38.46,39.02,40.37,48.75,-2.71,3.0,False,1033,6321,40803,243554,2.02,False,True,15.12,資料不足,,False,False,False,False,0,False,C級：已漲遠或接近目標，禁止追高,條件不足,接近成形,42.35,37.55,47.15,接近成形＋可觀察,43.2,42.35,43.2,44.49,41.08,4.9,低,-6.73,12.32,1.87,9.15,43.2,0.0,False,False,True,距離頸線或前高過遠，禁止追高,頸線以當日前20日高點計算；收盤站上頸線 42.35 至少2%；成交量>=20日均量2倍；不可長上影；回踩須有近10日突破紀錄且不有效跌破頸線；距離頸線>5%禁止進場,7,C,禁止追高,已漲遠或接近目標，空手不追；持有者依策略分批處理。,False,2026-10-05,True,True,STOP,STOP 停止進場,觀察,取消新進場，只保留觀察,只看續抱 / 減碼 / 停利 / 停損，不新增部位。,停止新進場，先保留現金，等待大盤止跌。,停止新進場，禁止顯示今日可進場。,False,False
2026-10-05,2026-10-05,收盤確認價,臺灣證券交易所 / 證券櫃檯買賣中心正式收盤；yfinance 歷史資料,只使用完整收盤日K，不使用盤中未完成K,上市,1786,科妍,41.5,42.8,41.5,42.68,42.93,43.62,47.9,64.42,-25.89,-2.81,False,238648,163366,9903892,7149048,2.32,False,True,37.21,一般K,,False,False,False,False,0,False,C級：已漲遠或接近目標，禁止追高,條件不足,接近成形,47.65,42.25,53.05,接近成形＋可觀察,48.6,47.65,48.6,50.06,46.22,4.9,低,-12.91,25.89,1.87,9.15,48.6,0.0,False,False,True,距離頸線或前高過遠，禁止追高,頸線以當日前20日高點計算；收盤站上頸線 47.65 至少2%；成交量>=20日均量2倍；不可長上影；回踩須有近10日突破紀錄且不有效跌破頸線；距離頸線>5%禁止進場,7,C,禁止追高,已漲遠或接近目標，空手不追；持有者依策略分批處理。,False,2026-10-05,True,True,STOP,STOP 停止進場,觀察,取消新進場，只保留觀察,只看續抱 / 減碼 / 停利 / 停損，不新增部位。,停止新進場，先保留現金，等待大盤止跌。,停止新進場，禁止顯示今日可進場。,False,False
2026-10-05,2026-10-05,收盤確認價,臺灣證券交易所 / 證券櫃檯買賣中心正式收盤；yfinance 歷史資料,只使用完整收盤日K，不使用盤中未完成K,上市,1436,華友聯,35.6,35.85,35.2,35.5,36.32,36.63,38.31,51.54,-20.71,0.71,False,166293,149722,5920030,5540576,1.7,False,True,24.97,紅K突破,,False,False,False,False,0,False,C級：已漲遠或接近目標，禁止追高,條件不足,接近成形,39.4,35.15,43.85,接近成形＋可觀察,40.19,39.4,40.19,41.39,38.22,4.9,低,-9.64,22.86,1.86,9.11,40.19,0.7,False,False,True,距離頸線或前高過遠，禁止追高,頸線以當日前20日高點計算；收盤站上頸線 39.4 至少2%；成交量>=20日均量2倍；不可長上影；回踩須有近10日突破紀錄且不有效跌破頸線；距離頸線>5%禁止進場,7,C,禁止追高,已漲遠或接近目標，空手不追；持有者依策略分批處理。,False,2026-10-05,True,True,STOP,STOP 停止進場,觀察,取消新進場，只保留觀察,只看續抱 / 減碼 / 停利 / 停損，不新增部位。,停止新進場，先保留現金，等待大盤止跌。,停止新進場，禁止顯示今日可進場。,False,False
2026-10-05,2026-10-05,收盤確認價,臺灣證券交易所 / 證券櫃檯買賣中心正式收盤；yfinance 歷史資料,只使用完整收盤日K，不使用盤中未完成K,上櫃,6143,振曜,80.1,81.0,79.9,80.72,81.41,82.27,88.89,103.84,-23.35,-0.99,False,581684,294447,46592888,24262296,1.04,False,True,40.42,一般K,,False,False,False,False,0,False,C級：已漲遠或接近目標，禁止追高,條件不足,三角收斂突破,89.4,79.3,99.5,接近成形＋可觀察,91.19,89.4,91.19,93.92,86.72,4.9,低,-10.4,23.35,1.86,9.12,91.19,0.5,False,False,True,距離頸線或前高過遠，禁止追高,頸線以當日前20日高點計算；收盤站上頸線 89.4 至少2%；成交量>=20日均量2倍；不可長上影；回踩須有近10日突破紀錄且不有效跌破頸線；距離頸線>5%禁止進場,7,C,禁止追高,已漲遠或接近目標，空手不追；持有者依策略分批處理。,False,2026-10-05,True,True,STOP,STOP 停止進場,觀察,取消新進場，只保留觀察,只看續抱 / 減碼 / 停利 / 停損，不新增部位。,停止新進場，先保留現金，等待大盤止跌。,停止新進場，禁止顯示今日可進場。,False,False
2026-10-05,2026-10-05,收盤確認價,臺灣證券交易所 / 證券櫃檯買賣中心正式收盤；yfinance 歷史資料,只使用完整收盤日K，不使用盤中未完成K,上櫃,4513,福裕,16.1,16.25,16.05,16.26,16.37,15.97,17.33,17.24,-4.45,-1.23,False,138387,193809,2228030,3118044,1.36,False,True,31.43,一般K,,False,False,False,False,0,False,C級：已漲遠或接近目標，禁止追高,條件不足,接近成形,17.0,15.18,18.9,接近成形＋可觀察,17.34,17.0,17.34,17.86,16.49,4.9,低,-5.29,32.78,1.84,9.0,17.34,0.0,False,False,True,距離頸線或前高過遠，禁止追高,頸線以當日前20日高點計算；收盤站上頸線 17.0 至少2%；成交量>=20日均量2倍；不可長上影；回踩須有近10日突破紀錄且不有效跌破頸線；距離頸線>5%禁止進場,7,C,禁止追高,已漲遠或接近目標，空手不追；持有者依策略分批處理。,False,2026-10-05,True,True,STOP,STOP 停止進場,觀察,取消新進場，只保留觀察,只看續抱 / 減碼 / 停利 / 停損，不新增部位。,停止新進場，先保留現金，等待大盤止跌。,停止新進場，禁止顯示今日可進場。,False,False
2026-10-05,2026-10-05,收盤確認價,臺灣證券交易所 / 證券櫃檯買賣中心正式收盤；yfinance 歷史資料,只使用完整收盤日K，不使用盤中未完成K,上櫃,3071,協禧,22.7,23.05,22.7,22.93,23.08,23.45,24.86,26.16,-22.92,-1.09,False,188901,177766,4288052,4208893,1.7,False,True,36.71,一般K,,False,False,False,False,0,False,C級：已漲遠或接近目標，禁止追高,條件不足,接近成形,25.5,22.75,28.35,接近成形＋可觀察,26.01,25.5,26.01,26.79,24.73,4.9,低,-10.98,26.77,1.84,9.0,26.01,0.22,False,False,True,距離頸線或前高過遠，禁止追高,頸線以當日前20日高點計算；收盤站上頸線 25.5 至少2%；成交量>=20日均量2倍；不可長上影；回踩須有近10日突破紀錄且不有效跌破頸線；距離頸線>5%禁止進場,7,C,禁止追高,已漲遠或接近目標，空手不追；持有者依策略分批處理。,False,2026-10-05,True,True,STOP,STOP 停止進場,觀察,取消新進場，只保留觀察,只看續抱 / 減碼 / 停利 / 停損，不新增部位。,停止新進場，先保留現金，等待大盤止跌。,停止新進場，禁止顯示今日可進場。,False,False
2026-10-05,2026-10-05,收盤確認價,臺灣證券交易所 / 證券櫃檯買賣中心正式收盤；yfinance 歷史資料,只使用完整收盤日K，不使用盤中未完成K,上市,1723,中碳,80.1,80.8,80.0,80.18,80.41,81.49,84.41,79.2,-5.09,-0.37,False,313552,524217,25115515,42933186,0.87,False,True,48.92,一般K,,False,False,False,False,0,False,C級：已漲遠或接近目標，禁止追高,條件不足,接近成形,89.4,79.5,99.3,接近成形＋可觀察,91.19,89.4,91.19,93.92,86.72,4.9,低,-10.4,13.5,1.81,8.9,91.19,0.5,False,False,True,距離頸線或前高過遠，禁止追高,頸線以當日前20日高點計算；收盤站上頸線 89.4 至少2%；成交量>=20日均量2倍；不可長上影；回踩須有近10日突破紀錄且不有效跌破頸線；距離頸線>5%禁止進場,7,C,禁止追高,已漲遠或接近目標，空手不追；持有者依策略分批處理。,False,2026-10-05,True,True,STOP,STOP 停止進場,觀察,取消新進場，只保留觀察,只看續抱 / 減碼 / 停利 / 停損，不新增部位。,停止新進場，先保留現金，等待大盤止跌。,停止新進場，禁止顯示今日可進場。,False,False
2026-10-05,2026-10-05,收盤確認價,臺灣證券交易所 / 證券櫃檯買賣中心正式收盤；yfinance 歷史資料,只使用完整收盤日K，不使用盤中未完成K,上市,1444,力麗,6.8,6.95,6.8,6.94,6.9,6.9,7.29,6.66,-17.38,-1.73,False,1425235,1382526,9691598,9589154,1.89,False,True,17.63,一般K,,False,False,False,False,0,False,C級：已漲遠或接近目標，禁止追高,條件不足,接近成形,7.47,6.65,8.29,接近成形＋可觀察,7.62,7.47,7.62,7.85,7.25,4.9,低,-8.97,23.34,1.8,8.8,7.62,0.44,False,False,True,距離頸線或前高過遠，禁止追高,頸線以當日前20日高點計算；收盤站上頸線 7.47 至少2%；成交量>=20日均量2倍；不可長上影；回踩須有近10日突破紀錄且不有效跌破頸線；距離頸線>5%禁止進場,7,C,禁止追高,已漲遠或接近目標，空手不追；持有者依策略分批處理。,False,2026-10-05,True,True,STOP,STOP 停止進場,觀察,取消新進場，只保留觀察,只看續抱 / 減碼 / 停利 / 停損，不新增部位。,停止新進場，先保留現金，等待大盤止跌。,停止新進場，禁止顯示今日可進場。,False,False
2026-10-05,2026-10-05,收盤確認價,臺灣證券交易所 / 證券櫃檯買賣中心正式收盤；yfinance 歷史資料,只使用完整收盤日K，不使用盤中未完成K,上市,1471,首利,9.45,9.64,9.43,9.43,9.44,9.49,9.66,10.44,-9.13,0.21,False,284764,192221,2691019,1826776,1.1,False,True,38.18,一般K,,False,False,False,False,0,False,C級：已漲遠或接近目標，禁止追高,條件不足,接近成形,9.95,9.23,11.02,接近成形＋可觀察,10.15,9.95,10.15,10.45,9.65,4.9,低,-5.03,11.27,1.75,8.58,10.15,2.01,False,False,True,距離頸線或前高過遠，禁止追高,頸線以當日前20日高點計算；收盤站上頸線 9.95 至少2%；成交量>=20日均量2倍；不可長上影；回踩須有近10日突破紀錄且不有效跌破頸線；距離頸線>5%禁止進場,7,C,禁止追高,已漲遠或接近目標，空手不追；持有者依策略分批處理。,False,2026-10-05,True,True,STOP,STOP 停止進場,觀察,取消新進場，只保留觀察,只看續抱 / 減碼 / 停利 / 停損，不新增部位。,停止新進場，先保留現金，等待大盤止跌。,停止新進場，禁止顯示今日可進場。,False,False
2026-10-05,2026-10-05,收盤確認價,臺灣證券交易所 / 證券櫃檯買賣中心正式收盤；yfinance 歷史資料,只使用完整收盤日K，不使用盤中未完成K,上櫃,2724,藝舍-KY,12.45,12.45,12.45,12.63,12.43,11.51,11.14,15.88,5.06,-1.97,False,1162,4120,14466,47157,3.91,False,True,40.71,資料不足,,False,False,False,False,0,False,C級：已漲遠或接近目標，禁止追高,條件不足,接近成形,11.0,10.94,12.18,接近成形＋可觀察,11.22,11.0,11.22,11.56,10.67,4.9,低,13.18,5.68,1.75,8.56,11.22,0.0,True,True,True,接近目標區，只給持有者分批停利參考，空手不追高,頸線以當日前20日高點計算；收盤站上頸線 11.0 至少2%；成交量>=20日均量2倍；不可長上影；回踩須有近10日突破紀錄且不有效跌破頸線；距離頸線>5%禁止進場,7,C,禁止追高,已漲遠或接近目標，空手不追；持有者依策略分批處理。,False,2026-10-05,True,True,STOP,STOP 停止進場,接近目標,取消新進場，只保留觀察,只看續抱 / 減碼 / 停利 / 停損，不新增部位。,停止新進場，先保留現金，等待大盤止跌。,停止新進場，禁止顯示今日可進場。,False,False
2026-10-05,2026-10-05,收盤確認價,臺灣證券交易所 / 證券櫃檯買賣中心正式收盤；yfinance 歷史資料,只使用完整收盤日K，不使用盤中未完成K,上櫃,8067,志旭,11.2,11.95,11.2,11.93,11.77,11.95,12.61,13.86,-12.84,-5.08,False,16557,9941,185438,118249,2.85,False,True,25.92,長黑,,False,False,False,False,0,False,C級：已漲遠或接近目標，禁止追高,條件不足,三角收斂突破,12.6,11.35,13.95,接近成形＋可觀察,12.85,12.6,12.85,13.24,12.22,4.9,低,-11.11,24.83,1.74,8.54,12.85,0.0,False,False,True,距離頸線或前高過遠，禁止追高,頸線以當日前20日高點計算；收盤站上頸線 12.6 至少2%；成交量>=20日均量2倍；不可長上影；回踩須有近10日突破紀錄且不有效跌破頸線；距離頸線>5%禁止進場,7,C,禁止追高,已漲遠或接近目標，空手不追；持有者依策略分批處理。,False,2026-10-05,True,True,STOP,STOP 停止進場,觀察,取消新進場，只保留觀察,只看續抱 / 減碼 / 停利 / 停損，不新增部位。,停止新進場，先保留現金，等待大盤止跌。,停止新進場，禁止顯示今日可進場。,False,False
2026-10-05,2026-10-05,收盤確認價,臺灣證券交易所 / 證券櫃檯買賣中心正式收盤；yfinance 歷史資料,只使用完整收盤日K，不使用盤中未完成K,上市,1583,程泰,45.7,45.8,45.7,46.47,46.69,47.29,46.54,44.22,2.6,-0.33,False,14000,15156,639800,717102,1.26,False,True,16.4,一般K,,False,False,False,False,0,False,C級：已漲遠或接近目標，禁止追高,條件不足,接近成形,49.35,45.8,54.62,接近成形＋可觀察,50.34,49.35,50.34,51.85,47.87,4.9,低,-7.4,11.36,1.73,8.5,50.34,0.0,False,False,True,距離頸線或前高過遠，禁止追高,頸線以當日前20日高點計算；收盤站上頸線 49.35 至少2%；成交量>=20日均量2倍；不可長上影；回踩須有近10日突破紀錄且不有效跌破頸線；距離頸線>5%禁止進場,7,C,禁止追高,已漲遠或接近目標，空手不追；持有者依策略分批處理。,False,2026-10-05,True,True,STOP,STOP 停止進場,觀察,取消新進場，只保留觀察,只看續抱 / 減碼 / 停利 / 停損，不新增部位。,停止新進場，先保留現金，等待大盤止跌。,停止新進場，禁止顯示今日可進場。,False,False
2026-10-05,2026-10-05,收盤確認價,臺灣證券交易所 / 證券櫃檯買賣中心正式收盤；yfinance 歷史資料,只使用完整收盤日K，不使用盤中未完成K,上櫃,4402,郡都開發,13.55,14.15,13.55,13.96,13.96,14.16,15.24,16.78,-15.31,-4.24,False,25667,20632,347787,290606,1.87,False,True,39.64,長黑,,False,False,False,False,0,False,C級：已漲遠或接近目標，禁止追高,條件不足,接近成形,15.0,13.45,16.6,接近成形＋可觀察,15.3,15.0,15.3,15.76,14.55,4.9,低,-9.67,21.9,1.73,8.5,15.3,0.0,False,False,True,距離頸線或前高過遠，禁止追高,頸線以當日前20日高點計算；收盤站上頸線 15.0 至少2%；成交量>=20日均量2倍；不可長上影；回踩須有近10日突破紀錄且不有效跌破頸線；距離頸線>5%禁止進場,7,C,禁止追高,已漲遠或接近目標，空手不追；持有者依策略分批處理。,False,2026-10-05,True,True,STOP,STOP 停止進場,觀察,取消新進場，只保留觀察,只看續抱 / 減碼 / 停利 / 停損，不新增部位。,停止新進場，先保留現金，等待大盤止跌。,停止新進場，禁止顯示今日可進場。,False,False
2026-10-05,2026-10-05,收盤確認價,臺灣證券交易所 / 證券櫃檯買賣中心正式收盤；yfinance 歷史資料,只使用完整收盤日K，不使用盤中未完成K,上櫃,6109,亞元,10.4,10.5,10.35,10.42,10.45,10.54,11.1,11.79,-20.61,0.48,False,54799,104870,569909,1106151,0.91,False,True,26.65,一般K,,False,False,False,False,0,False,C級：已漲遠或接近目標，禁止追高,條件不足,接近成形,11.4,10.2,12.6,接近成形＋可觀察,11.63,11.4,11.63,11.98,11.06,4.9,低,-8.77,20.61,1.71,8.36,11.63,0.48,False,False,True,距離頸線或前高過遠，禁止追高,頸線以當日前20日高點計算；收盤站上頸線 11.4 至少2%；成交量>=20日均量2倍；不可長上影；回踩須有近10日突破紀錄且不有效跌破頸線；距離頸線>5%禁止進場,7,C,禁止追高,已漲遠或接近目標，空手不追；持有者依策略分批處理。,False,2026-10-05,True,True,STOP,STOP 停止進場,觀察,取消新進場，只保留觀察,只看續抱 / 減碼 / 停利 / 停損，不新增部位。,停止新進場，先保留現金，等待大盤止跌。,停止新進場，禁止顯示今日可進場。,False,False
2026-10-05,2026-10-05,收盤確認價,臺灣證券交易所 / 證券櫃檯買賣中心正式收盤；yfinance 歷史資料,只使用完整收盤日K，不使用盤中未完成K,上櫃,5344,立衛,13.55,13.65,13.5,13.57,13.46,13.41,13.98,14.79,-16.87,-0.73,False,56303,63920,762905,865409,2.39,False,True,30.11,一般K,,False,False,False,False,0,False,C級：已漲遠或接近目標，禁止追高,條件不足,接近成形,14.3,12.8,15.8,接近成形＋可觀察,14.59,14.3,14.59,15.02,13.87,4.9,低,-5.24,16.87,1.7,8.32,14.59,0.37,False,False,True,距離頸線或前高過遠，禁止追高,頸線以當日前20日高點計算；收盤站上頸線 14.3 至少2%；成交量>=20日均量2倍；不可長上影；回踩須有近10日突破紀錄且不有效跌破頸線；距離頸線>5%禁止進場,7,C,禁止追高,已漲遠或接近目標，空手不追；持有者依策略分批處理。,False,2026-10-05,True,True,STOP,STOP 停止進場,觀察,取消新進場，只保留觀察,只看續抱 / 減碼 / 停利 / 停損，不新增部位。,停止新進場，先保留現金，等待大盤止跌。,停止新進場，禁止顯示今日可進場。,False,False
2026-10-05,2026-10-05,收盤確認價,臺灣證券交易所 / 證券櫃檯買賣中心正式收盤；yfinance 歷史資料,只使用完整收盤日K，不使用盤中未完成K,上櫃,6982,大井泵浦,45.0,46.0,45.0,44.46,44.16,44.6,47.44,56.36,-14.61,0.0,False,19055,23163,857475,1031947,1.12,False,True,47.77,一般K,,False,False,False,False,0,False,C級：已漲遠或接近目標，禁止追高,條件不足,接近成形,47.95,43.0,52.9,接近成形＋可觀察,48.91,47.95,48.91,50.38,46.51,4.9,低,-6.15,15.09,1.66,8.16,48.91,0.0,False,False,True,距離頸線或前高過遠，禁止追高,頸線以當日前20日高點計算；收盤站上頸線 47.95 至少2%；成交量>=20日均量2倍；不可長上影；回踩須有近10日突破紀錄且不有效跌破頸線；距離頸線>5%禁止進場,7,C,禁止追高,已漲遠或接近目標，空手不追；持有者依策略分批處理。,False,2026-10-05,True,True,STOP,STOP 停止進場,觀察,取消新進場，只保留觀察,只看續抱 / 減碼 / 停利 / 停損，不新增部位。,停止新進場，先保留現金，等待大盤止跌。,停止新進場，禁止顯示今日可進場。,False,False
2026-10-05,2026-10-05,收盤確認價,臺灣證券交易所 / 證券櫃檯買賣中心正式收盤；yfinance 歷史資料,只使用完整收盤日K，不使用盤中未完成K,上櫃,5488,松普,12.05,12.45,12.05,12.07,11.97,11.88,12.98,11.13,-25.62,-2.03,False,427869,273591,5155821,3272758,1.58,False,True,31.95,一般K,,False,False,False,False,0,False,C級：已漲遠或接近目標，禁止追高,條件不足,三角收斂突破,12.75,11.45,14.05,接近成形＋可觀察,13.01,12.75,13.01,13.4,12.37,4.9,低,-5.49,37.56,1.64,8.04,13.01,0.83,False,False,True,距離頸線或前高過遠，禁止追高,頸線以當日前20日高點計算；收盤站上頸線 12.75 至少2%；成交量>=20日均量2倍；不可長上影；回踩須有近10日突破紀錄且不有效跌破頸線；距離頸線>5%禁止進場,7,C,禁止追高,已漲遠或接近目標，空手不追；持有者依策略分批處理。,False,2026-10-05,True,True,STOP,STOP 停止進場,觀察,取消新進場，只保留觀察,只看續抱 / 減碼 / 停利 / 停損，不新增部位。,停止新進場，先保留現金，等待大盤止跌。,停止新進場，禁止顯示今日可進場。,False,False
2026-10-05,2026-10-05,收盤確認價,臺灣證券交易所 / 證券櫃檯買賣中心正式收盤；yfinance 歷史資料,只使用完整收盤日K，不使用盤中未完成K,上市,1203,味王,42.5,44.25,42.05,43.26,43.64,43.84,45.22,41.9,-1.51,-0.93,False,32731,18613,1391067,814811,2.36,False,True,14.41,一般K,,False,False,False,False,0,False,C級：已漲遠或接近目標，禁止追高,條件不足,三角收斂突破,46.85,42.1,51.6,接近成形＋可觀察,47.79,46.85,47.79,49.22,45.44,4.9,低,-9.28,16.34,1.63,7.98,47.79,1.41,False,False,True,距離頸線或前高過遠，禁止追高,頸線以當日前20日高點計算；收盤站上頸線 46.85 至少2%；成交量>=20日均量2倍；不可長上影；回踩須有近10日突破紀錄且不有效跌破頸線；距離頸線>5%禁止進場,7,C,禁止追高,已漲遠或接近目標，空手不追；持有者依策略分批處理。,False,2026-10-05,True,True,STOP,STOP 停止進場,觀察,取消新進場，只保留觀察,只看續抱 / 減碼 / 停利 / 停損，不新增部位。,停止新進場，先保留現金，等待大盤止跌。,停止新進場，禁止顯示今日可進場。,False,False
2026-10-05,2026-10-05,收盤確認價,臺灣證券交易所 / 證券櫃檯買賣中心正式收盤；yfinance 歷史資料,只使用完整收盤日K，不使用盤中未完成K,上櫃,6762,達亞,156.0,156.0,156.0,158.0,159.65,161.93,166.51,168.27,-7.2,-3.11,False,2087,1691,325572,273882,1.52,False,True,71.25,資料不足,,False,False,False,False,0,False,C級：已漲遠或接近目標，禁止追高,條件不足,接近成形,168.0,153.83,185.0,接近成形＋可觀察,171.36,168.0,171.36,176.5,162.96,4.9,低,-7.14,12.85,1.62,7.96,171.36,0.0,False,False,True,距離頸線或前高過遠，禁止追高,頸線以當日前20日高點計算；收盤站上頸線 168.0 至少2%；成交量>=20日均量2倍；不可長上影；回踩須有近10日突破紀錄且不有效跌破頸線；距離頸線>5%禁止進場,7,C,禁止追高,已漲遠或接近目標，空手不追；持有者依策略分批處理。,False,2026-10-05,True,True,STOP,STOP 停止進場,觀察,取消新進場，只保留觀察,只看續抱 / 減碼 / 停利 / 停損，不新增部位。,停止新進場，先保留現金，等待大盤止跌。,停止新進場，禁止顯示今日可進場。,False,False
2026-10-05,2026-10-05,收盤確認價,臺灣證券交易所 / 證券櫃檯買賣中心正式收盤；yfinance 歷史資料,只使用完整收盤日K，不使用盤中未完成K,上櫃,8477,創業家,14.0,14.1,13.9,14.09,14.35,14.81,15.37,14.19,-13.31,-0.36,False,20008,15865,280112,233634,1.29,False,True,64.99,紅K突破,,False,False,False,False,0,False,C級：已漲遠或接近目標，禁止追高,條件不足,接近成形,15.45,14.07,17.0,接近成形＋可觀察,15.76,15.45,15.76,16.23,14.99,4.9,低,-9.39,15.15,1.61,7.87,15.76,0.71,False,False,True,距離頸線或前高過遠，禁止追高,頸線以當日前20日高點計算；收盤站上頸線 15.45 至少2%；成交量>=20日均量2倍；不可長上影；回踩須有近10日突破紀錄且不有效跌破頸線；距離頸線>5%禁止進場,7,C,禁止追高,已漲遠或接近目標，空手不追；持有者依策略分批處理。,False,2026-10-05,True,True,STOP,STOP 停止進場,觀察,取消新進場，只保留觀察,只看續抱 / 減碼 / 停利 / 停損，不新增部位。,停止新進場，先保留現金，等待大盤止跌。,停止新進場，禁止顯示今日可進場。,False,False
2026-10-05,2026-10-05,收盤確認價,臺灣證券交易所 / 證券櫃檯買賣中心正式收盤；yfinance 歷史資料,只使用完整收盤日K，不使用盤中未完成K,上市,2072,世紀風電,129.0,132.0,128.5,131.8,130.05,130.05,142.41,202.31,-12.24,-3.01,False,370954,261927,47853066,34160635,1.71,False,True,51.76,一般K,,False,False,False,False,0,False,C級：已漲遠或接近目標，禁止追高,條件不足,接近成形,140.0,126.0,154.0,接近成形＋可觀察,142.8,140.0,142.8,147.08,135.8,4.9,低,-7.86,22.75,1.6,7.84,142.8,0.0,False,False,True,距離頸線或前高過遠，禁止追高,頸線以當日前20日高點計算；收盤站上頸線 140.0 至少2%；成交量>=20日均量2倍；不可長上影；回踩須有近10日突破紀錄且不有效跌破頸線；距離頸線>5%禁止進場,7,C,禁止追高,已漲遠或接近目標，空手不追；持有者依策略分批處理。,False,2026-10-05,True,True,STOP,STOP 停止進場,觀察,取消新進場，只保留觀察,只看續抱 / 減碼 / 停利 / 停損，不新增部位。,停止新進場，先保留現金，等待大盤止跌。,停止新進場，禁止顯示今日可進場。,False,False
2026-10-05,2026-10-05,收盤確認價,臺灣證券交易所 / 證券櫃檯買賣中心正式收盤；yfinance 歷史資料,只使用完整收盤日K，不使用盤中未完成K,上市,1530,亞崴,26.7,27.05,26.7,26.69,26.76,27.33,27.92,26.21,1.23,0.19,False,23766,21518,634552,586235,1.14,False,True,55.34,一般K,,False,False,False,False,0,False,C級：已漲遠或接近目標，禁止追高,條件不足,接近成形,29.15,26.35,32.02,接近成形＋可觀察,29.73,29.15,29.73,30.62,28.28,4.9,低,-8.4,11.88,1.57,7.68,29.73,0.94,False,False,True,距離頸線或前高過遠，禁止追高,頸線以當日前20日高點計算；收盤站上頸線 29.15 至少2%；成交量>=20日均量2倍；不可長上影；回踩須有近10日突破紀錄且不有效跌破頸線；距離頸線>5%禁止進場,7,C,禁止追高,已漲遠或接近目標，空手不追；持有者依策略分批處理。,False,2026-10-05,True,True,STOP,STOP 停止進場,觀察,取消新進場，只保留觀察,只看續抱 / 減碼 / 停利 / 停損，不新增部位。,停止新進場，先保留現金，等待大盤止跌。,停止新進場，禁止顯示今日可進場。,False,False
2026-10-05,2026-10-05,收盤確認價,臺灣證券交易所 / 證券櫃檯買賣中心正式收盤；yfinance 歷史資料,只使用完整收盤日K，不使用盤中未完成K,上櫃,8410,森田,27.65,27.7,27.45,27.79,28.21,28.85,30.61,35.04,-15.44,-0.18,False,51906,50595,1435200,1441775,1.2,False,True,59.42,一般K,,False,False,False,False,0,False,C級：已漲遠或接近目標，禁止追高,條件不足,接近成形,30.5,27.5,33.5,接近成形＋可觀察,31.11,30.5,31.11,32.04,29.59,4.9,低,-9.34,16.21,1.57,7.68,31.11,0.0,False,False,True,距離頸線或前高過遠，禁止追高,頸線以當日前20日高點計算；收盤站上頸線 30.5 至少2%；成交量>=20日均量2倍；不可長上影；回踩須有近10日突破紀錄且不有效跌破頸線；距離頸線>5%禁止進場,7,C,禁止追高,已漲遠或接近目標，空手不追；持有者依策略分批處理。,False,2026-10-05,True,True,STOP,STOP 停止進場,觀察,取消新進場，只保留觀察,只看續抱 / 減碼 / 停利 / 停損，不新增部位。,停止新進場，先保留現金，等待大盤止跌。,停止新進場，禁止顯示今日可進場。,False,False
2026-10-05,2026-10-05,收盤確認價,臺灣證券交易所 / 證券櫃檯買賣中心正式收盤；yfinance 歷史資料,只使用完整收盤日K，不使用盤中未完成K,上市,1789,神隆,18.5,18.8,18.5,18.68,18.79,18.77,19.15,19.91,-9.98,-0.54,False,346126,479551,6403331,9048978,2.35,False,True,24.09,一般K,,False,False,False,False,0,False,C級：已漲遠或接近目標，禁止追高,條件不足,接近成形,19.85,17.9,21.8,接近成形＋可觀察,20.25,19.85,20.25,20.85,19.25,4.9,低,-6.8,12.11,1.56,7.67,20.25,0.0,False,False,True,距離頸線或前高過遠，禁止追高,頸線以當日前20日高點計算；收盤站上頸線 19.85 至少2%；成交量>=20日均量2倍；不可長上影；回踩須有近10日突破紀錄且不有效跌破頸線；距離頸線>5%禁止進場,7,C,禁止追高,已漲遠或接近目標，空手不追；持有者依策略分批處理。,False,2026-10-05,True,True,STOP,STOP 停止進場,觀察,取消新進場，只保留觀察,只看續抱 / 減碼 / 停利 / 停損，不新增部位。,停止新進場，先保留現金，等待大盤止跌。,停止新進場，禁止顯示今日可進場。,False,False
2026-10-05,2026-10-05,收盤確認價,臺灣證券交易所 / 證券櫃檯買賣中心正式收盤；yfinance 歷史資料,只使用完整收盤日K，不使用盤中未完成K,上市,1414,東和,17.3,17.3,17.1,17.41,17.36,17.45,18.53,18.4,-10.82,0.29,False,145007,187807,2508621,3282567,1.04,False,True,54.01,一般K,,False,False,False,False,0,False,C級：已漲遠或接近目標，禁止追高,條件不足,接近成形,18.85,17.0,20.7,接近成形＋可觀察,19.23,18.85,19.23,19.8,18.28,4.9,低,-8.22,17.22,1.56,7.66,19.23,0.0,False,False,True,距離頸線或前高過遠，禁止追高,頸線以當日前20日高點計算；收盤站上頸線 18.85 至少2%；成交量>=20日均量2倍；不可長上影；回踩須有近10日突破紀錄且不有效跌破頸線；距離頸線>5%禁止進場,7,C,禁止追高,已漲遠或接近目標，空手不追；持有者依策略分批處理。,False,2026-10-05,True,True,STOP,STOP 停止進場,觀察,取消新進場，只保留觀察,只看續抱 / 減碼 / 停利 / 停損，不新增部位。,停止新進場，先保留現金，等待大盤止跌。,停止新進場，禁止顯示今日可進場。,False,False
2026-10-05,2026-10-05,收盤確認價,臺灣證券交易所 / 證券櫃檯買賣中心正式收盤；yfinance 歷史資料,只使用完整收盤日K，不使用盤中未完成K,上櫃,6482,弘煜科,23.5,23.5,23.25,23.64,23.75,24.15,26.26,32.7,-15.62,-2.89,False,11123,12150,261390,291479,1.44,False,True,33.46,一般K,,False,False,False,False,0,False,C級：已漲遠或接近目標，禁止追高,條件不足,接近成形,25.35,22.94,27.8,接近成形＋可觀察,25.86,25.35,25.86,26.63,24.59,4.9,低,-7.3,22.31,1.53,7.51,25.86,0.0,False,False,True,距離頸線或前高過遠，禁止追高,頸線以當日前20日高點計算；收盤站上頸線 25.35 至少2%；成交量>=20日均量2倍；不可長上影；回踩須有近10日突破紀錄且不有效跌破頸線；距離頸線>5%禁止進場,7,C,禁止追高,已漲遠或接近目標，空手不追；持有者依策略分批處理。,False,2026-10-05,True,True,STOP,STOP 停止進場,觀察,取消新進場，只保留觀察,只看續抱 / 減碼 / 停利 / 停損，不新增部位。,停止新進場，先保留現金，等待大盤止跌。,停止新進場，禁止顯示今日可進場。,False,False
2026-10-05,2026-10-05,收盤確認價,臺灣證券交易所 / 證券櫃檯買賣中心正式收盤；yfinance 歷史資料,只使用完整收盤日K，不使用盤中未完成K,上櫃,6899,創為精密,49.6,49.6,49.6,49.58,49.78,49.7,50.42,53.86,-9.32,0.2,False,2279,10268,113038,512403,0.85,False,True,32.42,資料不足,,False,False,False,False,0,False,C級：已漲遠或接近目標，禁止追高,條件不足,接近成形,53.9,48.7,59.1,接近成形＋可觀察,54.98,53.9,54.98,56.63,52.28,4.9,低,-7.98,10.47,1.53,7.5,54.98,0.0,False,False,True,距離頸線或前高過遠，禁止追高,頸線以當日前20日高點計算；收盤站上頸線 53.9 至少2%；成交量>=20日均量2倍；不可長上影；回踩須有近10日突破紀錄且不有效跌破頸線；距離頸線>5%禁止進場,7,C,禁止追高,已漲遠或接近目標，空手不追；持有者依策略分批處理。,False,2026-10-05,True,True,STOP,STOP 停止進場,觀察,取消新進場，只保留觀察,只看續抱 / 減碼 / 停利 / 停損，不新增部位。,停止新進場，先保留現金，等待大盤止跌。,停止新進場，禁止顯示今日可進場。,False,False
2026-10-05,2026-10-05,收盤確認價,臺灣證券交易所 / 證券櫃檯買賣中心正式收盤；yfinance 歷史資料,只使用完整收盤日K，不使用盤中未完成K,上市,1616,億泰,18.3,18.55,18.2,18.43,18.42,18.55,19.24,24.88,-16.06,-1.35,False,302548,306353,5536628,5737505,1.18,False,True,43.45,一般K,,False,False,False,False,0,False,C級：已漲遠或接近目標，禁止追高,條件不足,接近成形,19.4,17.75,21.25,接近成形＋可觀察,19.79,19.4,19.79,20.38,18.82,4.9,低,-5.67,17.01,1.51,7.39,19.79,0.0,False,False,True,距離頸線或前高過遠，禁止追高,頸線以當日前20日高點計算；收盤站上頸線 19.4 至少2%；成交量>=20日均量2倍；不可長上影；回踩須有近10日突破紀錄且不有效跌破頸線；距離頸線>5%禁止進場,7,C,禁止追高,已漲遠或接近目標，空手不追；持有者依策略分批處理。,False,2026-10-05,True,True,STOP,STOP 停止進場,觀察,取消新進場，只保留觀察,只看續抱 / 減碼 / 停利 / 停損，不新增部位。,停止新進場，先保留現金，等待大盤止跌。,停止新進場，禁止顯示今日可進場。,False,False
2026-10-05,2026-10-05,收盤確認價,臺灣證券交易所 / 證券櫃檯買賣中心正式收盤；yfinance 歷史資料,只使用完整收盤日K，不使用盤中未完成K,上櫃,4556,旭然,125.5,125.5,114.5,109.08,98.67,90.3,91.72,48.73,24.26,9.61,True,3038405,1518136,381319827,150187145,5.98,True,True,55.85,紅K突破,半導體 設備 過濾設備,False,True,True,False,2,False,C級：已漲遠或接近目標，禁止追高,量能放大、題材命中,接近成形,111.5,85.78,157.0,突破第一根,113.73,111.5,113.73,117.14,108.16,13.82,低,12.56,9.06,1.82,25.1,125.5,0.0,True,False,True,距離頸線或前高過遠，禁止追高,頸線以當日前20日高點計算；收盤站上頸線 111.5 至少2%；成交量>=20日均量2倍；不可長上影；回踩須有近10日突破紀錄且不有效跌破頸線；距離頸線>5%禁止進場,2,C,禁止追高,已漲遠或接近目標，空手不追；持有者依策略分批處理。,False,2026-10-05,True,True,STOP,STOP 停止進場,突破買點,取消新進場，只保留觀察,只看續抱 / 減碼 / 停利 / 停損，不新增部位。,停止新進場，先保留現金，等待大盤止跌。,停止新進場，禁止顯示今日可進場。,False,False
2026-10-05,2026-10-05,收盤確認價,臺灣證券交易所 / 證券櫃檯買賣中心正式收盤；yfinance 歷史資料,只使用完整收盤日K，不使用盤中未完成K,上櫃,6204,艾華,113.0,116.5,111.5,106.7,106.0,98.32,86.19,81.59,14.72,2.73,False,1192808,515153,134787304,53511058,4.56,True,True,40.0,一般K,,True,True,False,False,2,False,C級：已漲遠或接近目標，禁止追高,趨勢多頭、量能放大,旗型整理突破,100.0,93.4,139.3,突破第一根,102.0,100.0,102.0,105.06,97.0,14.16,低,13.0,5.83,1.64,23.27,113.0,1.77,True,False,True,距離頸線或前高過遠，禁止追高,頸線以當日前20日高點計算；收盤站上頸線 100.0 至少2%；成交量>=20日均量2倍；不可長上影；回踩須有近10日突破紀錄且不有效跌破頸線；距離頸線>5%禁止進場,2,C,禁止追高,已漲遠或接近目標，空手不追；持有者依策略分批處理。,False,2026-10-05,True,True,STOP,STOP 停止進場,突破買點,取消新進場，只保留觀察,只看續抱 / 減碼 / 停利 / 停損，不新增部位。,停止新進場，先保留現金，等待大盤止跌。,停止新進場，禁止顯示今日可進場。,False,False
2026-10-05,2026-10-05,收盤確認價,臺灣證券交易所 / 證券櫃檯買賣中心正式收盤；yfinance 歷史資料,只使用完整收盤日K，不使用盤中未完成K,上櫃,6190,萬泰科,77.4,77.8,72.7,71.82,70.44,68.93,68.79,60.3,-5.72,9.32,True,8929960,2131340,691178904,150493354,2.73,True,True,21.1,紅K突破,電線電纜 網通 伺服器,True,True,True,False,3,False,C級：已漲遠或接近目標，禁止追高,趨勢多頭、量能放大、題材命中,箱型突破,71.8,65.6,87.4,突破第一根,73.24,71.8,73.24,75.43,69.65,10.02,低,7.8,7.31,1.29,12.92,77.4,0.52,False,False,True,距離頸線或前高過遠，禁止追高,頸線以當日前20日高點計算；收盤站上頸線 71.8 至少2%；成交量>=20日均量2倍；不可長上影；回踩須有近10日突破紀錄且不有效跌破頸線；距離頸線>5%禁止進場,0,C,禁止追高,已漲遠或接近目標，空手不追；持有者依策略分批處理。,False,2026-10-05,True,True,STOP,STOP 停止進場,突破買點,取消新進場，只保留觀察,只看續抱 / 減碼 / 停利 / 停損，不新增部位。,停止新進場，先保留現金，等待大盤止跌。,停止新進場，禁止顯示今日可進場。,False,False
2026-10-05,2026-10-05,收盤確認價,臺灣證券交易所 / 證券櫃檯買賣中心正式收盤；yfinance 歷史資料,只使用完整收盤日K，不使用盤中未完成K,上櫃,6708,天擎,68.6,68.6,68.5,57.31,48.63,43.23,39.97,40.06,70.86,9.94,True,610503,237489,41880505,13162292,4.87,False,True,45.42,一般K,,True,True,False,True,3,False,C級：已漲遠或接近目標，禁止追高,趨勢多頭、量能放大、價量條件足,旗型整理突破,56.8,41.07,78.6,突破第一根,57.94,56.8,57.94,59.67,55.1,19.69,低,20.77,9.94,0.74,14.58,68.6,0.0,True,False,True,距離頸線或前高過遠，禁止追高,頸線以當日前20日高點計算；收盤站上頸線 56.8 至少2%；成交量>=20日均量2倍；不可長上影；回踩須有近10日突破紀錄且不有效跌破頸線；距離頸線>5%禁止進場,0,C,禁止追高,已漲遠或接近目標，空手不追；持有者依策略分批處理。,False,2026-10-05,True,True,STOP,STOP 停止進場,突破買點,取消新進場，只保留觀察,只看續抱 / 減碼 / 停利 / 停損，不新增部位。,停止新進場，先保留現金，等待大盤止跌。,停止新進場，禁止顯示今日可進場。,False,False
2026-10-05,2026-10-05,收盤確認價,臺灣證券交易所 / 證券櫃檯買賣中心正式收盤；yfinance 歷史資料,只使用完整收盤日K，不使用盤中未完成K,上市,1459,聯發,20.55,20.55,20.0,17.79,16.79,16.14,15.3,15.63,32.3,9.89,True,1209062,242948,24846224,4283810,3.21,False,True,45.4,下影線,,True,True,False,True,3,False,C級：已漲遠或接近目標，禁止追高,趨勢多頭、量能放大、價量條件足,三角收斂突破,17.0,15.34,21.55,突破第一根,17.34,17.0,17.34,17.86,16.49,19.76,低,20.88,9.89,0.25,4.87,20.55,0.0,True,True,True,接近目標區，只給持有者分批停利參考，空手不追高,頸線以當日前20日高點計算；收盤站上頸線 17.0 至少2%；成交量>=20日均量2倍；不可長上影；回踩須有近10日突破紀錄且不有效跌破頸線；距離頸線>5%禁止進場,0,C,禁止追高,已漲遠或接近目標，空手不追；持有者依策略分批處理。,False,2026-10-05,True,True,STOP,STOP 停止進場,接近目標,取消新進場，只保留觀察,只看續抱 / 減碼 / 停利 / 停損，不新增部位。,停止新進場，先保留現金，等待大盤止跌。,停止新進場，禁止顯示今日可進場。,False,False
2026-10-05,2026-10-05,收盤確認價,臺灣證券交易所 / 證券櫃檯買賣中心正式收盤；yfinance 歷史資料,只使用完整收盤日K，不使用盤中未完成K,上櫃,7556,意德士,300.0,300.0,275.5,273.5,267.4,256.7,241.06,207.15,15.38,9.89,True,374598,51558,112379400,14154100,3.03,False,True,28.9,紅K突破,,True,True,False,False,2,False,C級：已漲遠或接近目標，禁止追高,趨勢多頭、量能放大,三角收斂突破,273.5,243.86,357.0,突破第一根,278.97,273.5,278.97,287.34,265.3,11.57,低,9.69,9.49,1.64,19.0,300.0,0.0,False,False,True,距離頸線或前高過遠，禁止追高,頸線以當日前20日高點計算；收盤站上頸線 273.5 至少2%；成交量>=20日均量2倍；不可長上影；回踩須有近10日突破紀錄且不有效跌破頸線；距離頸線>5%禁止進場,0,C,禁止追高,已漲遠或接近目標，空手不追；持有者依策略分批處理。,False,2026-10-05,True,True,STOP,STOP 停止進場,突破買點,取消新進場，只保留觀察,只看續抱 / 減碼 / 停利 / 停損，不新增部位。,停止新進場，先保留現金，等待大盤止跌。,停止新進場，禁止顯示今日可進場。,False,False
2026-10-05,2026-10-05,收盤確認價,臺灣證券交易所 / 證券櫃檯買賣中心正式收盤；yfinance 歷史資料,只使用完整收盤日K，不使用盤中未完成K,上櫃,5452,佶優,30.0,30.7,27.65,27.99,27.83,27.12,27.05,28.98,-5.06,7.33,False,3051654,462591,91549620,12976261,2.24,False,True,24.57,紅K突破,,True,True,False,False,2,False,C級：已漲遠或接近目標，禁止追高,趨勢多頭、量能放大,箱型突破,28.2,25.76,34.0,突破第一根,28.76,28.2,28.76,29.63,27.35,8.82,低,6.38,8.26,1.51,13.33,30.0,2.33,False,False,True,距離頸線或前高過遠，禁止追高,頸線以當日前20日高點計算；收盤站上頸線 28.2 至少2%；成交量>=20日均量2倍；不可長上影；回踩須有近10日突破紀錄且不有效跌破頸線；距離頸線>5%禁止進場,0,C,禁止追高,已漲遠或接近目標，空手不追；持有者依策略分批處理。,False,2026-10-05,True,True,STOP,STOP 停止進場,突破買點,取消新進場，只保留觀察,只看續抱 / 減碼 / 停利 / 停損，不新增部位。,停止新進場，先保留現金，等待大盤止跌。,停止新進場，禁止顯示今日可進場。,False,False
2026-10-05,2026-10-05,收盤確認價,臺灣證券交易所 / 證券櫃檯買賣中心正式收盤；yfinance 歷史資料,只使用完整收盤日K，不使用盤中未完成K,上櫃,3114,好德,43.6,43.6,42.05,37.78,34.93,32.59,32.49,28.9,13.36,9.96,True,1935420,708044,84384312,26052278,4.08,False,True,44.45,紅K突破,,True,True,False,False,2,False,C級：已漲遠或接近目標，禁止追高,趨勢多頭、量能放大,旗型整理突破,38.05,30.97,49.47,突破第一根,38.81,38.05,38.81,39.98,36.91,15.35,低,14.59,8.22,0.88,13.45,43.6,0.0,True,False,True,距離頸線或前高過遠，禁止追高,頸線以當日前20日高點計算；收盤站上頸線 38.05 至少2%；成交量>=20日均量2倍；不可長上影；回踩須有近10日突破紀錄且不有效跌破頸線；距離頸線>5%禁止進場,0,C,禁止追高,已漲遠或接近目標，空手不追；持有者依策略分批處理。,False,2026-10-05,True,True,STOP,STOP 停止進場,突破買點,取消新進場，只保留觀察,只看續抱 / 減碼 / 停利 / 停損，不新增部位。,停止新進場，先保留現金，等待大盤止跌。,停止新進場，禁止顯示今日可進場。,False,False
2026-10-05,2026-10-05,收盤確認價,臺灣證券交易所 / 證券櫃檯買賣中心正式收盤；yfinance 歷史資料,只使用完整收盤日K，不使用盤中未完成K,上櫃,5309,系統電,67.1,69.0,65.2,63.48,57.81,54.13,53.79,61.55,6.34,2.13,False,13426361,4606654,900908823,284267643,2.95,True,True,44.15,下影線,,True,True,False,False,2,False,C級：已漲遠或接近目標，禁止追高,趨勢多頭、量能放大,旗型整理突破,59.1,51.42,74.1,突破第一根,60.28,59.1,60.28,62.09,57.33,14.56,低,13.54,1.32,0.72,10.43,67.1,2.83,True,False,True,距離頸線或前高過遠，禁止追高,頸線以當日前20日高點計算；收盤站上頸線 59.1 至少2%；成交量>=20日均量2倍；不可長上影；回踩須有近10日突破紀錄且不有效跌破頸線；距離頸線>5%禁止進場,0,C,禁止追高,已漲遠或接近目標，空手不追；持有者依策略分批處理。,False,2026-10-05,True,True,STOP,STOP 停止進場,接近目標,取消新進場，只保留觀察,只看續抱 / 減碼 / 停利 / 停損，不新增部位。,停止新進場，先保留現金，等待大盤止跌。,停止新進場，禁止顯示今日可進場。,False,False
2026-10-05,2026-10-05,收盤確認價,臺灣證券交易所 / 證券櫃檯買賣中心正式收盤；yfinance 歷史資料,只使用完整收盤日K，不使用盤中未完成K,上櫃,5016,松和,27.0,28.95,27.0,26.81,25.72,25.14,24.57,25.29,11.57,-5.59,False,373363,114865,10080801,3205341,2.74,False,True,42.91,長黑,,True,True,False,False,2,False,C級：已漲遠或接近目標，禁止追高,趨勢多頭、量能放大,接近成形,25.85,24.15,28.1,突破第一根,26.37,25.85,26.37,27.16,25.07,7.13,低,4.45,8.16,0.57,4.07,27.0,0.0,True,True,True,接近目標區，只給持有者分批停利參考，空手不追高,頸線以當日前20日高點計算；收盤站上頸線 25.85 至少2%；成交量>=20日均量2倍；不可長上影；回踩須有近10日突破紀錄且不有效跌破頸線；距離頸線>5%禁止進場,0,C,禁止追高,已漲遠或接近目標，空手不追；持有者依策略分批處理。,False,2026-10-05,True,True,STOP,STOP 停止進場,接近目標,取消新進場，只保留觀察,只看續抱 / 減碼 / 停利 / 停損，不新增部位。,停止新進場，先保留現金，等待大盤止跌。,停止新進場，禁止顯示今日可進場。,False,False
2026-10-05,2026-10-05,收盤確認價,臺灣證券交易所 / 證券櫃檯買賣中心正式收盤；yfinance 歷史資料,只使用完整收盤日K，不使用盤中未完成K,上櫃,3564,其陽,61.7,61.7,61.7,53.96,51.66,49.89,47.78,46.94,14.05,9.98,True,891986,419227,55035536,21890863,3.8,False,True,23.24,資料不足,,True,True,False,False,2,False,C級：已漲遠或接近目標，禁止追高,趨勢多頭、量能放大,三角收斂突破,53.4,47.4,67.3,突破第一根,54.47,53.4,54.47,56.1,51.8,16.05,低,15.54,9.98,0.57,9.08,61.7,0.0,True,False,True,距離頸線或前高過遠，禁止追高,頸線以當日前20日高點計算；收盤站上頸線 53.4 至少2%；成交量>=20日均量2倍；不可長上影；回踩須有近10日突破紀錄且不有效跌破頸線；距離頸線>5%禁止進場,0,C,禁止追高,已漲遠或接近目標，空手不追；持有者依策略分批處理。,False,2026-10-05,True,True,STOP,STOP 停止進場,接近目標,取消新進場，只保留觀察,只看續抱 / 減碼 / 停利 / 停損，不新增部位。,停止新進場，先保留現金，等待大盤止跌。,停止新進場，禁止顯示今日可進場。,False,False
2026-10-05,2026-10-05,收盤確認價,臺灣證券交易所 / 證券櫃檯買賣中心正式收盤；yfinance 歷史資料,只使用完整收盤日K，不使用盤中未完成K,上市,1735,日勝化,24.35,24.35,23.1,21.38,20.89,20.42,20.34,20.49,10.68,9.93,True,899047,98633,21891794,2209239,3.27,False,True,17.96,紅K突破,,True,True,False,False,2,False,C級：已漲遠或接近目標，禁止追高,趨勢多頭、量能放大,三角收斂突破,21.45,19.4,24.9,突破第一根,21.88,21.45,21.88,22.54,20.81,14.55,低,13.52,7.74,0.16,2.26,24.35,0.0,True,True,True,接近目標區，只給持有者分批停利參考，空手不追高,頸線以當日前20日高點計算；收盤站上頸線 21.45 至少2%；成交量>=20日均量2倍；不可長上影；回踩須有近10日突破紀錄且不有效跌破頸線；距離頸線>5%禁止進場,0,C,禁止追高,已漲遠或接近目標，空手不追；持有者依策略分批處理。,False,2026-10-05,True,True,STOP,STOP 停止進場,接近目標,取消新進場，只保留觀察,只看續抱 / 減碼 / 停利 / 停損，不新增部位。,停止新進場，先保留現金，等待大盤止跌。,停止新進場，禁止顯示今日可進場。,False,False
2026-10-05,2026-10-05,收盤確認價,臺灣證券交易所 / 證券櫃檯買賣中心正式收盤；yfinance 歷史資料,只使用完整收盤日K，不使用盤中未完成K,上櫃,3597,映興,30.45,30.45,28.35,28.44,27.79,27.13,26.69,26.23,12.36,9.93,True,1214738,105855,36988772,3091272,2.77,False,True,38.28,紅K突破,,True,True,False,False,2,False,C級：已漲遠或接近目標，禁止追高,趨勢多頭、量能放大,箱型突破,27.45,25.85,30.7,突破第一根,28.0,27.45,28.0,28.84,26.63,12.56,低,10.93,6.1,0.07,0.82,30.45,0.0,True,True,True,接近目標區，只給持有者分批停利參考，空手不追高,頸線以當日前20日高點計算；收盤站上頸線 27.45 至少2%；成交量>=20日均量2倍；不可長上影；回踩須有近10日突破紀錄且不有效跌破頸線；距離頸線>5%禁止進場,0,C,禁止追高,已漲遠或接近目標，空手不追；持有者依策略分批處理。,False,2026-10-05,True,True,STOP,STOP 停止進場,接近目標,取消新進場，只保留觀察,只看續抱 / 減碼 / 停利 / 停損，不新增部位。,停止新進場，先保留現金，等待大盤止跌。,停止新進場，禁止顯示今日可進場。,False,False
2026-10-05,2026-10-05,收盤確認價,臺灣證券交易所 / 證券櫃檯買賣中心正式收盤；yfinance 歷史資料,只使用完整收盤日K，不使用盤中未完成K,上市,2033,佳大,51.0,56.3,49.8,45.92,40.88,34.02,23.94,17.95,222.78,-0.39,False,7940687,2542016,404975037,94055005,5.5,True,True,59.0,長黑,,True,True,False,False,2,False,C級：已漲遠或接近目標，禁止追高,趨勢多頭、量能放大,旗型整理突破,30.85,32.32,47.25,突破第一根,31.47,30.85,31.47,32.41,29.92,41.32,低,65.32,0.39,0.0,0.0,51.0,0.0,True,True,True,接近目標區，只給持有者分批停利參考，空手不追高,頸線以當日前20日高點計算；收盤站上頸線 30.85 至少2%；成交量>=20日均量2倍；不可長上影；回踩須有近10日突破紀錄且不有效跌破頸線；距離頸線>5%禁止進場,0,C,禁止追高,已漲遠或接近目標，空手不追；持有者依策略分批處理。,False,2026-10-05,True,True,STOP,STOP 停止進場,接近目標,取消新進場，只保留觀察,只看續抱 / 減碼 / 停利 / 停損，不新增部位。,停止新進場，先保留現金，等待大盤止跌。,停止新進場，禁止顯示今日可進場。,False,False
2026-10-05,2026-10-05,收盤確認價,臺灣證券交易所 / 證券櫃檯買賣中心正式收盤；yfinance 歷史資料,只使用完整收盤日K，不使用盤中未完成K,上櫃,5228,鈺鎧,47.75,52.8,47.45,43.72,41.85,41.18,41.93,34.67,-13.81,-0.62,False,3463335,487798,165374246,21976531,3.94,False,True,18.48,長黑,,False,True,False,False,1,False,C級：已漲遠或接近目標，禁止追高,量能放大,旗型整理突破,45.0,39.12,56.35,突破第一根,45.9,45.0,45.9,47.28,43.65,8.59,低,6.11,15.04,2.1,18.01,47.75,1.68,True,False,True,距離頸線或前高過遠，禁止追高,頸線以當日前20日高點計算；收盤站上頸線 45.0 至少2%；成交量>=20日均量2倍；不可長上影；回踩須有近10日突破紀錄且不有效跌破頸線；距離頸線>5%禁止進場,0,C,禁止追高,已漲遠或接近目標，空手不追；持有者依策略分批處理。,False,2026-10-05,True,True,STOP,STOP 停止進場,突破買點,取消新進場，只保留觀察,只看續抱 / 減碼 / 停利 / 停損，不新增部位。,停止新進場，先保留現金，等待大盤止跌。,停止新進場，禁止顯示今日可進場。,False,False
2026-10-05,2026-10-05,收盤確認價,臺灣證券交易所 / 證券櫃檯買賣中心正式收盤；yfinance 歷史資料,只使用完整收盤日K，不使用盤中未完成K,上市,2204,中華,51.1,51.8,50.9,51.86,52.24,52.6,53.28,55.99,-10.35,-1.16,False,1690168,512664,86367584,26861985,0.58,False,True,37.28,一般K,,False,True,False,False,1,False,C級：已漲遠或接近目標，禁止追高,量能放大,三角收斂突破,55.1,51.7,60.2,接近成形＋可觀察,56.2,55.1,56.2,57.89,53.45,4.9,低,-7.26,12.2,1.45,7.11,56.2,0.0,False,False,True,距離頸線或前高過遠，禁止追高,頸線以當日前20日高點計算；收盤站上頸線 55.1 至少2%；成交量>=20日均量2倍；不可長上影；回踩須有近10日突破紀錄且不有效跌破頸線；距離頸線>5%禁止進場,0,C,禁止追高,已漲遠或接近目標，空手不追；持有者依策略分批處理。,False,2026-10-05,True,True,STOP,STOP 停止進場,觀察,取消新進場，只保留觀察,只看續抱 / 減碼 / 停利 / 停損，不新增部位。,停止新進場，先保留現金，等待大盤止跌。,停止新進場，禁止顯示今日可進場。,False,False
2026-10-05,2026-10-05,收盤確認價,臺灣證券交易所 / 證券櫃檯買賣中心正式收盤；yfinance 歷史資料,只使用完整收盤日K，不使用盤中未完成K,上櫃,4192,杏國,17.8,18.25,17.75,18.44,18.35,18.55,19.11,21.87,-13.17,-4.56,False,55537,9612,988558,176415,2.55,False,True,41.98,一般K,,False,True,False,False,1,False,C級：已漲遠或接近目標，禁止追高,量能放大,三角收斂突破,19.45,17.65,21.25,接近成形＋可觀察,19.84,19.45,19.84,20.43,18.87,4.9,低,-8.48,15.04,1.45,7.11,19.84,0.84,False,False,True,距離頸線或前高過遠，禁止追高,頸線以當日前20日高點計算；收盤站上頸線 19.45 至少2%；成交量>=20日均量2倍；不可長上影；回踩須有近10日突破紀錄且不有效跌破頸線；距離頸線>5%禁止進場,0,C,禁止追高,已漲遠或接近目標，空手不追；持有者依策略分批處理。,False,2026-10-05,True,True,STOP,STOP 停止進場,觀察,取消新進場，只保留觀察,只看續抱 / 減碼 / 停利 / 停損，不新增部位。,停止新進場，先保留現金，等待大盤止跌。,停止新進場，禁止顯示今日可進場。,False,False
2026-10-05,2026-10-05,收盤確認價,臺灣證券交易所 / 證券櫃檯買賣中心正式收盤；yfinance 歷史資料,只使用完整收盤日K，不使用盤中未完成K,上市,2367,燿華,49.65,49.65,45.55,44.79,43.19,42.14,42.97,47.53,-3.59,9.97,True,31483475,4683382,1563154533,209093221,2.82,True,True,38.12,紅K突破,,False,True,False,False,1,False,C級：已漲遠或接近目標，禁止追高,量能放大,箱型突破,45.35,40.03,57.65,突破第一根,46.26,45.35,46.26,47.64,43.99,11.4,低,9.48,5.43,1.41,16.11,49.65,0.0,False,False,True,距離頸線或前高過遠，禁止追高,頸線以當日前20日高點計算；收盤站上頸線 45.35 至少2%；成交量>=20日均量2倍；不可長上影；回踩須有近10日突破紀錄且不有效跌破頸線；距離頸線>5%禁止進場,0,C,禁止追高,已漲遠或接近目標，空手不追；持有者依策略分批處理。,False,2026-10-05,True,True,STOP,STOP 停止進場,突破買點,取消新進場，只保留觀察,只看續抱 / 減碼 / 停利 / 停損，不新增部位。,停止新進場，先保留現金，等待大盤止跌。,停止新進場，禁止顯示今日可進場。,False,False
2026-10-05,2026-10-05,收盤確認價,臺灣證券交易所 / 證券櫃檯買賣中心正式收盤；yfinance 歷史資料,只使用完整收盤日K，不使用盤中未完成K,上櫃,6821,聯寶,45.5,48.4,45.5,43.59,42.18,41.43,42.35,45.34,-11.82,-2.05,False,797143,145830,36270006,6330253,2.92,False,True,33.75,一般K,,False,True,False,False,1,False,C級：已漲遠或接近目標，禁止追高,量能放大,三角收斂突破,43.5,39.5,50.0,突破第一根,44.37,43.5,44.37,45.7,42.2,7.26,低,4.6,17.12,1.36,9.89,45.5,2.86,True,False,True,距離頸線或前高過遠，禁止追高,頸線以當日前20日高點計算；收盤站上頸線 43.5 至少2%；成交量>=20日均量2倍；不可長上影；回踩須有近10日突破紀錄且不有效跌破頸線；距離頸線>5%禁止進場,0,C,禁止追高,已漲遠或接近目標，空手不追；持有者依策略分批處理。,False,2026-10-05,True,True,STOP,STOP 停止進場,接近目標,取消新進場，只保留觀察,只看續抱 / 減碼 / 停利 / 停損，不新增部位。,停止新進場，先保留現金，等待大盤止跌。,停止新進場，禁止顯示今日可進場。,False,False
2026-10-05,2026-10-05,收盤確認價,臺灣證券交易所 / 證券櫃檯買賣中心正式收盤；yfinance 歷史資料,只使用完整收盤日K，不使用盤中未完成K,上櫃,8455,大拓-KY,22.1,22.2,22.1,22.1,22.27,22.71,23.99,24.57,-17.23,-0.0,False,15185,5434,335588,122506,1.77,False,True,10.92,一般K,,False,True,False,False,1,False,C級：已漲遠或接近目標，禁止追高,量能放大,三角收斂突破,24.2,22.1,26.3,接近成形＋可觀察,24.68,24.2,24.68,25.42,23.47,4.9,低,-8.68,20.5,1.34,6.55,24.68,0.45,False,False,True,距離頸線或前高過遠，禁止追高,頸線以當日前20日高點計算；收盤站上頸線 24.2 至少2%；成交量>=20日均量2倍；不可長上影；回踩須有近10日突破紀錄且不有效跌破頸線；距離頸線>5%禁止進場,0,C,禁止追高,已漲遠或接近目標，空手不追；持有者依策略分批處理。,False,2026-10-05,True,True,STOP,STOP 停止進場,觀察,取消新進場，只保留觀察,只看續抱 / 減碼 / 停利 / 停損，不新增部位。,停止新進場，先保留現金，等待大盤止跌。,停止新進場，禁止顯示今日可進場。,False,False
2026-10-05,2026-10-05,收盤確認價,臺灣證券交易所 / 證券櫃檯買賣中心正式收盤；yfinance 歷史資料,只使用完整收盤日K，不使用盤中未完成K,上櫃,3402,漢科,140.0,142.5,139.5,136.7,132.45,128.2,129.21,130.34,-2.1,0.36,False,745451,286025,104363140,37706511,1.62,True,True,52.58,一般K,,False,True,False,False,1,False,C級：已漲遠或接近目標，禁止追高,量能放大,三角收斂突破,132.5,121.79,155.0,突破第一根,135.15,132.5,135.15,139.2,128.53,8.2,低,5.66,12.77,1.31,10.71,140.0,1.43,True,False,True,距離頸線或前高過遠，禁止追高,頸線以當日前20日高點計算；收盤站上頸線 132.5 至少2%；成交量>=20日均量2倍；不可長上影；回踩須有近10日突破紀錄且不有效跌破頸線；距離頸線>5%禁止進場,0,C,禁止追高,已漲遠或接近目標，空手不追；持有者依策略分批處理。,False,2026-10-05,True,True,STOP,STOP 停止進場,接近目標,取消新進場，只保留觀察,只看續抱 / 減碼 / 停利 / 停損，不新增部位。,停止新進場，先保留現金，等待大盤止跌。,停止新進場，禁止顯示今日可進場。,False,False
2026-10-05,2026-10-05,收盤確認價,臺灣證券交易所 / 證券櫃檯買賣中心正式收盤；yfinance 歷史資料,只使用完整收盤日K，不使用盤中未完成K,上櫃,1294,漢田生技,49.8,49.9,49.4,50.07,50.52,51.37,54.6,62.74,-15.59,0.1,False,34220,16052,1704156,821562,0.79,False,True,73.99,紅K突破,,False,True,False,False,1,False,C級：已漲遠或接近目標，禁止追高,量能放大,三角收斂突破,53.9,49.3,58.5,接近成形＋可觀察,54.98,53.9,54.98,56.63,52.28,4.9,低,-7.61,18.36,1.31,6.41,54.98,0.2,False,False,True,距離頸線或前高過遠，禁止追高,頸線以當日前20日高點計算；收盤站上頸線 53.9 至少2%；成交量>=20日均量2倍；不可長上影；回踩須有近10日突破紀錄且不有效跌破頸線；距離頸線>5%禁止進場,0,C,禁止追高,已漲遠或接近目標，空手不追；持有者依策略分批處理。,False,2026-10-05,True,True,STOP,STOP 停止進場,觀察,取消新進場，只保留觀察,只看續抱 / 減碼 / 停利 / 停損，不新增部位。,停止新進場，先保留現金，等待大盤止跌。,停止新進場，禁止顯示今日可進場。,False,False
2026-10-05,2026-10-05,收盤確認價,臺灣證券交易所 / 證券櫃檯買賣中心正式收盤；yfinance 歷史資料,只使用完整收盤日K，不使用盤中未完成K,上櫃,3541,西柏,24.6,24.85,24.4,24.48,24.06,22.98,22.04,23.42,10.81,0.2,False,53075,107241,1305645,2591207,2.24,False,True,41.97,一般K,,True,False,False,False,1,False,C級：已漲遠或接近目標，禁止追高,趨勢多頭,接近成形,22.4,21.83,24.3,接近成形＋可觀察,22.85,22.4,22.85,23.53,21.73,4.9,低,9.82,4.65,1.3,6.36,22.85,1.02,True,True,True,接近目標區，只給持有者分批停利參考，空手不追高,頸線以當日前20日高點計算；收盤站上頸線 22.4 至少2%；成交量>=20日均量2倍；不可長上影；回踩須有近10日突破紀錄且不有效跌破頸線；距離頸線>5%禁止進場,0,C,禁止追高,已漲遠或接近目標，空手不追；持有者依策略分批處理。,False,2026-10-05,True,True,STOP,STOP 停止進場,接近目標,取消新進場，只保留觀察,只看續抱 / 減碼 / 停利 / 停損，不新增部位。,停止新進場，先保留現金，等待大盤止跌。,停止新進場，禁止顯示今日可進場。,False,False
2026-10-05,2026-10-05,收盤確認價,臺灣證券交易所 / 證券櫃檯買賣中心正式收盤；yfinance 歷史資料,只使用完整收盤日K，不使用盤中未完成K,上櫃,8091,翔名,240.0,246.5,234.5,225.9,220.8,215.78,227.72,179.26,-18.64,1.27,False,1812406,364000,434977440,80780262,2.53,True,True,26.3,一般K,,False,True,False,False,1,False,C級：已漲遠或接近目標，禁止追高,量能放大,三角收斂突破,226.5,204.99,264.0,突破第一根,231.03,226.5,231.03,237.96,219.7,8.46,低,5.96,19.73,1.18,10.0,240.0,0.21,True,False,True,距離頸線或前高過遠，禁止追高,頸線以當日前20日高點計算；收盤站上頸線 226.5 至少2%；成交量>=20日均量2倍；不可長上影；回踩須有近10日突破紀錄且不有效跌破頸線；距離頸線>5%禁止進場,0,C,禁止追高,已漲遠或接近目標，空手不追；持有者依策略分批處理。,False,2026-10-05,True,True,STOP,STOP 停止進場,接近目標,取消新進場，只保留觀察,只看續抱 / 減碼 / 停利 / 停損，不新增部位。,停止新進場，先保留現金，等待大盤止跌。,停止新進場，禁止顯示今日可進場。,False,False
2026-10-05,2026-10-05,收盤確認價,臺灣證券交易所 / 證券櫃檯買賣中心正式收盤；yfinance 歷史資料,只使用完整收盤日K，不使用盤中未完成K,上櫃,1799,易威,28.6,29.2,28.5,28.79,28.83,29.11,30.91,34.3,-14.5,-1.38,False,202271,97391,5784950,2834730,1.02,False,True,22.83,一般K,,False,True,False,False,1,False,C級：已漲遠或接近目標，禁止追高,量能放大,三角收斂突破,30.5,28.35,32.65,接近成形＋可觀察,31.11,30.5,31.11,32.04,29.59,4.9,低,-6.23,27.23,1.01,4.95,31.11,0.0,False,False,True,距離頸線或前高過遠，禁止追高,頸線以當日前20日高點計算；收盤站上頸線 30.5 至少2%；成交量>=20日均量2倍；不可長上影；回踩須有近10日突破紀錄且不有效跌破頸線；距離頸線>5%禁止進場,0,C,禁止追高,已漲遠或接近目標，空手不追；持有者依策略分批處理。,False,2026-10-05,True,True,STOP,STOP 停止進場,觀察,取消新進場，只保留觀察,只看續抱 / 減碼 / 停利 / 停損，不新增部位。,停止新進場，先保留現金，等待大盤止跌。,停止新進場，禁止顯示今日可進場。,False,False
2026-10-05,2026-10-05,收盤確認價,臺灣證券交易所 / 證券櫃檯買賣中心正式收盤；yfinance 歷史資料,只使用完整收盤日K，不使用盤中未完成K,上櫃,8086,宏捷科,129.0,132.0,120.5,117.7,113.85,111.47,116.09,124.85,-5.15,7.5,False,18888656,3376763,2436636624,394751789,2.66,True,True,28.6,紅K突破,,False,True,False,False,1,False,C級：已漲遠或接近目標，禁止追高,量能放大,三角收斂突破,120.5,105.9,140.5,突破第一根,122.91,120.5,122.91,126.6,116.88,9.39,低,7.05,8.83,0.95,8.91,129.0,2.33,False,False,True,距離頸線或前高過遠，禁止追高,頸線以當日前20日高點計算；收盤站上頸線 120.5 至少2%；成交量>=20日均量2倍；不可長上影；回踩須有近10日突破紀錄且不有效跌破頸線；距離頸線>5%禁止進場,0,C,禁止追高,已漲遠或接近目標，空手不追；持有者依策略分批處理。,False,2026-10-05,True,True,STOP,STOP 停止進場,接近目標,取消新進場，只保留觀察,只看續抱 / 減碼 / 停利 / 停損，不新增部位。,停止新進場，先保留現金，等待大盤止跌。,停止新進場，禁止顯示今日可進場。,False,False
2026-10-05,2026-10-05,收盤確認價,臺灣證券交易所 / 證券櫃檯買賣中心正式收盤；yfinance 歷史資料,只使用完整收盤日K，不使用盤中未完成K,上櫃,6469,大樹,63.3,64.5,63.0,64.22,64.42,65.24,70.4,84.16,-18.85,-1.86,False,729921,301291,46203999,19573492,1.0,False,True,53.29,一般K,,False,True,False,False,1,False,C級：已漲遠或接近目標，禁止追高,量能放大,三角收斂突破,68.0,63.7,72.3,接近成形＋可觀察,69.36,68.0,69.36,71.44,65.96,4.9,低,-6.91,21.85,0.86,4.24,69.36,0.0,False,False,True,距離頸線或前高過遠，禁止追高,頸線以當日前20日高點計算；收盤站上頸線 68.0 至少2%；成交量>=20日均量2倍；不可長上影；回踩須有近10日突破紀錄且不有效跌破頸線；距離頸線>5%禁止進場,0,C,禁止追高,已漲遠或接近目標，空手不追；持有者依策略分批處理。,False,2026-10-05,True,True,STOP,STOP 停止進場,觀察,取消新進場，只保留觀察,只看續抱 / 減碼 / 停利 / 停損，不新增部位。,停止新進場，先保留現金，等待大盤止跌。,停止新進場，禁止顯示今日可進場。,False,False
2026-10-05,2026-10-05,收盤確認價,臺灣證券交易所 / 證券櫃檯買賣中心正式收盤；yfinance 歷史資料,只使用完整收盤日K，不使用盤中未完成K,上櫃,1781,合世,9.8,9.99,9.8,9.95,10.03,10.08,10.85,11.54,-17.99,-1.9,False,35271,15029,345655,150833,1.01,False,True,62.91,一般K,,False,True,False,False,1,False,C級：已漲遠或接近目標，禁止追高,量能放大,三角收斂突破,10.45,9.82,11.08,接近成形＋可觀察,10.66,10.45,10.66,10.98,10.14,4.9,低,-6.22,20.97,0.81,3.95,10.66,0.0,False,False,True,距離頸線或前高過遠，禁止追高,頸線以當日前20日高點計算；收盤站上頸線 10.45 至少2%；成交量>=20日均量2倍；不可長上影；回踩須有近10日突破紀錄且不有效跌破頸線；距離頸線>5%禁止進場,0,C,禁止追高,已漲遠或接近目標，空手不追；持有者依策略分批處理。,False,2026-10-05,True,True,STOP,STOP 停止進場,觀察,取消新進場，只保留觀察,只看續抱 / 減碼 / 停利 / 停損，不新增部位。,停止新進場，先保留現金，等待大盤止跌。,停止新進場，禁止顯示今日可進場。,False,False
2026-10-05,2026-10-05,收盤確認價,臺灣證券交易所 / 證券櫃檯買賣中心正式收盤；yfinance 歷史資料,只使用完整收盤日K，不使用盤中未完成K,上櫃,5213,亞昕,20.15,20.5,20.0,20.61,20.66,20.69,21.22,23.99,-9.03,-1.95,False,966735,225173,19479710,4635217,1.0,False,True,22.47,一般K,,False,True,False,False,1,False,C級：已漲遠或接近目標，禁止追高,量能放大,三角收斂突破,21.45,20.2,22.7,接近成形＋可觀察,21.88,21.45,21.88,22.54,20.81,4.9,低,-6.06,10.64,0.77,3.75,21.88,0.0,False,False,True,距離頸線或前高過遠，禁止追高,頸線以當日前20日高點計算；收盤站上頸線 21.45 至少2%；成交量>=20日均量2倍；不可長上影；回踩須有近10日突破紀錄且不有效跌破頸線；距離頸線>5%禁止進場,0,C,禁止追高,已漲遠或接近目標，空手不追；持有者依策略分批處理。,False,2026-10-05,True,True,STOP,STOP 停止進場,觀察,取消新進場，只保留觀察,只看續抱 / 減碼 / 停利 / 停損，不新增部位。,停止新進場，先保留現金，等待大盤止跌。,停止新進場，禁止顯示今日可進場。,False,False
2026-10-05,2026-10-05,收盤確認價,臺灣證券交易所 / 證券櫃檯買賣中心正式收盤；yfinance 歷史資料,只使用完整收盤日K，不使用盤中未完成K,上櫃,3521,台鋼建設,11.55,11.8,11.55,11.79,11.85,11.98,12.22,13.21,-15.07,-2.12,False,109417,45436,1263766,544450,1.14,False,True,12.09,一般K,,False,True,False,False,1,False,C級：已漲遠或接近目標，禁止追高,量能放大,三角收斂突破,12.3,11.6,13.0,接近成形＋可觀察,12.55,12.3,12.55,12.92,11.93,4.9,低,-6.1,15.07,0.74,3.62,12.55,0.0,False,False,True,距離頸線或前高過遠，禁止追高,頸線以當日前20日高點計算；收盤站上頸線 12.3 至少2%；成交量>=20日均量2倍；不可長上影；回踩須有近10日突破紀錄且不有效跌破頸線；距離頸線>5%禁止進場,0,C,禁止追高,已漲遠或接近目標，空手不追；持有者依策略分批處理。,False,2026-10-05,True,True,STOP,STOP 停止進場,觀察,取消新進場，只保留觀察,只看續抱 / 減碼 / 停利 / 停損，不新增部位。,停止新進場，先保留現金，等待大盤止跌。,停止新進場，禁止顯示今日可進場。,False,False
2026-10-05,2026-10-05,收盤確認價,臺灣證券交易所 / 證券櫃檯買賣中心正式收盤；yfinance 歷史資料,只使用完整收盤日K，不使用盤中未完成K,上櫃,3632,研勤,7.05,7.08,7.05,7.11,7.13,7.14,7.58,8.75,-17.93,-0.42,False,27270,10958,192253,78173,0.63,False,True,41.82,一般K,,False,True,False,False,1,False,C級：已漲遠或接近目標，禁止追高,量能放大,三角收斂突破,7.43,7.06,7.8,接近成形＋可觀察,7.58,7.43,7.58,7.81,7.21,4.9,低,-5.11,21.67,0.6,2.92,7.58,0.0,False,False,True,距離頸線或前高過遠，禁止追高,頸線以當日前20日高點計算；收盤站上頸線 7.43 至少2%；成交量>=20日均量2倍；不可長上影；回踩須有近10日突破紀錄且不有效跌破頸線；距離頸線>5%禁止進場,0,C,禁止追高,已漲遠或接近目標，空手不追；持有者依策略分批處理。,False,2026-10-05,True,True,STOP,STOP 停止進場,接近目標,取消新進場，只保留觀察,只看續抱 / 減碼 / 停利 / 停損，不新增部位。,停止新進場，先保留現金，等待大盤止跌。,停止新進場，禁止顯示今日可進場。,False,False
2026-10-05,2026-10-05,收盤確認價,臺灣證券交易所 / 證券櫃檯買賣中心正式收盤；yfinance 歷史資料,只使用完整收盤日K，不使用盤中未完成K,上櫃,3268,海德威,23.1,23.75,21.9,21.92,20.74,19.21,19.33,18.03,10.26,6.7,False,1042131,137314,24073226,2907268,3.21,False,True,35.63,紅K突破,,False,True,False,False,1,False,C級：已漲遠或接近目標，禁止追高,量能放大,接近成形,20.6,18.25,24.55,突破第一根,21.01,20.6,21.01,21.64,19.98,13.5,低,12.14,5.0,0.47,6.28,23.1,2.81,True,False,True,距離頸線或前高過遠，禁止追高,頸線以當日前20日高點計算；收盤站上頸線 20.6 至少2%；成交量>=20日均量2倍；不可長上影；回踩須有近10日突破紀錄且不有效跌破頸線；距離頸線>5%禁止進場,0,C,禁止追高,已漲遠或接近目標，空手不追；持有者依策略分批處理。,False,2026-10-05,True,True,STOP,STOP 停止進場,接近目標,取消新進場，只保留觀察,只看續抱 / 減碼 / 停利 / 停損，不新增部位。,停止新進場，先保留現金，等待大盤止跌。,停止新進場，禁止顯示今日可進場。,False,False
2026-10-05,2026-10-05,收盤確認價,臺灣證券交易所 / 證券櫃檯買賣中心正式收盤；yfinance 歷史資料,只使用完整收盤日K，不使用盤中未完成K,上櫃,8437,大地-KY,11.0,11.0,10.4,10.48,10.02,9.57,9.44,13.13,10.0,4.76,False,116856,47745,1285416,484502,3.28,False,True,36.01,紅K突破,,False,True,False,False,1,False,C級：已漲遠或接近目標，禁止追高,量能放大,接近成形,9.89,9.09,11.05,突破第一根,10.09,9.89,10.09,10.39,9.59,12.79,低,11.22,0.46,0.04,0.45,11.0,0.0,True,True,True,接近目標區，只給持有者分批停利參考，空手不追高,頸線以當日前20日高點計算；收盤站上頸線 9.89 至少2%；成交量>=20日均量2倍；不可長上影；回踩須有近10日突破紀錄且不有效跌破頸線；距離頸線>5%禁止進場,0,C,禁止追高,已漲遠或接近目標，空手不追；持有者依策略分批處理。,False,2026-10-05,True,True,STOP,STOP 停止進場,接近目標,取消新進場，只保留觀察,只看續抱 / 減碼 / 停利 / 停損，不新增部位。,停止新進場，先保留現金，等待大盤止跌。,停止新進場，禁止顯示今日可進場。,False,False
2026-10-05,2026-10-05,收盤確認價,臺灣證券交易所 / 證券櫃檯買賣中心正式收盤；yfinance 歷史資料,只使用完整收盤日K，不使用盤中未完成K,上櫃,6266,泰詠,27.0,27.8,26.95,25.74,25.32,25.09,24.98,27.51,6.72,0.37,False,2055811,336515,55506897,8885455,1.8,False,True,20.18,一般K,,False,True,False,False,1,False,C級：已漲遠或接近目標，禁止追高,量能放大,箱型突破,25.2,24.4,26.95,突破第一根,25.7,25.2,25.7,26.48,24.44,9.47,低,7.14,1.46,0.0,0.0,27.0,0.37,True,True,True,接近目標區，只給持有者分批停利參考，空手不追高,頸線以當日前20日高點計算；收盤站上頸線 25.2 至少2%；成交量>=20日均量2倍；不可長上影；回踩須有近10日突破紀錄且不有效跌破頸線；距離頸線>5%禁止進場,0,C,禁止追高,已漲遠或接近目標，空手不追；持有者依策略分批處理。,False,2026-10-05,True,True,STOP,STOP 停止進場,接近目標,取消新進場，只保留觀察,只看續抱 / 減碼 / 停利 / 停損，不新增部位。,停止新進場，先保留現金，等待大盤止跌。,停止新進場，禁止顯示今日可進場。,False,False
2026-10-05,2026-10-05,收盤確認價,臺灣證券交易所 / 證券櫃檯買賣中心正式收盤；yfinance 歷史資料,只使用完整收盤日K，不使用盤中未完成K,上櫃,6126,信音,33.4,34.35,31.2,31.43,31.13,30.18,30.48,32.82,-4.84,6.88,False,4609342,704189,153952022,22120279,2.35,False,True,43.01,紅K突破,,False,True,False,False,1,False,C級：已漲遠或接近目標，禁止追高,量能放大,箱型突破,30.5,28.67,32.85,突破第一根,31.11,30.5,31.11,32.04,29.59,11.42,低,9.51,6.31,0.0,0.0,33.4,2.84,True,True,True,接近目標區，只給持有者分批停利參考，空手不追高,頸線以當日前20日高點計算；收盤站上頸線 30.5 至少2%；成交量>=20日均量2倍；不可長上影；回踩須有近10日突破紀錄且不有效跌破頸線；距離頸線>5%禁止進場,0,C,禁止追高,已漲遠或接近目標，空手不追；持有者依策略分批處理。,False,2026-10-05,True,True,STOP,STOP 停止進場,接近目標,取消新進場，只保留觀察,只看續抱 / 減碼 / 停利 / 停損，不新增部位。,停止新進場，先保留現金，等待大盤止跌。,停止新進場，禁止顯示今日可進場。,False,False
2026-10-05,2026-10-05,收盤確認價,臺灣證券交易所 / 證券櫃檯買賣中心正式收盤；yfinance 歷史資料,只使用完整收盤日K，不使用盤中未完成K,上櫃,5011,久陽,22.45,22.45,21.6,19.81,18.96,18.58,18.76,15.19,-2.39,9.78,True,1030844,260939,23142447,5103937,3.18,False,True,30.62,紅K突破,,False,True,False,False,1,False,C級：已漲遠或接近目標，禁止追高,量能放大,箱型突破,19.25,17.85,21.85,突破第一根,19.64,19.25,19.64,20.22,18.67,16.83,低,16.62,4.67,0.0,0.0,22.45,0.0,True,True,True,接近目標區，只給持有者分批停利參考，空手不追高,頸線以當日前20日高點計算；收盤站上頸線 19.25 至少2%；成交量>=20日均量2倍；不可長上影；回踩須有近10日突破紀錄且不有效跌破頸線；距離頸線>5%禁止進場,0,C,禁止追高,已漲遠或接近目標，空手不追；持有者依策略分批處理。,False,2026-10-05,True,True,STOP,STOP 停止進場,接近目標,取消新進場，只保留觀察,只看續抱 / 減碼 / 停利 / 停損，不新增部位。,停止新進場，先保留現金，等待大盤止跌。,停止新進場，禁止顯示今日可進場。,False,False
2026-10-05,2026-10-05,收盤確認價,臺灣證券交易所 / 證券櫃檯買賣中心正式收盤；yfinance 歷史資料,只使用完整收盤日K，不使用盤中未完成K,上櫃,5205,中茂,25.05,25.05,23.0,20.96,19.25,19.42,20.83,26.21,8.44,9.87,True,21401,6658,536095,141888,4.83,False,True,62.04,紅K突破,,False,True,False,False,1,False,C級：已漲遠或接近目標，禁止追高,量能放大,接近成形,20.75,18.45,25.0,突破第一根,21.16,20.75,21.16,21.8,20.13,19.65,低,20.72,8.44,0.0,0.0,25.05,0.0,True,True,True,接近目標區，只給持有者分批停利參考，空手不追高,頸線以當日前20日高點計算；收盤站上頸線 20.75 至少2%；成交量>=20日均量2倍；不可長上影；回踩須有近10日突破紀錄且不有效跌破頸線；距離頸線>5%禁止進場,0,C,禁止追高,已漲遠或接近目標，空手不追；持有者依策略分批處理。,False,2026-10-05,True,True,STOP,STOP 停止進場,接近目標,取消新進場，只保留觀察,只看續抱 / 減碼 / 停利 / 停損，不新增部位。,停止新進場，先保留現金，等待大盤止跌。,停止新進場，禁止顯示今日可進場。,False,False
2026-10-05,2026-10-05,收盤確認價,臺灣證券交易所 / 證券櫃檯買賣中心正式收盤；yfinance 歷史資料,只使用完整收盤日K，不使用盤中未完成K,上櫃,3303,岱稜,48.9,49.2,48.75,48.68,48.59,49.1,52.07,49.09,-17.4,0.2,False,177308,210109,8670361,10304016,1.49,False,True,36.31,一般K,,False,False,False,False,0,False,C級：已漲遠或接近目標，禁止追高,條件不足,接近成形,52.2,47.35,57.05,接近成形＋可觀察,53.24,52.2,53.24,54.84,50.63,4.9,低,-6.32,22.01,1.46,7.15,53.24,0.0,False,False,True,距離頸線或前高過遠，禁止追高,頸線以當日前20日高點計算；收盤站上頸線 52.2 至少2%；成交量>=20日均量2倍；不可長上影；回踩須有近10日突破紀錄且不有效跌破頸線；距離頸線>5%禁止進場,0,C,禁止追高,已漲遠或接近目標，空手不追；持有者依策略分批處理。,False,2026-10-05,True,True,STOP,STOP 停止進場,觀察,取消新進場，只保留觀察,只看續抱 / 減碼 / 停利 / 停損，不新增部位。,停止新進場，先保留現金，等待大盤止跌。,停止新進場，禁止顯示今日可進場。,False,False
2026-10-05,2026-10-05,收盤確認價,臺灣證券交易所 / 證券櫃檯買賣中心正式收盤；yfinance 歷史資料,只使用完整收盤日K，不使用盤中未完成K,上櫃,4726,永昕,22.95,23.3,22.95,23.03,22.85,23.04,24.05,29.29,-10.53,-1.08,False,110321,131490,2531866,3035837,1.24,False,True,47.19,一般K,,False,False,False,False,0,False,C級：已漲遠或接近目標，禁止追高,條件不足,接近成形,24.35,22.1,26.6,接近成形＋可觀察,24.84,24.35,24.84,25.58,23.62,4.9,低,-5.75,12.07,1.45,7.1,24.84,0.44,False,False,True,距離頸線或前高過遠，禁止追高,頸線以當日前20日高點計算；收盤站上頸線 24.35 至少2%；成交量>=20日均量2倍；不可長上影；回踩須有近10日突破紀錄且不有效跌破頸線；距離頸線>5%禁止進場,0,C,禁止追高,已漲遠或接近目標，空手不追；持有者依策略分批處理。,False,2026-10-05,True,True,STOP,STOP 停止進場,觀察,取消新進場，只保留觀察,只看續抱 / 減碼 / 停利 / 停損，不新增部位。,停止新進場，先保留現金，等待大盤止跌。,停止新進場，禁止顯示今日可進場。,False,False
2026-10-05,2026-10-05,收盤確認價,臺灣證券交易所 / 證券櫃檯買賣中心正式收盤；yfinance 歷史資料,只使用完整收盤日K，不使用盤中未完成K,上櫃,5302,太欣,9.88,10.2,9.88,9.86,9.82,9.85,10.45,10.64,-25.43,-1.69,False,247421,270358,2444519,2675457,1.16,False,True,45.62,一般K,,False,False,False,False,0,False,C級：已漲遠或接近目標，禁止追高,條件不足,接近成形,10.5,9.53,11.47,接近成形＋可觀察,10.71,10.5,10.71,11.03,10.19,4.9,低,-5.9,28.15,1.45,7.1,10.71,1.01,False,False,True,距離頸線或前高過遠，禁止追高,頸線以當日前20日高點計算；收盤站上頸線 10.5 至少2%；成交量>=20日均量2倍；不可長上影；回踩須有近10日突破紀錄且不有效跌破頸線；距離頸線>5%禁止進場,0,C,禁止追高,已漲遠或接近目標，空手不追；持有者依策略分批處理。,False,2026-10-05,True,True,STOP,STOP 停止進場,觀察,取消新進場，只保留觀察,只看續抱 / 減碼 / 停利 / 停損，不新增部位。,停止新進場，先保留現金，等待大盤止跌。,停止新進場，禁止顯示今日可進場。,False,False
2026-10-05,2026-10-05,收盤確認價,臺灣證券交易所 / 證券櫃檯買賣中心正式收盤；yfinance 歷史資料,只使用完整收盤日K，不使用盤中未完成K,上櫃,8415,大國鋼,35.1,35.4,35.1,35.25,35.12,35.52,36.76,34.81,1.01,-0.43,False,460866,654866,16176396,22965310,1.02,False,True,49.71,一般K,,False,False,False,False,0,False,C級：已漲遠或接近目標，禁止追高,條件不足,接近成形,37.8,34.35,41.25,接近成形＋可觀察,38.56,37.8,38.56,39.71,36.67,4.9,低,-7.14,10.91,1.43,6.99,38.56,0.28,False,False,True,距離頸線或前高過遠，禁止追高,頸線以當日前20日高點計算；收盤站上頸線 37.8 至少2%；成交量>=20日均量2倍；不可長上影；回踩須有近10日突破紀錄且不有效跌破頸線；距離頸線>5%禁止進場,0,C,禁止追高,已漲遠或接近目標，空手不追；持有者依策略分批處理。,False,2026-10-05,True,True,STOP,STOP 停止進場,觀察,取消新進場，只保留觀察,只看續抱 / 減碼 / 停利 / 停損，不新增部位。,停止新進場，先保留現金，等待大盤止跌。,停止新進場，禁止顯示今日可進場。,False,False
2026-10-05,2026-10-05,收盤確認價,臺灣證券交易所 / 證券櫃檯買賣中心正式收盤；yfinance 歷史資料,只使用完整收盤日K，不使用盤中未完成K,上市,1522,堤維西,25.75,26.2,25.75,26.35,26.35,26.21,27.61,36.83,-14.17,-1.72,False,419256,422737,10795842,11037258,1.44,False,True,32.06,一般K,,False,False,False,False,0,False,C級：已漲遠或接近目標，禁止追高,條件不足,接近成形,27.4,24.9,29.9,接近成形＋可觀察,27.95,27.4,27.95,28.79,26.58,4.9,低,-6.02,16.12,1.42,6.98,27.95,0.0,False,False,True,距離頸線或前高過遠，禁止追高,頸線以當日前20日高點計算；收盤站上頸線 27.4 至少2%；成交量>=20日均量2倍；不可長上影；回踩須有近10日突破紀錄且不有效跌破頸線；距離頸線>5%禁止進場,0,C,禁止追高,已漲遠或接近目標，空手不追；持有者依策略分批處理。,False,2026-10-05,True,True,STOP,STOP 停止進場,觀察,取消新進場，只保留觀察,只看續抱 / 減碼 / 停利 / 停損，不新增部位。,停止新進場，先保留現金，等待大盤止跌。,停止新進場，禁止顯示今日可進場。,False,False
2026-10-05,2026-10-05,收盤確認價,臺灣證券交易所 / 證券櫃檯買賣中心正式收盤；yfinance 歷史資料,只使用完整收盤日K，不使用盤中未完成K,上櫃,3594,磐儀,46.2,47.65,46.1,47.23,46.99,46.9,50.47,45.01,-10.29,-2.01,False,399551,342030,18459256,16120235,1.55,False,True,24.4,一般K,,False,False,False,False,0,False,C級：已漲遠或接近目標，禁止追高,條件不足,接近成形,49.5,45.1,54.0,接近成形＋可觀察,50.49,49.5,50.49,52.0,48.02,4.9,低,-6.67,25.36,1.42,6.95,50.49,0.0,False,False,True,距離頸線或前高過遠，禁止追高,頸線以當日前20日高點計算；收盤站上頸線 49.5 至少2%；成交量>=20日均量2倍；不可長上影；回踩須有近10日突破紀錄且不有效跌破頸線；距離頸線>5%禁止進場,0,C,禁止追高,已漲遠或接近目標，空手不追；持有者依策略分批處理。,False,2026-10-05,True,True,STOP,STOP 停止進場,觀察,取消新進場，只保留觀察,只看續抱 / 減碼 / 停利 / 停損，不新增部位。,停止新進場，先保留現金，等待大盤止跌。,停止新進場，禁止顯示今日可進場。,False,False
2026-10-05,2026-10-05,收盤確認價,臺灣證券交易所 / 證券櫃檯買賣中心正式收盤；yfinance 歷史資料,只使用完整收盤日K，不使用盤中未完成K,上櫃,3191,雲嘉南,17.0,17.5,17.0,16.91,16.84,16.82,17.72,17.0,-9.57,-2.58,False,21009,26870,357153,454854,1.63,False,True,30.44,一般K,,False,False,False,False,0,False,C級：已漲遠或接近目標，禁止追高,條件不足,接近成形,17.9,16.3,19.5,接近成形＋可觀察,18.26,17.9,18.26,18.81,17.36,4.9,低,-5.03,12.6,1.39,6.8,18.26,0.29,False,False,True,距離頸線或前高過遠，禁止追高,頸線以當日前20日高點計算；收盤站上頸線 17.9 至少2%；成交量>=20日均量2倍；不可長上影；回踩須有近10日突破紀錄且不有效跌破頸線；距離頸線>5%禁止進場,0,C,禁止追高,已漲遠或接近目標，空手不追；持有者依策略分批處理。,False,2026-10-05,True,True,STOP,STOP 停止進場,觀察,取消新進場，只保留觀察,只看續抱 / 減碼 / 停利 / 停損，不新增部位。,停止新進場，先保留現金，等待大盤止跌。,停止新進場，禁止顯示今日可進場。,False,False
2026-10-05,2026-10-05,收盤確認價,臺灣證券交易所 / 證券櫃檯買賣中心正式收盤；yfinance 歷史資料,只使用完整收盤日K，不使用盤中未完成K,上櫃,5490,同亨,25.25,26.05,25.2,25.57,25.55,25.58,28.93,28.12,-15.69,-2.51,False,544525,293481,13749256,7527186,1.05,False,True,49.09,一般K,,False,False,False,False,0,False,C級：已漲遠或接近目標，禁止追高,條件不足,三角收斂突破,27.45,25.0,29.9,接近成形＋可觀察,28.0,27.45,28.0,28.84,26.63,4.9,低,-8.01,30.54,1.39,6.79,28.0,0.0,False,False,True,距離頸線或前高過遠，禁止追高,頸線以當日前20日高點計算；收盤站上頸線 27.45 至少2%；成交量>=20日均量2倍；不可長上影；回踩須有近10日突破紀錄且不有效跌破頸線；距離頸線>5%禁止進場,0,C,禁止追高,已漲遠或接近目標，空手不追；持有者依策略分批處理。,False,2026-10-05,True,True,STOP,STOP 停止進場,觀察,取消新進場，只保留觀察,只看續抱 / 減碼 / 停利 / 停損，不新增部位。,停止新進場，先保留現金，等待大盤止跌。,停止新進場，禁止顯示今日可進場。,False,False
2026-10-05,2026-10-05,收盤確認價,臺灣證券交易所 / 證券櫃檯買賣中心正式收盤；yfinance 歷史資料,只使用完整收盤日K，不使用盤中未完成K,上櫃,6720,久昌,124.5,126.0,124.5,126.4,127.3,128.97,133.85,142.73,-11.39,-1.19,False,4392,21234,546804,2741410,0.74,False,True,62.06,一般K,,False,False,False,False,0,False,C級：已漲遠或接近目標，禁止追高,條件不足,接近成形,134.5,122.53,146.5,接近成形＋可觀察,137.19,134.5,137.19,141.31,130.47,4.9,低,-7.43,13.24,1.38,6.79,137.19,0.0,False,False,True,距離頸線或前高過遠，禁止追高,頸線以當日前20日高點計算；收盤站上頸線 134.5 至少2%；成交量>=20日均量2倍；不可長上影；回踩須有近10日突破紀錄且不有效跌破頸線；距離頸線>5%禁止進場,0,C,禁止追高,已漲遠或接近目標，空手不追；持有者依策略分批處理。,False,2026-10-05,True,True,STOP,STOP 停止進場,觀察,取消新進場，只保留觀察,只看續抱 / 減碼 / 停利 / 停損，不新增部位。,停止新進場，先保留現金，等待大盤止跌。,停止新進場，禁止顯示今日可進場。,False,False
2026-10-05,2026-10-05,收盤確認價,臺灣證券交易所 / 證券櫃檯買賣中心正式收盤；yfinance 歷史資料,只使用完整收盤日K，不使用盤中未完成K,上櫃,4911,德英,28.25,28.25,28.15,28.3,28.61,28.8,29.43,34.79,-5.54,-0.53,False,9196,10381,259787,299148,1.07,False,True,16.33,紅K突破,,False,False,False,False,0,False,C級：已漲遠或接近目標，禁止追高,條件不足,接近成形,30.0,28.05,32.65,接近成形＋可觀察,30.6,30.0,30.6,31.52,29.1,4.9,低,-5.83,14.78,1.37,6.7,30.6,0.0,False,False,True,距離頸線或前高過遠，禁止追高,頸線以當日前20日高點計算；收盤站上頸線 30.0 至少2%；成交量>=20日均量2倍；不可長上影；回踩須有近10日突破紀錄且不有效跌破頸線；距離頸線>5%禁止進場,0,C,禁止追高,已漲遠或接近目標，空手不追；持有者依策略分批處理。,False,2026-10-05,True,True,STOP,STOP 停止進場,觀察,取消新進場，只保留觀察,只看續抱 / 減碼 / 停利 / 停損，不新增部位。,停止新進場，先保留現金，等待大盤止跌。,停止新進場，禁止顯示今日可進場。,False,False
2026-10-05,2026-10-05,收盤確認價,臺灣證券交易所 / 證券櫃檯買賣中心正式收盤；yfinance 歷史資料,只使用完整收盤日K，不使用盤中未完成K,上櫃,6219,富旺,12.15,12.25,12.05,12.2,12.18,12.15,12.4,15.21,-5.45,0.0,False,53731,75147,652831,917821,1.18,False,True,22.66,一般K,,False,False,False,False,0,False,C級：已漲遠或接近目標，禁止追高,條件不足,接近成形,13.0,11.85,14.15,接近成形＋可觀察,13.26,13.0,13.26,13.66,12.61,4.9,低,-6.54,18.18,1.37,6.71,13.26,0.0,False,False,True,距離頸線或前高過遠，禁止追高,頸線以當日前20日高點計算；收盤站上頸線 13.0 至少2%；成交量>=20日均量2倍；不可長上影；回踩須有近10日突破紀錄且不有效跌破頸線；距離頸線>5%禁止進場,0,C,禁止追高,已漲遠或接近目標，空手不追；持有者依策略分批處理。,False,2026-10-05,True,True,STOP,STOP 停止進場,觀察,取消新進場，只保留觀察,只看續抱 / 減碼 / 停利 / 停損，不新增部位。,停止新進場，先保留現金，等待大盤止跌。,停止新進場，禁止顯示今日可進場。,False,False
2026-10-05,2026-10-05,收盤確認價,臺灣證券交易所 / 證券櫃檯買賣中心正式收盤；yfinance 歷史資料,只使用完整收盤日K，不使用盤中未完成K,上櫃,4166,友霖,24.3,24.75,24.3,24.28,24.27,24.28,24.81,25.35,-10.83,-0.41,False,59451,83958,1444659,2042145,1.62,False,True,18.75,一般K,,False,False,False,False,0,False,C級：已漲遠或接近目標，禁止追高,條件不足,接近成形,25.65,23.6,27.9,接近成形＋可觀察,26.16,25.65,26.16,26.95,24.88,4.9,低,-5.26,12.59,1.35,6.64,26.16,0.0,False,False,True,距離頸線或前高過遠，禁止追高,頸線以當日前20日高點計算；收盤站上頸線 25.65 至少2%；成交量>=20日均量2倍；不可長上影；回踩須有近10日突破紀錄且不有效跌破頸線；距離頸線>5%禁止進場,0,C,禁止追高,已漲遠或接近目標，空手不追；持有者依策略分批處理。,False,2026-10-05,True,True,STOP,STOP 停止進場,觀察,取消新進場，只保留觀察,只看續抱 / 減碼 / 停利 / 停損，不新增部位。,停止新進場，先保留現金，等待大盤止跌。,停止新進場，禁止顯示今日可進場。,False,False
2026-10-05,2026-10-05,收盤確認價,臺灣證券交易所 / 證券櫃檯買賣中心正式收盤；yfinance 歷史資料,只使用完整收盤日K，不使用盤中未完成K,上市,2239,英利-KY,18.5,19.1,18.35,18.85,18.88,19.24,19.68,25.54,-14.15,-2.37,False,91786,72048,1698041,1371309,1.15,False,True,23.57,一般K,,False,False,False,False,0,False,C級：已漲遠或接近目標，禁止追高,條件不足,接近成形,20.25,18.5,22.0,接近成形＋可觀察,20.66,20.25,20.66,21.27,19.64,4.9,低,-8.64,15.14,1.33,6.51,20.66,2.16,False,False,True,距離頸線或前高過遠，禁止追高,頸線以當日前20日高點計算；收盤站上頸線 20.25 至少2%；成交量>=20日均量2倍；不可長上影；回踩須有近10日突破紀錄且不有效跌破頸線；距離頸線>5%禁止進場,0,C,禁止追高,已漲遠或接近目標，空手不追；持有者依策略分批處理。,False,2026-10-05,True,True,STOP,STOP 停止進場,觀察,取消新進場，只保留觀察,只看續抱 / 減碼 / 停利 / 停損，不新增部位。,停止新進場，先保留現金，等待大盤止跌。,停止新進場，禁止顯示今日可進場。,False,False
2026-10-05,2026-10-05,收盤確認價,臺灣證券交易所 / 證券櫃檯買賣中心正式收盤；yfinance 歷史資料,只使用完整收盤日K，不使用盤中未完成K,上櫃,8097,常珵,48.85,49.2,48.0,48.57,48.78,48.67,50.55,56.39,-14.6,0.1,False,120061,163467,5864979,7985946,0.64,False,True,39.57,紅K突破,,False,False,False,False,0,False,C級：已漲遠或接近目標，禁止追高,條件不足,接近成形,51.8,47.6,56.25,接近成形＋可觀察,52.84,51.8,52.84,54.42,50.25,4.9,低,-5.69,16.5,1.32,6.46,52.84,0.72,False,False,True,距離頸線或前高過遠，禁止追高,頸線以當日前20日高點計算；收盤站上頸線 51.8 至少2%；成交量>=20日均量2倍；不可長上影；回踩須有近10日突破紀錄且不有效跌破頸線；距離頸線>5%禁止進場,0,C,禁止追高,已漲遠或接近目標，空手不追；持有者依策略分批處理。,False,2026-10-05,True,True,STOP,STOP 停止進場,觀察,取消新進場，只保留觀察,只看續抱 / 減碼 / 停利 / 停損，不新增部位。,停止新進場，先保留現金，等待大盤止跌。,停止新進場，禁止顯示今日可進場。,False,False
2026-10-05,2026-10-05,收盤確認價,臺灣證券交易所 / 證券櫃檯買賣中心正式收盤；yfinance 歷史資料,只使用完整收盤日K，不使用盤中未完成K,上市,2227,裕日車,44.2,44.8,44.2,44.67,44.99,45.94,48.17,51.65,-11.51,-0.45,False,27750,38702,1226550,1778189,0.83,False,True,54.09,一般K,,False,False,False,False,0,False,C級：已漲遠或接近目標，禁止追高,條件不足,接近成形,48.3,44.15,52.45,接近成形＋可觀察,49.27,48.3,49.27,50.74,46.85,4.9,低,-8.49,14.17,1.32,6.46,49.27,0.9,False,False,True,距離頸線或前高過遠，禁止追高,頸線以當日前20日高點計算；收盤站上頸線 48.3 至少2%；成交量>=20日均量2倍；不可長上影；回踩須有近10日突破紀錄且不有效跌破頸線；距離頸線>5%禁止進場,0,C,禁止追高,已漲遠或接近目標，空手不追；持有者依策略分批處理。,False,2026-10-05,True,True,STOP,STOP 停止進場,觀察,取消新進場，只保留觀察,只看續抱 / 減碼 / 停利 / 停損，不新增部位。,停止新進場，先保留現金，等待大盤止跌。,停止新進場，禁止顯示今日可進場。,False,False
2026-10-05,2026-10-05,收盤確認價,臺灣證券交易所 / 證券櫃檯買賣中心正式收盤；yfinance 歷史資料,只使用完整收盤日K，不使用盤中未完成K,上市,1225,福懋油,24.35,24.85,24.0,24.34,24.47,24.61,25.26,29.1,-13.35,0.62,False,123202,71677,2999968,1769600,1.13,False,True,26.24,一般K,,False,False,False,False,0,False,C級：已漲遠或接近目標，禁止追高,條件不足,三角收斂突破,25.75,23.7,27.95,接近成形＋可觀察,26.27,25.75,26.27,27.05,24.98,4.9,低,-5.44,13.35,1.31,6.42,26.27,2.05,False,False,True,距離頸線或前高過遠，禁止追高,頸線以當日前20日高點計算；收盤站上頸線 25.75 至少2%；成交量>=20日均量2倍；不可長上影；回踩須有近10日突破紀錄且不有效跌破頸線；距離頸線>5%禁止進場,0,C,禁止追高,已漲遠或接近目標，空手不追；持有者依策略分批處理。,False,2026-10-05,True,True,STOP,STOP 停止進場,觀察,取消新進場，只保留觀察,只看續抱 / 減碼 / 停利 / 停損，不新增部位。,停止新進場，先保留現金，等待大盤止跌。,停止新進場，禁止顯示今日可進場。,False,False
2026-10-05,2026-10-05,收盤確認價,臺灣證券交易所 / 證券櫃檯買賣中心正式收盤；yfinance 歷史資料,只使用完整收盤日K，不使用盤中未完成K,上市,1540,喬福,18.95,19.3,18.9,19.25,19.39,19.4,19.98,21.97,-15.96,-1.04,False,183756,100604,3482176,1948617,0.88,False,True,22.1,一般K,,False,False,False,False,0,False,C級：已漲遠或接近目標，禁止追高,條件不足,三角收斂突破,20.0,19.05,21.7,接近成形＋可觀察,20.4,20.0,20.4,21.01,19.4,4.9,低,-5.25,19.87,1.3,6.37,20.4,0.0,False,False,True,距離頸線或前高過遠，禁止追高,頸線以當日前20日高點計算；收盤站上頸線 20.0 至少2%；成交量>=20日均量2倍；不可長上影；回踩須有近10日突破紀錄且不有效跌破頸線；距離頸線>5%禁止進場,0,C,禁止追高,已漲遠或接近目標，空手不追；持有者依策略分批處理。,False,2026-10-05,True,True,STOP,STOP 停止進場,觀察,取消新進場，只保留觀察,只看續抱 / 減碼 / 停利 / 停損，不新增部位。,停止新進場，先保留現金，等待大盤止跌。,停止新進場，禁止顯示今日可進場。,False,False
2026-10-05,2026-10-05,收盤確認價,臺灣證券交易所 / 證券櫃檯買賣中心正式收盤；yfinance 歷史資料,只使用完整收盤日K，不使用盤中未完成K,上市,1783,和康生,36.9,37.15,36.7,37.04,36.81,36.92,39.14,41.49,-8.55,-0.4,False,32749,56292,1208438,2080444,0.82,False,True,53.11,一般K,,False,False,False,False,0,False,C級：已漲遠或接近目標，禁止追高,條件不足,接近成形,39.45,36.1,42.8,接近成形＋可觀察,40.24,39.45,40.24,41.45,38.27,4.9,低,-6.46,11.08,1.3,6.36,40.24,0.27,False,False,True,距離頸線或前高過遠，禁止追高,頸線以當日前20日高點計算；收盤站上頸線 39.45 至少2%；成交量>=20日均量2倍；不可長上影；回踩須有近10日突破紀錄且不有效跌破頸線；距離頸線>5%禁止進場,0,C,禁止追高,已漲遠或接近目標，空手不追；持有者依策略分批處理。,False,2026-10-05,True,True,STOP,STOP 停止進場,觀察,取消新進場，只保留觀察,只看續抱 / 減碼 / 停利 / 停損，不新增部位。,停止新進場，先保留現金，等待大盤止跌。,停止新進場，禁止顯示今日可進場。,False,False
2026-10-05,2026-10-05,收盤確認價,臺灣證券交易所 / 證券櫃檯買賣中心正式收盤；yfinance 歷史資料,只使用完整收盤日K，不使用盤中未完成K,上櫃,3217,優群,129.0,130.0,128.5,129.5,129.8,129.7,139.29,161.5,-25.65,0.0,False,255408,254692,32947632,33044425,1.17,False,True,48.81,一般K,,False,False,False,False,0,False,C級：已漲遠或接近目標，禁止追高,條件不足,接近成形,136.5,125.0,148.0,接近成形＋可觀察,139.23,136.5,139.23,143.41,132.41,4.9,低,-5.49,25.65,1.28,6.3,139.23,0.0,False,False,True,距離頸線或前高過遠，禁止追高,頸線以當日前20日高點計算；收盤站上頸線 136.5 至少2%；成交量>=20日均量2倍；不可長上影；回踩須有近10日突破紀錄且不有效跌破頸線；距離頸線>5%禁止進場,0,C,禁止追高,已漲遠或接近目標，空手不追；持有者依策略分批處理。,False,2026-10-05,True,True,STOP,STOP 停止進場,觀察,取消新進場，只保留觀察,只看續抱 / 減碼 / 停利 / 停損，不新增部位。,停止新進場，先保留現金，等待大盤止跌。,停止新進場，禁止顯示今日可進場。,False,False
2026-10-05,2026-10-05,收盤確認價,臺灣證券交易所 / 證券櫃檯買賣中心正式收盤；yfinance 歷史資料,只使用完整收盤日K，不使用盤中未完成K,上櫃,4953,緯軟,116.5,118.0,116.5,117.0,118.05,118.7,122.03,123.04,-8.63,-0.85,False,221848,247783,25845292,29548529,1.31,False,True,12.83,一般K,,False,False,False,False,0,False,C級：已漲遠或接近目標，禁止追高,條件不足,接近成形,125.5,116.0,136.0,接近成形＋可觀察,128.01,125.5,128.01,131.85,121.73,4.9,低,-7.17,12.08,1.27,6.24,128.01,0.0,False,False,True,距離頸線或前高過遠，禁止追高,頸線以當日前20日高點計算；收盤站上頸線 125.5 至少2%；成交量>=20日均量2倍；不可長上影；回踩須有近10日突破紀錄且不有效跌破頸線；距離頸線>5%禁止進場,0,C,禁止追高,已漲遠或接近目標，空手不追；持有者依策略分批處理。,False,2026-10-05,True,True,STOP,STOP 停止進場,觀察,取消新進場，只保留觀察,只看續抱 / 減碼 / 停利 / 停損，不新增部位。,停止新進場，先保留現金，等待大盤止跌。,停止新進場，禁止顯示今日可進場。,False,False
2026-10-05,2026-10-05,收盤確認價,臺灣證券交易所 / 證券櫃檯買賣中心正式收盤；yfinance 歷史資料,只使用完整收盤日K，不使用盤中未完成K,上櫃,9951,皇田,46.5,46.65,46.45,46.9,47.52,48.36,51.59,54.3,-13.08,-0.85,False,67175,61517,3123637,2966326,0.52,False,True,72.34,一般K,,False,False,False,False,0,False,C級：已漲遠或接近目標，禁止追高,條件不足,接近成形,50.8,46.55,55.05,接近成形＋可觀察,51.82,50.8,51.82,53.37,49.28,4.9,低,-8.46,14.99,1.27,6.24,51.82,0.11,False,False,True,距離頸線或前高過遠，禁止追高,頸線以當日前20日高點計算；收盤站上頸線 50.8 至少2%；成交量>=20日均量2倍；不可長上影；回踩須有近10日突破紀錄且不有效跌破頸線；距離頸線>5%禁止進場,0,C,禁止追高,已漲遠或接近目標，空手不追；持有者依策略分批處理。,False,2026-10-05,True,True,STOP,STOP 停止進場,觀察,取消新進場，只保留觀察,只看續抱 / 減碼 / 停利 / 停損，不新增部位。,停止新進場，先保留現金，等待大盤止跌。,停止新進場，禁止顯示今日可進場。,False,False
2026-10-05,2026-10-05,收盤確認價,臺灣證券交易所 / 證券櫃檯買賣中心正式收盤；yfinance 歷史資料,只使用完整收盤日K，不使用盤中未完成K,上櫃,6629,泰金-KY,103.0,103.0,102.5,103.4,103.85,104.12,106.47,116.74,-4.63,-0.48,False,4123,19963,424669,2070878,1.24,False,True,32.31,一般K,,False,False,False,False,0,False,C級：已漲遠或接近目標，禁止追高,條件不足,接近成形,109.0,100.5,118.0,接近成形＋可觀察,111.18,109.0,111.18,114.52,105.73,4.9,低,-5.5,11.59,1.25,6.13,111.18,0.0,False,False,True,距離頸線或前高過遠，禁止追高,頸線以當日前20日高點計算；收盤站上頸線 109.0 至少2%；成交量>=20日均量2倍；不可長上影；回踩須有近10日突破紀錄且不有效跌破頸線；距離頸線>5%禁止進場,0,C,禁止追高,已漲遠或接近目標，空手不追；持有者依策略分批處理。,False,2026-10-05,True,True,STOP,STOP 停止進場,觀察,取消新進場，只保留觀察,只看續抱 / 減碼 / 停利 / 停損，不新增部位。,停止新進場，先保留現金，等待大盤止跌。,停止新進場，禁止顯示今日可進場。,False,False
2026-10-05,2026-10-05,收盤確認價,臺灣證券交易所 / 證券櫃檯買賣中心正式收盤；yfinance 歷史資料,只使用完整收盤日K，不使用盤中未完成K,上櫃,2718,全心投控,40.3,40.45,40.3,40.34,40.61,40.56,44.14,49.08,-18.09,0.0,False,6278,17413,253003,706504,0.96,False,True,30.69,一般K,,False,False,False,False,0,False,C級：已漲遠或接近目標，禁止追高,條件不足,接近成形,42.75,39.3,46.2,接近成形＋可觀察,43.61,42.75,43.61,44.91,41.47,4.9,低,-5.73,20.83,1.21,5.95,43.61,0.12,False,False,True,距離頸線或前高過遠，禁止追高,頸線以當日前20日高點計算；收盤站上頸線 42.75 至少2%；成交量>=20日均量2倍；不可長上影；回踩須有近10日突破紀錄且不有效跌破頸線；距離頸線>5%禁止進場,0,C,禁止追高,已漲遠或接近目標，空手不追；持有者依策略分批處理。,False,2026-10-05,True,True,STOP,STOP 停止進場,觀察,取消新進場，只保留觀察,只看續抱 / 減碼 / 停利 / 停損，不新增部位。,停止新進場，先保留現金，等待大盤止跌。,停止新進場，禁止顯示今日可進場。,False,False
2026-10-05,2026-10-05,收盤確認價,臺灣證券交易所 / 證券櫃檯買賣中心正式收盤；yfinance 歷史資料,只使用完整收盤日K，不使用盤中未完成K,上市,1517,利奇,10.25,10.45,10.2,10.37,10.38,10.5,11.11,11.26,-4.21,-0.97,False,392844,223270,4026651,2348927,1.19,False,True,70.87,一般K,,False,False,False,False,0,False,C級：已漲遠或接近目標，禁止追高,條件不足,三角收斂突破,11.2,10.3,12.1,接近成形＋可觀察,11.42,11.2,11.42,11.77,10.86,4.9,低,-8.48,22.93,1.21,5.92,11.42,0.49,False,False,True,距離頸線或前高過遠，禁止追高,頸線以當日前20日高點計算；收盤站上頸線 11.2 至少2%；成交量>=20日均量2倍；不可長上影；回踩須有近10日突破紀錄且不有效跌破頸線；距離頸線>5%禁止進場,0,C,禁止追高,已漲遠或接近目標，空手不追；持有者依策略分批處理。,False,2026-10-05,True,True,STOP,STOP 停止進場,觀察,取消新進場，只保留觀察,只看續抱 / 減碼 / 停利 / 停損，不新增部位。,停止新進場，先保留現金，等待大盤止跌。,停止新進場，禁止顯示今日可進場。,False,False
2026-10-05,2026-10-05,收盤確認價,臺灣證券交易所 / 證券櫃檯買賣中心正式收盤；yfinance 歷史資料,只使用完整收盤日K，不使用盤中未完成K,上櫃,5603,陸海,13.55,13.55,13.35,13.47,13.49,13.6,14.1,16.6,-7.82,-0.0,False,46862,97980,634980,1332513,0.61,False,True,31.34,紅K突破,,False,False,False,False,0,False,C級：已漲遠或接近目標，禁止追高,條件不足,接近成形,14.4,13.25,15.55,接近成形＋可觀察,14.69,14.4,14.69,15.13,13.97,4.9,低,-5.9,15.31,1.2,5.87,14.69,0.0,False,False,True,距離頸線或前高過遠，禁止追高,頸線以當日前20日高點計算；收盤站上頸線 14.4 至少2%；成交量>=20日均量2倍；不可長上影；回踩須有近10日突破紀錄且不有效跌破頸線；距離頸線>5%禁止進場,0,C,禁止追高,已漲遠或接近目標，空手不追；持有者依策略分批處理。,False,2026-10-05,True,True,STOP,STOP 停止進場,觀察,取消新進場，只保留觀察,只看續抱 / 減碼 / 停利 / 停損，不新增部位。,停止新進場，先保留現金，等待大盤止跌。,停止新進場，禁止顯示今日可進場。,False,False
2026-10-05,2026-10-05,收盤確認價,臺灣證券交易所 / 證券櫃檯買賣中心正式收盤；yfinance 歷史資料,只使用完整收盤日K，不使用盤中未完成K,上櫃,6516,勤崴國際,56.6,56.6,56.1,56.46,57.12,57.07,57.91,60.31,-2.08,0.18,False,25280,40800,1430848,2329260,0.9,False,True,14.02,一般K,,False,False,False,False,0,False,C級：已漲遠或接近目標，禁止追高,條件不足,接近成形,59.6,54.9,64.3,接近成形＋可觀察,60.79,59.6,60.79,62.62,57.81,4.9,低,-5.03,11.7,1.18,5.77,60.79,0.0,False,False,True,距離頸線或前高過遠，禁止追高,頸線以當日前20日高點計算；收盤站上頸線 59.6 至少2%；成交量>=20日均量2倍；不可長上影；回踩須有近10日突破紀錄且不有效跌破頸線；距離頸線>5%禁止進場,0,C,禁止追高,已漲遠或接近目標，空手不追；持有者依策略分批處理。,False,2026-10-05,True,True,STOP,STOP 停止進場,觀察,取消新進場，只保留觀察,只看續抱 / 減碼 / 停利 / 停損，不新增部位。,停止新進場，先保留現金，等待大盤止跌。,停止新進場，禁止顯示今日可進場。,False,False
2026-10-05,2026-10-05,收盤確認價,臺灣證券交易所 / 證券櫃檯買賣中心正式收盤；yfinance 歷史資料,只使用完整收盤日K，不使用盤中未完成K,上市,1541,錩泰,20.6,21.85,20.6,20.82,21.01,21.05,21.5,23.27,-3.74,-1.2,False,18015,9425,371109,197602,1.03,False,True,22.33,長黑,,False,False,False,False,0,False,C級：已漲遠或接近目標，禁止追高,條件不足,三角收斂突破,22.15,20.5,23.9,接近成形＋可觀察,22.59,22.15,22.59,23.27,21.49,4.9,低,-7.0,10.24,1.18,5.78,22.59,0.0,False,False,True,距離頸線或前高過遠，禁止追高,頸線以當日前20日高點計算；收盤站上頸線 22.15 至少2%；成交量>=20日均量2倍；不可長上影；回踩須有近10日突破紀錄且不有效跌破頸線；距離頸線>5%禁止進場,0,C,禁止追高,已漲遠或接近目標，空手不追；持有者依策略分批處理。,False,2026-10-05,True,True,STOP,STOP 停止進場,觀察,取消新進場，只保留觀察,只看續抱 / 減碼 / 停利 / 停損，不新增部位。,停止新進場，先保留現金，等待大盤止跌。,停止新進場，禁止顯示今日可進場。,False,False
2026-10-05,2026-10-05,收盤確認價,臺灣證券交易所 / 證券櫃檯買賣中心正式收盤；yfinance 歷史資料,只使用完整收盤日K，不使用盤中未完成K,上櫃,4162,智擎,55.0,56.0,55.0,55.34,55.61,55.56,60.23,62.92,-14.73,-0.72,False,273293,246960,15031115,13705812,0.99,False,True,40.3,一般K,,False,False,False,False,0,False,C級：已漲遠或接近目標，禁止追高,條件不足,接近成形,58.5,53.9,63.1,接近成形＋可觀察,59.67,58.5,59.67,61.46,56.74,4.9,低,-5.98,21.99,1.17,5.75,59.67,0.0,False,False,True,距離頸線或前高過遠，禁止追高,頸線以當日前20日高點計算；收盤站上頸線 58.5 至少2%；成交量>=20日均量2倍；不可長上影；回踩須有近10日突破紀錄且不有效跌破頸線；距離頸線>5%禁止進場,0,C,禁止追高,已漲遠或接近目標，空手不追；持有者依策略分批處理。,False,2026-10-05,True,True,STOP,STOP 停止進場,觀察,取消新進場，只保留觀察,只看續抱 / 減碼 / 停利 / 停損，不新增部位。,停止新進場，先保留現金，等待大盤止跌。,停止新進場，禁止顯示今日可進場。,False,False
2026-10-05,2026-10-05,收盤確認價,臺灣證券交易所 / 證券櫃檯買賣中心正式收盤；yfinance 歷史資料,只使用完整收盤日K，不使用盤中未完成K,上櫃,3687,歐買尬,60.8,61.5,60.7,60.82,60.83,61.4,65.37,72.67,-21.55,-0.49,False,37811,41775,2298908,2574726,0.68,False,True,14.93,一般K,,False,False,False,False,0,False,C級：已漲遠或接近目標，禁止追高,條件不足,接近成形,65.0,59.9,70.1,接近成形＋可觀察,66.3,65.0,66.3,68.29,63.05,4.9,低,-6.46,22.45,1.17,5.73,66.3,0.49,False,False,True,距離頸線或前高過遠，禁止追高,頸線以當日前20日高點計算；收盤站上頸線 65.0 至少2%；成交量>=20日均量2倍；不可長上影；回踩須有近10日突破紀錄且不有效跌破頸線；距離頸線>5%禁止進場,0,C,禁止追高,已漲遠或接近目標，空手不追；持有者依策略分批處理。,False,2026-10-05,True,True,STOP,STOP 停止進場,觀察,取消新進場，只保留觀察,只看續抱 / 減碼 / 停利 / 停損，不新增部位。,停止新進場，先保留現金，等待大盤止跌。,停止新進場，禁止顯示今日可進場。,False,False
2026-10-05,2026-10-05,收盤確認價,臺灣證券交易所 / 證券櫃檯買賣中心正式收盤；yfinance 歷史資料,只使用完整收盤日K，不使用盤中未完成K,上櫃,1580,新麥,95.8,97.1,95.5,96.92,97.04,97.82,106.62,124.2,-23.36,-1.44,False,106776,97545,10229140,9583454,0.99,False,True,46.48,一般K,,False,False,False,False,0,False,C級：已漲遠或接近目標，禁止追高,條件不足,接近成形,103.5,95.4,111.6,接近成形＋可觀察,105.57,103.5,105.57,108.74,100.39,4.9,低,-7.44,23.36,1.17,5.71,105.57,0.0,False,False,True,距離頸線或前高過遠，禁止追高,頸線以當日前20日高點計算；收盤站上頸線 103.5 至少2%；成交量>=20日均量2倍；不可長上影；回踩須有近10日突破紀錄且不有效跌破頸線；距離頸線>5%禁止進場,0,C,禁止追高,已漲遠或接近目標，空手不追；持有者依策略分批處理。,False,2026-10-05,True,True,STOP,STOP 停止進場,觀察,取消新進場，只保留觀察,只看續抱 / 減碼 / 停利 / 停損，不新增部位。,停止新進場，先保留現金，等待大盤止跌。,停止新進場，禁止顯示今日可進場。,False,False
2026-10-05,2026-10-05,收盤確認價,臺灣證券交易所 / 證券櫃檯買賣中心正式收盤；yfinance 歷史資料,只使用完整收盤日K，不使用盤中未完成K,上市,1615,大山,42.25,42.8,42.25,42.6,42.75,43.17,43.65,45.6,-8.03,-0.59,False,92209,72096,3895830,3108114,0.5,False,True,25.95,一般K,,False,False,False,False,0,False,C級：已漲遠或接近目標，禁止追高,條件不足,接近成形,44.65,42.25,48.1,接近成形＋可觀察,45.54,44.65,45.54,46.91,43.31,4.9,低,-5.38,11.65,1.15,5.61,45.54,0.71,False,False,True,距離頸線或前高過遠，禁止追高,頸線以當日前20日高點計算；收盤站上頸線 44.65 至少2%；成交量>=20日均量2倍；不可長上影；回踩須有近10日突破紀錄且不有效跌破頸線；距離頸線>5%禁止進場,0,C,禁止追高,已漲遠或接近目標，空手不追；持有者依策略分批處理。,False,2026-10-05,True,True,STOP,STOP 停止進場,觀察,取消新進場，只保留觀察,只看續抱 / 減碼 / 停利 / 停損，不新增部位。,停止新進場，先保留現金，等待大盤止跌。,停止新進場，禁止顯示今日可進場。,False,False
2026-10-05,2026-10-05,收盤確認價,臺灣證券交易所 / 證券櫃檯買賣中心正式收盤；yfinance 歷史資料,只使用完整收盤日K，不使用盤中未完成K,上市,1413,宏洲,9.1,9.23,9.08,9.18,9.22,9.25,9.38,9.72,-3.09,-1.41,False,18388,17857,167330,165022,1.44,False,True,9.93,一般K,,False,False,False,False,0,False,C級：已漲遠或接近目標，禁止追高,條件不足,接近成形,9.65,9.04,10.4,接近成形＋可觀察,9.84,9.65,9.84,10.14,9.36,4.9,低,-5.7,19.47,1.15,5.66,9.84,0.11,False,False,True,距離頸線或前高過遠，禁止追高,頸線以當日前20日高點計算；收盤站上頸線 9.65 至少2%；成交量>=20日均量2倍；不可長上影；回踩須有近10日突破紀錄且不有效跌破頸線；距離頸線>5%禁止進場,0,C,禁止追高,已漲遠或接近目標，空手不追；持有者依策略分批處理。,False,2026-10-05,True,True,STOP,STOP 停止進場,觀察,取消新進場，只保留觀察,只看續抱 / 減碼 / 停利 / 停損，不新增部位。,停止新進場，先保留現金，等待大盤止跌。,停止新進場，禁止顯示今日可進場。,False,False
2026-10-05,2026-10-05,收盤確認價,臺灣證券交易所 / 證券櫃檯買賣中心正式收盤；yfinance 歷史資料,只使用完整收盤日K，不使用盤中未完成K,上市,1465,偉全,11.65,11.75,11.6,11.63,11.62,11.74,12.19,12.46,-8.63,0.0,False,78150,127775,910447,1496315,0.8,False,True,50.96,一般K,,False,False,False,False,0,False,C級：已漲遠或接近目標，禁止追高,條件不足,接近成形,12.4,11.45,13.35,接近成形＋可觀察,12.65,12.4,12.65,13.03,12.03,4.9,低,-6.05,11.41,1.13,5.55,12.65,0.86,False,False,True,距離頸線或前高過遠，禁止追高,頸線以當日前20日高點計算；收盤站上頸線 12.4 至少2%；成交量>=20日均量2倍；不可長上影；回踩須有近10日突破紀錄且不有效跌破頸線；距離頸線>5%禁止進場,0,C,禁止追高,已漲遠或接近目標，空手不追；持有者依策略分批處理。,False,2026-10-05,True,True,STOP,STOP 停止進場,觀察,取消新進場，只保留觀察,只看續抱 / 減碼 / 停利 / 停損，不新增部位。,停止新進場，先保留現金，等待大盤止跌。,停止新進場，禁止顯示今日可進場。,False,False
2026-10-05,2026-10-05,收盤確認價,臺灣證券交易所 / 證券櫃檯買賣中心正式收盤；yfinance 歷史資料,只使用完整收盤日K，不使用盤中未完成K,上櫃,6637,醫影,53.4,54.1,53.4,53.72,54.06,54.24,59.19,70.25,-19.09,-0.0,False,20183,18526,1077772,1004636,0.81,False,True,41.28,一般K,,False,False,False,False,0,False,C級：已漲遠或接近目標，禁止追高,條件不足,接近成形,57.5,53.2,61.8,接近成形＋可觀察,58.65,57.5,58.65,60.41,55.77,4.9,低,-7.13,19.09,1.1,5.37,58.65,1.12,False,False,True,距離頸線或前高過遠，禁止追高,頸線以當日前20日高點計算；收盤站上頸線 57.5 至少2%；成交量>=20日均量2倍；不可長上影；回踩須有近10日突破紀錄且不有效跌破頸線；距離頸線>5%禁止進場,0,C,禁止追高,已漲遠或接近目標，空手不追；持有者依策略分批處理。,False,2026-10-05,True,True,STOP,STOP 停止進場,觀察,取消新進場，只保留觀察,只看續抱 / 減碼 / 停利 / 停損，不新增部位。,停止新進場，先保留現金，等待大盤止跌。,停止新進場，禁止顯示今日可進場。,False,False
2026-10-05,2026-10-05,收盤確認價,臺灣證券交易所 / 證券櫃檯買賣中心正式收盤；yfinance 歷史資料,只使用完整收盤日K，不使用盤中未完成K,上櫃,5398,慕康生醫,13.65,13.8,13.6,13.77,13.86,14.04,14.33,19.61,-10.2,0.0,False,69022,62502,942150,882810,0.67,False,True,14.94,一般K,,False,False,False,False,0,False,C級：已漲遠或接近目標，禁止追高,條件不足,接近成形,14.7,13.65,15.8,接近成形＋可觀察,14.99,14.7,14.99,15.44,14.26,4.9,低,-7.14,14.69,1.1,5.38,14.99,0.73,False,False,True,距離頸線或前高過遠，禁止追高,頸線以當日前20日高點計算；收盤站上頸線 14.7 至少2%；成交量>=20日均量2倍；不可長上影；回踩須有近10日突破紀錄且不有效跌破頸線；距離頸線>5%禁止進場,0,C,禁止追高,已漲遠或接近目標，空手不追；持有者依策略分批處理。,False,2026-10-05,True,True,STOP,STOP 停止進場,觀察,取消新進場，只保留觀察,只看續抱 / 減碼 / 停利 / 停損，不新增部位。,停止新進場，先保留現金，等待大盤止跌。,停止新進場，禁止顯示今日可進場。,False,False
2026-10-05,2026-10-05,收盤確認價,臺灣證券交易所 / 證券櫃檯買賣中心正式收盤；yfinance 歷史資料,只使用完整收盤日K，不使用盤中未完成K,上市,2022,聚亨,7.26,7.3,7.2,7.31,7.23,7.29,7.56,8.13,-10.04,-0.68,False,164872,251133,1196970,1831288,0.77,False,True,53.96,一般K,,False,False,False,False,0,False,C級：已漲遠或接近目標，禁止追高,條件不足,接近成形,7.65,7.08,8.22,接近成形＋可觀察,7.8,7.65,7.8,8.04,7.42,4.9,低,-5.1,11.25,1.09,5.34,7.8,0.0,False,False,True,距離頸線或前高過遠，禁止追高,頸線以當日前20日高點計算；收盤站上頸線 7.65 至少2%；成交量>=20日均量2倍；不可長上影；回踩須有近10日突破紀錄且不有效跌破頸線；距離頸線>5%禁止進場,0,C,禁止追高,已漲遠或接近目標，空手不追；持有者依策略分批處理。,False,2026-10-05,True,True,STOP,STOP 停止進場,觀察,取消新進場，只保留觀察,只看續抱 / 減碼 / 停利 / 停損，不新增部位。,停止新進場，先保留現金，等待大盤止跌。,停止新進場，禁止顯示今日可進場。,False,False
2026-10-05,2026-10-05,收盤確認價,臺灣證券交易所 / 證券櫃檯買賣中心正式收盤；yfinance 歷史資料,只使用完整收盤日K，不使用盤中未完成K,上櫃,6417,韋僑,102.5,104.5,102.5,102.5,102.45,103.38,110.17,113.12,-24.35,-1.44,False,125406,104230,12854115,10684211,1.61,False,True,55.47,一般K,,False,False,False,False,0,False,C級：已漲遠或接近目標，禁止追高,條件不足,接近成形,108.0,100.0,116.0,接近成形＋可觀察,110.16,108.0,110.16,113.46,104.76,4.9,低,-5.09,24.91,1.08,5.3,110.16,0.0,False,False,True,距離頸線或前高過遠，禁止追高,頸線以當日前20日高點計算；收盤站上頸線 108.0 至少2%；成交量>=20日均量2倍；不可長上影；回踩須有近10日突破紀錄且不有效跌破頸線；距離頸線>5%禁止進場,0,C,禁止追高,已漲遠或接近目標，空手不追；持有者依策略分批處理。,False,2026-10-05,True,True,STOP,STOP 停止進場,觀察,取消新進場，只保留觀察,只看續抱 / 減碼 / 停利 / 停損，不新增部位。,停止新進場，先保留現金，等待大盤止跌。,停止新進場，禁止顯示今日可進場。,False,False
2026-10-05,2026-10-05,收盤確認價,臺灣證券交易所 / 證券櫃檯買賣中心正式收盤；yfinance 歷史資料,只使用完整收盤日K，不使用盤中未完成K,上市,1256,鮮活果汁-KY,168.0,169.5,167.5,168.2,168.4,170.32,178.17,164.69,-14.94,0.0,False,26853,38606,4511304,6578017,0.68,False,True,22.04,一般K,,False,False,False,False,0,False,C級：已漲遠或接近目標，禁止追高,條件不足,接近成形,178.5,165.5,191.5,接近成形＋可觀察,182.07,178.5,182.07,187.53,173.14,4.9,低,-5.88,16.42,1.06,5.18,182.07,0.89,False,False,True,距離頸線或前高過遠，禁止追高,頸線以當日前20日高點計算；收盤站上頸線 178.5 至少2%；成交量>=20日均量2倍；不可長上影；回踩須有近10日突破紀錄且不有效跌破頸線；距離頸線>5%禁止進場,0,C,禁止追高,已漲遠或接近目標，空手不追；持有者依策略分批處理。,False,2026-10-05,True,True,STOP,STOP 停止進場,觀察,取消新進場，只保留觀察,只看續抱 / 減碼 / 停利 / 停損，不新增部位。,停止新進場，先保留現金，等待大盤止跌。,停止新進場，禁止顯示今日可進場。,False,False
2026-10-05,2026-10-05,收盤確認價,臺灣證券交易所 / 證券櫃檯買賣中心正式收盤；yfinance 歷史資料,只使用完整收盤日K，不使用盤中未完成K,上市,2250,IKKA-KY,55.2,55.7,55.0,56.1,56.6,56.33,59.0,67.13,-14.42,-1.08,False,64920,57301,3583584,3222245,1.27,False,True,36.7,一般K,,False,False,False,False,0,False,C級：已漲遠或接近目標，禁止追高,條件不足,接近成形,58.8,54.6,63.0,接近成形＋可觀察,59.98,58.8,59.98,61.78,57.04,4.9,低,-6.12,17.37,1.03,5.04,59.98,0.0,False,False,True,距離頸線或前高過遠，禁止追高,頸線以當日前20日高點計算；收盤站上頸線 58.8 至少2%；成交量>=20日均量2倍；不可長上影；回踩須有近10日突破紀錄且不有效跌破頸線；距離頸線>5%禁止進場,0,C,禁止追高,已漲遠或接近目標，空手不追；持有者依策略分批處理。,False,2026-10-05,True,True,STOP,STOP 停止進場,觀察,取消新進場，只保留觀察,只看續抱 / 減碼 / 停利 / 停損，不新增部位。,停止新進場，先保留現金，等待大盤止跌。,停止新進場，禁止顯示今日可進場。,False,False
2026-10-05,2026-10-05,收盤確認價,臺灣證券交易所 / 證券櫃檯買賣中心正式收盤；yfinance 歷史資料,只使用完整收盤日K，不使用盤中未完成K,上櫃,4433,興采,17.7,17.95,17.6,17.97,18.09,18.32,19.09,20.53,-12.81,-1.67,False,91634,63704,1621921,1165670,1.04,False,True,20.97,一般K,,False,False,False,False,0,False,C級：已漲遠或接近目標，禁止追高,條件不足,接近成形,19.05,17.7,20.4,接近成形＋可觀察,19.43,19.05,19.43,20.01,18.48,4.9,低,-7.09,13.87,1.02,4.99,19.43,0.28,False,False,True,距離頸線或前高過遠，禁止追高,頸線以當日前20日高點計算；收盤站上頸線 19.05 至少2%；成交量>=20日均量2倍；不可長上影；回踩須有近10日突破紀錄且不有效跌破頸線；距離頸線>5%禁止進場,0,C,禁止追高,已漲遠或接近目標，空手不追；持有者依策略分批處理。,False,2026-10-05,True,True,STOP,STOP 停止進場,觀察,取消新進場，只保留觀察,只看續抱 / 減碼 / 停利 / 停損，不新增部位。,停止新進場，先保留現金，等待大盤止跌。,停止新進場，禁止顯示今日可進場。,False,False
2026-10-05,2026-10-05,收盤確認價,臺灣證券交易所 / 證券櫃檯買賣中心正式收盤；yfinance 歷史資料,只使用完整收盤日K，不使用盤中未完成K,上櫃,5905,南仁湖,7.29,7.35,7.28,7.35,7.32,7.4,7.93,8.54,-14.34,-0.55,False,249691,387413,1820247,2875445,0.83,False,True,56.07,一般K,,False,False,False,False,0,False,C級：已漲遠或接近目標，禁止追高,條件不足,接近成形,7.78,7.23,8.33,接近成形＋可觀察,7.94,7.78,7.94,8.17,7.55,4.9,低,-6.3,21.61,1.01,4.97,7.94,0.14,False,False,True,距離頸線或前高過遠，禁止追高,頸線以當日前20日高點計算；收盤站上頸線 7.78 至少2%；成交量>=20日均量2倍；不可長上影；回踩須有近10日突破紀錄且不有效跌破頸線；距離頸線>5%禁止進場,0,C,禁止追高,已漲遠或接近目標，空手不追；持有者依策略分批處理。,False,2026-10-05,True,True,STOP,STOP 停止進場,觀察,取消新進場，只保留觀察,只看續抱 / 減碼 / 停利 / 停損，不新增部位。,停止新進場，先保留現金，等待大盤止跌。,停止新進場，禁止顯示今日可進場。,False,False
2026-10-05,2026-10-05,收盤確認價,臺灣證券交易所 / 證券櫃檯買賣中心正式收盤；yfinance 歷史資料,只使用完整收盤日K，不使用盤中未完成K,上市,1531,高林股,11.45,11.6,11.45,11.56,11.66,11.7,12.51,12.39,-11.92,-0.43,False,171384,183447,1962346,2155645,0.85,False,True,22.37,一般K,,False,False,False,False,0,False,C級：已漲遠或接近目標，禁止追高,條件不足,接近成形,12.3,11.45,13.15,接近成形＋可觀察,12.55,12.3,12.55,12.92,11.93,4.9,低,-6.91,16.42,0.98,4.81,12.55,0.87,False,False,True,距離頸線或前高過遠，禁止追高,頸線以當日前20日高點計算；收盤站上頸線 12.3 至少2%；成交量>=20日均量2倍；不可長上影；回踩須有近10日突破紀錄且不有效跌破頸線；距離頸線>5%禁止進場,0,C,禁止追高,已漲遠或接近目標，空手不追；持有者依策略分批處理。,False,2026-10-05,True,True,STOP,STOP 停止進場,觀察,取消新進場，只保留觀察,只看續抱 / 減碼 / 停利 / 停損，不新增部位。,停止新進場，先保留現金，等待大盤止跌。,停止新進場，禁止顯示今日可進場。,False,False
2026-10-05,2026-10-05,收盤確認價,臺灣證券交易所 / 證券櫃檯買賣中心正式收盤；yfinance 歷史資料,只使用完整收盤日K，不使用盤中未完成K,上市,1760,寶齡富錦,53.9,54.9,53.8,54.32,54.04,54.49,57.72,62.17,-13.34,-1.28,False,154482,103523,8326579,5643951,0.88,False,True,53.19,一般K,,False,False,False,False,0,False,C級：已漲遠或接近目標，禁止追高,條件不足,接近成形,57.2,53.4,61.0,接近成形＋可觀察,58.34,57.2,58.34,60.09,55.48,4.9,低,-5.77,17.08,0.93,4.55,58.34,0.0,False,False,True,距離頸線或前高過遠，禁止追高,頸線以當日前20日高點計算；收盤站上頸線 57.2 至少2%；成交量>=20日均量2倍；不可長上影；回踩須有近10日突破紀錄且不有效跌破頸線；距離頸線>5%禁止進場,0,C,禁止追高,已漲遠或接近目標，空手不追；持有者依策略分批處理。,False,2026-10-05,True,True,STOP,STOP 停止進場,觀察,取消新進場，只保留觀察,只看續抱 / 減碼 / 停利 / 停損，不新增部位。,停止新進場，先保留現金，等待大盤止跌。,停止新進場，禁止顯示今日可進場。,False,False
2026-10-05,2026-10-05,收盤確認價,臺灣證券交易所 / 證券櫃檯買賣中心正式收盤；yfinance 歷史資料,只使用完整收盤日K，不使用盤中未完成K,上市,1460,宏遠,6.12,6.21,6.11,6.21,6.26,6.36,6.63,6.62,-14.64,-1.29,False,339464,232083,2077519,1473349,0.83,False,True,60.1,一般K,,False,False,False,False,0,False,C級：已漲遠或接近目標，禁止追高,條件不足,接近成形,6.63,6.19,7.07,接近成形＋可觀察,6.76,6.63,6.76,6.97,6.43,4.9,低,-7.69,15.82,0.93,4.55,6.76,0.16,False,False,True,距離頸線或前高過遠，禁止追高,頸線以當日前20日高點計算；收盤站上頸線 6.63 至少2%；成交量>=20日均量2倍；不可長上影；回踩須有近10日突破紀錄且不有效跌破頸線；距離頸線>5%禁止進場,0,C,禁止追高,已漲遠或接近目標，空手不追；持有者依策略分批處理。,False,2026-10-05,True,True,STOP,STOP 停止進場,觀察,取消新進場，只保留觀察,只看續抱 / 減碼 / 停利 / 停損，不新增部位。,停止新進場，先保留現金，等待大盤止跌。,停止新進場，禁止顯示今日可進場。,False,False
2026-10-05,2026-10-05,收盤確認價,臺灣證券交易所 / 證券櫃檯買賣中心正式收盤；yfinance 歷史資料,只使用完整收盤日K，不使用盤中未完成K,上櫃,4102,永日,18.0,18.5,17.75,18.34,18.53,18.71,19.2,19.67,-12.2,-2.44,False,42503,24085,765054,449076,0.86,False,True,8.87,一般K,,False,False,False,False,0,False,C級：已漲遠或接近目標，禁止追高,條件不足,三角收斂突破,19.55,18.25,20.85,接近成形＋可觀察,19.94,19.55,19.94,20.54,18.96,4.9,低,-7.93,12.83,0.93,4.56,19.94,0.0,False,False,True,距離頸線或前高過遠，禁止追高,頸線以當日前20日高點計算；收盤站上頸線 19.55 至少2%；成交量>=20日均量2倍；不可長上影；回踩須有近10日突破紀錄且不有效跌破頸線；距離頸線>5%禁止進場,0,C,禁止追高,已漲遠或接近目標，空手不追；持有者依策略分批處理。,False,2026-10-05,True,True,STOP,STOP 停止進場,觀察,取消新進場，只保留觀察,只看續抱 / 減碼 / 停利 / 停損，不新增部位。,停止新進場，先保留現金，等待大盤止跌。,停止新進場，禁止顯示今日可進場。,False,False
2026-10-05,2026-10-05,收盤確認價,臺灣證券交易所 / 證券櫃檯買賣中心正式收盤；yfinance 歷史資料,只使用完整收盤日K，不使用盤中未完成K,上市,1906,寶隆,10.6,10.8,10.6,10.75,10.77,10.89,11.11,11.57,-6.19,-0.47,False,53031,41865,562128,454879,0.74,False,True,58.96,一般K,,False,False,False,False,0,False,C級：已漲遠或接近目標，禁止追高,條件不足,接近成形,11.35,10.6,12.1,接近成形＋可觀察,11.58,11.35,11.58,11.92,11.01,4.9,低,-6.61,13.11,0.92,4.52,11.58,0.47,False,False,True,距離頸線或前高過遠，禁止追高,頸線以當日前20日高點計算；收盤站上頸線 11.35 至少2%；成交量>=20日均量2倍；不可長上影；回踩須有近10日突破紀錄且不有效跌破頸線；距離頸線>5%禁止進場,0,C,禁止追高,已漲遠或接近目標，空手不追；持有者依策略分批處理。,False,2026-10-05,True,True,STOP,STOP 停止進場,觀察,取消新進場，只保留觀察,只看續抱 / 減碼 / 停利 / 停損，不新增部位。,停止新進場，先保留現金，等待大盤止跌。,停止新進場，禁止顯示今日可進場。,False,False
2026-10-05,2026-10-05,收盤確認價,臺灣證券交易所 / 證券櫃檯買賣中心正式收盤；yfinance 歷史資料,只使用完整收盤日K，不使用盤中未完成K,上市,2228,劍麟,74.1,75.0,73.9,74.9,74.7,74.96,76.64,89.71,-13.23,-1.07,False,176605,153703,13086430,11412686,1.47,False,True,42.02,一般K,,False,False,False,False,0,False,C級：已漲遠或接近目標，禁止追高,條件不足,接近成形,78.1,73.4,83.2,接近成形＋可觀察,79.66,78.1,79.66,82.05,75.76,4.9,低,-5.12,14.34,0.91,4.44,79.66,0.0,False,False,True,距離頸線或前高過遠，禁止追高,頸線以當日前20日高點計算；收盤站上頸線 78.1 至少2%；成交量>=20日均量2倍；不可長上影；回踩須有近10日突破紀錄且不有效跌破頸線；距離頸線>5%禁止進場,0,C,禁止追高,已漲遠或接近目標，空手不追；持有者依策略分批處理。,False,2026-10-05,True,True,STOP,STOP 停止進場,觀察,取消新進場，只保留觀察,只看續抱 / 減碼 / 停利 / 停損，不新增部位。,停止新進場，先保留現金，等待大盤止跌。,停止新進場，禁止顯示今日可進場。,False,False
2026-10-05,2026-10-05,收盤確認價,臺灣證券交易所 / 證券櫃檯買賣中心正式收盤；yfinance 歷史資料,只使用完整收盤日K，不使用盤中未完成K,上櫃,6961,旅天下,46.9,47.1,46.75,47.54,47.52,48.38,50.67,61.65,-12.34,-1.05,False,31725,22948,1487902,1104607,0.58,False,True,72.0,一般K,,False,False,False,False,0,False,C級：已漲遠或接近目標，禁止追高,條件不足,接近成形,50.4,47.1,53.7,接近成形＋可觀察,51.41,50.4,51.41,52.95,48.89,4.9,低,-6.94,13.15,0.91,4.46,51.41,0.0,False,False,True,距離頸線或前高過遠，禁止追高,頸線以當日前20日高點計算；收盤站上頸線 50.4 至少2%；成交量>=20日均量2倍；不可長上影；回踩須有近10日突破紀錄且不有效跌破頸線；距離頸線>5%禁止進場,0,C,禁止追高,已漲遠或接近目標，空手不追；持有者依策略分批處理。,False,2026-10-05,True,True,STOP,STOP 停止進場,觀察,取消新進場，只保留觀察,只看續抱 / 減碼 / 停利 / 停損，不新增部位。,停止新進場，先保留現金，等待大盤止跌。,停止新進場，禁止顯示今日可進場。,False,False
2026-10-05,2026-10-05,收盤確認價,臺灣證券交易所 / 證券櫃檯買賣中心正式收盤；yfinance 歷史資料,只使用完整收盤日K，不使用盤中未完成K,上市,1533,車王電,30.2,30.5,30.1,30.39,30.45,30.53,31.92,32.71,-18.05,-0.98,False,109938,76874,3320127,2346860,0.85,False,True,26.41,一般K,,False,False,False,False,0,False,C級：已漲遠或接近目標，禁止追高,條件不足,接近成形,31.95,29.9,34.0,接近成形＋可觀察,32.59,31.95,32.59,33.57,30.99,4.9,低,-5.48,21.35,0.88,4.33,32.59,0.0,False,False,True,距離頸線或前高過遠，禁止追高,頸線以當日前20日高點計算；收盤站上頸線 31.95 至少2%；成交量>=20日均量2倍；不可長上影；回踩須有近10日突破紀錄且不有效跌破頸線；距離頸線>5%禁止進場,0,C,禁止追高,已漲遠或接近目標，空手不追；持有者依策略分批處理。,False,2026-10-05,True,True,STOP,STOP 停止進場,觀察,取消新進場，只保留觀察,只看續抱 / 減碼 / 停利 / 停損，不新增部位。,停止新進場，先保留現金，等待大盤止跌。,停止新進場，禁止顯示今日可進場。,False,False
2026-10-05,2026-10-05,收盤確認價,臺灣證券交易所 / 證券櫃檯買賣中心正式收盤；yfinance 歷史資料,只使用完整收盤日K，不使用盤中未完成K,上市,1108,幸福,11.05,11.2,11.05,11.1,11.1,11.21,11.8,13.96,-19.05,-0.9,False,112249,264075,1240351,2971210,0.67,False,True,58.57,一般K,,False,False,False,False,0,False,C級：已漲遠或接近目標，禁止追高,條件不足,接近成形,11.7,10.95,12.45,接近成形＋可觀察,11.93,11.7,11.93,12.29,11.35,4.9,低,-5.56,19.64,0.88,4.32,11.93,0.9,False,False,True,距離頸線或前高過遠，禁止追高,頸線以當日前20日高點計算；收盤站上頸線 11.7 至少2%；成交量>=20日均量2倍；不可長上影；回踩須有近10日突破紀錄且不有效跌破頸線；距離頸線>5%禁止進場,0,C,禁止追高,已漲遠或接近目標，空手不追；持有者依策略分批處理。,False,2026-10-05,True,True,STOP,STOP 停止進場,觀察,取消新進場，只保留觀察,只看續抱 / 減碼 / 停利 / 停損，不新增部位。,停止新進場，先保留現金，等待大盤止跌。,停止新進場，禁止顯示今日可進場。,False,False
2026-10-05,2026-10-05,收盤確認價,臺灣證券交易所 / 證券櫃檯買賣中心正式收盤；yfinance 歷史資料,只使用完整收盤日K，不使用盤中未完成K,上市,2211,長榮鋼,79.0,79.6,79.0,79.24,79.74,80.9,84.9,97.94,-16.84,-0.5,False,525528,583230,41516712,46895517,0.83,False,True,60.42,一般K,,False,False,False,False,0,False,C級：已漲遠或接近目標，禁止追高,條件不足,接近成形,84.1,78.8,89.4,接近成形＋可觀察,85.78,84.1,85.78,88.36,81.58,4.9,低,-6.06,17.79,0.86,4.22,85.78,0.13,False,False,True,距離頸線或前高過遠，禁止追高,頸線以當日前20日高點計算；收盤站上頸線 84.1 至少2%；成交量>=20日均量2倍；不可長上影；回踩須有近10日突破紀錄且不有效跌破頸線；距離頸線>5%禁止進場,0,C,禁止追高,已漲遠或接近目標，空手不追；持有者依策略分批處理。,False,2026-10-05,True,True,STOP,STOP 停止進場,觀察,取消新進場，只保留觀察,只看續抱 / 減碼 / 停利 / 停損，不新增部位。,停止新進場，先保留現金，等待大盤止跌。,停止新進場，禁止顯示今日可進場。,False,False
2026-10-05,2026-10-05,收盤確認價,臺灣證券交易所 / 證券櫃檯買賣中心正式收盤；yfinance 歷史資料,只使用完整收盤日K，不使用盤中未完成K,上市,1337,再生-KY,4.41,4.48,4.4,4.44,4.44,4.47,4.65,5.07,-14.04,-0.45,False,298856,246528,1317954,1102066,0.9,False,True,12.09,一般K,,False,False,False,False,0,False,C級：已漲遠或接近目標，禁止追高,條件不足,接近成形,4.68,4.39,4.97,接近成形＋可觀察,4.77,4.68,4.77,4.92,4.54,4.9,低,-5.77,14.53,0.84,4.11,4.77,0.45,False,False,True,距離頸線或前高過遠，禁止追高,頸線以當日前20日高點計算；收盤站上頸線 4.68 至少2%；成交量>=20日均量2倍；不可長上影；回踩須有近10日突破紀錄且不有效跌破頸線；距離頸線>5%禁止進場,0,C,禁止追高,已漲遠或接近目標，空手不追；持有者依策略分批處理。,False,2026-10-05,True,True,STOP,STOP 停止進場,觀察,取消新進場，只保留觀察,只看續抱 / 減碼 / 停利 / 停損，不新增部位。,停止新進場，先保留現金，等待大盤止跌。,停止新進場，禁止顯示今日可進場。,False,False
2026-10-05,2026-10-05,收盤確認價,臺灣證券交易所 / 證券櫃檯買賣中心正式收盤；yfinance 歷史資料,只使用完整收盤日K，不使用盤中未完成K,上市,1452,宏益,10.6,10.75,10.6,10.72,10.77,10.95,11.29,11.45,-9.01,-0.93,False,96709,55241,1025115,605281,0.72,False,True,31.0,一般K,,False,False,False,False,0,False,C級：已漲遠或接近目標，禁止追高,條件不足,三角收斂突破,11.4,10.7,12.1,接近成形＋可觀察,11.63,11.4,11.63,11.98,11.06,4.9,低,-7.02,11.67,0.83,4.06,11.63,0.47,False,False,True,距離頸線或前高過遠，禁止追高,頸線以當日前20日高點計算；收盤站上頸線 11.4 至少2%；成交量>=20日均量2倍；不可長上影；回踩須有近10日突破紀錄且不有效跌破頸線；距離頸線>5%禁止進場,0,C,禁止追高,已漲遠或接近目標，空手不追；持有者依策略分批處理。,False,2026-10-05,True,True,STOP,STOP 停止進場,觀察,取消新進場，只保留觀察,只看續抱 / 減碼 / 停利 / 停損，不新增部位。,停止新進場，先保留現金，等待大盤止跌。,停止新進場，禁止顯示今日可進場。,False,False
2026-10-05,2026-10-05,收盤確認價,臺灣證券交易所 / 證券櫃檯買賣中心正式收盤；yfinance 歷史資料,只使用完整收盤日K，不使用盤中未完成K,上市,1445,大宇,9.98,10.05,9.98,10.02,10.07,10.15,10.49,12.46,-11.29,-0.2,False,93621,72982,934337,742057,1.04,False,True,13.15,一般K,,False,False,False,False,0,False,C級：已漲遠或接近目標，禁止追高,條件不足,接近成形,10.65,10.0,11.3,接近成形＋可觀察,10.86,10.65,10.86,11.19,10.33,4.9,低,-6.29,17.52,0.82,4.02,10.86,0.0,False,False,True,距離頸線或前高過遠，禁止追高,頸線以當日前20日高點計算；收盤站上頸線 10.65 至少2%；成交量>=20日均量2倍；不可長上影；回踩須有近10日突破紀錄且不有效跌破頸線；距離頸線>5%禁止進場,0,C,禁止追高,已漲遠或接近目標，空手不追；持有者依策略分批處理。,False,2026-10-05,True,True,STOP,STOP 停止進場,觀察,取消新進場，只保留觀察,只看續抱 / 減碼 / 停利 / 停損，不新增部位。,停止新進場，先保留現金，等待大盤止跌。,停止新進場，禁止顯示今日可進場。,False,False
2026-10-05,2026-10-05,收盤確認價,臺灣證券交易所 / 證券櫃檯買賣中心正式收盤；yfinance 歷史資料,只使用完整收盤日K，不使用盤中未完成K,上市,1201,味全,11.4,11.55,11.4,11.54,11.6,11.85,12.16,13.41,-8.43,-1.3,False,838421,1254392,9557999,14621574,1.25,False,True,79.2,一般K,,False,False,False,False,0,False,C級：已漲遠或接近目標，禁止追高,條件不足,接近成形,12.25,11.5,13.0,接近成形＋可觀察,12.5,12.25,12.5,12.87,11.88,4.9,低,-6.94,11.63,0.82,4.04,12.5,0.0,False,False,True,距離頸線或前高過遠，禁止追高,頸線以當日前20日高點計算；收盤站上頸線 12.25 至少2%；成交量>=20日均量2倍；不可長上影；回踩須有近10日突破紀錄且不有效跌破頸線；距離頸線>5%禁止進場,0,C,禁止追高,已漲遠或接近目標，空手不追；持有者依策略分批處理。,False,2026-10-05,True,True,STOP,STOP 停止進場,觀察,取消新進場，只保留觀察,只看續抱 / 減碼 / 停利 / 停損，不新增部位。,停止新進場，先保留現金，等待大盤止跌。,停止新進場，禁止顯示今日可進場。,False,False
2026-10-05,2026-10-05,收盤確認價,臺灣證券交易所 / 證券櫃檯買賣中心正式收盤；yfinance 歷史資料,只使用完整收盤日K，不使用盤中未完成K,上市,2106,建大,16.5,16.65,16.45,16.58,16.56,16.69,17.41,18.58,-5.17,-0.9,False,744910,747534,12291015,12466759,0.97,False,True,53.29,一般K,,False,False,False,False,0,False,C級：已漲遠或接近目標，禁止追高,條件不足,接近成形,17.45,16.4,18.5,接近成形＋可觀察,17.8,17.45,17.8,18.33,16.93,4.9,低,-5.44,13.61,0.8,3.94,17.8,0.0,False,False,True,距離頸線或前高過遠，禁止追高,頸線以當日前20日高點計算；收盤站上頸線 17.45 至少2%；成交量>=20日均量2倍；不可長上影；回踩須有近10日突破紀錄且不有效跌破頸線；距離頸線>5%禁止進場,0,C,禁止追高,已漲遠或接近目標，空手不追；持有者依策略分批處理。,False,2026-10-05,True,True,STOP,STOP 停止進場,觀察,取消新進場，只保留觀察,只看續抱 / 減碼 / 停利 / 停損，不新增部位。,停止新進場，先保留現金，等待大盤止跌。,停止新進場，禁止顯示今日可進場。,False,False
2026-10-05,2026-10-05,收盤確認價,臺灣證券交易所 / 證券櫃檯買賣中心正式收盤；yfinance 歷史資料,只使用完整收盤日K，不使用盤中未完成K,上櫃,8930,青鋼,28.5,28.55,28.45,28.65,28.77,29.04,29.96,30.12,-7.32,-0.35,False,26167,33499,745759,973871,0.63,False,True,44.26,一般K,,False,False,False,False,0,False,C級：已漲遠或接近目標，禁止追高,條件不足,接近成形,30.1,28.4,31.8,接近成形＋可觀察,30.7,30.1,30.7,31.62,29.2,4.9,低,-5.32,10.94,0.73,3.58,30.7,0.18,False,False,True,距離頸線或前高過遠，禁止追高,頸線以當日前20日高點計算；收盤站上頸線 30.1 至少2%；成交量>=20日均量2倍；不可長上影；回踩須有近10日突破紀錄且不有效跌破頸線；距離頸線>5%禁止進場,0,C,禁止追高,已漲遠或接近目標，空手不追；持有者依策略分批處理。,False,2026-10-05,True,True,STOP,STOP 停止進場,觀察,取消新進場，只保留觀察,只看續抱 / 減碼 / 停利 / 停損，不新增部位。,停止新進場，先保留現金，等待大盤止跌。,停止新進場，禁止顯示今日可進場。,False,False
