date,strategyAsOfDate,priceType,source,dataPolicy,market,code,name,close,high,low,ma5,ma10,ma20,ma60,ma240,rise60,changePct,nearLimitUp,volume,avgVolume20,turnover,avgTurnover20,volatility20Pct,liquidityOk,volatilityOk,adx,kline,theme,trend,fund,themeHit,priceVol,score,strictOkBase,status,reason,pattern,neckline,support,target,stage,entryBreakout,entryPullback,chaseRangeLow,chaseRangeHigh,stopLoss,riskPct,winRate,distanceFromNecklinePct,distanceFromPrevHighPct,riskRewardRatio,rewardPct,observationEntry,upperShadowPct,recentBreakout,nearTarget,forbiddenChase,planStatus,confirmConditions,safeScore,grade,category,action,strictOk,officialDataDate,dataFresh,priceVerified,marketRegime,marketRegimeImpact,originalSignal,adjustedSignal,holderAction,cashAction,riskWarning,marketFilterAllowsEntry,profitTakingAlert
2026-10-01,2026-10-01,收盤確認價,臺灣證券交易所 / 證券櫃檯買賣中心正式收盤；yfinance 歷史資料,只使用完整收盤日K，不使用盤中未完成K,上櫃,1595,川寶,83.3,91.0,81.4,80.42,73.86,69.89,64.11,54.76,19.0,-2.34,False,9124076,1683285,760035530,132477788,4.36,True,True,34.39,一般K,PCB 設備 鑽孔設備 半導體設備,True,True,True,False,3,False,B級觀察：接近成形，等待確認,趨勢多頭、量能放大、題材命中,旗型整理突破,83.0,66.4,121.0,接近成形＋可觀察,84.66,83.0,84.66,87.2,80.51,4.9,中,0.36,2.34,8.76,42.92,84.66,6.0,True,False,False,預備單，等待確認條件,頸線以當日前20日高點計算；收盤站上頸線 83.0 至少2%；成交量>=20日均量2倍；不可長上影；回踩須有近10日突破紀錄且不有效跌破頸線；距離頸線>5%禁止進場,100,B,即將突破觀察,條件接近完整，等收盤確認或回踩不破。,False,2026-10-01,True,True,STOP,STOP 停止進場,觀察,取消新進場，只保留觀察,只看續抱 / 減碼 / 停利 / 停損，不新增部位。,停止新進場，先保留現金，等待大盤止跌。,停止新進場，禁止顯示今日可進場。,False,False
2026-10-01,2026-10-01,收盤確認價,臺灣證券交易所 / 證券櫃檯買賣中心正式收盤；yfinance 歷史資料,只使用完整收盤日K，不使用盤中未完成K,上櫃,8227,巨有科技,363.5,384.5,342.0,337.5,308.9,252.68,187.7,166.97,85.46,-1.89,False,11911058,3624410,4329669583,950563428,5.15,True,True,82.3,長黑,,True,True,False,False,2,False,B級觀察：接近成形，等待確認,趨勢多頭、量能放大,旗型整理突破,370.5,240.04,613.0,接近成形＋可觀察,377.91,370.5,377.91,389.25,359.38,4.9,中,-1.89,1.89,12.69,62.21,377.91,1.38,False,False,False,預備單，等待確認條件,頸線以當日前20日高點計算；收盤站上頸線 370.5 至少2%；成交量>=20日均量2倍；不可長上影；回踩須有近10日突破紀錄且不有效跌破頸線；距離頸線>5%禁止進場,100,B,即將突破觀察,條件接近完整，等收盤確認或回踩不破。,False,2026-10-01,True,True,STOP,STOP 停止進場,觀察,取消新進場，只保留觀察,只看續抱 / 減碼 / 停利 / 停損，不新增部位。,停止新進場，先保留現金，等待大盤止跌。,停止新進場，禁止顯示今日可進場。,False,False
2026-10-01,2026-10-01,收盤確認價,臺灣證券交易所 / 證券櫃檯買賣中心正式收盤；yfinance 歷史資料,只使用完整收盤日K，不使用盤中未完成K,上櫃,7792,安葆,421.0,430.5,410.0,422.4,379.8,346.18,275.05,273.48,76.89,-0.71,False,371596,799431,156441916,302977880,4.05,True,True,44.77,一般K,,True,False,False,True,2,False,B級觀察：接近成形，等待確認,趨勢多頭、價量條件足,旗型整理突破,415.5,328.87,651.5,接近成形＋可觀察,423.81,415.5,423.81,436.52,403.03,4.9,中,1.32,7.06,10.96,53.72,423.81,2.26,True,False,False,預備單，等待確認條件,頸線以當日前20日高點計算；收盤站上頸線 415.5 至少2%；成交量>=20日均量2倍；不可長上影；回踩須有近10日突破紀錄且不有效跌破頸線；距離頸線>5%禁止進場,100,B,即將突破觀察,條件接近完整，等收盤確認或回踩不破。,False,2026-10-01,True,True,STOP,STOP 停止進場,觀察,取消新進場，只保留觀察,只看續抱 / 減碼 / 停利 / 停損，不新增部位。,停止新進場，先保留現金，等待大盤止跌。,停止新進場，禁止顯示今日可進場。,False,False
2026-10-01,2026-10-01,收盤確認價,臺灣證券交易所 / 證券櫃檯買賣中心正式收盤；yfinance 歷史資料,只使用完整收盤日K，不使用盤中未完成K,上櫃,8040,九暘,95.4,99.0,95.4,95.9,88.73,83.67,77.72,66.99,0.95,-3.15,False,2808746,3424026,267954368,301142139,4.83,True,True,45.51,一般K,IC設計 網通 半導體,True,False,True,False,2,False,B級觀察：接近成形，等待確認,趨勢多頭、題材命中,旗型整理突破,97.6,79.49,134.7,接近成形＋可觀察,99.55,97.6,99.55,102.54,94.67,4.9,中,-2.25,6.93,7.2,35.31,99.55,1.05,True,False,False,預備單，等待確認條件,頸線以當日前20日高點計算；收盤站上頸線 97.6 至少2%；成交量>=20日均量2倍；不可長上影；回踩須有近10日突破紀錄且不有效跌破頸線；距離頸線>5%禁止進場,100,B,即將突破觀察,條件接近完整，等收盤確認或回踩不破。,False,2026-10-01,True,True,STOP,STOP 停止進場,觀察,取消新進場，只保留觀察,只看續抱 / 減碼 / 停利 / 停損，不新增部位。,停止新進場，先保留現金，等待大盤止跌。,停止新進場，禁止顯示今日可進場。,False,False
2026-10-01,2026-10-01,收盤確認價,臺灣證券交易所 / 證券櫃檯買賣中心正式收盤；yfinance 歷史資料,只使用完整收盤日K，不使用盤中未完成K,上市,1721,三晃,26.6,27.5,25.75,25.55,24.23,23.14,21.47,19.46,10.83,0.57,False,3409492,1653220,90692487,40303428,4.61,True,True,49.58,一般K,,True,True,False,False,2,False,B級觀察：接近成形，等待確認,趨勢多頭、量能放大,旗型整理突破,26.85,21.98,35.7,接近成形＋可觀察,27.39,26.85,27.39,28.21,26.04,4.9,中,-0.93,0.93,6.19,30.35,27.39,3.38,False,False,False,預備單，等待確認條件,頸線以當日前20日高點計算；收盤站上頸線 26.85 至少2%；成交量>=20日均量2倍；不可長上影；回踩須有近10日突破紀錄且不有效跌破頸線；距離頸線>5%禁止進場,100,B,即將突破觀察,條件接近完整，等收盤確認或回踩不破。,False,2026-10-01,True,True,STOP,STOP 停止進場,觀察,取消新進場，只保留觀察,只看續抱 / 減碼 / 停利 / 停損，不新增部位。,停止新進場，先保留現金，等待大盤止跌。,停止新進場，禁止顯示今日可進場。,False,False
2026-10-01,2026-10-01,收盤確認價,臺灣證券交易所 / 證券櫃檯買賣中心正式收盤；yfinance 歷史資料,只使用完整收盤日K，不使用盤中未完成K,上櫃,6643,M31,521.0,557.0,518.0,514.5,485.6,451.23,432.92,462.38,13.02,-6.13,False,2238213,919102,1166108973,450220115,4.32,True,True,41.47,長黑,,True,True,False,False,2,False,B級觀察：接近成形，等待確認,趨勢多頭、量能放大,旗型整理突破,534.0,428.66,706.0,接近成形＋可觀察,544.68,534.0,544.68,561.02,517.98,4.9,中,-2.43,6.13,6.04,29.62,544.68,0.38,True,False,False,預備單，等待確認條件,頸線以當日前20日高點計算；收盤站上頸線 534.0 至少2%；成交量>=20日均量2倍；不可長上影；回踩須有近10日突破紀錄且不有效跌破頸線；距離頸線>5%禁止進場,100,B,即將突破觀察,條件接近完整，等收盤確認或回踩不破。,False,2026-10-01,True,True,STOP,STOP 停止進場,觀察,取消新進場，只保留觀察,只看續抱 / 減碼 / 停利 / 停損，不新增部位。,停止新進場，先保留現金，等待大盤止跌。,停止新進場，禁止顯示今日可進場。,False,False
2026-10-01,2026-10-01,收盤確認價,臺灣證券交易所 / 證券櫃檯買賣中心正式收盤；yfinance 歷史資料,只使用完整收盤日K，不使用盤中未完成K,上櫃,5347,世界,184.5,188.5,178.5,177.5,172.8,163.55,160.21,136.38,4.53,1.93,False,23765668,16428222,4384765746,2759365858,2.72,True,True,54.22,一般K,半導體 晶圓代工,True,False,True,False,2,False,B級觀察：接近成形，等待確認,趨勢多頭、題材命中,旗型整理突破,185.0,155.37,239.0,接近成形＋可觀察,188.7,185.0,188.7,194.36,179.45,4.9,中,-0.27,3.91,5.44,26.66,188.7,2.17,False,False,False,預備單，等待確認條件,頸線以當日前20日高點計算；收盤站上頸線 185.0 至少2%；成交量>=20日均量2倍；不可長上影；回踩須有近10日突破紀錄且不有效跌破頸線；距離頸線>5%禁止進場,100,B,即將突破觀察,條件接近完整，等收盤確認或回踩不破。,False,2026-10-01,True,True,STOP,STOP 停止進場,觀察,取消新進場，只保留觀察,只看續抱 / 減碼 / 停利 / 停損，不新增部位。,停止新進場，先保留現金，等待大盤止跌。,停止新進場，禁止顯示今日可進場。,False,False
2026-10-01,2026-10-01,收盤確認價,臺灣證券交易所 / 證券櫃檯買賣中心正式收盤；yfinance 歷史資料,只使用完整收盤日K，不使用盤中未完成K,上市,2376,技嘉,368.5,369.0,358.5,363.1,361.1,357.12,349.17,291.56,10.0,2.79,False,4284244,5212542,1578743914,1868358426,1.75,True,True,19.19,紅K突破,AI 伺服器 電腦系統,True,False,True,False,2,False,B級觀察：接近成形，等待確認,趨勢多頭、題材命中,箱型突破,376.0,341.0,440.0,接近成形＋可觀察,383.52,376.0,383.52,395.03,364.72,4.9,中,-1.99,8.33,3.0,14.73,383.52,0.14,False,False,False,預備單，等待確認條件,頸線以當日前20日高點計算；收盤站上頸線 376.0 至少2%；成交量>=20日均量2倍；不可長上影；回踩須有近10日突破紀錄且不有效跌破頸線；距離頸線>5%禁止進場,100,B,即將突破觀察,條件接近完整，等收盤確認或回踩不破。,False,2026-10-01,True,True,STOP,STOP 停止進場,觀察,取消新進場，只保留觀察,只看續抱 / 減碼 / 停利 / 停損，不新增部位。,停止新進場，先保留現金，等待大盤止跌。,停止新進場，禁止顯示今日可進場。,False,False
2026-10-01,2026-10-01,收盤確認價,臺灣證券交易所 / 證券櫃檯買賣中心正式收盤；yfinance 歷史資料,只使用完整收盤日K，不使用盤中未完成K,上市,2330,台積電,2510.0,2510.0,2485.0,2488.0,2464.5,2442.5,2403.0,1992.0,1.83,1.21,False,20666092,19458249,51871890920,47620512567,1.19,True,True,28.76,紅K突破,AI 半導體 先進封裝 CoWoS HBM,True,False,True,False,2,False,B級觀察：接近成形，等待確認,趨勢多頭、題材命中,箱型突破,2510.0,2375.0,2840.0,接近成形＋可觀察,2560.2,2510.0,2560.2,2637.01,2434.7,4.9,中,0.0,0.0,2.23,10.93,2560.2,0.0,False,False,False,預備單，等待確認條件,頸線以當日前20日高點計算；收盤站上頸線 2510.0 至少2%；成交量>=20日均量2倍；不可長上影；回踩須有近10日突破紀錄且不有效跌破頸線；距離頸線>5%禁止進場,100,B,即將突破觀察,條件接近完整，等收盤確認或回踩不破。,False,2026-10-01,True,True,STOP,STOP 停止進場,觀察,取消新進場，只保留觀察,只看續抱 / 減碼 / 停利 / 停損，不新增部位。,停止新進場，先保留現金，等待大盤止跌。,停止新進場，禁止顯示今日可進場。,False,False
2026-10-01,2026-10-01,收盤確認價,臺灣證券交易所 / 證券櫃檯買賣中心正式收盤；yfinance 歷史資料,只使用完整收盤日K，不使用盤中未完成K,上櫃,3105,穩懋,538.0,546.0,529.0,514.4,500.7,476.27,406.98,330.96,30.11,-0.74,False,26937664,28141608,14492463232,13499012006,3.78,True,True,23.97,一般K,,True,False,False,False,1,False,B級觀察：接近成形，等待確認,趨勢多頭,旗型整理突破,542.0,452.46,822.0,接近成形＋可觀察,552.84,542.0,552.84,569.43,525.74,4.9,中,-0.74,0.74,9.93,48.69,552.84,0.0,False,False,False,預備單，等待確認條件,頸線以當日前20日高點計算；收盤站上頸線 542.0 至少2%；成交量>=20日均量2倍；不可長上影；回踩須有近10日突破紀錄且不有效跌破頸線；距離頸線>5%禁止進場,100,B,即將突破觀察,條件接近完整，等收盤確認或回踩不破。,False,2026-10-01,True,True,STOP,STOP 停止進場,觀察,取消新進場，只保留觀察,只看續抱 / 減碼 / 停利 / 停損，不新增部位。,停止新進場，先保留現金，等待大盤止跌。,停止新進場，禁止顯示今日可進場。,False,False
2026-10-01,2026-10-01,收盤確認價,臺灣證券交易所 / 證券櫃檯買賣中心正式收盤；yfinance 歷史資料,只使用完整收盤日K，不使用盤中未完成K,上櫃,3455,由田,287.0,292.0,258.0,264.6,256.9,245.8,225.0,170.31,21.61,7.49,False,3975944,2427118,1141095928,613287954,3.65,True,True,24.11,紅K突破,,True,False,False,False,1,False,B級觀察：接近成形，等待確認,趨勢多頭,旗型整理突破,279.0,233.51,413.0,接近成形＋可觀察,284.58,279.0,284.58,293.12,270.63,4.9,中,2.87,2.87,9.21,45.13,284.58,1.74,False,False,False,預備單，等待確認條件,頸線以當日前20日高點計算；收盤站上頸線 279.0 至少2%；成交量>=20日均量2倍；不可長上影；回踩須有近10日突破紀錄且不有效跌破頸線；距離頸線>5%禁止進場,100,B,即將突破觀察,條件接近完整，等收盤確認或回踩不破。,False,2026-10-01,True,True,STOP,STOP 停止進場,觀察,取消新進場，只保留觀察,只看續抱 / 減碼 / 停利 / 停損，不新增部位。,停止新進場，先保留現金，等待大盤止跌。,停止新進場，禁止顯示今日可進場。,False,False
2026-10-01,2026-10-01,收盤確認價,臺灣證券交易所 / 證券櫃檯買賣中心正式收盤；yfinance 歷史資料,只使用完整收盤日K，不使用盤中未完成K,上櫃,6530,創威,102.0,104.5,100.5,100.94,100.2,97.7,84.92,80.82,21.43,-2.39,False,1721652,2748983,175608504,271212433,3.59,True,True,45.92,一般K,,True,False,False,False,1,False,B級觀察：接近成形，等待確認,趨勢多頭,旗型整理突破,105.0,92.81,149.0,接近成形＋可觀察,107.1,105.0,107.1,110.31,101.85,4.9,中,-2.86,2.86,7.98,39.12,107.1,0.0,False,False,False,預備單，等待確認條件,頸線以當日前20日高點計算；收盤站上頸線 105.0 至少2%；成交量>=20日均量2倍；不可長上影；回踩須有近10日突破紀錄且不有效跌破頸線；距離頸線>5%禁止進場,100,B,即將突破觀察,條件接近完整，等收盤確認或回踩不破。,False,2026-10-01,True,True,STOP,STOP 停止進場,觀察,取消新進場，只保留觀察,只看續抱 / 減碼 / 停利 / 停損，不新增部位。,停止新進場，先保留現金，等待大盤止跌。,停止新進場，禁止顯示今日可進場。,False,False
2026-10-01,2026-10-01,收盤確認價,臺灣證券交易所 / 證券櫃檯買賣中心正式收盤；yfinance 歷史資料,只使用完整收盤日K，不使用盤中未完成K,上市,2241,艾姆勒,44.05,46.2,44.0,44.29,40.17,37.2,35.77,35.13,1.26,-4.55,False,3600149,1871543,158586563,79921392,3.67,True,True,41.62,長黑,,True,False,False,False,1,False,B級觀察：接近成形，等待確認,趨勢多頭,旗型整理突破,44.9,35.34,60.4,接近成形＋可觀察,45.8,44.9,45.8,47.17,43.55,4.9,中,-1.89,8.04,6.5,31.88,45.8,0.45,True,False,False,預備單，等待確認條件,頸線以當日前20日高點計算；收盤站上頸線 44.9 至少2%；成交量>=20日均量2倍；不可長上影；回踩須有近10日突破紀錄且不有效跌破頸線；距離頸線>5%禁止進場,100,B,即將突破觀察,條件接近完整，等收盤確認或回踩不破。,False,2026-10-01,True,True,STOP,STOP 停止進場,觀察,取消新進場，只保留觀察,只看續抱 / 減碼 / 停利 / 停損，不新增部位。,停止新進場，先保留現金，等待大盤止跌。,停止新進場，禁止顯示今日可進場。,False,False
2026-10-01,2026-10-01,收盤確認價,臺灣證券交易所 / 證券櫃檯買賣中心正式收盤；yfinance 歷史資料,只使用完整收盤日K，不使用盤中未完成K,上市,2302,麗正,46.5,47.15,44.9,45.72,44.93,43.48,42.91,27.89,-3.33,3.33,False,6731653,4010006,313021864,178058925,3.1,True,True,21.01,紅K突破,,True,False,False,False,1,False,B級觀察：接近成形，等待確認,趨勢多頭,三角收斂突破,47.25,41.31,61.65,接近成形＋可觀察,48.2,47.25,48.2,49.64,45.83,4.9,中,-1.59,5.1,5.7,27.92,48.2,1.4,False,False,False,預備單，等待確認條件,頸線以當日前20日高點計算；收盤站上頸線 47.25 至少2%；成交量>=20日均量2倍；不可長上影；回踩須有近10日突破紀錄且不有效跌破頸線；距離頸線>5%禁止進場,100,B,即將突破觀察,條件接近完整，等收盤確認或回踩不破。,False,2026-10-01,True,True,STOP,STOP 停止進場,觀察,取消新進場，只保留觀察,只看續抱 / 減碼 / 停利 / 停損，不新增部位。,停止新進場，先保留現金，等待大盤止跌。,停止新進場，禁止顯示今日可進場。,False,False
2026-10-01,2026-10-01,收盤確認價,臺灣證券交易所 / 證券櫃檯買賣中心正式收盤；yfinance 歷史資料,只使用完整收盤日K，不使用盤中未完成K,上櫃,5864,致和證,38.25,39.2,37.8,37.65,36.6,36.31,34.39,25.66,-5.2,-2.42,False,3355987,2931047,128366502,107078786,2.41,True,True,24.57,一般K,金融 證券 題材股,True,False,False,False,1,False,B級觀察：接近成形，等待確認,趨勢多頭,旗型整理突破,39.35,34.49,51.1,接近成形＋可觀察,40.14,39.35,40.14,41.34,38.17,4.9,中,-2.8,8.49,5.57,27.31,40.14,0.0,False,False,False,預備單，等待確認條件,頸線以當日前20日高點計算；收盤站上頸線 39.35 至少2%；成交量>=20日均量2倍；不可長上影；回踩須有近10日突破紀錄且不有效跌破頸線；距離頸線>5%禁止進場,100,B,即將突破觀察,條件接近完整，等收盤確認或回踩不破。,False,2026-10-01,True,True,STOP,STOP 停止進場,觀察,取消新進場，只保留觀察,只看續抱 / 減碼 / 停利 / 停損，不新增部位。,停止新進場，先保留現金，等待大盤止跌。,停止新進場，禁止顯示今日可進場。,False,False
2026-10-01,2026-10-01,收盤確認價,臺灣證券交易所 / 證券櫃檯買賣中心正式收盤；yfinance 歷史資料,只使用完整收盤日K，不使用盤中未完成K,上市,1710,東聯,17.0,17.3,16.6,16.68,16.58,16.29,15.63,13.79,-1.73,1.49,False,5875087,5298459,99876479,86669942,2.14,True,True,36.16,一般K,,True,False,False,False,1,False,B級觀察：接近成形，等待確認,趨勢多頭,箱型突破,17.15,15.47,21.8,接近成形＋可觀察,17.49,17.15,17.49,18.02,16.64,4.9,中,-0.87,8.11,5.02,24.62,17.49,1.76,False,False,False,預備單，等待確認條件,頸線以當日前20日高點計算；收盤站上頸線 17.15 至少2%；成交量>=20日均量2倍；不可長上影；回踩須有近10日突破紀錄且不有效跌破頸線；距離頸線>5%禁止進場,100,B,即將突破觀察,條件接近完整，等收盤確認或回踩不破。,False,2026-10-01,True,True,STOP,STOP 停止進場,觀察,取消新進場，只保留觀察,只看續抱 / 減碼 / 停利 / 停損，不新增部位。,停止新進場，先保留現金，等待大盤止跌。,停止新進場，禁止顯示今日可進場。,False,False
2026-10-01,2026-10-01,收盤確認價,臺灣證券交易所 / 證券櫃檯買賣中心正式收盤；yfinance 歷史資料,只使用完整收盤日K，不使用盤中未完成K,上市,2006,東和鋼鐵,84.6,86.7,84.1,85.8,85.18,83.5,79.48,71.04,22.97,-0.94,False,2447124,1767842,207026690,148701291,1.97,True,True,45.41,一般K,,True,False,False,False,1,False,B級觀察：接近成形，等待確認,趨勢多頭,箱型突破,84.0,79.9,100.2,回踩頸線不破,85.68,84.0,85.68,88.25,81.48,3.69,高,0.71,5.16,5.0,18.44,84.6,1.3,True,False,False,回踩頸線不破，可觀察低風險進場,頸線以當日前20日高點計算；收盤站上頸線 84.0 至少2%；成交量>=20日均量2倍；不可長上影；回踩須有近10日突破紀錄且不有效跌破頸線；距離頸線>5%禁止進場,100,B,等確認,條件接近完整，等收盤確認或回踩不破。,False,2026-10-01,True,True,STOP,STOP 停止進場,回踩買點,取消新進場，只保留觀察,只看續抱 / 減碼 / 停利 / 停損，不新增部位。,停止新進場，先保留現金，等待大盤止跌。,停止新進場，禁止顯示今日可進場。,False,False
2026-10-01,2026-10-01,收盤確認價,臺灣證券交易所 / 證券櫃檯買賣中心正式收盤；yfinance 歷史資料,只使用完整收盤日K，不使用盤中未完成K,上櫃,6016,康和證,23.7,24.25,23.45,23.78,23.42,22.82,21.47,17.39,-1.25,-2.47,False,6141897,5453463,145562958,124452350,2.41,True,True,52.95,一般K,,True,False,False,False,1,False,B級觀察：接近成形，等待確認,趨勢多頭,旗型整理突破,24.4,21.68,30.8,接近成形＋可觀察,24.89,24.4,24.89,25.63,23.67,4.9,中,-2.87,3.92,4.85,23.75,24.89,0.0,False,False,False,預備單，等待確認條件,頸線以當日前20日高點計算；收盤站上頸線 24.4 至少2%；成交量>=20日均量2倍；不可長上影；回踩須有近10日突破紀錄且不有效跌破頸線；距離頸線>5%禁止進場,100,B,即將突破觀察,條件接近完整，等收盤確認或回踩不破。,False,2026-10-01,True,True,STOP,STOP 停止進場,觀察,取消新進場，只保留觀察,只看續抱 / 減碼 / 停利 / 停損，不新增部位。,停止新進場，先保留現金，等待大盤止跌。,停止新進場，禁止顯示今日可進場。,False,False
2026-10-01,2026-10-01,收盤確認價,臺灣證券交易所 / 證券櫃檯買賣中心正式收盤；yfinance 歷史資料,只使用完整收盤日K，不使用盤中未完成K,上櫃,6227,茂綸,137.0,138.0,132.5,135.0,134.45,126.53,120.39,101.57,12.3,3.79,False,1126720,1519208,154360640,198777351,3.16,True,True,63.24,紅K突破,,True,False,False,False,1,False,B級觀察：接近成形，等待確認,趨勢多頭,旗型整理突破,134.5,120.2,169.0,接近成形＋可觀察,137.19,134.5,137.19,141.31,130.47,4.9,中,1.86,5.84,4.73,23.19,137.19,0.73,True,False,False,預備單，等待確認條件,頸線以當日前20日高點計算；收盤站上頸線 134.5 至少2%；成交量>=20日均量2倍；不可長上影；回踩須有近10日突破紀錄且不有效跌破頸線；距離頸線>5%禁止進場,100,B,即將突破觀察,條件接近完整，等收盤確認或回踩不破。,False,2026-10-01,True,True,STOP,STOP 停止進場,觀察,取消新進場，只保留觀察,只看續抱 / 減碼 / 停利 / 停損，不新增部位。,停止新進場，先保留現金，等待大盤止跌。,停止新進場，禁止顯示今日可進場。,False,False
2026-10-01,2026-10-01,收盤確認價,臺灣證券交易所 / 證券櫃檯買賣中心正式收盤；yfinance 歷史資料,只使用完整收盤日K，不使用盤中未完成K,上市,2371,大同,30.5,31.6,30.3,29.63,29.48,28.69,27.3,31.39,12.96,0.16,False,33538127,11513697,1022912873,337691982,2.01,True,True,35.63,一般K,,False,True,False,False,1,False,B級觀察：接近成形，等待確認,量能放大,箱型突破,30.8,27.3,38.3,接近成形＋可觀察,31.42,30.8,31.42,32.36,29.88,4.9,中,-0.97,0.97,4.47,21.91,31.42,1.97,False,False,False,預備單，等待確認條件,頸線以當日前20日高點計算；收盤站上頸線 30.8 至少2%；成交量>=20日均量2倍；不可長上影；回踩須有近10日突破紀錄且不有效跌破頸線；距離頸線>5%禁止進場,100,B,即將突破觀察,條件接近完整，等收盤確認或回踩不破。,False,2026-10-01,True,True,STOP,STOP 停止進場,觀察,取消新進場，只保留觀察,只看續抱 / 減碼 / 停利 / 停損，不新增部位。,停止新進場，先保留現金，等待大盤止跌。,停止新進場，禁止顯示今日可進場。,False,False
2026-10-01,2026-10-01,收盤確認價,臺灣證券交易所 / 證券櫃檯買賣中心正式收盤；yfinance 歷史資料,只使用完整收盤日K，不使用盤中未完成K,上市,1609,大亞,38.7,39.3,38.25,38.33,38.06,37.77,37.3,37.75,-2.03,-0.13,False,4848716,2874405,187645309,109029189,0.87,True,True,22.84,一般K,,True,False,False,False,1,False,B級觀察：接近成形，等待確認,趨勢多頭,箱型突破,39.0,36.7,45.9,接近成形＋可觀察,39.78,39.0,39.78,40.97,37.83,4.9,中,-0.77,8.83,3.14,15.38,39.78,0.13,False,False,False,預備單，等待確認條件,頸線以當日前20日高點計算；收盤站上頸線 39.0 至少2%；成交量>=20日均量2倍；不可長上影；回踩須有近10日突破紀錄且不有效跌破頸線；距離頸線>5%禁止進場,100,B,即將突破觀察,條件接近完整，等收盤確認或回踩不破。,False,2026-10-01,True,True,STOP,STOP 停止進場,觀察,取消新進場，只保留觀察,只看續抱 / 減碼 / 停利 / 停損，不新增部位。,停止新進場，先保留現金，等待大盤止跌。,停止新進場，禁止顯示今日可進場。,False,False
2026-10-01,2026-10-01,收盤確認價,臺灣證券交易所 / 證券櫃檯買賣中心正式收盤；yfinance 歷史資料,只使用完整收盤日K，不使用盤中未完成K,上櫃,6462,神盾,107.0,110.5,106.0,102.98,100.45,99.75,99.97,115.32,-4.46,0.94,False,1738326,519207,186000882,52582540,1.84,True,True,25.38,一般K,,False,True,False,False,1,False,B級觀察：接近成形，等待確認,量能放大,箱型突破,106.5,95.1,125.0,接近成形＋可觀察,108.63,106.5,108.63,111.89,103.3,4.9,中,0.47,6.55,3.07,15.07,108.63,3.27,False,False,False,預備單，等待確認條件,頸線以當日前20日高點計算；收盤站上頸線 106.5 至少2%；成交量>=20日均量2倍；不可長上影；回踩須有近10日突破紀錄且不有效跌破頸線；距離頸線>5%禁止進場,100,B,即將突破觀察,條件接近完整，等收盤確認或回踩不破。,False,2026-10-01,True,True,STOP,STOP 停止進場,觀察,取消新進場，只保留觀察,只看續抱 / 減碼 / 停利 / 停損，不新增部位。,停止新進場，先保留現金，等待大盤止跌。,停止新進場，禁止顯示今日可進場。,False,False
2026-10-01,2026-10-01,收盤確認價,臺灣證券交易所 / 證券櫃檯買賣中心正式收盤；yfinance 歷史資料,只使用完整收盤日K，不使用盤中未完成K,上市,1513,中興電,166.5,169.0,166.5,166.6,166.0,165.4,163.74,159.4,-2.92,-0.89,False,1480846,1670875,246560859,276799133,0.98,True,True,15.9,一般K,,True,False,False,False,1,False,B級觀察：接近成形，等待確認,趨勢多頭,旗型整理突破,170.5,162.0,195.5,接近成形＋可觀察,173.91,170.5,173.91,179.13,165.38,4.9,中,-2.35,5.93,2.53,12.41,173.91,0.0,False,False,False,預備單，等待確認條件,頸線以當日前20日高點計算；收盤站上頸線 170.5 至少2%；成交量>=20日均量2倍；不可長上影；回踩須有近10日突破紀錄且不有效跌破頸線；距離頸線>5%禁止進場,100,B,即將突破觀察,條件接近完整，等收盤確認或回踩不破。,False,2026-10-01,True,True,STOP,STOP 停止進場,觀察,取消新進場，只保留觀察,只看續抱 / 減碼 / 停利 / 停損，不新增部位。,停止新進場，先保留現金，等待大盤止跌。,停止新進場，禁止顯示今日可進場。,False,False
2026-10-01,2026-10-01,收盤確認價,臺灣證券交易所 / 證券櫃檯買賣中心正式收盤；yfinance 歷史資料,只使用完整收盤日K，不使用盤中未完成K,上市,2317,鴻海,254.0,254.0,250.5,252.5,251.45,251.12,249.38,237.04,6.95,0.99,False,30526551,29606179,7753743954,7449245245,1.32,True,True,13.56,紅K突破,,True,False,False,False,1,False,B級觀察：接近成形，等待確認,趨勢多頭,箱型突破,259.0,243.5,291.5,接近成形＋可觀察,264.18,259.0,264.18,272.11,251.23,4.9,中,-1.93,7.47,2.11,10.34,264.18,0.0,False,False,False,預備單，等待確認條件,頸線以當日前20日高點計算；收盤站上頸線 259.0 至少2%；成交量>=20日均量2倍；不可長上影；回踩須有近10日突破紀錄且不有效跌破頸線；距離頸線>5%禁止進場,100,B,即將突破觀察,條件接近完整，等收盤確認或回踩不破。,False,2026-10-01,True,True,STOP,STOP 停止進場,觀察,取消新進場，只保留觀察,只看續抱 / 減碼 / 停利 / 停損，不新增部位。,停止新進場，先保留現金，等待大盤止跌。,停止新進場，禁止顯示今日可進場。,False,False
2026-10-01,2026-10-01,收盤確認價,臺灣證券交易所 / 證券櫃檯買賣中心正式收盤；yfinance 歷史資料,只使用完整收盤日K，不使用盤中未完成K,上市,1102,亞泥,35.65,35.9,35.2,35.68,35.45,35.32,34.23,35.48,-0.42,-0.42,False,11842180,7322158,422173717,258900772,0.73,True,True,28.79,一般K,,True,False,False,False,1,False,B級觀察：接近成形，等待確認,趨勢多頭,箱型突破,36.1,34.5,40.6,接近成形＋可觀察,36.82,36.1,36.82,37.93,35.02,4.9,中,-1.25,2.46,2.09,10.26,36.82,0.56,False,False,False,預備單，等待確認條件,頸線以當日前20日高點計算；收盤站上頸線 36.1 至少2%；成交量>=20日均量2倍；不可長上影；回踩須有近10日突破紀錄且不有效跌破頸線；距離頸線>5%禁止進場,100,B,即將突破觀察,條件接近完整，等收盤確認或回踩不破。,False,2026-10-01,True,True,STOP,STOP 停止進場,觀察,取消新進場，只保留觀察,只看續抱 / 減碼 / 停利 / 停損，不新增部位。,停止新進場，先保留現金，等待大盤止跌。,停止新進場，禁止顯示今日可進場。,False,False
2026-10-01,2026-10-01,收盤確認價,臺灣證券交易所 / 證券櫃檯買賣中心正式收盤；yfinance 歷史資料,只使用完整收盤日K，不使用盤中未完成K,上市,2328,廣宇,47.75,48.35,47.5,47.28,46.96,46.53,45.94,49.01,-2.25,0.42,False,1214940,1510818,58013385,70414019,1.52,True,True,21.38,一般K,,False,False,False,False,0,False,B級觀察：接近成形，等待確認,條件不足,箱型突破,48.7,44.85,58.75,接近成形＋可觀察,49.67,48.7,49.67,51.16,47.24,4.9,中,-1.95,6.37,3.73,18.27,49.67,1.26,False,False,False,預備單，等待確認條件,頸線以當日前20日高點計算；收盤站上頸線 48.7 至少2%；成交量>=20日均量2倍；不可長上影；回踩須有近10日突破紀錄且不有效跌破頸線；距離頸線>5%禁止進場,100,B,即將突破觀察,條件接近完整，等收盤確認或回踩不破。,False,2026-10-01,True,True,STOP,STOP 停止進場,觀察,取消新進場，只保留觀察,只看續抱 / 減碼 / 停利 / 停損，不新增部位。,停止新進場，先保留現金，等待大盤止跌。,停止新進場，禁止顯示今日可進場。,False,False
2026-10-01,2026-10-01,收盤確認價,臺灣證券交易所 / 證券櫃檯買賣中心正式收盤；yfinance 歷史資料,只使用完整收盤日K，不使用盤中未完成K,上櫃,4768,晶呈科技,367.0,403.5,366.0,351.7,332.4,316.1,310.86,357.46,11.53,-3.42,False,2094343,646771,768623881,220692648,3.96,True,True,42.72,長黑,,True,True,False,False,2,False,B級觀察：接近成形，等待確認,趨勢多頭、量能放大,旗型整理突破,357.5,300.3,466.72,突破第一根,364.65,357.5,364.65,375.59,346.77,5.51,高,2.66,3.93,4.93,27.17,367.0,3.0,True,False,False,突破確認，可在追價範圍內掛單,頸線以當日前20日高點計算；收盤站上頸線 357.5 至少2%；成交量>=20日均量2倍；不可長上影；回踩須有近10日突破紀錄且不有效跌破頸線；距離頸線>5%禁止進場,90,B,等確認,條件接近完整，等收盤確認或回踩不破。,False,2026-10-01,True,True,STOP,STOP 停止進場,突破買點,取消新進場，只保留觀察,只看續抱 / 減碼 / 停利 / 停損，不新增部位。,停止新進場，先保留現金，等待大盤止跌。,停止新進場，禁止顯示今日可進場。,False,False
2026-10-01,2026-10-01,收盤確認價,臺灣證券交易所 / 證券櫃檯買賣中心正式收盤；yfinance 歷史資料,只使用完整收盤日K，不使用盤中未完成K,上櫃,3293,鈊象,814.0,814.0,785.0,774.2,748.4,726.1,734.17,739.86,8.82,3.3,False,5980771,1969066,4868347594,1464775015,1.5,True,True,26.38,紅K突破,,False,True,False,False,1,False,B級觀察：接近成形，等待確認,量能放大,三角收斂突破,796.0,689.79,910.0,突破第一根,811.92,796.0,811.92,836.28,772.12,5.14,高,2.26,0.99,2.29,11.79,814.0,0.0,False,False,False,突破確認，可在追價範圍內掛單,頸線以當日前20日高點計算；收盤站上頸線 796.0 至少2%；成交量>=20日均量2倍；不可長上影；回踩須有近10日突破紀錄且不有效跌破頸線；距離頸線>5%禁止進場,90,B,等確認,條件接近完整，等收盤確認或回踩不破。,False,2026-10-01,True,True,STOP,STOP 停止進場,突破買點,取消新進場，只保留觀察,只看續抱 / 減碼 / 停利 / 停損，不新增部位。,停止新進場，先保留現金，等待大盤止跌。,停止新進場，禁止顯示今日可進場。,False,False
2026-10-01,2026-10-01,收盤確認價,臺灣證券交易所 / 證券櫃檯買賣中心正式收盤；yfinance 歷史資料,只使用完整收盤日K，不使用盤中未完成K,上櫃,3219,倚強科,131.5,134.0,128.5,121.5,106.87,97.73,79.78,70.13,73.25,0.0,False,1249580,1559424,164319770,169521232,4.99,True,True,37.6,下影線,,True,False,False,True,2,False,B級觀察：接近成形，等待確認,趨勢多頭、價量條件足,旗型整理突破,125.5,92.84,197.7,接近成形＋可觀察,128.01,125.5,128.01,131.85,121.73,4.9,中,4.78,2.23,11.11,54.44,128.01,1.14,True,False,False,預備單，等待確認條件,頸線以當日前20日高點計算；收盤站上頸線 125.5 至少2%；成交量>=20日均量2倍；不可長上影；回踩須有近10日突破紀錄且不有效跌破頸線；距離頸線>5%禁止進場,85,B,即將突破觀察,條件接近完整，等收盤確認或回踩不破。,False,2026-10-01,True,True,STOP,STOP 停止進場,觀察,取消新進場，只保留觀察,只看續抱 / 減碼 / 停利 / 停損，不新增部位。,停止新進場，先保留現金，等待大盤止跌。,停止新進場，禁止顯示今日可進場。,False,False
2026-10-01,2026-10-01,收盤確認價,臺灣證券交易所 / 證券櫃檯買賣中心正式收盤；yfinance 歷史資料,只使用完整收盤日K，不使用盤中未完成K,上櫃,6147,頎邦,225.5,227.0,212.0,214.3,216.05,202.53,179.38,125.57,13.03,7.64,False,49562842,45977388,11176420871,9341906126,4.21,True,True,38.58,紅K突破,半導體 封測 顯示驅動,True,False,True,False,2,False,B級觀察：接近成形，等待確認,趨勢多頭、題材命中,旗型整理突破,233.0,192.4,352.5,接近成形＋可觀察,237.66,233.0,237.66,244.79,226.01,4.9,中,-3.22,3.22,9.86,48.32,237.66,0.67,False,False,False,預備單，等待確認條件,頸線以當日前20日高點計算；收盤站上頸線 233.0 至少2%；成交量>=20日均量2倍；不可長上影；回踩須有近10日突破紀錄且不有效跌破頸線；距離頸線>5%禁止進場,85,B,即將突破觀察,條件接近完整，等收盤確認或回踩不破。,False,2026-10-01,True,True,STOP,STOP 停止進場,觀察,取消新進場，只保留觀察,只看續抱 / 減碼 / 停利 / 停損，不新增部位。,停止新進場，先保留現金，等待大盤止跌。,停止新進場，禁止顯示今日可進場。,False,False
2026-10-01,2026-10-01,收盤確認價,臺灣證券交易所 / 證券櫃檯買賣中心正式收盤；yfinance 歷史資料,只使用完整收盤日K，不使用盤中未完成K,上市,1303,南亞,254.0,261.5,250.5,244.4,239.1,235.55,206.01,111.1,39.56,-0.59,False,57138460,71594977,14513168840,16915287379,3.29,True,True,31.39,一般K,,True,False,False,True,2,False,B級觀察：接近成形，等待確認,趨勢多頭、價量條件足,旗型整理突破,265.0,223.77,394.5,接近成形＋可觀察,270.3,265.0,270.3,278.41,257.05,4.9,中,-4.15,4.15,9.37,45.95,270.3,2.17,False,False,False,預備單，等待確認條件,頸線以當日前20日高點計算；收盤站上頸線 265.0 至少2%；成交量>=20日均量2倍；不可長上影；回踩須有近10日突破紀錄且不有效跌破頸線；距離頸線>5%禁止進場,85,B,即將突破觀察,條件接近完整，等收盤確認或回踩不破。,False,2026-10-01,True,True,STOP,STOP 停止進場,觀察,取消新進場，只保留觀察,只看續抱 / 減碼 / 停利 / 停損，不新增部位。,停止新進場，先保留現金，等待大盤止跌。,停止新進場，禁止顯示今日可進場。,False,False
2026-10-01,2026-10-01,收盤確認價,臺灣證券交易所 / 證券櫃檯買賣中心正式收盤；yfinance 歷史資料,只使用完整收盤日K，不使用盤中未完成K,上櫃,1569,濱川,63.8,64.8,61.7,63.88,60.28,54.55,47.24,52.74,33.75,1.92,False,3416041,3251437,217943415,195747942,3.87,True,True,81.61,一般K,,True,False,False,True,2,False,B級觀察：接近成形，等待確認,趨勢多頭、價量條件足,旗型整理突破,61.0,51.83,85.65,接近成形＋可觀察,62.22,61.0,62.22,64.09,59.17,4.9,中,4.59,6.18,7.68,37.66,62.22,1.57,True,False,False,預備單，等待確認條件,頸線以當日前20日高點計算；收盤站上頸線 61.0 至少2%；成交量>=20日均量2倍；不可長上影；回踩須有近10日突破紀錄且不有效跌破頸線；距離頸線>5%禁止進場,85,B,即將突破觀察,條件接近完整，等收盤確認或回踩不破。,False,2026-10-01,True,True,STOP,STOP 停止進場,觀察,取消新進場，只保留觀察,只看續抱 / 減碼 / 停利 / 停損，不新增部位。,停止新進場，先保留現金，等待大盤止跌。,停止新進場，禁止顯示今日可進場。,False,False
2026-10-01,2026-10-01,收盤確認價,臺灣證券交易所 / 證券櫃檯買賣中心正式收盤；yfinance 歷史資料,只使用完整收盤日K，不使用盤中未完成K,上櫃,6290,良維,277.5,281.5,276.0,275.0,274.45,268.6,246.44,227.35,-8.11,-0.89,False,1818445,3491135,504618487,944049906,3.69,True,True,33.51,一般K,連接器 伺服器 電源線 AI,True,False,True,False,2,False,B級觀察：接近成形，等待確認,趨勢多頭、題材命中,旗型整理突破,291.5,255.17,396.5,接近成形＋可觀察,297.33,291.5,297.33,306.25,282.75,4.9,中,-4.8,9.9,6.8,33.35,297.33,0.54,False,False,False,預備單，等待確認條件,頸線以當日前20日高點計算；收盤站上頸線 291.5 至少2%；成交量>=20日均量2倍；不可長上影；回踩須有近10日突破紀錄且不有效跌破頸線；距離頸線>5%禁止進場,85,B,即將突破觀察,條件接近完整，等收盤確認或回踩不破。,False,2026-10-01,True,True,STOP,STOP 停止進場,觀察,取消新進場，只保留觀察,只看續抱 / 減碼 / 停利 / 停損，不新增部位。,停止新進場，先保留現金，等待大盤止跌。,停止新進場，禁止顯示今日可進場。,False,False
2026-10-01,2026-10-01,收盤確認價,臺灣證券交易所 / 證券櫃檯買賣中心正式收盤；yfinance 歷史資料,只使用完整收盤日K，不使用盤中未完成K,上櫃,3228,金麗科,179.5,188.0,178.5,176.5,172.35,171.82,159.62,154.2,0.0,-1.37,False,498316,307307,89447722,53665223,2.52,True,True,19.32,一般K,ASIC IC設計 AI IP 半導體,True,False,True,False,2,False,B級觀察：接近成形，等待確認,趨勢多頭、題材命中,三角收斂突破,188.0,163.23,249.0,接近成形＋可觀察,191.76,188.0,191.76,197.51,182.36,4.9,中,-4.52,4.52,6.09,29.85,191.76,1.11,False,False,False,預備單，等待確認條件,頸線以當日前20日高點計算；收盤站上頸線 188.0 至少2%；成交量>=20日均量2倍；不可長上影；回踩須有近10日突破紀錄且不有效跌破頸線；距離頸線>5%禁止進場,85,B,即將突破觀察,條件接近完整，等收盤確認或回踩不破。,False,2026-10-01,True,True,STOP,STOP 停止進場,觀察,取消新進場，只保留觀察,只看續抱 / 減碼 / 停利 / 停損，不新增部位。,停止新進場，先保留現金，等待大盤止跌。,停止新進場，禁止顯示今日可進場。,False,False
2026-10-01,2026-10-01,收盤確認價,臺灣證券交易所 / 證券櫃檯買賣中心正式收盤；yfinance 歷史資料,只使用完整收盤日K，不使用盤中未完成K,上市,1605,華新,38.55,39.1,38.0,37.32,37.17,37.44,36.04,34.33,10.62,0.39,False,34858998,16530721,1343814372,622222916,1.7,True,True,18.55,一般K,,True,True,False,False,2,False,B級觀察：接近成形，等待確認,趨勢多頭、量能放大,三角收斂突破,39.9,36.2,51.45,接近成形＋可觀察,40.7,39.9,40.7,41.92,38.7,4.9,中,-3.38,5.98,5.39,26.42,40.7,0.13,False,False,False,預備單，等待確認條件,頸線以當日前20日高點計算；收盤站上頸線 39.9 至少2%；成交量>=20日均量2倍；不可長上影；回踩須有近10日突破紀錄且不有效跌破頸線；距離頸線>5%禁止進場,85,B,即將突破觀察,條件接近完整，等收盤確認或回踩不破。,False,2026-10-01,True,True,STOP,STOP 停止進場,觀察,取消新進場，只保留觀察,只看續抱 / 減碼 / 停利 / 停損，不新增部位。,停止新進場，先保留現金，等待大盤止跌。,停止新進場，禁止顯示今日可進場。,False,False
2026-10-01,2026-10-01,收盤確認價,臺灣證券交易所 / 證券櫃檯買賣中心正式收盤；yfinance 歷史資料,只使用完整收盤日K，不使用盤中未完成K,上市,2032,新鋼,19.6,20.9,19.15,19.18,18.09,17.54,16.85,16.1,19.15,-3.45,False,5176631,1736779,101461967,33659770,2.58,True,True,50.76,一般K,,True,True,False,False,2,False,B級觀察：接近成形，等待確認,趨勢多頭、量能放大,旗型整理突破,19.0,16.67,23.0,接近成形＋可觀察,19.38,19.0,19.38,19.96,18.43,4.9,中,3.16,6.67,3.81,18.68,19.38,3.06,True,False,False,預備單，等待確認條件,頸線以當日前20日高點計算；收盤站上頸線 19.0 至少2%；成交量>=20日均量2倍；不可長上影；回踩須有近10日突破紀錄且不有效跌破頸線；距離頸線>5%禁止進場,85,B,即將突破觀察,條件接近完整，等收盤確認或回踩不破。,False,2026-10-01,True,True,STOP,STOP 停止進場,觀察,取消新進場，只保留觀察,只看續抱 / 減碼 / 停利 / 停損，不新增部位。,停止新進場，先保留現金，等待大盤止跌。,停止新進場，禁止顯示今日可進場。,False,False
2026-10-01,2026-10-01,收盤確認價,臺灣證券交易所 / 證券櫃檯買賣中心正式收盤；yfinance 歷史資料,只使用完整收盤日K，不使用盤中未完成K,上櫃,3624,光頡,151.0,151.0,138.0,140.5,132.4,118.67,100.12,75.05,7.86,9.82,True,31089564,24680950,4694524164,3070357458,5.59,True,True,59.67,紅K突破,,True,False,False,False,1,False,B級觀察：接近成形，等待確認,趨勢多頭,旗型整理突破,144.5,112.74,232.9,接近成形＋可觀察,147.39,144.5,147.39,151.81,140.16,4.9,中,4.5,2.72,11.84,58.02,147.39,0.0,False,False,False,預備單，等待確認條件,頸線以當日前20日高點計算；收盤站上頸線 144.5 至少2%；成交量>=20日均量2倍；不可長上影；回踩須有近10日突破紀錄且不有效跌破頸線；距離頸線>5%禁止進場,85,B,即將突破觀察,條件接近完整，等收盤確認或回踩不破。,False,2026-10-01,True,True,STOP,STOP 停止進場,觀察,取消新進場，只保留觀察,只看續抱 / 減碼 / 停利 / 停損，不新增部位。,停止新進場，先保留現金，等待大盤止跌。,停止新進場，禁止顯示今日可進場。,False,False
2026-10-01,2026-10-01,收盤確認價,臺灣證券交易所 / 證券櫃檯買賣中心正式收盤；yfinance 歷史資料,只使用完整收盤日K，不使用盤中未完成K,上櫃,6291,沛亨,489.0,507.0,489.0,493.0,500.55,481.57,417.57,341.0,8.07,-2.2,False,588221,1896283,287640069,913220430,3.79,True,True,42.45,一般K,,True,False,False,False,1,False,B級觀察：接近成形，等待確認,趨勢多頭,接近成形,506.0,457.5,717.0,接近成形＋可觀察,516.12,506.0,516.12,531.6,490.82,4.9,中,-3.36,9.28,7.94,38.92,516.12,1.23,True,False,False,預備單，等待確認條件,頸線以當日前20日高點計算；收盤站上頸線 506.0 至少2%；成交量>=20日均量2倍；不可長上影；回踩須有近10日突破紀錄且不有效跌破頸線；距離頸線>5%禁止進場,85,B,即將突破觀察,條件接近完整，等收盤確認或回踩不破。,False,2026-10-01,True,True,STOP,STOP 停止進場,觀察,取消新進場，只保留觀察,只看續抱 / 減碼 / 停利 / 停損，不新增部位。,停止新進場，先保留現金，等待大盤止跌。,停止新進場，禁止顯示今日可進場。,False,False
2026-10-01,2026-10-01,收盤確認價,臺灣證券交易所 / 證券櫃檯買賣中心正式收盤；yfinance 歷史資料,只使用完整收盤日K，不使用盤中未完成K,上市,2303,聯電,161.5,161.5,155.5,156.7,154.6,145.62,134.76,90.09,-0.92,4.53,False,114242075,174750450,18450095112,25536311589,3.65,True,True,50.15,紅K突破,,True,False,False,False,1,False,B級觀察：接近成形，等待確認,趨勢多頭,旗型整理突破,168.5,138.34,234.5,接近成形＋可觀察,171.87,168.5,171.87,177.03,163.44,4.9,中,-4.15,4.15,7.43,36.44,171.87,0.0,False,False,False,預備單，等待確認條件,頸線以當日前20日高點計算；收盤站上頸線 168.5 至少2%；成交量>=20日均量2倍；不可長上影；回踩須有近10日突破紀錄且不有效跌破頸線；距離頸線>5%禁止進場,85,B,即將突破觀察,條件接近完整，等收盤確認或回踩不破。,False,2026-10-01,True,True,STOP,STOP 停止進場,觀察,取消新進場，只保留觀察,只看續抱 / 減碼 / 停利 / 停損，不新增部位。,停止新進場，先保留現金，等待大盤止跌。,停止新進場，禁止顯示今日可進場。,False,False
2026-10-01,2026-10-01,收盤確認價,臺灣證券交易所 / 證券櫃檯買賣中心正式收盤；yfinance 歷史資料,只使用完整收盤日K，不使用盤中未完成K,上櫃,3580,友威科,109.0,112.0,107.5,106.44,101.64,93.85,85.41,77.65,17.84,-1.36,False,1264257,1165012,137804013,117393325,3.6,True,True,72.44,一般K,,True,False,False,False,1,False,B級觀察：接近成形，等待確認,趨勢多頭,旗型整理突破,105.5,89.16,145.6,接近成形＋可觀察,107.61,105.5,107.61,110.84,102.33,4.9,中,3.32,6.03,7.2,35.3,107.61,0.0,True,False,False,預備單，等待確認條件,頸線以當日前20日高點計算；收盤站上頸線 105.5 至少2%；成交量>=20日均量2倍；不可長上影；回踩須有近10日突破紀錄且不有效跌破頸線；距離頸線>5%禁止進場,85,B,即將突破觀察,條件接近完整，等收盤確認或回踩不破。,False,2026-10-01,True,True,STOP,STOP 停止進場,觀察,取消新進場，只保留觀察,只看續抱 / 減碼 / 停利 / 停損，不新增部位。,停止新進場，先保留現金，等待大盤止跌。,停止新進場，禁止顯示今日可進場。,False,False
2026-10-01,2026-10-01,收盤確認價,臺灣證券交易所 / 證券櫃檯買賣中心正式收盤；yfinance 歷史資料,只使用完整收盤日K，不使用盤中未完成K,上櫃,3680,家登,551.0,562.0,549.0,544.8,538.1,529.38,487.22,437.87,9.76,-0.72,False,758657,1882318,418020007,1007357264,3.43,True,True,7.09,一般K,,True,False,False,False,1,False,B級觀察：接近成形，等待確認,趨勢多頭,旗型整理突破,573.0,502.91,781.0,接近成形＋可觀察,584.46,573.0,584.46,601.99,555.81,4.9,中,-3.84,3.84,6.86,33.63,584.46,1.09,False,False,False,預備單，等待確認條件,頸線以當日前20日高點計算；收盤站上頸線 573.0 至少2%；成交量>=20日均量2倍；不可長上影；回踩須有近10日突破紀錄且不有效跌破頸線；距離頸線>5%禁止進場,85,B,即將突破觀察,條件接近完整，等收盤確認或回踩不破。,False,2026-10-01,True,True,STOP,STOP 停止進場,觀察,取消新進場，只保留觀察,只看續抱 / 減碼 / 停利 / 停損，不新增部位。,停止新進場，先保留現金，等待大盤止跌。,停止新進場，禁止顯示今日可進場。,False,False
2026-10-01,2026-10-01,收盤確認價,臺灣證券交易所 / 證券櫃檯買賣中心正式收盤；yfinance 歷史資料,只使用完整收盤日K，不使用盤中未完成K,上市,2308,台達電,1905.0,1935.0,1860.0,1888.0,1834.5,1784.75,1775.5,1539.9,1.06,0.79,False,6119811,10773900,11658239955,19147400714,3.63,True,True,12.56,下影線,,True,False,False,False,1,False,B級觀察：接近成形，等待確認,趨勢多頭,旗型整理突破,1965.0,1695.51,2505.0,接近成形＋可觀察,2004.3,1965.0,2004.3,2064.43,1906.05,4.9,中,-3.05,4.99,5.1,24.98,2004.3,0.52,False,False,False,預備單，等待確認條件,頸線以當日前20日高點計算；收盤站上頸線 1965.0 至少2%；成交量>=20日均量2倍；不可長上影；回踩須有近10日突破紀錄且不有效跌破頸線；距離頸線>5%禁止進場,85,B,即將突破觀察,條件接近完整，等收盤確認或回踩不破。,False,2026-10-01,True,True,STOP,STOP 停止進場,觀察,取消新進場，只保留觀察,只看續抱 / 減碼 / 停利 / 停損，不新增部位。,停止新進場，先保留現金，等待大盤止跌。,停止新進場，禁止顯示今日可進場。,False,False
2026-10-01,2026-10-01,收盤確認價,臺灣證券交易所 / 證券櫃檯買賣中心正式收盤；yfinance 歷史資料,只使用完整收盤日K，不使用盤中未完成K,上市,2354,鴻準,66.2,69.5,65.3,65.76,65.65,65.34,60.98,60.11,14.34,0.76,False,21963245,11359394,1453966819,743320565,1.49,True,True,36.47,一般K,,True,False,False,False,1,False,B級觀察：接近成形，等待確認,趨勢多頭,三角收斂突破,69.0,63.3,86.8,接近成形＋可觀察,70.38,69.0,70.38,72.49,66.93,4.9,中,-4.06,4.06,4.76,23.33,70.38,3.63,False,False,False,預備單，等待確認條件,頸線以當日前20日高點計算；收盤站上頸線 69.0 至少2%；成交量>=20日均量2倍；不可長上影；回踩須有近10日突破紀錄且不有效跌破頸線；距離頸線>5%禁止進場,85,B,即將突破觀察,條件接近完整，等收盤確認或回踩不破。,False,2026-10-01,True,True,STOP,STOP 停止進場,觀察,取消新進場，只保留觀察,只看續抱 / 減碼 / 停利 / 停損，不新增部位。,停止新進場，先保留現金，等待大盤止跌。,停止新進場，禁止顯示今日可進場。,False,False
2026-10-01,2026-10-01,收盤確認價,臺灣證券交易所 / 證券櫃檯買賣中心正式收盤；yfinance 歷史資料,只使用完整收盤日K，不使用盤中未完成K,上櫃,3169,亞信,117.0,119.5,115.0,114.6,109.1,106.2,103.08,100.74,7.83,1.74,False,474953,448120,55569501,49308534,2.15,True,True,43.96,一般K,,True,False,False,False,1,False,B級觀察：接近成形，等待確認,趨勢多頭,旗型整理突破,121.0,100.89,149.2,接近成形＋可觀察,123.42,121.0,123.42,127.12,117.37,4.9,中,-3.31,3.31,4.26,20.89,123.42,2.14,False,False,False,預備單，等待確認條件,頸線以當日前20日高點計算；收盤站上頸線 121.0 至少2%；成交量>=20日均量2倍；不可長上影；回踩須有近10日突破紀錄且不有效跌破頸線；距離頸線>5%禁止進場,85,B,即將突破觀察,條件接近完整，等收盤確認或回踩不破。,False,2026-10-01,True,True,STOP,STOP 停止進場,觀察,取消新進場，只保留觀察,只看續抱 / 減碼 / 停利 / 停損，不新增部位。,停止新進場，先保留現金，等待大盤止跌。,停止新進場，禁止顯示今日可進場。,False,False
2026-10-01,2026-10-01,收盤確認價,臺灣證券交易所 / 證券櫃檯買賣中心正式收盤；yfinance 歷史資料,只使用完整收盤日K，不使用盤中未完成K,上櫃,6015,宏遠證,17.6,17.95,17.35,17.68,17.6,17.3,16.5,14.3,-3.03,-1.95,False,2998543,2669893,52774356,46584280,2.21,True,True,49.16,一般K,,True,False,False,False,1,False,B級觀察：接近成形，等待確認,趨勢多頭,接近成形,18.25,16.43,22.3,接近成形＋可觀察,18.62,18.25,18.62,19.17,17.7,4.9,中,-3.56,6.88,4.04,19.8,18.62,0.0,False,False,False,預備單，等待確認條件,頸線以當日前20日高點計算；收盤站上頸線 18.25 至少2%；成交量>=20日均量2倍；不可長上影；回踩須有近10日突破紀錄且不有效跌破頸線；距離頸線>5%禁止進場,85,B,即將突破觀察,條件接近完整，等收盤確認或回踩不破。,False,2026-10-01,True,True,STOP,STOP 停止進場,觀察,取消新進場，只保留觀察,只看續抱 / 減碼 / 停利 / 停損，不新增部位。,停止新進場，先保留現金，等待大盤止跌。,停止新進場，禁止顯示今日可進場。,False,False
2026-10-01,2026-10-01,收盤確認價,臺灣證券交易所 / 證券櫃檯買賣中心正式收盤；yfinance 歷史資料,只使用完整收盤日K，不使用盤中未完成K,上櫃,6667,信紘科,261.0,268.5,260.0,261.0,256.5,248.7,237.62,253.48,2.35,-0.38,False,410745,480976,107204445,122217426,3.59,True,True,60.42,一般K,,True,False,False,False,1,False,B級觀察：接近成形，等待確認,趨勢多頭,接近成形,269.5,236.26,328.0,接近成形＋可觀察,274.89,269.5,274.89,283.14,261.42,4.9,中,-3.15,3.15,3.94,19.32,274.89,1.53,False,False,False,預備單，等待確認條件,頸線以當日前20日高點計算；收盤站上頸線 269.5 至少2%；成交量>=20日均量2倍；不可長上影；回踩須有近10日突破紀錄且不有效跌破頸線；距離頸線>5%禁止進場,85,B,即將突破觀察,條件接近完整，等收盤確認或回踩不破。,False,2026-10-01,True,True,STOP,STOP 停止進場,觀察,取消新進場，只保留觀察,只看續抱 / 減碼 / 停利 / 停損，不新增部位。,停止新進場，先保留現金，等待大盤止跌。,停止新進場，禁止顯示今日可進場。,False,False
2026-10-01,2026-10-01,收盤確認價,臺灣證券交易所 / 證券櫃檯買賣中心正式收盤；yfinance 歷史資料,只使用完整收盤日K，不使用盤中未完成K,上市,2347,聯強,95.4,96.2,94.4,94.76,92.25,90.35,89.06,76.39,7.07,0.53,False,5965468,3078268,569105647,279660217,1.4,True,True,61.75,紅K突破,,True,False,False,False,1,False,B級觀察：接近成形，等待確認,趨勢多頭,三角收斂突破,100.0,85.83,119.7,接近成形＋可觀察,102.0,100.0,102.0,105.06,97.0,4.9,中,-4.6,4.6,3.54,17.35,102.0,0.84,False,False,False,預備單，等待確認條件,頸線以當日前20日高點計算；收盤站上頸線 100.0 至少2%；成交量>=20日均量2倍；不可長上影；回踩須有近10日突破紀錄且不有效跌破頸線；距離頸線>5%禁止進場,85,B,即將突破觀察,條件接近完整，等收盤確認或回踩不破。,False,2026-10-01,True,True,STOP,STOP 停止進場,觀察,取消新進場，只保留觀察,只看續抱 / 減碼 / 停利 / 停損，不新增部位。,停止新進場，先保留現金，等待大盤止跌。,停止新進場，禁止顯示今日可進場。,False,False
2026-10-01,2026-10-01,收盤確認價,臺灣證券交易所 / 證券櫃檯買賣中心正式收盤；yfinance 歷史資料,只使用完整收盤日K，不使用盤中未完成K,上市,2353,宏碁,31.85,31.9,31.4,31.64,31.81,31.71,30.99,29.48,-1.39,0.63,False,10102356,15944588,321760038,507825033,2.1,True,True,12.78,紅K突破,,True,False,False,False,1,False,B級觀察：接近成形，等待確認,趨勢多頭,旗型整理突破,33.05,30.75,38.45,接近成形＋可觀察,33.71,33.05,33.71,34.72,32.06,4.9,中,-3.63,5.63,2.87,14.06,33.71,0.16,False,False,False,預備單，等待確認條件,頸線以當日前20日高點計算；收盤站上頸線 33.05 至少2%；成交量>=20日均量2倍；不可長上影；回踩須有近10日突破紀錄且不有效跌破頸線；距離頸線>5%禁止進場,85,B,即將突破觀察,條件接近完整，等收盤確認或回踩不破。,False,2026-10-01,True,True,STOP,STOP 停止進場,觀察,取消新進場，只保留觀察,只看續抱 / 減碼 / 停利 / 停損，不新增部位。,停止新進場，先保留現金，等待大盤止跌。,停止新進場，禁止顯示今日可進場。,False,False
2026-10-01,2026-10-01,收盤確認價,臺灣證券交易所 / 證券櫃檯買賣中心正式收盤；yfinance 歷史資料,只使用完整收盤日K，不使用盤中未完成K,上市,1101,台泥,25.55,26.4,25.45,25.61,24.96,24.69,24.27,23.97,10.61,-2.85,False,54833108,35484715,1400985909,890386916,1.95,True,True,33.62,一般K,,True,False,False,False,1,False,B級觀察：接近成形，等待確認,趨勢多頭,三角收斂突破,26.7,23.75,31.0,接近成形＋可觀察,27.23,26.7,27.23,28.05,25.9,4.9,中,-4.31,4.31,2.82,13.83,27.23,0.39,False,False,False,預備單，等待確認條件,頸線以當日前20日高點計算；收盤站上頸線 26.7 至少2%；成交量>=20日均量2倍；不可長上影；回踩須有近10日突破紀錄且不有效跌破頸線；距離頸線>5%禁止進場,85,B,即將突破觀察,條件接近完整，等收盤確認或回踩不破。,False,2026-10-01,True,True,STOP,STOP 停止進場,觀察,取消新進場，只保留觀察,只看續抱 / 減碼 / 停利 / 停損，不新增部位。,停止新進場，先保留現金，等待大盤止跌。,停止新進場，禁止顯示今日可進場。,False,False
2026-10-01,2026-10-01,收盤確認價,臺灣證券交易所 / 證券櫃檯買賣中心正式收盤；yfinance 歷史資料,只使用完整收盤日K，不使用盤中未完成K,上市,1773,勝一,167.5,171.5,167.0,166.4,164.1,162.57,162.61,156.44,-4.29,0.0,False,512879,613899,85907232,100379045,1.71,True,True,29.39,一般K,,False,False,False,False,0,False,B級觀察：接近成形，等待確認,條件不足,旗型整理突破,173.5,155.0,204.0,接近成形＋可觀察,176.97,173.5,176.97,182.28,168.29,4.9,中,-3.46,9.7,3.12,15.27,176.97,2.09,False,False,False,預備單，等待確認條件,頸線以當日前20日高點計算；收盤站上頸線 173.5 至少2%；成交量>=20日均量2倍；不可長上影；回踩須有近10日突破紀錄且不有效跌破頸線；距離頸線>5%禁止進場,85,B,即將突破觀察,條件接近完整，等收盤確認或回踩不破。,False,2026-10-01,True,True,STOP,STOP 停止進場,觀察,取消新進場，只保留觀察,只看續抱 / 減碼 / 停利 / 停損，不新增部位。,停止新進場，先保留現金，等待大盤止跌。,停止新進場，禁止顯示今日可進場。,False,False
2026-10-01,2026-10-01,收盤確認價,臺灣證券交易所 / 證券櫃檯買賣中心正式收盤；yfinance 歷史資料,只使用完整收盤日K，不使用盤中未完成K,上櫃,8050,廣積,63.4,64.3,62.6,62.64,60.73,58.34,58.93,49.46,6.02,-0.31,False,1895500,1587657,120174700,96286568,2.5,True,True,43.28,一般K,,False,False,False,False,0,False,B級觀察：接近成形，等待確認,條件不足,接近成形,61.5,55.42,70.5,接近成形＋可觀察,62.73,61.5,62.73,64.61,59.66,4.9,中,3.09,8.65,2.53,12.39,62.73,0.32,True,False,False,預備單，等待確認條件,頸線以當日前20日高點計算；收盤站上頸線 61.5 至少2%；成交量>=20日均量2倍；不可長上影；回踩須有近10日突破紀錄且不有效跌破頸線；距離頸線>5%禁止進場,85,B,即將突破觀察,條件接近完整，等收盤確認或回踩不破。,False,2026-10-01,True,True,STOP,STOP 停止進場,觀察,取消新進場，只保留觀察,只看續抱 / 減碼 / 停利 / 停損，不新增部位。,停止新進場，先保留現金，等待大盤止跌。,停止新進場，禁止顯示今日可進場。,False,False
2026-10-01,2026-10-01,收盤確認價,臺灣證券交易所 / 證券櫃檯買賣中心正式收盤；yfinance 歷史資料,只使用完整收盤日K，不使用盤中未完成K,上櫃,8109,博大,144.5,145.5,136.0,135.6,133.7,131.47,131.36,114.35,-7.07,7.04,False,1379977,283486,199406676,38182479,2.25,True,True,27.74,紅K突破,,True,True,False,False,2,False,B級觀察：接近成形，等待確認,趨勢多頭、量能放大,箱型突破,139.0,125.0,164.0,突破第一根,141.78,139.0,141.78,146.03,134.83,6.69,高,3.96,8.25,2.02,13.49,144.5,0.69,False,False,False,突破確認，可在追價範圍內掛單,頸線以當日前20日高點計算；收盤站上頸線 139.0 至少2%；成交量>=20日均量2倍；不可長上影；回踩須有近10日突破紀錄且不有效跌破頸線；距離頸線>5%禁止進場,75,B,等確認,條件接近完整，等收盤確認或回踩不破。,False,2026-10-01,True,True,STOP,STOP 停止進場,突破買點,取消新進場，只保留觀察,只看續抱 / 減碼 / 停利 / 停損，不新增部位。,停止新進場，先保留現金，等待大盤止跌。,停止新進場，禁止顯示今日可進場。,False,False
2026-10-01,2026-10-01,收盤確認價,臺灣證券交易所 / 證券櫃檯買賣中心正式收盤；yfinance 歷史資料,只使用完整收盤日K，不使用盤中未完成K,上櫃,6620,漢達,144.5,154.5,140.5,135.1,136.95,126.95,98.86,93.07,32.57,2.48,False,9069534,4460386,1310547663,574056286,6.12,True,True,55.97,下影線,,True,True,False,True,3,False,B級觀察：接近成形，等待確認,趨勢多頭、量能放大、價量條件足,旗型整理突破,155.0,120.6,236.0,接近成形＋可觀察,158.1,155.0,158.1,162.84,150.35,4.9,中,-6.77,6.77,10.05,49.27,158.1,6.23,False,False,False,預備單，等待確認條件,頸線以當日前20日高點計算；收盤站上頸線 155.0 至少2%；成交量>=20日均量2倍；不可長上影；回踩須有近10日突破紀錄且不有效跌破頸線；距離頸線>5%禁止進場,70,B,即將突破觀察,條件接近完整，等收盤確認或回踩不破。,False,2026-10-01,True,True,STOP,STOP 停止進場,觀察,取消新進場，只保留觀察,只看續抱 / 減碼 / 停利 / 停損，不新增部位。,停止新進場，先保留現金，等待大盤止跌。,停止新進場，禁止顯示今日可進場。,False,False
2026-10-01,2026-10-01,收盤確認價,臺灣證券交易所 / 證券櫃檯買賣中心正式收盤；yfinance 歷史資料,只使用完整收盤日K，不使用盤中未完成K,上櫃,3498,陽程,219.5,228.0,214.0,219.3,206.8,198.62,158.52,96.0,83.68,-4.15,False,4023788,3228250,883221466,650890024,4.89,True,True,25.19,一般K,,True,False,False,True,2,False,B級觀察：接近成形，等待確認,趨勢多頭、價量條件足,旗型整理突破,235.0,188.69,385.9,接近成形＋可觀察,239.7,235.0,239.7,246.89,227.95,4.9,中,-6.6,6.6,12.44,60.99,239.7,1.37,False,False,False,預備單，等待確認條件,頸線以當日前20日高點計算；收盤站上頸線 235.0 至少2%；成交量>=20日均量2倍；不可長上影；回踩須有近10日突破紀錄且不有效跌破頸線；距離頸線>5%禁止進場,70,B,即將突破觀察,條件接近完整，等收盤確認或回踩不破。,False,2026-10-01,True,True,STOP,STOP 停止進場,觀察,取消新進場，只保留觀察,只看續抱 / 減碼 / 停利 / 停損，不新增部位。,停止新進場，先保留現金，等待大盤止跌。,停止新進場，禁止顯示今日可進場。,False,False
2026-10-01,2026-10-01,收盤確認價,臺灣證券交易所 / 證券櫃檯買賣中心正式收盤；yfinance 歷史資料,只使用完整收盤日K，不使用盤中未完成K,上櫃,3374,精材,456.0,457.0,450.0,457.3,451.4,448.8,375.07,231.93,40.52,0.33,False,703436,8408446,320766816,3769208472,4.75,True,True,25.12,一般K,,True,False,False,True,2,False,B級觀察：接近成形，等待確認,趨勢多頭、價量條件足,旗型整理突破,496.0,426.36,740.0,接近成形＋可觀察,505.92,496.0,505.92,521.1,481.12,4.9,中,-8.06,8.06,9.44,46.27,505.92,0.0,False,False,False,預備單，等待確認條件,頸線以當日前20日高點計算；收盤站上頸線 496.0 至少2%；成交量>=20日均量2倍；不可長上影；回踩須有近10日突破紀錄且不有效跌破頸線；距離頸線>5%禁止進場,70,B,即將突破觀察,條件接近完整，等收盤確認或回踩不破。,False,2026-10-01,True,True,STOP,STOP 停止進場,觀察,取消新進場，只保留觀察,只看續抱 / 減碼 / 停利 / 停損，不新增部位。,停止新進場，先保留現金，等待大盤止跌。,停止新進場，禁止顯示今日可進場。,False,False
2026-10-01,2026-10-01,收盤確認價,臺灣證券交易所 / 證券櫃檯買賣中心正式收盤；yfinance 歷史資料,只使用完整收盤日K，不使用盤中未完成K,上櫃,8111,立碁,78.0,80.5,78.0,77.5,76.99,74.25,63.34,64.2,53.24,-1.64,False,5912736,15324260,461193408,1151882954,3.9,True,True,34.5,一般K,,True,False,False,True,2,False,B級觀察：接近成形，等待確認,趨勢多頭、價量條件足,旗型整理突破,83.9,70.54,123.7,接近成形＋可觀察,85.58,83.9,85.58,88.15,81.38,4.9,中,-7.03,7.03,9.09,44.55,85.58,1.54,False,False,False,預備單，等待確認條件,頸線以當日前20日高點計算；收盤站上頸線 83.9 至少2%；成交量>=20日均量2倍；不可長上影；回踩須有近10日突破紀錄且不有效跌破頸線；距離頸線>5%禁止進場,70,B,即將突破觀察,條件接近完整，等收盤確認或回踩不破。,False,2026-10-01,True,True,STOP,STOP 停止進場,觀察,取消新進場，只保留觀察,只看續抱 / 減碼 / 停利 / 停損，不新增部位。,停止新進場，先保留現金，等待大盤止跌。,停止新進場，禁止顯示今日可進場。,False,False
2026-10-01,2026-10-01,收盤確認價,臺灣證券交易所 / 證券櫃檯買賣中心正式收盤；yfinance 歷史資料,只使用完整收盤日K，不使用盤中未完成K,上櫃,3491,昇達科,1490.0,1510.0,1450.0,1524.0,1511.0,1471.75,1327.37,1196.88,17.32,-0.67,False,740387,1358185,1103176630,2002719193,3.86,True,True,9.05,下影線,鏡頭 車用 光學,True,False,True,False,2,False,B級觀察：接近成形，等待確認,趨勢多頭、題材命中,接近成形,1630.0,1398.16,2351.0,接近成形＋可觀察,1662.6,1630.0,1662.6,1712.48,1581.1,4.9,中,-8.59,8.59,8.45,41.41,1662.6,0.0,False,False,False,預備單，等待確認條件,頸線以當日前20日高點計算；收盤站上頸線 1630.0 至少2%；成交量>=20日均量2倍；不可長上影；回踩須有近10日突破紀錄且不有效跌破頸線；距離頸線>5%禁止進場,70,B,即將突破觀察,條件接近完整，等收盤確認或回踩不破。,False,2026-10-01,True,True,STOP,STOP 停止進場,觀察,取消新進場，只保留觀察,只看續抱 / 減碼 / 停利 / 停損，不新增部位。,停止新進場，先保留現金，等待大盤止跌。,停止新進場，禁止顯示今日可進場。,False,False
2026-10-01,2026-10-01,收盤確認價,臺灣證券交易所 / 證券櫃檯買賣中心正式收盤；yfinance 歷史資料,只使用完整收盤日K，不使用盤中未完成K,上櫃,3354,律勝,29.8,35.35,29.8,29.87,29.75,28.56,24.16,24.92,16.63,-7.31,False,8973710,2272978,267416558,66333659,6.14,True,True,55.24,長黑,,True,True,False,False,2,False,B級觀察：接近成形，等待確認,趨勢多頭、量能放大,旗型整理突破,32.15,27.13,46.1,接近成形＋可觀察,32.79,32.15,32.79,33.78,31.19,4.9,中,-7.31,7.31,8.28,40.58,32.79,0.0,False,False,False,預備單，等待確認條件,頸線以當日前20日高點計算；收盤站上頸線 32.15 至少2%；成交量>=20日均量2倍；不可長上影；回踩須有近10日突破紀錄且不有效跌破頸線；距離頸線>5%禁止進場,70,B,即將突破觀察,條件接近完整，等收盤確認或回踩不破。,False,2026-10-01,True,True,STOP,STOP 停止進場,觀察,取消新進場，只保留觀察,只看續抱 / 減碼 / 停利 / 停損，不新增部位。,停止新進場，先保留現金，等待大盤止跌。,停止新進場，禁止顯示今日可進場。,False,False
2026-10-01,2026-10-01,收盤確認價,臺灣證券交易所 / 證券櫃檯買賣中心正式收盤；yfinance 歷史資料,只使用完整收盤日K，不使用盤中未完成K,上櫃,4577,達航科技,90.4,94.6,89.7,87.04,86.15,86.74,79.84,81.41,5.36,-2.16,False,1188114,605814,107405505,53495259,3.0,True,True,35.04,一般K,半導體設備 自動化 設備,True,False,True,False,2,False,B級觀察：接近成形，等待確認,趨勢多頭、題材命中,三角收斂突破,97.9,82.4,133.1,接近成形＋可觀察,99.86,97.9,99.86,102.85,94.96,4.9,中,-7.66,7.66,6.79,33.29,99.86,0.66,False,False,False,預備單，等待確認條件,頸線以當日前20日高點計算；收盤站上頸線 97.9 至少2%；成交量>=20日均量2倍；不可長上影；回踩須有近10日突破紀錄且不有效跌破頸線；距離頸線>5%禁止進場,70,B,即將突破觀察,條件接近完整，等收盤確認或回踩不破。,False,2026-10-01,True,True,STOP,STOP 停止進場,觀察,取消新進場，只保留觀察,只看續抱 / 減碼 / 停利 / 停損，不新增部位。,停止新進場，先保留現金，等待大盤止跌。,停止新進場，禁止顯示今日可進場。,False,False
2026-10-01,2026-10-01,收盤確認價,臺灣證券交易所 / 證券櫃檯買賣中心正式收盤；yfinance 歷史資料,只使用完整收盤日K，不使用盤中未完成K,上市,2357,華碩,965.0,971.0,960.0,960.0,954.6,963.65,871.23,682.61,40.47,0.42,False,1566104,2853642,1511290360,2758535054,2.48,True,True,26.63,紅K突破,,True,False,False,True,2,False,B級觀察：接近成形，等待確認,趨勢多頭、價量條件足,旗型整理突破,1030.0,915.47,1390.0,接近成形＋可觀察,1050.6,1030.0,1050.6,1082.12,999.1,4.9,中,-6.31,6.31,6.59,32.31,1050.6,0.62,False,False,False,預備單，等待確認條件,頸線以當日前20日高點計算；收盤站上頸線 1030.0 至少2%；成交量>=20日均量2倍；不可長上影；回踩須有近10日突破紀錄且不有效跌破頸線；距離頸線>5%禁止進場,70,B,即將突破觀察,條件接近完整，等收盤確認或回踩不破。,False,2026-10-01,True,True,STOP,STOP 停止進場,觀察,取消新進場，只保留觀察,只看續抱 / 減碼 / 停利 / 停損，不新增部位。,停止新進場，先保留現金，等待大盤止跌。,停止新進場，禁止顯示今日可進場。,False,False
2026-10-01,2026-10-01,收盤確認價,臺灣證券交易所 / 證券櫃檯買賣中心正式收盤；yfinance 歷史資料,只使用完整收盤日K，不使用盤中未完成K,上櫃,7728,光焱科技,649.0,714.0,647.0,621.4,612.0,621.35,611.84,605.46,3.06,-2.7,False,152373,66649,98890077,41249793,3.53,True,True,25.91,長黑,,True,True,False,False,2,False,B級觀察：接近成形，等待確認,趨勢多頭、量能放大,旗型整理突破,696.0,590.28,918.73,接近成形＋可觀察,709.92,696.0,709.92,731.22,675.12,4.9,中,-6.75,8.83,6.0,29.41,709.92,4.47,False,False,False,預備單，等待確認條件,頸線以當日前20日高點計算；收盤站上頸線 696.0 至少2%；成交量>=20日均量2倍；不可長上影；回踩須有近10日突破紀錄且不有效跌破頸線；距離頸線>5%禁止進場,70,B,即將突破觀察,條件接近完整，等收盤確認或回踩不破。,False,2026-10-01,True,True,STOP,STOP 停止進場,觀察,取消新進場，只保留觀察,只看續抱 / 減碼 / 停利 / 停損，不新增部位。,停止新進場，先保留現金，等待大盤止跌。,停止新進場，禁止顯示今日可進場。,False,False
2026-10-01,2026-10-01,收盤確認價,臺灣證券交易所 / 證券櫃檯買賣中心正式收盤；yfinance 歷史資料,只使用完整收盤日K，不使用盤中未完成K,上市,2034,允強,23.6,24.9,23.4,23.32,22.32,21.48,20.38,20.39,15.69,-4.84,False,9284967,4106514,219125221,94359515,2.22,True,True,42.59,長黑,,True,True,False,False,2,False,B級觀察：接近成形，等待確認,趨勢多頭、量能放大,旗型整理突破,25.0,20.4,32.05,接近成形＋可觀察,25.5,25.0,25.5,26.27,24.25,4.9,中,-5.6,5.6,5.24,25.69,25.5,0.85,False,False,False,預備單，等待確認條件,頸線以當日前20日高點計算；收盤站上頸線 25.0 至少2%；成交量>=20日均量2倍；不可長上影；回踩須有近10日突破紀錄且不有效跌破頸線；距離頸線>5%禁止進場,70,B,即將突破觀察,條件接近完整，等收盤確認或回踩不破。,False,2026-10-01,True,True,STOP,STOP 停止進場,觀察,取消新進場，只保留觀察,只看續抱 / 減碼 / 停利 / 停損，不新增部位。,停止新進場，先保留現金，等待大盤止跌。,停止新進場，禁止顯示今日可進場。,False,False
2026-10-01,2026-10-01,收盤確認價,臺灣證券交易所 / 證券櫃檯買賣中心正式收盤；yfinance 歷史資料,只使用完整收盤日K，不使用盤中未完成K,上櫃,6173,信昌電,302.5,316.0,280.5,299.5,304.1,290.23,230.49,138.51,10.81,4.85,False,31484477,19412308,9524054292,5678504356,4.9,True,True,59.99,一般K,,True,False,False,False,1,False,B級觀察：接近成形，等待確認,趨勢多頭,接近成形,331.0,275.71,529.5,接近成形＋可觀察,337.62,331.0,337.62,347.75,321.07,4.9,中,-8.61,8.61,11.59,56.83,337.62,4.46,False,False,False,預備單，等待確認條件,頸線以當日前20日高點計算；收盤站上頸線 331.0 至少2%；成交量>=20日均量2倍；不可長上影；回踩須有近10日突破紀錄且不有效跌破頸線；距離頸線>5%禁止進場,70,B,即將突破觀察,條件接近完整，等收盤確認或回踩不破。,False,2026-10-01,True,True,STOP,STOP 停止進場,觀察,取消新進場，只保留觀察,只看續抱 / 減碼 / 停利 / 停損，不新增部位。,停止新進場，先保留現金，等待大盤止跌。,停止新進場，禁止顯示今日可進場。,False,False
2026-10-01,2026-10-01,收盤確認價,臺灣證券交易所 / 證券櫃檯買賣中心正式收盤；yfinance 歷史資料,只使用完整收盤日K，不使用盤中未完成K,上櫃,8064,東捷,143.5,148.0,141.0,140.5,135.9,126.58,113.67,84.54,14.34,-1.37,False,8061497,12676978,1156824819,1652802609,5.71,True,True,22.57,一般K,,True,False,False,False,1,False,B級觀察：接近成形，等待確認,趨勢多頭,旗型整理突破,155.0,120.25,228.0,接近成形＋可觀察,158.1,155.0,158.1,162.84,150.35,4.9,中,-7.42,7.42,9.02,44.21,158.1,1.39,False,False,False,預備單，等待確認條件,頸線以當日前20日高點計算；收盤站上頸線 155.0 至少2%；成交量>=20日均量2倍；不可長上影；回踩須有近10日突破紀錄且不有效跌破頸線；距離頸線>5%禁止進場,70,B,即將突破觀察,條件接近完整，等收盤確認或回踩不破。,False,2026-10-01,True,True,STOP,STOP 停止進場,觀察,取消新進場，只保留觀察,只看續抱 / 減碼 / 停利 / 停損，不新增部位。,停止新進場，先保留現金，等待大盤止跌。,停止新進場，禁止顯示今日可進場。,False,False
2026-10-01,2026-10-01,收盤確認價,臺灣證券交易所 / 證券櫃檯買賣中心正式收盤；yfinance 歷史資料,只使用完整收盤日K，不使用盤中未完成K,上櫃,5464,霖宏,92.5,93.7,86.8,90.2,90.94,85.23,77.85,48.59,-3.55,4.88,False,575166,1047748,53202855,90846107,4.61,True,True,85.15,紅K突破,,True,False,False,False,1,False,B級觀察：接近成形，等待確認,趨勢多頭,旗型整理突破,99.8,80.97,141.0,接近成形＋可觀察,101.8,99.8,101.8,104.85,96.81,4.9,中,-7.31,7.41,7.86,38.51,101.8,1.3,False,False,False,預備單，等待確認條件,頸線以當日前20日高點計算；收盤站上頸線 99.8 至少2%；成交量>=20日均量2倍；不可長上影；回踩須有近10日突破紀錄且不有效跌破頸線；距離頸線>5%禁止進場,70,B,即將突破觀察,條件接近完整，等收盤確認或回踩不破。,False,2026-10-01,True,True,STOP,STOP 停止進場,觀察,取消新進場，只保留觀察,只看續抱 / 減碼 / 停利 / 停損，不新增部位。,停止新進場，先保留現金，等待大盤止跌。,停止新進場，禁止顯示今日可進場。,False,False
2026-10-01,2026-10-01,收盤確認價,臺灣證券交易所 / 證券櫃檯買賣中心正式收盤；yfinance 歷史資料,只使用完整收盤日K，不使用盤中未完成K,上市,2344,華邦電,180.0,180.5,175.5,175.5,174.1,174.22,169.43,120.0,6.82,0.28,False,64785773,97968214,11661439140,17163656224,3.57,True,True,9.0,紅K突破,,True,False,False,False,1,False,B級觀察：接近成形，等待確認,趨勢多頭,旗型整理突破,192.0,165.51,267.0,接近成形＋可觀察,195.84,192.0,195.84,201.72,186.24,4.9,中,-6.25,6.74,7.41,36.34,195.84,0.28,False,False,False,預備單，等待確認條件,頸線以當日前20日高點計算；收盤站上頸線 192.0 至少2%；成交量>=20日均量2倍；不可長上影；回踩須有近10日突破紀錄且不有效跌破頸線；距離頸線>5%禁止進場,70,B,即將突破觀察,條件接近完整，等收盤確認或回踩不破。,False,2026-10-01,True,True,STOP,STOP 停止進場,觀察,取消新進場，只保留觀察,只看續抱 / 減碼 / 停利 / 停損，不新增部位。,停止新進場，先保留現金，等待大盤止跌。,停止新進場，禁止顯示今日可進場。,False,False
2026-10-01,2026-10-01,收盤確認價,臺灣證券交易所 / 證券櫃檯買賣中心正式收盤；yfinance 歷史資料,只使用完整收盤日K，不使用盤中未完成K,上櫃,3339,泰谷,45.05,46.6,45.05,46.21,45.98,44.72,40.08,37.11,14.92,-1.31,False,1243661,2556516,56026928,116514692,3.78,True,True,23.72,一般K,,True,False,False,False,1,False,B級觀察：接近成形，等待確認,趨勢多頭,接近成形,49.8,42.48,68.95,接近成形＋可觀察,50.8,49.8,50.8,52.32,48.31,4.9,中,-9.54,9.54,7.29,35.74,50.8,1.89,False,False,False,預備單，等待確認條件,頸線以當日前20日高點計算；收盤站上頸線 49.8 至少2%；成交量>=20日均量2倍；不可長上影；回踩須有近10日突破紀錄且不有效跌破頸線；距離頸線>5%禁止進場,70,B,即將突破觀察,條件接近完整，等收盤確認或回踩不破。,False,2026-10-01,True,True,STOP,STOP 停止進場,觀察,取消新進場，只保留觀察,只看續抱 / 減碼 / 停利 / 停損，不新增部位。,停止新進場，先保留現金，等待大盤止跌。,停止新進場，禁止顯示今日可進場。,False,False
2026-10-01,2026-10-01,收盤確認價,臺灣證券交易所 / 證券櫃檯買賣中心正式收盤；yfinance 歷史資料,只使用完整收盤日K，不使用盤中未完成K,上櫃,8431,匯鑽科,64.7,67.8,64.3,64.86,64.5,63.44,53.24,56.74,27.61,-3.14,False,1173677,3187797,75936901,205591070,5.15,True,True,34.32,長黑,,True,False,False,False,1,False,B級觀察：接近成形，等待確認,趨勢多頭,旗型整理突破,70.3,60.27,97.1,接近成形＋可觀察,71.71,70.3,71.71,73.86,68.19,4.9,中,-7.97,7.97,7.22,35.41,71.71,0.0,False,False,False,預備單，等待確認條件,頸線以當日前20日高點計算；收盤站上頸線 70.3 至少2%；成交量>=20日均量2倍；不可長上影；回踩須有近10日突破紀錄且不有效跌破頸線；距離頸線>5%禁止進場,70,B,即將突破觀察,條件接近完整，等收盤確認或回踩不破。,False,2026-10-01,True,True,STOP,STOP 停止進場,觀察,取消新進場，只保留觀察,只看續抱 / 減碼 / 停利 / 停損，不新增部位。,停止新進場，先保留現金，等待大盤止跌。,停止新進場，禁止顯示今日可進場。,False,False
2026-10-01,2026-10-01,收盤確認價,臺灣證券交易所 / 證券櫃檯買賣中心正式收盤；yfinance 歷史資料,只使用完整收盤日K，不使用盤中未完成K,上市,1597,直得,154.5,158.5,141.0,142.9,140.25,143.18,137.53,111.75,9.96,5.46,False,4660046,2655168,719977107,392062844,4.21,True,True,15.16,紅K突破,,True,False,False,False,1,False,B級觀察：接近成形，等待確認,趨勢多頭,旗型整理突破,164.0,136.02,226.0,接近成形＋可觀察,167.28,164.0,167.28,172.3,159.08,4.9,中,-5.79,5.79,7.16,35.1,167.28,2.59,False,False,False,預備單，等待確認條件,頸線以當日前20日高點計算；收盤站上頸線 164.0 至少2%；成交量>=20日均量2倍；不可長上影；回踩須有近10日突破紀錄且不有效跌破頸線；距離頸線>5%禁止進場,70,B,即將突破觀察,條件接近完整，等收盤確認或回踩不破。,False,2026-10-01,True,True,STOP,STOP 停止進場,觀察,取消新進場，只保留觀察,只看續抱 / 減碼 / 停利 / 停損，不新增部位。,停止新進場，先保留現金，等待大盤止跌。,停止新進場，禁止顯示今日可進場。,False,False
2026-10-01,2026-10-01,收盤確認價,臺灣證券交易所 / 證券櫃檯買賣中心正式收盤；yfinance 歷史資料,只使用完整收盤日K，不使用盤中未完成K,上櫃,5443,均豪,112.0,116.5,112.0,109.5,108.5,109.17,103.97,101.82,5.16,-0.88,False,2974288,2422541,333120256,270931557,2.76,True,True,20.48,一般K,,True,False,False,False,1,False,B級觀察：接近成形，等待確認,趨勢多頭,旗型整理突破,123.0,103.72,168.1,接近成形＋可觀察,125.46,123.0,125.46,129.22,119.31,4.9,中,-8.94,8.94,6.93,33.99,125.46,4.02,False,False,False,預備單，等待確認條件,頸線以當日前20日高點計算；收盤站上頸線 123.0 至少2%；成交量>=20日均量2倍；不可長上影；回踩須有近10日突破紀錄且不有效跌破頸線；距離頸線>5%禁止進場,70,B,即將突破觀察,條件接近完整，等收盤確認或回踩不破。,False,2026-10-01,True,True,STOP,STOP 停止進場,觀察,取消新進場，只保留觀察,只看續抱 / 減碼 / 停利 / 停損，不新增部位。,停止新進場，先保留現金，等待大盤止跌。,停止新進場，禁止顯示今日可進場。,False,False
2026-10-01,2026-10-01,收盤確認價,臺灣證券交易所 / 證券櫃檯買賣中心正式收盤；yfinance 歷史資料,只使用完整收盤日K，不使用盤中未完成K,上櫃,3265,台星科,185.0,186.5,181.5,182.9,179.5,174.62,168.12,146.37,9.79,-0.54,False,1106383,1437407,204680855,256938365,3.21,True,True,23.29,下影線,,True,False,False,False,1,False,B級觀察：接近成形，等待確認,趨勢多頭,旗型整理突破,198.0,165.89,265.0,接近成形＋可觀察,201.96,198.0,201.96,208.02,192.06,4.9,中,-6.57,6.57,6.37,31.21,201.96,0.81,False,False,False,預備單，等待確認條件,頸線以當日前20日高點計算；收盤站上頸線 198.0 至少2%；成交量>=20日均量2倍；不可長上影；回踩須有近10日突破紀錄且不有效跌破頸線；距離頸線>5%禁止進場,70,B,即將突破觀察,條件接近完整，等收盤確認或回踩不破。,False,2026-10-01,True,True,STOP,STOP 停止進場,觀察,取消新進場，只保留觀察,只看續抱 / 減碼 / 停利 / 停損，不新增部位。,停止新進場，先保留現金，等待大盤止跌。,停止新進場，禁止顯示今日可進場。,False,False
2026-10-01,2026-10-01,收盤確認價,臺灣證券交易所 / 證券櫃檯買賣中心正式收盤；yfinance 歷史資料,只使用完整收盤日K，不使用盤中未完成K,上市,1301,台塑,66.8,69.2,66.3,65.34,64.85,65.02,61.23,49.31,15.17,-1.91,False,19100785,26783640,1275932438,1752350156,2.14,True,True,21.93,一般K,,True,False,False,False,1,False,B級觀察：接近成形，等待確認,趨勢多頭,旗型整理突破,71.2,61.77,89.5,接近成形＋可觀察,72.62,71.2,72.62,74.8,69.06,4.9,中,-6.18,6.18,4.74,23.24,72.62,1.5,False,False,False,預備單，等待確認條件,頸線以當日前20日高點計算；收盤站上頸線 71.2 至少2%；成交量>=20日均量2倍；不可長上影；回踩須有近10日突破紀錄且不有效跌破頸線；距離頸線>5%禁止進場,70,B,即將突破觀察,條件接近完整，等收盤確認或回踩不破。,False,2026-10-01,True,True,STOP,STOP 停止進場,觀察,取消新進場，只保留觀察,只看續抱 / 減碼 / 停利 / 停損，不新增部位。,停止新進場，先保留現金，等待大盤止跌。,停止新進場，禁止顯示今日可進場。,False,False
2026-10-01,2026-10-01,收盤確認價,臺灣證券交易所 / 證券櫃檯買賣中心正式收盤；yfinance 歷史資料,只使用完整收盤日K，不使用盤中未完成K,上市,2027,大成鋼,48.05,49.1,47.7,47.37,47.1,47.67,46.13,40.17,18.5,1.26,False,15670981,12497317,752990637,597336458,1.63,True,True,27.54,一般K,,True,False,False,False,1,False,B級觀察：接近成形，等待確認,趨勢多頭,旗型整理突破,50.8,45.29,63.4,接近成形＋可觀察,51.82,50.8,51.82,53.37,49.28,4.9,中,-5.41,8.13,4.56,22.36,51.82,1.87,False,False,False,預備單，等待確認條件,頸線以當日前20日高點計算；收盤站上頸線 50.8 至少2%；成交量>=20日均量2倍；不可長上影；回踩須有近10日突破紀錄且不有效跌破頸線；距離頸線>5%禁止進場,70,B,即將突破觀察,條件接近完整，等收盤確認或回踩不破。,False,2026-10-01,True,True,STOP,STOP 停止進場,觀察,取消新進場，只保留觀察,只看續抱 / 減碼 / 停利 / 停損，不新增部位。,停止新進場，先保留現金，等待大盤止跌。,停止新進場，禁止顯示今日可進場。,False,False
2026-10-01,2026-10-01,收盤確認價,臺灣證券交易所 / 證券櫃檯買賣中心正式收盤；yfinance 歷史資料,只使用完整收盤日K，不使用盤中未完成K,上櫃,5340,建榮,80.4,81.5,80.3,81.04,81.9,82.28,77.26,84.68,-2.9,-0.74,False,785894,3105831,63185877,258674388,2.03,True,True,28.26,一般K,,False,False,False,False,0,False,B級觀察：接近成形，等待確認,條件不足,接近成形,88.8,78.17,123.4,接近成形＋可觀察,90.58,88.8,90.58,93.29,86.14,4.9,中,-9.46,9.46,7.39,36.24,90.58,0.0,False,False,False,預備單，等待確認條件,頸線以當日前20日高點計算；收盤站上頸線 88.8 至少2%；成交量>=20日均量2倍；不可長上影；回踩須有近10日突破紀錄且不有效跌破頸線；距離頸線>5%禁止進場,70,B,即將突破觀察,條件接近完整，等收盤確認或回踩不破。,False,2026-10-01,True,True,STOP,STOP 停止進場,觀察,取消新進場，只保留觀察,只看續抱 / 減碼 / 停利 / 停損，不新增部位。,停止新進場，先保留現金，等待大盤止跌。,停止新進場，禁止顯示今日可進場。,False,False
2026-10-01,2026-10-01,收盤確認價,臺灣證券交易所 / 證券櫃檯買賣中心正式收盤；yfinance 歷史資料,只使用完整收盤日K，不使用盤中未完成K,上市,1608,華榮,35.95,36.4,35.75,35.73,35.8,36.07,34.62,34.72,5.89,-0.83,False,1428176,1800513,51342927,65175403,1.24,True,True,27.94,一般K,,False,False,False,False,0,False,B級觀察：接近成形，等待確認,條件不足,旗型整理突破,38.4,35.2,50.1,接近成形＋可觀察,39.17,38.4,39.17,40.34,37.25,4.9,中,-6.38,8.29,5.69,27.91,39.17,0.28,False,False,False,預備單，等待確認條件,頸線以當日前20日高點計算；收盤站上頸線 38.4 至少2%；成交量>=20日均量2倍；不可長上影；回踩須有近10日突破紀錄且不有效跌破頸線；距離頸線>5%禁止進場,70,B,即將突破觀察,條件接近完整，等收盤確認或回踩不破。,False,2026-10-01,True,True,STOP,STOP 停止進場,觀察,取消新進場，只保留觀察,只看續抱 / 減碼 / 停利 / 停損，不新增部位。,停止新進場，先保留現金，等待大盤止跌。,停止新進場，禁止顯示今日可進場。,False,False
2026-10-01,2026-10-01,收盤確認價,臺灣證券交易所 / 證券櫃檯買賣中心正式收盤；yfinance 歷史資料,只使用完整收盤日K，不使用盤中未完成K,上櫃,4772,台特化,264.5,275.0,263.0,259.6,251.75,248.38,249.03,294.87,-3.64,-1.67,False,964012,643394,254981174,165017138,2.74,True,True,38.64,一般K,,False,False,False,False,0,False,B級觀察：接近成形，等待確認,條件不足,旗型整理突破,280.5,235.96,356.0,接近成形＋可觀察,286.11,280.5,286.11,294.69,272.08,4.9,中,-5.7,6.7,4.98,24.43,286.11,1.89,False,False,False,預備單，等待確認條件,頸線以當日前20日高點計算；收盤站上頸線 280.5 至少2%；成交量>=20日均量2倍；不可長上影；回踩須有近10日突破紀錄且不有效跌破頸線；距離頸線>5%禁止進場,70,B,即將突破觀察,條件接近完整，等收盤確認或回踩不破。,False,2026-10-01,True,True,STOP,STOP 停止進場,觀察,取消新進場，只保留觀察,只看續抱 / 減碼 / 停利 / 停損，不新增部位。,停止新進場，先保留現金，等待大盤止跌。,停止新進場，禁止顯示今日可進場。,False,False
2026-10-01,2026-10-01,收盤確認價,臺灣證券交易所 / 證券櫃檯買賣中心正式收盤；yfinance 歷史資料,只使用完整收盤日K，不使用盤中未完成K,上櫃,6664,群翊,371.5,380.0,367.0,364.4,351.7,350.8,352.76,333.49,2.62,-1.2,False,366499,378289,136154378,135062978,1.74,True,True,14.17,一般K,,False,False,False,False,0,False,B級觀察：接近成形，等待確認,條件不足,旗型整理突破,392.5,333.26,482.5,接近成形＋可觀察,400.35,392.5,400.35,412.36,380.72,4.9,中,-5.35,7.59,4.19,20.52,400.35,0.0,False,False,False,預備單，等待確認條件,頸線以當日前20日高點計算；收盤站上頸線 392.5 至少2%；成交量>=20日均量2倍；不可長上影；回踩須有近10日突破紀錄且不有效跌破頸線；距離頸線>5%禁止進場,70,B,即將突破觀察,條件接近完整，等收盤確認或回踩不破。,False,2026-10-01,True,True,STOP,STOP 停止進場,觀察,取消新進場，只保留觀察,只看續抱 / 減碼 / 停利 / 停損，不新增部位。,停止新進場，先保留現金，等待大盤止跌。,停止新進場，禁止顯示今日可進場。,False,False
2026-10-01,2026-10-01,收盤確認價,臺灣證券交易所 / 證券櫃檯買賣中心正式收盤；yfinance 歷史資料,只使用完整收盤日K，不使用盤中未完成K,上市,1504,東元,69.1,69.4,68.8,68.76,69.21,70.01,68.85,78.2,0.73,0.0,False,2132864,4747647,147380902,333020641,1.23,True,True,16.19,一般K,,False,False,False,False,0,False,B級觀察：接近成形，等待確認,條件不足,接近成形,74.8,67.6,89.6,接近成形＋可觀察,76.3,74.8,76.3,78.58,72.56,4.9,中,-7.62,8.48,3.56,17.44,76.3,0.14,False,False,False,預備單，等待確認條件,頸線以當日前20日高點計算；收盤站上頸線 74.8 至少2%；成交量>=20日均量2倍；不可長上影；回踩須有近10日突破紀錄且不有效跌破頸線；距離頸線>5%禁止進場,70,B,即將突破觀察,條件接近完整，等收盤確認或回踩不破。,False,2026-10-01,True,True,STOP,STOP 停止進場,觀察,取消新進場，只保留觀察,只看續抱 / 減碼 / 停利 / 停損，不新增部位。,停止新進場，先保留現金，等待大盤止跌。,停止新進場，禁止顯示今日可進場。,False,False
2026-10-01,2026-10-01,收盤確認價,臺灣證券交易所 / 證券櫃檯買賣中心正式收盤；yfinance 歷史資料,只使用完整收盤日K，不使用盤中未完成K,上市,1319,東陽,78.6,78.6,77.5,78.4,79.12,79.66,77.92,88.15,3.15,0.9,False,1483670,1243321,116616461,99156931,1.23,True,True,36.7,紅K突破,,False,False,False,False,0,False,B級觀察：接近成形，等待確認,條件不足,接近成形,83.5,77.6,98.2,接近成形＋可觀察,85.17,83.5,85.17,87.73,81.0,4.9,中,-5.87,8.6,3.12,15.3,85.17,0.0,False,False,False,預備單，等待確認條件,頸線以當日前20日高點計算；收盤站上頸線 83.5 至少2%；成交量>=20日均量2倍；不可長上影；回踩須有近10日突破紀錄且不有效跌破頸線；距離頸線>5%禁止進場,70,B,即將突破觀察,條件接近完整，等收盤確認或回踩不破。,False,2026-10-01,True,True,STOP,STOP 停止進場,觀察,取消新進場，只保留觀察,只看續抱 / 減碼 / 停利 / 停損，不新增部位。,停止新進場，先保留現金，等待大盤止跌。,停止新進場，禁止顯示今日可進場。,False,False
2026-10-01,2026-10-01,收盤確認價,臺灣證券交易所 / 證券櫃檯買賣中心正式收盤；yfinance 歷史資料,只使用完整收盤日K，不使用盤中未完成K,上市,2201,裕隆,29.2,29.5,29.2,29.23,29.47,30.06,28.89,30.11,2.46,-0.17,False,2076309,3931393,60628222,119356928,1.33,True,True,37.59,一般K,,False,False,False,False,0,False,B級觀察：接近成形，等待確認,條件不足,接近成形,32.0,29.15,37.35,接近成形＋可觀察,32.64,32.0,32.64,33.62,31.04,4.9,中,-8.75,8.75,2.94,14.43,32.64,0.68,False,False,False,預備單，等待確認條件,頸線以當日前20日高點計算；收盤站上頸線 32.0 至少2%；成交量>=20日均量2倍；不可長上影；回踩須有近10日突破紀錄且不有效跌破頸線；距離頸線>5%禁止進場,70,B,即將突破觀察,條件接近完整，等收盤確認或回踩不破。,False,2026-10-01,True,True,STOP,STOP 停止進場,觀察,取消新進場，只保留觀察,只看續抱 / 減碼 / 停利 / 停損，不新增部位。,停止新進場，先保留現金，等待大盤止跌。,停止新進場，禁止顯示今日可進場。,False,False
2026-10-01,2026-10-01,收盤確認價,臺灣證券交易所 / 證券櫃檯買賣中心正式收盤；yfinance 歷史資料,只使用完整收盤日K，不使用盤中未完成K,上市,1402,遠東新,27.95,28.25,27.7,28.0,27.93,28.3,27.89,27.59,0.36,-1.06,False,14615452,8196820,408501883,231653016,1.12,True,True,27.05,一般K,,False,False,False,False,0,False,B級觀察：接近成形，等待確認,條件不足,三角收斂突破,29.45,27.35,33.15,接近成形＋可觀察,30.04,29.45,30.04,30.94,28.57,4.9,中,-5.09,8.81,2.11,10.36,30.04,0.18,False,False,False,預備單，等待確認條件,頸線以當日前20日高點計算；收盤站上頸線 29.45 至少2%；成交量>=20日均量2倍；不可長上影；回踩須有近10日突破紀錄且不有效跌破頸線；距離頸線>5%禁止進場,70,B,即將突破觀察,條件接近完整，等收盤確認或回踩不破。,False,2026-10-01,True,True,STOP,STOP 停止進場,觀察,取消新進場，只保留觀察,只看續抱 / 減碼 / 停利 / 停損，不新增部位。,停止新進場，先保留現金，等待大盤止跌。,停止新進場，禁止顯示今日可進場。,False,False
2026-10-01,2026-10-01,收盤確認價,臺灣證券交易所 / 證券櫃檯買賣中心正式收盤；yfinance 歷史資料,只使用完整收盤日K，不使用盤中未完成K,上櫃,5009,榮剛,32.8,33.25,32.7,32.52,32.36,32.52,33.1,33.55,-2.38,-0.91,False,1863972,1478906,61138281,48279037,1.02,True,True,26.03,一般K,,False,False,False,False,0,False,B級觀察：接近成形，等待確認,條件不足,接近成形,35.25,31.8,39.55,接近成形＋可觀察,35.95,35.25,35.95,37.03,34.19,4.9,中,-6.95,8.64,2.04,10.0,35.95,0.0,False,False,False,預備單，等待確認條件,頸線以當日前20日高點計算；收盤站上頸線 35.25 至少2%；成交量>=20日均量2倍；不可長上影；回踩須有近10日突破紀錄且不有效跌破頸線；距離頸線>5%禁止進場,70,B,即將突破觀察,條件接近完整，等收盤確認或回踩不破。,False,2026-10-01,True,True,STOP,STOP 停止進場,觀察,取消新進場，只保留觀察,只看續抱 / 減碼 / 停利 / 停損，不新增部位。,停止新進場，先保留現金，等待大盤止跌。,停止新進場，禁止顯示今日可進場。,False,False
2026-10-01,2026-10-01,收盤確認價,臺灣證券交易所 / 證券櫃檯買賣中心正式收盤；yfinance 歷史資料,只使用完整收盤日K，不使用盤中未完成K,上市,2385,群光,105.5,106.5,104.5,104.6,104.95,105.95,105.58,118.6,-1.86,0.96,False,1776109,2547056,187379499,270445986,1.65,True,True,29.98,紅K突破,,False,False,False,False,0,False,B級觀察：接近成形，等待確認,條件不足,接近成形,111.5,102.0,123.8,接近成形＋可觀察,113.73,111.5,113.73,117.14,108.16,4.9,中,-5.38,5.38,1.81,8.85,113.73,0.95,False,False,False,預備單，等待確認條件,頸線以當日前20日高點計算；收盤站上頸線 111.5 至少2%；成交量>=20日均量2倍；不可長上影；回踩須有近10日突破紀錄且不有效跌破頸線；距離頸線>5%禁止進場,57,B,即將突破觀察,條件接近完整，等收盤確認或回踩不破。,False,2026-10-01,True,True,STOP,STOP 停止進場,觀察,取消新進場，只保留觀察,只看續抱 / 減碼 / 停利 / 停損，不新增部位。,停止新進場，先保留現金，等待大盤止跌。,停止新進場，禁止顯示今日可進場。,False,False
2026-10-01,2026-10-01,收盤確認價,臺灣證券交易所 / 證券櫃檯買賣中心正式收盤；yfinance 歷史資料,只使用完整收盤日K，不使用盤中未完成K,上櫃,5465,富驊,33.85,35.0,32.0,33.57,30.41,27.37,24.53,27.02,35.67,2.42,False,1245004,940813,42143385,30414851,3.92,False,True,45.0,一般K,,True,False,False,True,2,False,只觀察,趨勢多頭、價量條件足,旗型整理突破,33.15,26.0,45.5,接近成形＋可觀察,33.81,33.15,33.81,34.83,32.16,4.9,中,2.11,8.39,7.05,34.56,33.81,3.4,True,False,False,預備單，等待確認條件,頸線以當日前20日高點計算；收盤站上頸線 33.15 至少2%；成交量>=20日均量2倍；不可長上影；回踩須有近10日突破紀錄且不有效跌破頸線；距離頸線>5%禁止進場,85,C,等更安全位置,條件或風險不夠好，先不列入高關注。,False,2026-10-01,True,True,STOP,STOP 停止進場,觀察,取消新進場，只保留觀察,只看續抱 / 減碼 / 停利 / 停損，不新增部位。,停止新進場，先保留現金，等待大盤止跌。,停止新進場，禁止顯示今日可進場。,False,False
2026-10-01,2026-10-01,收盤確認價,臺灣證券交易所 / 證券櫃檯買賣中心正式收盤；yfinance 歷史資料,只使用完整收盤日K，不使用盤中未完成K,上櫃,6642,富致,83.0,84.8,81.3,80.48,79.0,78.66,78.63,65.67,0.85,1.59,False,378609,148392,31424547,11841725,2.2,False,True,23.02,一般K,,True,True,False,False,2,False,只觀察,趨勢多頭、量能放大,箱型突破,84.4,75.1,103.6,接近成形＋可觀察,86.09,84.4,86.09,88.67,81.87,4.9,中,-1.66,6.64,4.15,20.34,86.09,2.17,False,False,False,預備單，等待確認條件,頸線以當日前20日高點計算；收盤站上頸線 84.4 至少2%；成交量>=20日均量2倍；不可長上影；回踩須有近10日突破紀錄且不有效跌破頸線；距離頸線>5%禁止進場,85,C,等更安全位置,條件或風險不夠好，先不列入高關注。,False,2026-10-01,True,True,STOP,STOP 停止進場,觀察,取消新進場，只保留觀察,只看續抱 / 減碼 / 停利 / 停損，不新增部位。,停止新進場，先保留現金，等待大盤止跌。,停止新進場，禁止顯示今日可進場。,False,False
2026-10-01,2026-10-01,收盤確認價,臺灣證券交易所 / 證券櫃檯買賣中心正式收盤；yfinance 歷史資料,只使用完整收盤日K，不使用盤中未完成K,上市,1558,伸興,112.5,112.5,104.0,112.6,111.6,109.22,100.03,96.15,21.89,0.0,False,385719,152152,43393387,16605187,1.05,False,True,53.83,下影線,,True,True,False,False,2,False,只觀察,趨勢多頭、量能放大,箱型突破,114.0,103.76,139.4,接近成形＋可觀察,116.28,114.0,116.28,119.77,110.58,4.9,中,-1.32,1.32,4.06,19.88,116.28,0.0,False,False,False,預備單，等待確認條件,頸線以當日前20日高點計算；收盤站上頸線 114.0 至少2%；成交量>=20日均量2倍；不可長上影；回踩須有近10日突破紀錄且不有效跌破頸線；距離頸線>5%禁止進場,85,C,等更安全位置,條件或風險不夠好，先不列入高關注。,False,2026-10-01,True,True,STOP,STOP 停止進場,觀察,取消新進場，只保留觀察,只看續抱 / 減碼 / 停利 / 停損，不新增部位。,停止新進場，先保留現金，等待大盤止跌。,停止新進場，禁止顯示今日可進場。,False,False
2026-10-01,2026-10-01,收盤確認價,臺灣證券交易所 / 證券櫃檯買賣中心正式收盤；yfinance 歷史資料,只使用完整收盤日K，不使用盤中未完成K,上市,2025,千興,14.05,15.0,13.7,13.56,12.95,12.71,12.42,11.65,16.6,-4.1,False,4380086,909508,61540208,12360993,2.88,False,True,44.3,長黑,,True,True,False,False,2,False,只觀察,趨勢多頭、量能放大,旗型整理突破,14.05,12.07,16.9,接近成形＋可觀察,14.33,14.05,14.33,14.76,13.63,4.9,中,-0.0,4.1,3.66,17.93,14.33,1.07,True,False,False,預備單，等待確認條件,頸線以當日前20日高點計算；收盤站上頸線 14.05 至少2%；成交量>=20日均量2倍；不可長上影；回踩須有近10日突破紀錄且不有效跌破頸線；距離頸線>5%禁止進場,85,C,等更安全位置,條件或風險不夠好，先不列入高關注。,False,2026-10-01,True,True,STOP,STOP 停止進場,觀察,取消新進場，只保留觀察,只看續抱 / 減碼 / 停利 / 停損，不新增部位。,停止新進場，先保留現金，等待大盤止跌。,停止新進場，禁止顯示今日可進場。,False,False
2026-10-01,2026-10-01,收盤確認價,臺灣證券交易所 / 證券櫃檯買賣中心正式收盤；yfinance 歷史資料,只使用完整收盤日K，不使用盤中未完成K,上櫃,8047,星雲,51.0,51.1,50.6,49.55,47.63,46.28,45.19,47.95,12.71,0.39,False,205456,74547,10478256,3676348,3.53,False,True,31.46,一般K,,True,True,False,False,2,False,只觀察,趨勢多頭、量能放大,接近成形,50.0,43.97,58.95,突破第一根,51.0,50.0,51.0,52.53,48.5,4.9,高,2.0,0.97,3.18,15.59,51.0,0.2,True,False,False,突破確認，可在追價範圍內掛單,頸線以當日前20日高點計算；收盤站上頸線 50.0 至少2%；成交量>=20日均量2倍；不可長上影；回踩須有近10日突破紀錄且不有效跌破頸線；距離頸線>5%禁止進場,85,C,等更安全位置,條件或風險不夠好，先不列入高關注。,False,2026-10-01,True,True,STOP,STOP 停止進場,突破買點,取消新進場，只保留觀察,只看續抱 / 減碼 / 停利 / 停損，不新增部位。,停止新進場，先保留現金，等待大盤止跌。,停止新進場，禁止顯示今日可進場。,False,False
2026-10-01,2026-10-01,收盤確認價,臺灣證券交易所 / 證券櫃檯買賣中心正式收盤；yfinance 歷史資料,只使用完整收盤日K，不使用盤中未完成K,上櫃,6171,大城地產,27.35,27.35,27.05,26.71,26.27,26.15,24.62,26.15,15.64,2.24,False,455011,76125,12444550,2013988,1.32,False,True,32.91,紅K突破,,True,True,False,False,2,False,只觀察,趨勢多頭、量能放大,箱型突破,27.0,25.2,31.5,接近成形＋可觀察,27.54,27.0,27.54,28.37,26.19,4.9,中,1.3,1.3,2.93,14.38,27.54,0.0,False,False,False,預備單，等待確認條件,頸線以當日前20日高點計算；收盤站上頸線 27.0 至少2%；成交量>=20日均量2倍；不可長上影；回踩須有近10日突破紀錄且不有效跌破頸線；距離頸線>5%禁止進場,85,C,等更安全位置,條件或風險不夠好，先不列入高關注。,False,2026-10-01,True,True,STOP,STOP 停止進場,觀察,取消新進場，只保留觀察,只看續抱 / 減碼 / 停利 / 停損，不新增部位。,停止新進場，先保留現金，等待大盤止跌。,停止新進場，禁止顯示今日可進場。,False,False
2026-10-01,2026-10-01,收盤確認價,臺灣證券交易所 / 證券櫃檯買賣中心正式收盤；yfinance 歷史資料,只使用完整收盤日K，不使用盤中未完成K,上櫃,3066,李洲,28.9,30.25,28.6,28.45,28.29,26.23,24.37,18.97,-0.34,-1.03,False,1584615,1980236,45795373,54920134,3.98,False,True,53.53,一般K,,True,False,False,False,1,False,只觀察,趨勢多頭,旗型整理突破,28.6,24.92,38.35,回踩頸線不破,29.17,28.6,29.17,30.05,27.74,4.01,高,1.05,8.11,8.16,32.7,28.9,3.29,True,False,False,回踩頸線不破，可觀察低風險進場,頸線以當日前20日高點計算；收盤站上頸線 28.6 至少2%；成交量>=20日均量2倍；不可長上影；回踩須有近10日突破紀錄且不有效跌破頸線；距離頸線>5%禁止進場,85,C,等更安全位置,條件或風險不夠好，先不列入高關注。,False,2026-10-01,True,True,STOP,STOP 停止進場,回踩買點,取消新進場，只保留觀察,只看續抱 / 減碼 / 停利 / 停損，不新增部位。,停止新進場，先保留現金，等待大盤止跌。,停止新進場，禁止顯示今日可進場。,False,False
2026-10-01,2026-10-01,收盤確認價,臺灣證券交易所 / 證券櫃檯買賣中心正式收盤；yfinance 歷史資料,只使用完整收盤日K，不使用盤中未完成K,上櫃,3623,富晶通,30.55,31.0,30.05,29.1,28.61,26.91,23.37,23.49,28.09,2.52,False,330724,385596,10103618,10591558,3.25,False,True,77.48,一般K,,True,False,False,False,1,False,只觀察,趨勢多頭,旗型整理突破,30.3,25.57,41.6,接近成形＋可觀察,30.91,30.3,30.91,31.83,29.39,4.9,中,0.83,0.83,7.06,34.6,30.91,1.47,False,False,False,預備單，等待確認條件,頸線以當日前20日高點計算；收盤站上頸線 30.3 至少2%；成交量>=20日均量2倍；不可長上影；回踩須有近10日突破紀錄且不有效跌破頸線；距離頸線>5%禁止進場,85,C,等更安全位置,條件或風險不夠好，先不列入高關注。,False,2026-10-01,True,True,STOP,STOP 停止進場,觀察,取消新進場，只保留觀察,只看續抱 / 減碼 / 停利 / 停損，不新增部位。,停止新進場，先保留現金，等待大盤止跌。,停止新進場，禁止顯示今日可進場。,False,False
2026-10-01,2026-10-01,收盤確認價,臺灣證券交易所 / 證券櫃檯買賣中心正式收盤；yfinance 歷史資料,只使用完整收盤日K，不使用盤中未完成K,上櫃,6148,驊宏資,38.05,38.65,37.85,38.24,38.27,34.15,30.49,34.83,17.08,-0.13,False,1091378,3754325,41526932,142267175,4.66,False,True,69.09,一般K,,True,False,False,False,1,False,只觀察,趨勢多頭,接近成形,38.9,32.44,53.1,接近成形＋可觀察,39.68,38.9,39.68,40.87,37.73,4.9,中,-2.19,9.62,6.9,33.83,39.68,1.31,True,False,False,預備單，等待確認條件,頸線以當日前20日高點計算；收盤站上頸線 38.9 至少2%；成交量>=20日均量2倍；不可長上影；回踩須有近10日突破紀錄且不有效跌破頸線；距離頸線>5%禁止進場,85,C,等更安全位置,條件或風險不夠好，先不列入高關注。,False,2026-10-01,True,True,STOP,STOP 停止進場,觀察,取消新進場，只保留觀察,只看續抱 / 減碼 / 停利 / 停損，不新增部位。,停止新進場，先保留現金，等待大盤止跌。,停止新進場，禁止顯示今日可進場。,False,False
2026-10-01,2026-10-01,收盤確認價,臺灣證券交易所 / 證券櫃檯買賣中心正式收盤；yfinance 歷史資料,只使用完整收盤日K，不使用盤中未完成K,上櫃,6292,迅德,67.2,68.2,66.7,66.66,66.54,65.42,60.18,50.08,15.66,0.9,False,350389,344141,23546140,22669499,2.18,False,True,36.48,一般K,,True,False,False,False,1,False,只觀察,趨勢多頭,旗型整理突破,68.8,62.14,91.5,接近成形＋可觀察,70.18,68.8,70.18,72.28,66.74,4.9,中,-2.33,2.61,6.2,30.39,70.18,1.49,False,False,False,預備單，等待確認條件,頸線以當日前20日高點計算；收盤站上頸線 68.8 至少2%；成交量>=20日均量2倍；不可長上影；回踩須有近10日突破紀錄且不有效跌破頸線；距離頸線>5%禁止進場,85,C,等更安全位置,條件或風險不夠好，先不列入高關注。,False,2026-10-01,True,True,STOP,STOP 停止進場,觀察,取消新進場，只保留觀察,只看續抱 / 減碼 / 停利 / 停損，不新增部位。,停止新進場，先保留現金，等待大盤止跌。,停止新進場，禁止顯示今日可進場。,False,False
2026-10-01,2026-10-01,收盤確認價,臺灣證券交易所 / 證券櫃檯買賣中心正式收盤；yfinance 歷史資料,只使用完整收盤日K，不使用盤中未完成K,上櫃,6870,騰雲,314.5,324.5,314.5,326.7,319.45,308.65,276.85,214.43,17.94,-2.78,False,86957,200588,27347976,63482522,4.16,False,True,58.7,一般K,,True,False,False,False,1,False,只觀察,趨勢多頭,接近成形,315.0,293.22,411.0,接近成形＋可觀察,321.3,315.0,321.3,330.94,305.55,4.9,中,-0.16,7.5,5.7,27.92,321.3,0.16,True,False,False,預備單，等待確認條件,頸線以當日前20日高點計算；收盤站上頸線 315.0 至少2%；成交量>=20日均量2倍；不可長上影；回踩須有近10日突破紀錄且不有效跌破頸線；距離頸線>5%禁止進場,85,C,等更安全位置,條件或風險不夠好，先不列入高關注。,False,2026-10-01,True,True,STOP,STOP 停止進場,觀察,取消新進場，只保留觀察,只看續抱 / 減碼 / 停利 / 停損，不新增部位。,停止新進場，先保留現金，等待大盤止跌。,停止新進場，禁止顯示今日可進場。,False,False
2026-10-01,2026-10-01,收盤確認價,臺灣證券交易所 / 證券櫃檯買賣中心正式收盤；yfinance 歷史資料,只使用完整收盤日K，不使用盤中未完成K,上櫃,7810,捷創科技,235.0,242.0,235.0,230.9,225.7,222.38,207.03,206.9,14.63,0.0,False,219901,114021,51676735,25749757,2.32,False,True,17.03,一般K,,True,False,False,False,1,False,只觀察,趨勢多頭,三角收斂突破,240.0,211.26,310.0,接近成形＋可觀察,244.8,240.0,244.8,252.14,232.8,4.9,中,-2.08,2.08,5.43,26.63,244.8,2.55,False,False,False,預備單，等待確認條件,頸線以當日前20日高點計算；收盤站上頸線 240.0 至少2%；成交量>=20日均量2倍；不可長上影；回踩須有近10日突破紀錄且不有效跌破頸線；距離頸線>5%禁止進場,85,C,等更安全位置,條件或風險不夠好，先不列入高關注。,False,2026-10-01,True,True,STOP,STOP 停止進場,觀察,取消新進場，只保留觀察,只看續抱 / 減碼 / 停利 / 停損，不新增部位。,停止新進場，先保留現金，等待大盤止跌。,停止新進場，禁止顯示今日可進場。,False,False
2026-10-01,2026-10-01,收盤確認價,臺灣證券交易所 / 證券櫃檯買賣中心正式收盤；yfinance 歷史資料,只使用完整收盤日K，不使用盤中未完成K,上櫃,6499,益安,79.1,82.0,77.1,75.54,74.78,73.32,67.43,85.53,11.88,1.8,False,723074,287419,57195153,21351103,1.97,False,True,20.37,一般K,,False,True,False,False,1,False,只觀察,量能放大,三角收斂突破,78.5,69.65,101.2,接近成形＋可觀察,80.07,78.5,80.07,82.47,76.14,4.9,中,0.76,0.51,5.38,26.39,80.07,3.67,False,False,False,預備單，等待確認條件,頸線以當日前20日高點計算；收盤站上頸線 78.5 至少2%；成交量>=20日均量2倍；不可長上影；回踩須有近10日突破紀錄且不有效跌破頸線；距離頸線>5%禁止進場,85,C,等更安全位置,條件或風險不夠好，先不列入高關注。,False,2026-10-01,True,True,STOP,STOP 停止進場,觀察,取消新進場，只保留觀察,只看續抱 / 減碼 / 停利 / 停損，不新增部位。,停止新進場，先保留現金，等待大盤止跌。,停止新進場，禁止顯示今日可進場。,False,False
2026-10-01,2026-10-01,收盤確認價,臺灣證券交易所 / 證券櫃檯買賣中心正式收盤；yfinance 歷史資料,只使用完整收盤日K，不使用盤中未完成K,上櫃,5474,聰泰,165.0,165.5,163.0,162.3,161.5,155.97,152.63,157.41,2.48,0.61,False,165557,204338,27316905,32360077,2.28,False,True,28.58,紅K突破,,True,False,False,False,1,False,只觀察,趨勢多頭,旗型整理突破,163.0,148.18,200.0,回踩頸線不破,166.26,163.0,166.26,171.25,158.11,4.18,高,1.23,3.51,5.08,21.21,165.0,0.3,True,False,False,回踩頸線不破，可觀察低風險進場,頸線以當日前20日高點計算；收盤站上頸線 163.0 至少2%；成交量>=20日均量2倍；不可長上影；回踩須有近10日突破紀錄且不有效跌破頸線；距離頸線>5%禁止進場,85,C,等更安全位置,條件或風險不夠好，先不列入高關注。,False,2026-10-01,True,True,STOP,STOP 停止進場,回踩買點,取消新進場，只保留觀察,只看續抱 / 減碼 / 停利 / 停損，不新增部位。,停止新進場，先保留現金，等待大盤止跌。,停止新進場，禁止顯示今日可進場。,False,False
2026-10-01,2026-10-01,收盤確認價,臺灣證券交易所 / 證券櫃檯買賣中心正式收盤；yfinance 歷史資料,只使用完整收盤日K，不使用盤中未完成K,上櫃,6953,家碩,252.5,255.0,243.5,242.0,238.8,237.25,227.54,226.11,11.23,3.06,False,101006,51369,25504015,12363084,2.45,False,True,10.27,紅K突破,,True,False,False,False,1,False,只觀察,趨勢多頭,三角收斂突破,257.5,225.39,325.5,接近成形＋可觀察,262.65,257.5,262.65,270.53,249.78,4.9,中,-1.94,1.94,4.88,23.93,262.65,0.99,False,False,False,預備單，等待確認條件,頸線以當日前20日高點計算；收盤站上頸線 257.5 至少2%；成交量>=20日均量2倍；不可長上影；回踩須有近10日突破紀錄且不有效跌破頸線；距離頸線>5%禁止進場,85,C,等更安全位置,條件或風險不夠好，先不列入高關注。,False,2026-10-01,True,True,STOP,STOP 停止進場,觀察,取消新進場，只保留觀察,只看續抱 / 減碼 / 停利 / 停損，不新增部位。,停止新進場，先保留現金，等待大盤止跌。,停止新進場，禁止顯示今日可進場。,False,False
2026-10-01,2026-10-01,收盤確認價,臺灣證券交易所 / 證券櫃檯買賣中心正式收盤；yfinance 歷史資料,只使用完整收盤日K，不使用盤中未完成K,上櫃,6922,宸曜,221.0,225.0,218.0,216.7,205.45,200.6,193.12,178.47,23.46,0.0,False,87271,171396,19286891,35287321,3.69,False,True,30.28,一般K,,True,False,False,False,1,False,只觀察,趨勢多頭,旗型整理突破,217.0,190.57,274.0,接近成形＋可觀察,221.34,217.0,221.34,227.98,210.49,4.9,中,1.84,3.91,4.85,23.79,221.34,0.0,True,False,False,預備單，等待確認條件,頸線以當日前20日高點計算；收盤站上頸線 217.0 至少2%；成交量>=20日均量2倍；不可長上影；回踩須有近10日突破紀錄且不有效跌破頸線；距離頸線>5%禁止進場,85,C,等更安全位置,條件或風險不夠好，先不列入高關注。,False,2026-10-01,True,True,STOP,STOP 停止進場,觀察,取消新進場，只保留觀察,只看續抱 / 減碼 / 停利 / 停損，不新增部位。,停止新進場，先保留現金，等待大盤止跌。,停止新進場，禁止顯示今日可進場。,False,False
2026-10-01,2026-10-01,收盤確認價,臺灣證券交易所 / 證券櫃檯買賣中心正式收盤；yfinance 歷史資料,只使用完整收盤日K，不使用盤中未完成K,上櫃,7743,金利食安,25.0,25.0,24.5,24.94,24.77,23.43,21.63,21.37,22.55,0.0,False,15070,46577,376750,1099950,1.81,False,True,75.51,紅K突破,,True,False,False,False,1,False,只觀察,趨勢多頭,旗型整理突破,25.7,22.26,32.1,接近成形＋可觀察,26.21,25.7,26.21,27.0,24.93,4.9,中,-2.72,2.72,4.58,22.45,26.21,0.0,False,False,False,預備單，等待確認條件,頸線以當日前20日高點計算；收盤站上頸線 25.7 至少2%；成交量>=20日均量2倍；不可長上影；回踩須有近10日突破紀錄且不有效跌破頸線；距離頸線>5%禁止進場,85,C,等更安全位置,條件或風險不夠好，先不列入高關注。,False,2026-10-01,True,True,STOP,STOP 停止進場,觀察,取消新進場，只保留觀察,只看續抱 / 減碼 / 停利 / 停損，不新增部位。,停止新進場，先保留現金，等待大盤止跌。,停止新進場，禁止顯示今日可進場。,False,False
2026-10-01,2026-10-01,收盤確認價,臺灣證券交易所 / 證券櫃檯買賣中心正式收盤；yfinance 歷史資料,只使用完整收盤日K，不使用盤中未完成K,上市,2243,宏旭-KY,52.2,53.5,51.9,51.36,50.94,48.82,46.35,26.33,-2.43,-0.76,False,138505,346265,7229961,16882121,4.32,False,True,81.72,一般K,,True,False,False,False,1,False,只觀察,趨勢多頭,旗型整理突破,51.2,46.38,63.35,接近成形＋可觀察,52.22,51.2,52.22,53.79,49.66,4.9,中,1.95,9.06,4.35,21.3,52.22,1.72,True,False,False,預備單，等待確認條件,頸線以當日前20日高點計算；收盤站上頸線 51.2 至少2%；成交量>=20日均量2倍；不可長上影；回踩須有近10日突破紀錄且不有效跌破頸線；距離頸線>5%禁止進場,85,C,等更安全位置,條件或風險不夠好，先不列入高關注。,False,2026-10-01,True,True,STOP,STOP 停止進場,觀察,取消新進場，只保留觀察,只看續抱 / 減碼 / 停利 / 停損，不新增部位。,停止新進場，先保留現金，等待大盤止跌。,停止新進場，禁止顯示今日可進場。,False,False
2026-10-01,2026-10-01,收盤確認價,臺灣證券交易所 / 證券櫃檯買賣中心正式收盤；yfinance 歷史資料,只使用完整收盤日K，不使用盤中未完成K,上櫃,5529,鉅陞,26.05,26.45,25.95,26.25,25.9,25.06,22.64,24.01,21.16,-1.51,False,84619,146752,2204324,3667997,2.18,False,True,48.12,一般K,,True,False,False,False,1,False,只觀察,趨勢多頭,旗型整理突破,26.6,23.8,32.7,接近成形＋可觀察,27.13,26.6,27.13,27.95,25.8,4.9,中,-2.07,2.07,4.19,20.52,27.13,0.0,False,False,False,預備單，等待確認條件,頸線以當日前20日高點計算；收盤站上頸線 26.6 至少2%；成交量>=20日均量2倍；不可長上影；回踩須有近10日突破紀錄且不有效跌破頸線；距離頸線>5%禁止進場,85,C,等更安全位置,條件或風險不夠好，先不列入高關注。,False,2026-10-01,True,True,STOP,STOP 停止進場,觀察,取消新進場，只保留觀察,只看續抱 / 減碼 / 停利 / 停損，不新增部位。,停止新進場，先保留現金，等待大盤止跌。,停止新進場，禁止顯示今日可進場。,False,False
2026-10-01,2026-10-01,收盤確認價,臺灣證券交易所 / 證券櫃檯買賣中心正式收盤；yfinance 歷史資料,只使用完整收盤日K，不使用盤中未完成K,上市,1568,倉佑,32.7,33.15,32.25,31.94,31.21,30.1,29.54,27.33,-3.11,-0.3,False,365521,287616,11952536,8777330,2.21,False,True,40.1,一般K,,True,False,False,False,1,False,只觀察,趨勢多頭,旗型整理突破,33.1,28.6,40.45,接近成形＋可觀察,33.76,33.1,33.76,34.77,32.11,4.9,中,-1.21,6.3,4.04,19.81,33.76,0.0,False,False,False,預備單，等待確認條件,頸線以當日前20日高點計算；收盤站上頸線 33.1 至少2%；成交量>=20日均量2倍；不可長上影；回踩須有近10日突破紀錄且不有效跌破頸線；距離頸線>5%禁止進場,85,C,等更安全位置,條件或風險不夠好，先不列入高關注。,False,2026-10-01,True,True,STOP,STOP 停止進場,觀察,取消新進場，只保留觀察,只看續抱 / 減碼 / 停利 / 停損，不新增部位。,停止新進場，先保留現金，等待大盤止跌。,停止新進場，禁止顯示今日可進場。,False,False
2026-10-01,2026-10-01,收盤確認價,臺灣證券交易所 / 證券櫃檯買賣中心正式收盤；yfinance 歷史資料,只使用完整收盤日K，不使用盤中未完成K,上櫃,5493,三聯,90.7,91.2,90.3,91.46,89.74,86.93,82.74,86.17,1.91,0.11,False,102850,135242,9328495,12130078,1.85,False,True,68.12,一般K,,True,False,False,False,1,False,只觀察,趨勢多頭,旗型整理突破,89.5,82.7,107.9,接近成形＋可觀察,91.29,89.5,91.29,94.03,86.81,4.9,中,1.34,3.61,3.71,18.19,91.29,0.33,True,False,False,預備單，等待確認條件,頸線以當日前20日高點計算；收盤站上頸線 89.5 至少2%；成交量>=20日均量2倍；不可長上影；回踩須有近10日突破紀錄且不有效跌破頸線；距離頸線>5%禁止進場,85,C,等更安全位置,條件或風險不夠好，先不列入高關注。,False,2026-10-01,True,True,STOP,STOP 停止進場,觀察,取消新進場，只保留觀察,只看續抱 / 減碼 / 停利 / 停損，不新增部位。,停止新進場，先保留現金，等待大盤止跌。,停止新進場，禁止顯示今日可進場。,False,False
2026-10-01,2026-10-01,收盤確認價,臺灣證券交易所 / 證券櫃檯買賣中心正式收盤；yfinance 歷史資料,只使用完整收盤日K，不使用盤中未完成K,上櫃,6245,立端,88.3,88.3,87.3,87.02,86.26,83.45,82.23,76.43,9.55,0.57,False,447122,978292,39480872,82646363,2.3,False,True,44.65,一般K,,True,False,False,False,1,False,只觀察,趨勢多頭,旗型整理突破,90.6,79.28,108.8,接近成形＋可觀察,92.41,90.6,92.41,95.18,87.88,4.9,中,-2.54,3.07,3.62,17.73,92.41,0.0,False,False,False,預備單，等待確認條件,頸線以當日前20日高點計算；收盤站上頸線 90.6 至少2%；成交量>=20日均量2倍；不可長上影；回踩須有近10日突破紀錄且不有效跌破頸線；距離頸線>5%禁止進場,85,C,等更安全位置,條件或風險不夠好，先不列入高關注。,False,2026-10-01,True,True,STOP,STOP 停止進場,觀察,取消新進場，只保留觀察,只看續抱 / 減碼 / 停利 / 停損，不新增部位。,停止新進場，先保留現金，等待大盤止跌。,停止新進場，禁止顯示今日可進場。,False,False
2026-10-01,2026-10-01,收盤確認價,臺灣證券交易所 / 證券櫃檯買賣中心正式收盤；yfinance 歷史資料,只使用完整收盤日K，不使用盤中未完成K,上市,2031,新光鋼,46.2,47.0,46.05,45.97,45.29,44.88,43.06,40.17,20.94,-0.65,False,753695,629968,34820709,28487593,1.19,False,True,36.52,一般K,,True,False,False,False,1,False,只觀察,趨勢多頭,箱型突破,46.85,43.2,56.15,接近成形＋可觀察,47.79,46.85,47.79,49.22,45.44,4.9,中,-1.39,2.74,3.57,17.5,47.79,0.22,False,False,False,預備單，等待確認條件,頸線以當日前20日高點計算；收盤站上頸線 46.85 至少2%；成交量>=20日均量2倍；不可長上影；回踩須有近10日突破紀錄且不有效跌破頸線；距離頸線>5%禁止進場,85,C,等更安全位置,條件或風險不夠好，先不列入高關注。,False,2026-10-01,True,True,STOP,STOP 停止進場,觀察,取消新進場，只保留觀察,只看續抱 / 減碼 / 停利 / 停損，不新增部位。,停止新進場，先保留現金，等待大盤止跌。,停止新進場，禁止顯示今日可進場。,False,False
2026-10-01,2026-10-01,收盤確認價,臺灣證券交易所 / 證券櫃檯買賣中心正式收盤；yfinance 歷史資料,只使用完整收盤日K，不使用盤中未完成K,上櫃,6026,福邦證,15.85,16.1,15.7,15.93,15.77,15.46,14.83,14.38,-0.31,-1.55,False,980383,1129283,15539070,17527307,1.1,False,True,48.63,一般K,,True,False,False,False,1,False,只觀察,趨勢多頭,旗型整理突破,16.2,15.0,19.3,接近成形＋可觀察,16.52,16.2,16.52,17.02,15.71,4.9,中,-2.16,2.46,3.43,16.8,16.52,0.0,False,False,False,預備單，等待確認條件,頸線以當日前20日高點計算；收盤站上頸線 16.2 至少2%；成交量>=20日均量2倍；不可長上影；回踩須有近10日突破紀錄且不有效跌破頸線；距離頸線>5%禁止進場,85,C,等更安全位置,條件或風險不夠好，先不列入高關注。,False,2026-10-01,True,True,STOP,STOP 停止進場,觀察,取消新進場，只保留觀察,只看續抱 / 減碼 / 停利 / 停損，不新增部位。,停止新進場，先保留現金，等待大盤止跌。,停止新進場，禁止顯示今日可進場。,False,False
2026-10-01,2026-10-01,收盤確認價,臺灣證券交易所 / 證券櫃檯買賣中心正式收盤；yfinance 歷史資料,只使用完整收盤日K，不使用盤中未完成K,上櫃,5481,新華,22.1,22.15,21.75,21.98,21.96,21.3,20.74,21.16,6.25,1.38,False,54237,214018,1198637,4560969,1.26,False,True,51.83,紅K突破,,True,False,False,False,1,False,只觀察,趨勢多頭,箱型突破,22.3,20.24,26.3,接近成形＋可觀察,22.75,22.3,22.75,23.43,21.63,4.9,中,-0.9,3.7,3.19,15.62,22.75,0.23,False,False,False,預備單，等待確認條件,頸線以當日前20日高點計算；收盤站上頸線 22.3 至少2%；成交量>=20日均量2倍；不可長上影；回踩須有近10日突破紀錄且不有效跌破頸線；距離頸線>5%禁止進場,85,C,等更安全位置,條件或風險不夠好，先不列入高關注。,False,2026-10-01,True,True,STOP,STOP 停止進場,觀察,取消新進場，只保留觀察,只看續抱 / 減碼 / 停利 / 停損，不新增部位。,停止新進場，先保留現金，等待大盤止跌。,停止新進場，禁止顯示今日可進場。,False,False
2026-10-01,2026-10-01,收盤確認價,臺灣證券交易所 / 證券櫃檯買賣中心正式收盤；yfinance 歷史資料,只使用完整收盤日K，不使用盤中未完成K,上櫃,1742,台蠟,17.8,17.85,17.45,17.62,17.58,17.61,17.23,15.75,16.72,1.14,False,52908,55737,941762,981776,0.72,False,True,33.65,下影線,,True,False,False,False,1,False,只觀察,趨勢多頭,旗型整理突破,18.25,17.0,21.5,接近成形＋可觀察,18.62,18.25,18.62,19.17,17.7,4.9,中,-2.47,5.07,3.16,15.5,18.62,0.0,False,False,False,預備單，等待確認條件,頸線以當日前20日高點計算；收盤站上頸線 18.25 至少2%；成交量>=20日均量2倍；不可長上影；回踩須有近10日突破紀錄且不有效跌破頸線；距離頸線>5%禁止進場,85,C,等更安全位置,條件或風險不夠好，先不列入高關注。,False,2026-10-01,True,True,STOP,STOP 停止進場,觀察,取消新進場，只保留觀察,只看續抱 / 減碼 / 停利 / 停損，不新增部位。,停止新進場，先保留現金，等待大盤止跌。,停止新進場，禁止顯示今日可進場。,False,False
2026-10-01,2026-10-01,收盤確認價,臺灣證券交易所 / 證券櫃檯買賣中心正式收盤；yfinance 歷史資料,只使用完整收盤日K，不使用盤中未完成K,上櫃,4167,松瑞藥,19.6,19.95,19.55,19.62,19.57,19.3,19.22,18.24,0.16,-1.26,False,478094,641740,9370642,12410777,1.06,False,True,33.88,一般K,,True,False,False,False,1,False,只觀察,趨勢多頭,箱型突破,19.9,18.7,23.3,接近成形＋可觀察,20.3,19.9,20.3,20.91,19.3,4.9,中,-1.51,7.55,3.02,14.79,20.3,0.77,False,False,False,預備單，等待確認條件,頸線以當日前20日高點計算；收盤站上頸線 19.9 至少2%；成交量>=20日均量2倍；不可長上影；回踩須有近10日突破紀錄且不有效跌破頸線；距離頸線>5%禁止進場,85,C,等更安全位置,條件或風險不夠好，先不列入高關注。,False,2026-10-01,True,True,STOP,STOP 停止進場,觀察,取消新進場，只保留觀察,只看續抱 / 減碼 / 停利 / 停損，不新增部位。,停止新進場，先保留現金，等待大盤止跌。,停止新進場，禁止顯示今日可進場。,False,False
2026-10-01,2026-10-01,收盤確認價,臺灣證券交易所 / 證券櫃檯買賣中心正式收盤；yfinance 歷史資料,只使用完整收盤日K，不使用盤中未完成K,上櫃,6506,雙邦,18.55,18.65,18.45,18.48,18.25,18.21,17.73,16.94,-1.33,-0.27,False,32767,59135,607827,1079426,0.82,False,True,33.01,一般K,,True,False,False,False,1,False,只觀察,趨勢多頭,箱型突破,18.9,17.85,21.85,接近成形＋可觀察,19.28,18.9,19.28,19.86,18.33,4.9,中,-1.85,2.88,2.72,13.34,19.28,0.27,False,False,False,預備單，等待確認條件,頸線以當日前20日高點計算；收盤站上頸線 18.9 至少2%；成交量>=20日均量2倍；不可長上影；回踩須有近10日突破紀錄且不有效跌破頸線；距離頸線>5%禁止進場,85,C,等更安全位置,條件或風險不夠好，先不列入高關注。,False,2026-10-01,True,True,STOP,STOP 停止進場,觀察,取消新進場，只保留觀察,只看續抱 / 減碼 / 停利 / 停損，不新增部位。,停止新進場，先保留現金，等待大盤止跌。,停止新進場，禁止顯示今日可進場。,False,False
2026-10-01,2026-10-01,收盤確認價,臺灣證券交易所 / 證券櫃檯買賣中心正式收盤；yfinance 歷史資料,只使用完整收盤日K，不使用盤中未完成K,上櫃,5211,蒙恬,21.1,22.6,20.75,20.47,20.47,20.17,19.9,22.98,-5.38,2.18,False,138668,61460,2925894,1275469,2.67,False,True,52.09,一般K,,False,True,False,False,1,False,只觀察,量能放大,箱型突破,21.45,19.17,24.7,接近成形＋可觀察,21.88,21.45,21.88,22.54,20.81,4.9,中,-1.63,7.66,2.63,12.89,21.88,7.11,False,False,False,預備單，等待確認條件,頸線以當日前20日高點計算；收盤站上頸線 21.45 至少2%；成交量>=20日均量2倍；不可長上影；回踩須有近10日突破紀錄且不有效跌破頸線；距離頸線>5%禁止進場,85,C,等更安全位置,條件或風險不夠好，先不列入高關注。,False,2026-10-01,True,True,STOP,STOP 停止進場,觀察,取消新進場，只保留觀察,只看續抱 / 減碼 / 停利 / 停損，不新增部位。,停止新進場，先保留現金，等待大盤止跌。,停止新進場，禁止顯示今日可進場。,False,False
2026-10-01,2026-10-01,收盤確認價,臺灣證券交易所 / 證券櫃檯買賣中心正式收盤；yfinance 歷史資料,只使用完整收盤日K，不使用盤中未完成K,上市,1470,大統新創,24.4,24.4,24.15,23.94,24.12,24.09,23.46,22.76,11.93,1.04,False,6000,16051,146400,386831,1.52,False,True,18.15,紅K突破,,True,False,False,False,1,False,只觀察,趨勢多頭,箱型突破,24.85,23.45,28.6,接近成形＋可觀察,25.35,24.85,25.35,26.11,24.1,4.9,中,-1.81,1.81,2.62,12.83,25.35,0.0,False,False,False,預備單，等待確認條件,頸線以當日前20日高點計算；收盤站上頸線 24.85 至少2%；成交量>=20日均量2倍；不可長上影；回踩須有近10日突破紀錄且不有效跌破頸線；距離頸線>5%禁止進場,85,C,等更安全位置,條件或風險不夠好，先不列入高關注。,False,2026-10-01,True,True,STOP,STOP 停止進場,觀察,取消新進場，只保留觀察,只看續抱 / 減碼 / 停利 / 停損，不新增部位。,停止新進場，先保留現金，等待大盤止跌。,停止新進場，禁止顯示今日可進場。,False,False
2026-10-01,2026-10-01,收盤確認價,臺灣證券交易所 / 證券櫃檯買賣中心正式收盤；yfinance 歷史資料,只使用完整收盤日K，不使用盤中未完成K,上市,2104,國際中橡,11.0,11.35,10.95,11.13,10.86,10.62,10.4,10.9,1.85,-1.35,False,3126051,4615137,34386561,50309635,3.47,False,True,41.31,一般K,,True,False,False,False,1,False,只觀察,趨勢多頭,旗型整理突破,10.95,10.08,12.45,接近成形＋可觀察,11.17,10.95,11.17,11.5,10.62,4.9,中,0.46,5.58,2.34,11.47,11.17,2.73,True,False,False,預備單，等待確認條件,頸線以當日前20日高點計算；收盤站上頸線 10.95 至少2%；成交量>=20日均量2倍；不可長上影；回踩須有近10日突破紀錄且不有效跌破頸線；距離頸線>5%禁止進場,85,C,等更安全位置,條件或風險不夠好，先不列入高關注。,False,2026-10-01,True,True,STOP,STOP 停止進場,觀察,取消新進場，只保留觀察,只看續抱 / 減碼 / 停利 / 停損，不新增部位。,停止新進場，先保留現金，等待大盤止跌。,停止新進場，禁止顯示今日可進場。,False,False
2026-10-01,2026-10-01,收盤確認價,臺灣證券交易所 / 證券櫃檯買賣中心正式收盤；yfinance 歷史資料,只使用完整收盤日K，不使用盤中未完成K,上市,1734,杏輝,32.1,32.1,31.8,32.1,32.01,31.5,30.41,28.4,8.31,0.0,False,157024,176030,5040470,5550631,1.17,False,True,90.7,紅K突破,,True,False,False,False,1,False,只觀察,趨勢多頭,旗型整理突破,32.8,30.35,37.12,接近成形＋可觀察,33.46,32.8,33.46,34.46,31.82,4.9,中,-2.13,2.13,2.23,10.95,33.46,0.0,False,False,False,預備單，等待確認條件,頸線以當日前20日高點計算；收盤站上頸線 32.8 至少2%；成交量>=20日均量2倍；不可長上影；回踩須有近10日突破紀錄且不有效跌破頸線；距離頸線>5%禁止進場,85,C,等更安全位置,條件或風險不夠好，先不列入高關注。,False,2026-10-01,True,True,STOP,STOP 停止進場,觀察,取消新進場，只保留觀察,只看續抱 / 減碼 / 停利 / 停損，不新增部位。,停止新進場，先保留現金，等待大盤止跌。,停止新進場，禁止顯示今日可進場。,False,False
2026-10-01,2026-10-01,收盤確認價,臺灣證券交易所 / 證券櫃檯買賣中心正式收盤；yfinance 歷史資料,只使用完整收盤日K，不使用盤中未完成K,上櫃,4946,辣椒,100.5,101.5,98.5,100.0,95.9,93.97,88.85,107.69,0.0,-0.99,False,9974,18881,1002387,1800256,1.96,False,True,28.58,紅K突破,,False,False,False,False,0,False,只觀察,條件不足,旗型整理突破,102.5,89.27,140.0,接近成形＋可觀察,104.55,102.5,104.55,107.69,99.42,4.9,中,-1.95,1.95,6.92,33.91,104.55,1.0,False,False,False,預備單，等待確認條件,頸線以當日前20日高點計算；收盤站上頸線 102.5 至少2%；成交量>=20日均量2倍；不可長上影；回踩須有近10日突破紀錄且不有效跌破頸線；距離頸線>5%禁止進場,85,C,等更安全位置,條件或風險不夠好，先不列入高關注。,False,2026-10-01,True,True,STOP,STOP 停止進場,觀察,取消新進場，只保留觀察,只看續抱 / 減碼 / 停利 / 停損，不新增部位。,停止新進場，先保留現金，等待大盤止跌。,停止新進場，禁止顯示今日可進場。,False,False
2026-10-01,2026-10-01,收盤確認價,臺灣證券交易所 / 證券櫃檯買賣中心正式收盤；yfinance 歷史資料,只使用完整收盤日K，不使用盤中未完成K,上櫃,6236,中湛,18.7,19.1,18.7,18.16,17.91,18.48,17.24,21.86,9.68,1.08,False,2000,1692,37400,29071,4.57,False,True,77.49,一般K,,False,False,False,False,0,False,只觀察,條件不足,接近成形,19.05,17.56,24.25,接近成形＋可觀察,19.43,19.05,19.43,20.01,18.48,4.9,中,-1.84,1.84,5.06,24.8,19.43,0.0,False,False,False,預備單，等待確認條件,頸線以當日前20日高點計算；收盤站上頸線 19.05 至少2%；成交量>=20日均量2倍；不可長上影；回踩須有近10日突破紀錄且不有效跌破頸線；距離頸線>5%禁止進場,85,C,等更安全位置,條件或風險不夠好，先不列入高關注。,False,2026-10-01,True,True,STOP,STOP 停止進場,觀察,取消新進場，只保留觀察,只看續抱 / 減碼 / 停利 / 停損，不新增部位。,停止新進場，先保留現金，等待大盤止跌。,停止新進場，禁止顯示今日可進場。,False,False
2026-10-01,2026-10-01,收盤確認價,臺灣證券交易所 / 證券櫃檯買賣中心正式收盤；yfinance 歷史資料,只使用完整收盤日K，不使用盤中未完成K,上櫃,4154,樂威科-KY,12.5,12.5,12.5,12.32,11.9,12.13,12.05,13.72,5.49,0.0,False,11060,11308,138250,136836,2.87,False,True,45.24,資料不足,,False,False,False,False,0,False,只觀察,條件不足,接近成形,12.5,11.53,14.2,回踩頸線不破,12.75,12.5,12.75,13.13,12.12,3.0,高,0.0,4.58,4.53,13.6,12.5,0.0,True,False,False,回踩頸線不破，可觀察低風險進場,頸線以當日前20日高點計算；收盤站上頸線 12.5 至少2%；成交量>=20日均量2倍；不可長上影；回踩須有近10日突破紀錄且不有效跌破頸線；距離頸線>5%禁止進場,85,C,等更安全位置,條件或風險不夠好，先不列入高關注。,False,2026-10-01,True,True,STOP,STOP 停止進場,回踩買點,取消新進場，只保留觀察,只看續抱 / 減碼 / 停利 / 停損，不新增部位。,停止新進場，先保留現金，等待大盤止跌。,停止新進場，禁止顯示今日可進場。,False,False
2026-10-01,2026-10-01,收盤確認價,臺灣證券交易所 / 證券櫃檯買賣中心正式收盤；yfinance 歷史資料,只使用完整收盤日K，不使用盤中未完成K,上櫃,2924,宏太-KY,18.85,18.85,18.85,18.73,18.27,17.79,17.58,19.81,2.45,3.01,False,1000,7750,18850,136532,4.2,False,True,31.2,資料不足,,False,False,False,False,0,False,只觀察,條件不足,旗型整理突破,19.05,16.9,22.9,接近成形＋可觀察,19.43,19.05,19.43,20.01,18.48,4.9,中,-1.05,1.05,3.64,17.85,19.43,0.0,False,False,False,預備單，等待確認條件,頸線以當日前20日高點計算；收盤站上頸線 19.05 至少2%；成交量>=20日均量2倍；不可長上影；回踩須有近10日突破紀錄且不有效跌破頸線；距離頸線>5%禁止進場,85,C,等更安全位置,條件或風險不夠好，先不列入高關注。,False,2026-10-01,True,True,STOP,STOP 停止進場,觀察,取消新進場，只保留觀察,只看續抱 / 減碼 / 停利 / 停損，不新增部位。,停止新進場，先保留現金，等待大盤止跌。,停止新進場，禁止顯示今日可進場。,False,False
2026-10-01,2026-10-01,收盤確認價,臺灣證券交易所 / 證券櫃檯買賣中心正式收盤；yfinance 歷史資料,只使用完整收盤日K，不使用盤中未完成K,上櫃,7584,樂意,28.6,28.6,28.6,28.11,28.11,27.56,26.36,33.49,3.87,-0.35,False,7003,8946,200285,243997,2.86,False,True,15.66,資料不足,,False,False,False,False,0,False,只觀察,條件不足,旗型整理突破,29.1,26.18,34.96,接近成形＋可觀察,29.68,29.1,29.68,30.57,28.23,4.9,中,-1.72,1.72,3.63,17.77,29.68,0.0,False,False,False,預備單，等待確認條件,頸線以當日前20日高點計算；收盤站上頸線 29.1 至少2%；成交量>=20日均量2倍；不可長上影；回踩須有近10日突破紀錄且不有效跌破頸線；距離頸線>5%禁止進場,85,C,等更安全位置,條件或風險不夠好，先不列入高關注。,False,2026-10-01,True,True,STOP,STOP 停止進場,觀察,取消新進場，只保留觀察,只看續抱 / 減碼 / 停利 / 停損，不新增部位。,停止新進場，先保留現金，等待大盤止跌。,停止新進場，禁止顯示今日可進場。,False,False
2026-10-01,2026-10-01,收盤確認價,臺灣證券交易所 / 證券櫃檯買賣中心正式收盤；yfinance 歷史資料,只使用完整收盤日K，不使用盤中未完成K,上櫃,5310,天剛,27.2,27.55,27.2,27.44,26.27,25.3,24.97,27.41,14.29,-1.45,False,8062,45606,219286,1249436,2.87,False,True,32.8,一般K,,False,False,False,False,0,False,只觀察,條件不足,接近成形,27.95,24.03,33.4,接近成形＋可觀察,28.51,27.95,28.51,29.36,27.11,4.9,中,-2.68,8.26,3.5,17.16,28.51,0.0,True,False,False,預備單，等待確認條件,頸線以當日前20日高點計算；收盤站上頸線 27.95 至少2%；成交量>=20日均量2倍；不可長上影；回踩須有近10日突破紀錄且不有效跌破頸線；距離頸線>5%禁止進場,85,C,等更安全位置,條件或風險不夠好，先不列入高關注。,False,2026-10-01,True,True,STOP,STOP 停止進場,觀察,取消新進場，只保留觀察,只看續抱 / 減碼 / 停利 / 停損，不新增部位。,停止新進場，先保留現金，等待大盤止跌。,停止新進場，禁止顯示今日可進場。,False,False
2026-10-01,2026-10-01,收盤確認價,臺灣證券交易所 / 證券櫃檯買賣中心正式收盤；yfinance 歷史資料,只使用完整收盤日K，不使用盤中未完成K,上櫃,8905,裕國,34.5,34.8,34.5,34.78,34.85,34.66,33.17,33.38,16.16,-0.43,False,4743,5772,163633,200240,1.12,False,True,14.03,一般K,,False,False,False,False,0,False,只觀察,條件不足,接近成形,35.25,33.85,42.1,接近成形＋可觀察,35.95,35.25,35.95,37.03,34.19,4.9,中,-2.13,2.54,3.49,17.09,35.95,0.14,False,False,False,預備單，等待確認條件,頸線以當日前20日高點計算；收盤站上頸線 35.25 至少2%；成交量>=20日均量2倍；不可長上影；回踩須有近10日突破紀錄且不有效跌破頸線；距離頸線>5%禁止進場,85,C,等更安全位置,條件或風險不夠好，先不列入高關注。,False,2026-10-01,True,True,STOP,STOP 停止進場,觀察,取消新進場，只保留觀察,只看續抱 / 減碼 / 停利 / 停損，不新增部位。,停止新進場，先保留現金，等待大盤止跌。,停止新進場，禁止顯示今日可進場。,False,False
2026-10-01,2026-10-01,收盤確認價,臺灣證券交易所 / 證券櫃檯買賣中心正式收盤；yfinance 歷史資料,只使用完整收盤日K，不使用盤中未完成K,上櫃,3489,森寶,23.8,24.1,23.65,23.16,22.68,22.43,22.54,21.78,-1.24,1.93,False,145696,130009,3467564,2925013,1.69,False,True,23.41,一般K,,False,False,False,False,0,False,只觀察,條件不足,箱型突破,23.55,21.31,28.1,接近成形＋可觀察,24.02,23.55,24.02,24.74,22.84,4.9,中,1.06,9.85,3.46,16.98,24.02,1.26,False,False,False,預備單，等待確認條件,頸線以當日前20日高點計算；收盤站上頸線 23.55 至少2%；成交量>=20日均量2倍；不可長上影；回踩須有近10日突破紀錄且不有效跌破頸線；距離頸線>5%禁止進場,85,C,等更安全位置,條件或風險不夠好，先不列入高關注。,False,2026-10-01,True,True,STOP,STOP 停止進場,觀察,取消新進場，只保留觀察,只看續抱 / 減碼 / 停利 / 停損，不新增部位。,停止新進場，先保留現金，等待大盤止跌。,停止新進場，禁止顯示今日可進場。,False,False
2026-10-01,2026-10-01,收盤確認價,臺灣證券交易所 / 證券櫃檯買賣中心正式收盤；yfinance 歷史資料,只使用完整收盤日K，不使用盤中未完成K,上櫃,6275,元山,47.45,47.85,47.25,46.55,45.93,45.82,45.02,48.32,-2.37,0.64,False,230403,227676,10932622,10624579,2.08,False,True,30.02,紅K突破,,False,False,False,False,0,False,只觀察,條件不足,旗型整理突破,48.9,44.55,58.3,接近成形＋可觀察,49.88,48.9,49.88,51.37,47.43,4.9,中,-2.97,3.36,3.44,16.89,49.88,0.84,False,False,False,預備單，等待確認條件,頸線以當日前20日高點計算；收盤站上頸線 48.9 至少2%；成交量>=20日均量2倍；不可長上影；回踩須有近10日突破紀錄且不有效跌破頸線；距離頸線>5%禁止進場,85,C,等更安全位置,條件或風險不夠好，先不列入高關注。,False,2026-10-01,True,True,STOP,STOP 停止進場,觀察,取消新進場，只保留觀察,只看續抱 / 減碼 / 停利 / 停損，不新增部位。,停止新進場，先保留現金，等待大盤止跌。,停止新進場，禁止顯示今日可進場。,False,False
2026-10-01,2026-10-01,收盤確認價,臺灣證券交易所 / 證券櫃檯買賣中心正式收盤；yfinance 歷史資料,只使用完整收盤日K，不使用盤中未完成K,上市,1612,宏泰,35.15,35.7,35.05,35.24,35.11,34.94,33.48,35.5,4.46,-1.54,False,598564,434457,21039524,15228312,0.72,False,True,14.31,一般K,,False,False,False,False,0,False,只觀察,條件不足,箱型突破,35.75,34.5,42.4,接近成形＋可觀察,36.47,35.75,36.47,37.56,34.68,4.9,中,-1.68,2.09,3.32,16.28,36.47,0.0,False,False,False,預備單，等待確認條件,頸線以當日前20日高點計算；收盤站上頸線 35.75 至少2%；成交量>=20日均量2倍；不可長上影；回踩須有近10日突破紀錄且不有效跌破頸線；距離頸線>5%禁止進場,85,C,等更安全位置,條件或風險不夠好，先不列入高關注。,False,2026-10-01,True,True,STOP,STOP 停止進場,觀察,取消新進場，只保留觀察,只看續抱 / 減碼 / 停利 / 停損，不新增部位。,停止新進場，先保留現金，等待大盤止跌。,停止新進場，禁止顯示今日可進場。,False,False
2026-10-01,2026-10-01,收盤確認價,臺灣證券交易所 / 證券櫃檯買賣中心正式收盤；yfinance 歷史資料,只使用完整收盤日K，不使用盤中未完成K,上櫃,5251,天鉞電,29.7,30.55,29.65,30.18,30.45,28.36,27.06,31.83,-0.17,-1.0,False,83275,370948,2473267,11175462,3.18,False,True,67.76,一般K,,False,False,False,False,0,False,只觀察,條件不足,接近成形,29.15,26.94,34.45,接近成形＋可觀察,29.73,29.15,29.73,30.62,28.28,4.9,中,1.89,9.86,3.24,15.86,29.73,0.17,True,False,False,預備單，等待確認條件,頸線以當日前20日高點計算；收盤站上頸線 29.15 至少2%；成交量>=20日均量2倍；不可長上影；回踩須有近10日突破紀錄且不有效跌破頸線；距離頸線>5%禁止進場,85,C,等更安全位置,條件或風險不夠好，先不列入高關注。,False,2026-10-01,True,True,STOP,STOP 停止進場,觀察,取消新進場，只保留觀察,只看續抱 / 減碼 / 停利 / 停損，不新增部位。,停止新進場，先保留現金，等待大盤止跌。,停止新進場，禁止顯示今日可進場。,False,False
2026-10-01,2026-10-01,收盤確認價,臺灣證券交易所 / 證券櫃檯買賣中心正式收盤；yfinance 歷史資料,只使用完整收盤日K，不使用盤中未完成K,上櫃,3684,榮昌,54.3,54.3,52.3,53.56,53.82,53.98,52.56,55.73,2.65,2.65,False,50173,31969,2724393,1725631,0.83,False,True,16.23,紅K突破,,False,False,False,False,0,False,只觀察,條件不足,三角收斂突破,55.9,51.4,65.0,接近成形＋可觀察,57.02,55.9,57.02,58.73,54.22,4.9,中,-2.86,2.86,2.86,14.0,57.02,0.0,False,False,False,預備單，等待確認條件,頸線以當日前20日高點計算；收盤站上頸線 55.9 至少2%；成交量>=20日均量2倍；不可長上影；回踩須有近10日突破紀錄且不有效跌破頸線；距離頸線>5%禁止進場,85,C,等更安全位置,條件或風險不夠好，先不列入高關注。,False,2026-10-01,True,True,STOP,STOP 停止進場,觀察,取消新進場，只保留觀察,只看續抱 / 減碼 / 停利 / 停損，不新增部位。,停止新進場，先保留現金，等待大盤止跌。,停止新進場，禁止顯示今日可進場。,False,False
2026-10-01,2026-10-01,收盤確認價,臺灣證券交易所 / 證券櫃檯買賣中心正式收盤；yfinance 歷史資料,只使用完整收盤日K，不使用盤中未完成K,上櫃,4417,金洲,49.6,49.7,49.5,49.63,49.78,48.87,46.49,49.65,2.8,0.1,False,34346,92003,1703561,4532059,1.0,False,True,86.52,紅K突破,,False,False,False,False,0,False,只觀察,條件不足,箱型突破,50.5,46.75,58.6,接近成形＋可觀察,51.51,50.5,51.51,53.06,48.98,4.9,中,-1.78,1.78,2.81,13.76,51.51,0.2,False,False,False,預備單，等待確認條件,頸線以當日前20日高點計算；收盤站上頸線 50.5 至少2%；成交量>=20日均量2倍；不可長上影；回踩須有近10日突破紀錄且不有效跌破頸線；距離頸線>5%禁止進場,85,C,等更安全位置,條件或風險不夠好，先不列入高關注。,False,2026-10-01,True,True,STOP,STOP 停止進場,觀察,取消新進場，只保留觀察,只看續抱 / 減碼 / 停利 / 停損，不新增部位。,停止新進場，先保留現金，等待大盤止跌。,停止新進場，禁止顯示今日可進場。,False,False
2026-10-01,2026-10-01,收盤確認價,臺灣證券交易所 / 證券櫃檯買賣中心正式收盤；yfinance 歷史資料,只使用完整收盤日K，不使用盤中未完成K,上櫃,6967,汎瑋材料,71.5,72.4,70.5,68.2,67.06,67.31,70.2,68.88,2.73,1.85,False,200429,137176,14330673,9164564,2.15,False,True,24.19,一般K,,False,False,False,False,0,False,只觀察,條件不足,接近成形,73.7,63.94,84.8,接近成形＋可觀察,75.17,73.7,75.17,77.43,71.49,4.9,中,-2.99,9.46,2.61,12.8,75.17,1.26,False,False,False,預備單，等待確認條件,頸線以當日前20日高點計算；收盤站上頸線 73.7 至少2%；成交量>=20日均量2倍；不可長上影；回踩須有近10日突破紀錄且不有效跌破頸線；距離頸線>5%禁止進場,85,C,等更安全位置,條件或風險不夠好，先不列入高關注。,False,2026-10-01,True,True,STOP,STOP 停止進場,觀察,取消新進場，只保留觀察,只看續抱 / 減碼 / 停利 / 停損，不新增部位。,停止新進場，先保留現金，等待大盤止跌。,停止新進場，禁止顯示今日可進場。,False,False
2026-10-01,2026-10-01,收盤確認價,臺灣證券交易所 / 證券櫃檯買賣中心正式收盤；yfinance 歷史資料,只使用完整收盤日K，不使用盤中未完成K,上櫃,5514,三豐,15.1,15.1,14.7,14.97,14.97,15.02,14.31,15.51,11.03,0.33,False,13535,24229,204378,364932,0.77,False,True,8.53,紅K突破,,False,False,False,False,0,False,只觀察,條件不足,箱型突破,15.4,14.27,17.65,接近成形＋可觀察,15.71,15.4,15.71,16.18,14.94,4.9,中,-1.95,1.95,2.52,12.36,15.71,0.0,False,False,False,預備單，等待確認條件,頸線以當日前20日高點計算；收盤站上頸線 15.4 至少2%；成交量>=20日均量2倍；不可長上影；回踩須有近10日突破紀錄且不有效跌破頸線；距離頸線>5%禁止進場,85,C,等更安全位置,條件或風險不夠好，先不列入高關注。,False,2026-10-01,True,True,STOP,STOP 停止進場,觀察,取消新進場，只保留觀察,只看續抱 / 減碼 / 停利 / 停損，不新增部位。,停止新進場，先保留現金，等待大盤止跌。,停止新進場，禁止顯示今日可進場。,False,False
2026-10-01,2026-10-01,收盤確認價,臺灣證券交易所 / 證券櫃檯買賣中心正式收盤；yfinance 歷史資料,只使用完整收盤日K，不使用盤中未完成K,上櫃,2756,聯發國際,62.8,62.8,61.5,62.8,62.76,62.77,60.44,72.95,7.17,0.0,False,10006,24967,628376,1560676,1.53,False,True,12.91,紅K突破,,False,False,False,False,0,False,只觀察,條件不足,旗型整理突破,64.1,61.1,72.9,接近成形＋可觀察,65.38,64.1,65.38,67.34,62.18,4.9,中,-2.03,3.24,2.35,11.5,65.38,0.0,False,False,False,預備單，等待確認條件,頸線以當日前20日高點計算；收盤站上頸線 64.1 至少2%；成交量>=20日均量2倍；不可長上影；回踩須有近10日突破紀錄且不有效跌破頸線；距離頸線>5%禁止進場,85,C,等更安全位置,條件或風險不夠好，先不列入高關注。,False,2026-10-01,True,True,STOP,STOP 停止進場,觀察,取消新進場，只保留觀察,只看續抱 / 減碼 / 停利 / 停損，不新增部位。,停止新進場，先保留現金，等待大盤止跌。,停止新進場，禁止顯示今日可進場。,False,False
2026-10-01,2026-10-01,收盤確認價,臺灣證券交易所 / 證券櫃檯買賣中心正式收盤；yfinance 歷史資料,只使用完整收盤日K，不使用盤中未完成K,上櫃,6751,智聯服務,44.0,44.15,44.0,44.23,43.55,42.49,41.7,49.5,3.29,-1.12,False,4000,7507,176000,322467,1.17,False,True,36.85,一般K,,False,False,False,False,0,False,只觀察,條件不足,接近成形,45.25,40.9,51.35,接近成形＋可觀察,46.16,45.25,46.16,47.54,43.89,4.9,中,-2.76,2.76,2.3,11.26,46.16,0.0,False,False,False,預備單，等待確認條件,頸線以當日前20日高點計算；收盤站上頸線 45.25 至少2%；成交量>=20日均量2倍；不可長上影；回踩須有近10日突破紀錄且不有效跌破頸線；距離頸線>5%禁止進場,85,C,等更安全位置,條件或風險不夠好，先不列入高關注。,False,2026-10-01,True,True,STOP,STOP 停止進場,觀察,取消新進場，只保留觀察,只看續抱 / 減碼 / 停利 / 停損，不新增部位。,停止新進場，先保留現金，等待大盤止跌。,停止新進場，禁止顯示今日可進場。,False,False
2026-10-01,2026-10-01,收盤確認價,臺灣證券交易所 / 證券櫃檯買賣中心正式收盤；yfinance 歷史資料,只使用完整收盤日K，不使用盤中未完成K,上櫃,6596,寬宏藝術,97.2,97.4,96.7,97.04,96.67,95.68,92.56,118.24,4.4,-0.1,False,56828,83618,5523681,8002457,0.69,False,True,24.51,一般K,,False,False,False,False,0,False,只觀察,條件不足,箱型突破,98.2,93.0,111.4,接近成形＋可觀察,100.16,98.2,100.16,103.17,95.25,4.9,中,-1.02,1.02,2.29,11.22,100.16,0.0,False,False,False,預備單，等待確認條件,頸線以當日前20日高點計算；收盤站上頸線 98.2 至少2%；成交量>=20日均量2倍；不可長上影；回踩須有近10日突破紀錄且不有效跌破頸線；距離頸線>5%禁止進場,85,C,等更安全位置,條件或風險不夠好，先不列入高關注。,False,2026-10-01,True,True,STOP,STOP 停止進場,觀察,取消新進場，只保留觀察,只看續抱 / 減碼 / 停利 / 停損，不新增部位。,停止新進場，先保留現金，等待大盤止跌。,停止新進場，禁止顯示今日可進場。,False,False
2026-10-01,2026-10-01,收盤確認價,臺灣證券交易所 / 證券櫃檯買賣中心正式收盤；yfinance 歷史資料,只使用完整收盤日K，不使用盤中未完成K,上櫃,8171,天宇,20.7,20.9,20.65,20.64,20.42,20.08,20.03,23.86,0.49,-0.48,False,74556,148032,1543309,2985055,1.15,False,True,30.29,一般K,,False,False,False,False,0,False,只觀察,條件不足,接近成形,21.2,19.15,24.0,接近成形＋可觀察,21.62,21.2,21.62,22.27,20.56,4.9,中,-2.36,3.72,2.24,10.99,21.62,0.0,False,False,False,預備單，等待確認條件,頸線以當日前20日高點計算；收盤站上頸線 21.2 至少2%；成交量>=20日均量2倍；不可長上影；回踩須有近10日突破紀錄且不有效跌破頸線；距離頸線>5%禁止進場,85,C,等更安全位置,條件或風險不夠好，先不列入高關注。,False,2026-10-01,True,True,STOP,STOP 停止進場,觀察,取消新進場，只保留觀察,只看續抱 / 減碼 / 停利 / 停損，不新增部位。,停止新進場，先保留現金，等待大盤止跌。,停止新進場，禁止顯示今日可進場。,False,False
2026-10-01,2026-10-01,收盤確認價,臺灣證券交易所 / 證券櫃檯買賣中心正式收盤；yfinance 歷史資料,只使用完整收盤日K，不使用盤中未完成K,上市,1468,昶和,13.55,13.55,13.05,13.28,13.17,13.19,13.25,12.38,11.07,0.37,False,63000,62304,853650,822034,1.47,False,True,13.83,紅K突破,,False,False,False,False,0,False,只觀察,條件不足,箱型突破,13.6,12.53,15.35,接近成形＋可觀察,13.87,13.6,13.87,14.29,13.19,4.9,中,-0.37,9.36,2.17,10.65,13.87,0.0,False,False,False,預備單，等待確認條件,頸線以當日前20日高點計算；收盤站上頸線 13.6 至少2%；成交量>=20日均量2倍；不可長上影；回踩須有近10日突破紀錄且不有效跌破頸線；距離頸線>5%禁止進場,85,C,等更安全位置,條件或風險不夠好，先不列入高關注。,False,2026-10-01,True,True,STOP,STOP 停止進場,觀察,取消新進場，只保留觀察,只看續抱 / 減碼 / 停利 / 停損，不新增部位。,停止新進場，先保留現金，等待大盤止跌。,停止新進場，禁止顯示今日可進場。,False,False
2026-10-01,2026-10-01,收盤確認價,臺灣證券交易所 / 證券櫃檯買賣中心正式收盤；yfinance 歷史資料,只使用完整收盤日K，不使用盤中未完成K,上櫃,8099,大世科,60.3,60.6,59.8,60.14,59.98,59.66,58.81,65.39,3.97,1.17,False,89890,171828,5420367,10300012,1.62,False,True,21.66,一般K,,False,False,False,False,0,False,只觀察,條件不足,旗型整理突破,61.9,57.9,69.7,接近成形＋可觀察,63.14,61.9,63.14,65.03,60.04,4.9,中,-2.58,6.07,2.12,10.39,63.14,0.33,False,False,False,預備單，等待確認條件,頸線以當日前20日高點計算；收盤站上頸線 61.9 至少2%；成交量>=20日均量2倍；不可長上影；回踩須有近10日突破紀錄且不有效跌破頸線；距離頸線>5%禁止進場,85,C,等更安全位置,條件或風險不夠好，先不列入高關注。,False,2026-10-01,True,True,STOP,STOP 停止進場,觀察,取消新進場，只保留觀察,只看續抱 / 減碼 / 停利 / 停損，不新增部位。,停止新進場，先保留現金，等待大盤止跌。,停止新進場，禁止顯示今日可進場。,False,False
2026-10-01,2026-10-01,收盤確認價,臺灣證券交易所 / 證券櫃檯買賣中心正式收盤；yfinance 歷史資料,只使用完整收盤日K，不使用盤中未完成K,上櫃,6124,業強,27.2,27.5,27.2,27.24,27.08,26.98,26.92,28.36,-6.53,-0.0,False,5552,11313,151014,305179,1.3,False,True,18.86,一般K,,False,False,False,False,0,False,只觀察,條件不足,旗型整理突破,27.85,25.65,31.35,接近成形＋可觀察,28.41,27.85,28.41,29.26,27.01,4.9,中,-2.33,7.48,2.11,10.36,28.41,0.0,False,False,False,預備單，等待確認條件,頸線以當日前20日高點計算；收盤站上頸線 27.85 至少2%；成交量>=20日均量2倍；不可長上影；回踩須有近10日突破紀錄且不有效跌破頸線；距離頸線>5%禁止進場,85,C,等更安全位置,條件或風險不夠好，先不列入高關注。,False,2026-10-01,True,True,STOP,STOP 停止進場,觀察,取消新進場，只保留觀察,只看續抱 / 減碼 / 停利 / 停損，不新增部位。,停止新進場，先保留現金，等待大盤止跌。,停止新進場，禁止顯示今日可進場。,False,False
2026-10-01,2026-10-01,收盤確認價,臺灣證券交易所 / 證券櫃檯買賣中心正式收盤；yfinance 歷史資料,只使用完整收盤日K，不使用盤中未完成K,上櫃,6612,奈米醫材,77.0,77.2,71.9,72.98,72.05,71.33,67.96,69.0,11.38,6.21,False,126438,30369,9735726,2197346,1.78,False,True,21.92,紅K突破,,True,True,False,False,2,False,只觀察,趨勢多頭、量能放大,箱型突破,74.8,69.0,87.83,突破第一根,76.3,74.8,76.3,78.58,72.56,5.77,高,2.94,2.94,2.44,14.06,77.0,0.26,False,False,False,突破確認，可在追價範圍內掛單,頸線以當日前20日高點計算；收盤站上頸線 74.8 至少2%；成交量>=20日均量2倍；不可長上影；回踩須有近10日突破紀錄且不有效跌破頸線；距離頸線>5%禁止進場,75,C,等更安全位置,條件或風險不夠好，先不列入高關注。,False,2026-10-01,True,True,STOP,STOP 停止進場,突破買點,取消新進場，只保留觀察,只看續抱 / 減碼 / 停利 / 停損，不新增部位。,停止新進場，先保留現金，等待大盤止跌。,停止新進場，禁止顯示今日可進場。,False,False
2026-10-01,2026-10-01,收盤確認價,臺灣證券交易所 / 證券櫃檯買賣中心正式收盤；yfinance 歷史資料,只使用完整收盤日K，不使用盤中未完成K,上櫃,8936,國統,52.7,53.3,52.4,52.26,52.17,51.42,51.92,53.86,-6.06,0.19,False,1023435,806569,53935024,41472238,0.81,True,True,38.93,一般K,,False,False,False,False,0,False,只觀察,條件不足,箱型突破,52.9,50.0,56.1,接近成形＋可觀察,53.96,52.9,53.96,55.58,51.31,4.9,中,-0.38,6.56,0.81,3.97,53.96,0.95,False,False,False,預備單，等待確認條件,頸線以當日前20日高點計算；收盤站上頸線 52.9 至少2%；成交量>=20日均量2倍；不可長上影；回踩須有近10日突破紀錄且不有效跌破頸線；距離頸線>5%禁止進場,75,C,等更安全位置,條件或風險不夠好，先不列入高關注。,False,2026-10-01,True,True,STOP,STOP 停止進場,接近目標,取消新進場，只保留觀察,只看續抱 / 減碼 / 停利 / 停損，不新增部位。,停止新進場，先保留現金，等待大盤止跌。,停止新進場，禁止顯示今日可進場。,False,False
2026-10-01,2026-10-01,收盤確認價,臺灣證券交易所 / 證券櫃檯買賣中心正式收盤；yfinance 歷史資料,只使用完整收盤日K，不使用盤中未完成K,上市,2002,中鋼,18.95,19.25,18.85,18.85,18.76,18.88,18.95,19.04,1.34,-1.3,False,38390897,28788583,727507498,544446031,0.78,True,True,15.68,一般K,,False,False,False,False,0,False,只觀察,條件不足,箱型突破,19.3,18.6,20.35,接近成形＋可觀察,19.69,19.3,19.69,20.28,18.72,4.9,中,-1.81,4.77,0.69,3.37,19.69,0.26,False,False,False,預備單，等待確認條件,頸線以當日前20日高點計算；收盤站上頸線 19.3 至少2%；成交量>=20日均量2倍；不可長上影；回踩須有近10日突破紀錄且不有效跌破頸線；距離頸線>5%禁止進場,75,C,等更安全位置,條件或風險不夠好，先不列入高關注。,False,2026-10-01,True,True,STOP,STOP 停止進場,接近目標,取消新進場，只保留觀察,只看續抱 / 減碼 / 停利 / 停損，不新增部位。,停止新進場，先保留現金，等待大盤止跌。,停止新進場，禁止顯示今日可進場。,False,False
2026-10-01,2026-10-01,收盤確認價,臺灣證券交易所 / 證券櫃檯買賣中心正式收盤；yfinance 歷史資料,只使用完整收盤日K，不使用盤中未完成K,上市,1416,廣豐,11.65,11.7,11.5,11.48,11.42,11.46,11.33,11.46,5.91,1.75,False,463909,228280,5404539,2617322,0.9,False,True,32.82,紅K突破,,True,True,False,False,2,False,只觀察,趨勢多頭、量能放大,三角收斂突破,11.9,11.1,13.2,接近成形＋可觀察,12.14,11.9,12.14,12.5,11.54,4.9,中,-2.1,5.67,1.78,8.75,12.14,0.43,False,False,False,預備單，等待確認條件,頸線以當日前20日高點計算；收盤站上頸線 11.9 至少2%；成交量>=20日均量2倍；不可長上影；回踩須有近10日突破紀錄且不有效跌破頸線；距離頸線>5%禁止進場,72,C,等更安全位置,條件或風險不夠好，先不列入高關注。,False,2026-10-01,True,True,STOP,STOP 停止進場,觀察,取消新進場，只保留觀察,只看續抱 / 減碼 / 停利 / 停損，不新增部位。,停止新進場，先保留現金，等待大盤止跌。,停止新進場，禁止顯示今日可進場。,False,False
2026-10-01,2026-10-01,收盤確認價,臺灣證券交易所 / 證券櫃檯買賣中心正式收盤；yfinance 歷史資料,只使用完整收盤日K，不使用盤中未完成K,上櫃,3597,映興,28.1,28.1,27.6,28.02,27.22,26.82,26.63,26.25,1.44,-0.0,False,25351,44774,712363,1230970,1.74,False,True,33.1,下影線,,True,False,False,False,1,False,只觀察,趨勢多頭,箱型突破,27.45,25.85,30.7,接近成形＋可觀察,28.0,27.45,28.0,28.84,26.63,4.9,中,2.37,2.09,1.97,9.65,28.0,0.0,True,False,False,預備單，等待確認條件,頸線以當日前20日高點計算；收盤站上頸線 27.45 至少2%；成交量>=20日均量2倍；不可長上影；回踩須有近10日突破紀錄且不有效跌破頸線；距離頸線>5%禁止進場,72,C,等更安全位置,條件或風險不夠好，先不列入高關注。,False,2026-10-01,True,True,STOP,STOP 停止進場,接近目標,取消新進場，只保留觀察,只看續抱 / 減碼 / 停利 / 停損，不新增部位。,停止新進場，先保留現金，等待大盤止跌。,停止新進場，禁止顯示今日可進場。,False,False
2026-10-01,2026-10-01,收盤確認價,臺灣證券交易所 / 證券櫃檯買賣中心正式收盤；yfinance 歷史資料,只使用完整收盤日K，不使用盤中未完成K,上櫃,5210,寶碩,30.15,30.6,30.1,30.15,29.71,29.18,29.16,25.3,-0.66,-1.47,False,148217,219250,4468742,6428003,1.8,False,True,54.61,一般K,,True,False,False,False,1,False,只觀察,趨勢多頭,接近成形,30.9,27.95,34.5,接近成形＋可觀察,31.52,30.9,31.52,32.46,29.97,4.9,中,-2.43,5.63,1.93,9.46,31.52,0.83,False,False,False,預備單，等待確認條件,頸線以當日前20日高點計算；收盤站上頸線 30.9 至少2%；成交量>=20日均量2倍；不可長上影；回踩須有近10日突破紀錄且不有效跌破頸線；距離頸線>5%禁止進場,72,C,等更安全位置,條件或風險不夠好，先不列入高關注。,False,2026-10-01,True,True,STOP,STOP 停止進場,觀察,取消新進場，只保留觀察,只看續抱 / 減碼 / 停利 / 停損，不新增部位。,停止新進場，先保留現金，等待大盤止跌。,停止新進場，禁止顯示今日可進場。,False,False
2026-10-01,2026-10-01,收盤確認價,臺灣證券交易所 / 證券櫃檯買賣中心正式收盤；yfinance 歷史資料,只使用完整收盤日K，不使用盤中未完成K,上市,1323,永裕,21.5,21.5,21.25,21.36,21.38,21.37,20.88,20.0,5.39,0.23,False,9048,40630,194532,871216,0.7,False,True,18.3,紅K突破,,True,False,False,False,1,False,只觀察,趨勢多頭,箱型突破,21.9,21.0,24.4,接近成形＋可觀察,22.34,21.9,22.34,23.01,21.24,4.9,中,-1.83,2.71,1.88,9.23,22.34,0.0,False,False,False,預備單，等待確認條件,頸線以當日前20日高點計算；收盤站上頸線 21.9 至少2%；成交量>=20日均量2倍；不可長上影；回踩須有近10日突破紀錄且不有效跌破頸線；距離頸線>5%禁止進場,72,C,等更安全位置,條件或風險不夠好，先不列入高關注。,False,2026-10-01,True,True,STOP,STOP 停止進場,觀察,取消新進場，只保留觀察,只看續抱 / 減碼 / 停利 / 停損，不新增部位。,停止新進場，先保留現金，等待大盤止跌。,停止新進場，禁止顯示今日可進場。,False,False
2026-10-01,2026-10-01,收盤確認價,臺灣證券交易所 / 證券櫃檯買賣中心正式收盤；yfinance 歷史資料,只使用完整收盤日K，不使用盤中未完成K,上櫃,3434,哲固,31.4,31.65,31.15,31.53,31.82,30.76,30.28,30.77,5.72,0.0,False,49131,206547,1542713,6542902,3.03,False,True,60.0,一般K,,True,False,False,False,1,False,只觀察,趨勢多頭,接近成形,31.5,29.22,34.9,接近成形＋可觀察,32.13,31.5,32.13,33.09,30.55,4.9,中,-0.32,8.05,1.76,8.62,32.13,0.16,True,False,False,預備單，等待確認條件,頸線以當日前20日高點計算；收盤站上頸線 31.5 至少2%；成交量>=20日均量2倍；不可長上影；回踩須有近10日突破紀錄且不有效跌破頸線；距離頸線>5%禁止進場,72,C,等更安全位置,條件或風險不夠好，先不列入高關注。,False,2026-10-01,True,True,STOP,STOP 停止進場,觀察,取消新進場，只保留觀察,只看續抱 / 減碼 / 停利 / 停損，不新增部位。,停止新進場，先保留現金，等待大盤止跌。,停止新進場，禁止顯示今日可進場。,False,False
2026-10-01,2026-10-01,收盤確認價,臺灣證券交易所 / 證券櫃檯買賣中心正式收盤；yfinance 歷史資料,只使用完整收盤日K，不使用盤中未完成K,上市,2010,春源,22.5,23.1,22.4,22.44,22.15,22.21,21.99,22.2,6.38,-2.17,False,1526972,937249,34356870,20929908,1.2,False,True,35.22,一般K,,True,False,False,False,1,False,只觀察,趨勢多頭,三角收斂突破,23.1,21.5,25.55,接近成形＋可觀察,23.56,23.1,23.56,24.27,22.41,4.9,中,-2.6,3.85,1.72,8.44,23.56,0.44,False,False,False,預備單，等待確認條件,頸線以當日前20日高點計算；收盤站上頸線 23.1 至少2%；成交量>=20日均量2倍；不可長上影；回踩須有近10日突破紀錄且不有效跌破頸線；距離頸線>5%禁止進場,72,C,等更安全位置,條件或風險不夠好，先不列入高關注。,False,2026-10-01,True,True,STOP,STOP 停止進場,觀察,取消新進場，只保留觀察,只看續抱 / 減碼 / 停利 / 停損，不新增部位。,停止新進場，先保留現金，等待大盤止跌。,停止新進場，禁止顯示今日可進場。,False,False
2026-10-01,2026-10-01,收盤確認價,臺灣證券交易所 / 證券櫃檯買賣中心正式收盤；yfinance 歷史資料,只使用完整收盤日K，不使用盤中未完成K,上櫃,3646,艾恩特,24.85,25.05,24.6,24.81,24.8,24.49,23.71,24.74,5.3,-0.4,False,18007,14769,447473,363485,0.6,False,True,64.15,一般K,,True,False,False,False,1,False,只觀察,趨勢多頭,箱型突破,25.15,23.5,27.75,接近成形＋可觀察,25.65,25.15,25.65,26.42,24.4,4.9,中,-1.19,1.19,1.67,8.17,25.65,0.0,False,False,False,預備單，等待確認條件,頸線以當日前20日高點計算；收盤站上頸線 25.15 至少2%；成交量>=20日均量2倍；不可長上影；回踩須有近10日突破紀錄且不有效跌破頸線；距離頸線>5%禁止進場,72,C,等更安全位置,條件或風險不夠好，先不列入高關注。,False,2026-10-01,True,True,STOP,STOP 停止進場,觀察,取消新進場，只保留觀察,只看續抱 / 減碼 / 停利 / 停損，不新增部位。,停止新進場，先保留現金，等待大盤止跌。,停止新進場，禁止顯示今日可進場。,False,False
2026-10-01,2026-10-01,收盤確認價,臺灣證券交易所 / 證券櫃檯買賣中心正式收盤；yfinance 歷史資料,只使用完整收盤日K，不使用盤中未完成K,上櫃,1593,祺驊,31.7,32.0,31.7,31.76,31.72,31.65,31.13,30.65,5.32,-0.0,False,23367,14861,740733,471300,0.51,False,True,28.74,一般K,,True,False,False,False,1,False,只觀察,趨勢多頭,三角收斂突破,32.35,31.15,35.65,接近成形＋可觀察,33.0,32.35,33.0,33.99,31.38,4.9,中,-2.01,5.93,1.64,8.04,33.0,0.63,False,False,False,預備單，等待確認條件,頸線以當日前20日高點計算；收盤站上頸線 32.35 至少2%；成交量>=20日均量2倍；不可長上影；回踩須有近10日突破紀錄且不有效跌破頸線；距離頸線>5%禁止進場,72,C,等更安全位置,條件或風險不夠好，先不列入高關注。,False,2026-10-01,True,True,STOP,STOP 停止進場,觀察,取消新進場，只保留觀察,只看續抱 / 減碼 / 停利 / 停損，不新增部位。,停止新進場，先保留現金，等待大盤止跌。,停止新進場，禁止顯示今日可進場。,False,False
2026-10-01,2026-10-01,收盤確認價,臺灣證券交易所 / 證券櫃檯買賣中心正式收盤；yfinance 歷史資料,只使用完整收盤日K，不使用盤中未完成K,上櫃,6195,詩肯,28.2,28.25,28.0,28.17,27.97,27.87,27.47,26.25,9.3,-0.18,False,10058,20887,283635,581718,0.52,False,True,25.12,一般K,,True,False,False,False,1,False,只觀察,趨勢多頭,箱型突破,28.35,27.1,31.2,接近成形＋可觀察,28.92,28.35,28.92,29.78,27.5,4.9,中,-0.53,3.59,1.61,7.9,28.92,0.0,False,False,False,預備單，等待確認條件,頸線以當日前20日高點計算；收盤站上頸線 28.35 至少2%；成交量>=20日均量2倍；不可長上影；回踩須有近10日突破紀錄且不有效跌破頸線；距離頸線>5%禁止進場,72,C,等更安全位置,條件或風險不夠好，先不列入高關注。,False,2026-10-01,True,True,STOP,STOP 停止進場,接近目標,取消新進場，只保留觀察,只看續抱 / 減碼 / 停利 / 停損，不新增部位。,停止新進場，先保留現金，等待大盤止跌。,停止新進場，禁止顯示今日可進場。,False,False
2026-10-01,2026-10-01,收盤確認價,臺灣證券交易所 / 證券櫃檯買賣中心正式收盤；yfinance 歷史資料,只使用完整收盤日K，不使用盤中未完成K,上市,1603,華電,30.65,30.75,30.4,30.36,30.24,30.23,30.04,34.26,-5.26,0.16,False,151204,128185,4634402,3880865,0.75,False,True,26.53,一般K,,False,False,False,False,0,False,只觀察,條件不足,箱型突破,30.85,29.2,34.5,接近成形＋可觀察,31.47,30.85,31.47,32.41,29.92,4.9,中,-0.65,5.55,1.97,9.64,31.47,0.33,False,False,False,預備單，等待確認條件,頸線以當日前20日高點計算；收盤站上頸線 30.85 至少2%；成交量>=20日均量2倍；不可長上影；回踩須有近10日突破紀錄且不有效跌破頸線；距離頸線>5%禁止進場,72,C,等更安全位置,條件或風險不夠好，先不列入高關注。,False,2026-10-01,True,True,STOP,STOP 停止進場,觀察,取消新進場，只保留觀察,只看續抱 / 減碼 / 停利 / 停損，不新增部位。,停止新進場，先保留現金，等待大盤止跌。,停止新進場，禁止顯示今日可進場。,False,False
2026-10-01,2026-10-01,收盤確認價,臺灣證券交易所 / 證券櫃檯買賣中心正式收盤；yfinance 歷史資料,只使用完整收盤日K，不使用盤中未完成K,上市,1805,寶徠,10.1,10.1,10.0,10.09,10.14,10.12,10.08,10.82,-0.0,0.5,False,27124,73812,273952,747894,0.59,False,True,15.76,紅K突破,,False,False,False,False,0,False,只觀察,條件不足,箱型突破,10.3,9.96,11.5,接近成形＋可觀察,10.51,10.3,10.51,10.82,9.99,4.9,中,-1.94,6.05,1.93,9.46,10.51,0.0,False,False,False,預備單，等待確認條件,頸線以當日前20日高點計算；收盤站上頸線 10.3 至少2%；成交量>=20日均量2倍；不可長上影；回踩須有近10日突破紀錄且不有效跌破頸線；距離頸線>5%禁止進場,72,C,等更安全位置,條件或風險不夠好，先不列入高關注。,False,2026-10-01,True,True,STOP,STOP 停止進場,觀察,取消新進場，只保留觀察,只看續抱 / 減碼 / 停利 / 停損，不新增部位。,停止新進場，先保留現金，等待大盤止跌。,停止新進場，禁止顯示今日可進場。,False,False
2026-10-01,2026-10-01,收盤確認價,臺灣證券交易所 / 證券櫃檯買賣中心正式收盤；yfinance 歷史資料,只使用完整收盤日K，不使用盤中未完成K,上市,1219,福壽,11.45,11.55,11.35,11.44,11.42,11.46,11.46,12.92,-6.15,0.0,False,81323,187176,931148,2145159,0.97,False,True,23.67,一般K,,False,False,False,False,0,False,只觀察,條件不足,旗型整理突破,11.75,11.15,13.05,接近成形＋可觀察,11.98,11.75,11.98,12.34,11.4,4.9,中,-2.55,8.03,1.81,8.89,11.98,0.44,False,False,False,預備單，等待確認條件,頸線以當日前20日高點計算；收盤站上頸線 11.75 至少2%；成交量>=20日均量2倍；不可長上影；回踩須有近10日突破紀錄且不有效跌破頸線；距離頸線>5%禁止進場,72,C,等更安全位置,條件或風險不夠好，先不列入高關注。,False,2026-10-01,True,True,STOP,STOP 停止進場,觀察,取消新進場，只保留觀察,只看續抱 / 減碼 / 停利 / 停損，不新增部位。,停止新進場，先保留現金，等待大盤止跌。,停止新進場，禁止顯示今日可進場。,False,False
2026-10-01,2026-10-01,收盤確認價,臺灣證券交易所 / 證券櫃檯買賣中心正式收盤；yfinance 歷史資料,只使用完整收盤日K，不使用盤中未完成K,上櫃,6910,德鴻,26.8,27.2,26.6,26.35,25.87,25.38,25.09,32.37,-1.29,-0.56,False,27027,20825,724323,530488,1.35,False,True,42.4,一般K,,False,False,False,False,0,False,只觀察,條件不足,箱型突破,26.95,24.11,29.9,接近成形＋可觀察,27.49,26.95,27.49,28.31,26.14,4.9,中,-0.56,2.37,1.79,8.77,27.49,0.93,False,False,False,預備單，等待確認條件,頸線以當日前20日高點計算；收盤站上頸線 26.95 至少2%；成交量>=20日均量2倍；不可長上影；回踩須有近10日突破紀錄且不有效跌破頸線；距離頸線>5%禁止進場,72,C,等更安全位置,條件或風險不夠好，先不列入高關注。,False,2026-10-01,True,True,STOP,STOP 停止進場,觀察,取消新進場，只保留觀察,只看續抱 / 減碼 / 停利 / 停損，不新增部位。,停止新進場，先保留現金，等待大盤止跌。,停止新進場，禁止顯示今日可進場。,False,False
2026-10-01,2026-10-01,收盤確認價,臺灣證券交易所 / 證券櫃檯買賣中心正式收盤；yfinance 歷史資料,只使用完整收盤日K，不使用盤中未完成K,上櫃,3306,鼎天,47.5,48.05,47.25,46.94,45.96,45.42,44.96,48.58,-3.46,-1.14,False,44836,91368,2129710,4184407,1.19,False,True,69.15,一般K,,False,False,False,False,0,False,只觀察,條件不足,箱型突破,46.55,44.35,51.6,接近成形＋可觀察,47.48,46.55,47.48,48.91,45.15,4.9,中,2.04,6.5,1.77,8.68,47.48,0.0,True,False,False,預備單，等待確認條件,頸線以當日前20日高點計算；收盤站上頸線 46.55 至少2%；成交量>=20日均量2倍；不可長上影；回踩須有近10日突破紀錄且不有效跌破頸線；距離頸線>5%禁止進場,72,C,等更安全位置,條件或風險不夠好，先不列入高關注。,False,2026-10-01,True,True,STOP,STOP 停止進場,接近目標,取消新進場，只保留觀察,只看續抱 / 減碼 / 停利 / 停損，不新增部位。,停止新進場，先保留現金，等待大盤止跌。,停止新進場，禁止顯示今日可進場。,False,False
2026-10-01,2026-10-01,收盤確認價,臺灣證券交易所 / 證券櫃檯買賣中心正式收盤；yfinance 歷史資料,只使用完整收盤日K，不使用盤中未完成K,上櫃,8933,愛地雅,4.6,4.6,4.41,4.55,4.52,4.54,4.52,5.65,1.1,2.22,False,90514,73548,416364,332202,1.72,False,True,27.99,紅K突破,,False,False,False,False,0,False,只觀察,條件不足,接近成形,4.7,4.32,5.21,接近成形＋可觀察,4.79,4.7,4.79,4.94,4.56,4.9,中,-2.13,4.76,1.77,8.68,4.79,0.0,False,False,False,預備單，等待確認條件,頸線以當日前20日高點計算；收盤站上頸線 4.7 至少2%；成交量>=20日均量2倍；不可長上影；回踩須有近10日突破紀錄且不有效跌破頸線；距離頸線>5%禁止進場,72,C,等更安全位置,條件或風險不夠好，先不列入高關注。,False,2026-10-01,True,True,STOP,STOP 停止進場,觀察,取消新進場，只保留觀察,只看續抱 / 減碼 / 停利 / 停損，不新增部位。,停止新進場，先保留現金，等待大盤止跌。,停止新進場，禁止顯示今日可進場。,False,False
2026-10-01,2026-10-01,收盤確認價,臺灣證券交易所 / 證券櫃檯買賣中心正式收盤；yfinance 歷史資料,只使用完整收盤日K，不使用盤中未完成K,上櫃,4120,友華,46.0,46.0,46.0,46.02,46.01,46.2,47.1,46.11,-3.16,0.22,False,2241,13811,103086,638400,1.19,False,True,61.21,資料不足,,False,False,False,False,0,False,只觀察,條件不足,接近成形,47.4,44.6,52.15,接近成形＋可觀察,48.35,47.4,48.35,49.8,45.98,4.9,中,-2.95,7.26,1.6,7.86,48.35,0.0,False,False,False,預備單，等待確認條件,頸線以當日前20日高點計算；收盤站上頸線 47.4 至少2%；成交量>=20日均量2倍；不可長上影；回踩須有近10日突破紀錄且不有效跌破頸線；距離頸線>5%禁止進場,72,C,等更安全位置,條件或風險不夠好，先不列入高關注。,False,2026-10-01,True,True,STOP,STOP 停止進場,觀察,取消新進場，只保留觀察,只看續抱 / 減碼 / 停利 / 停損，不新增部位。,停止新進場，先保留現金，等待大盤止跌。,停止新進場，禁止顯示今日可進場。,False,False
2026-10-01,2026-10-01,收盤確認價,臺灣證券交易所 / 證券櫃檯買賣中心正式收盤；yfinance 歷史資料,只使用完整收盤日K，不使用盤中未完成K,上櫃,4116,明基醫,39.8,40.0,39.6,39.54,39.5,39.71,39.2,41.35,3.78,0.0,False,22392,23028,891201,917730,0.54,False,True,26.76,一般K,,False,False,False,False,0,False,只觀察,條件不足,旗型整理突破,41.0,39.25,45.05,接近成形＋可觀察,41.82,41.0,41.82,43.07,39.77,4.9,中,-2.93,3.86,1.58,7.72,41.82,0.0,False,False,False,預備單，等待確認條件,頸線以當日前20日高點計算；收盤站上頸線 41.0 至少2%；成交量>=20日均量2倍；不可長上影；回踩須有近10日突破紀錄且不有效跌破頸線；距離頸線>5%禁止進場,72,C,等更安全位置,條件或風險不夠好，先不列入高關注。,False,2026-10-01,True,True,STOP,STOP 停止進場,觀察,取消新進場，只保留觀察,只看續抱 / 減碼 / 停利 / 停損，不新增部位。,停止新進場，先保留現金，等待大盤止跌。,停止新進場，禁止顯示今日可進場。,False,False
2026-10-01,2026-10-01,收盤確認價,臺灣證券交易所 / 證券櫃檯買賣中心正式收盤；yfinance 歷史資料,只使用完整收盤日K，不使用盤中未完成K,上櫃,4950,金耘國際,16.2,16.2,15.7,15.78,15.71,15.85,15.95,16.78,-0.61,3.51,False,15054,17037,243874,269308,2.03,False,True,13.02,紅K突破,,False,False,False,False,0,False,只觀察,條件不足,箱型突破,16.45,15.35,18.05,接近成形＋可觀察,16.78,16.45,16.78,17.28,15.96,4.9,中,-1.52,4.99,1.55,7.57,16.78,0.0,False,False,False,預備單，等待確認條件,頸線以當日前20日高點計算；收盤站上頸線 16.45 至少2%；成交量>=20日均量2倍；不可長上影；回踩須有近10日突破紀錄且不有效跌破頸線；距離頸線>5%禁止進場,72,C,等更安全位置,條件或風險不夠好，先不列入高關注。,False,2026-10-01,True,True,STOP,STOP 停止進場,觀察,取消新進場，只保留觀察,只看續抱 / 減碼 / 停利 / 停損，不新增部位。,停止新進場，先保留現金，等待大盤止跌。,停止新進場，禁止顯示今日可進場。,False,False
2026-10-01,2026-10-01,收盤確認價,臺灣證券交易所 / 證券櫃檯買賣中心正式收盤；yfinance 歷史資料,只使用完整收盤日K，不使用盤中未完成K,上櫃,2643,捷迅,62.3,62.5,62.3,62.64,62.68,62.74,61.68,67.9,0.81,-0.48,False,10464,9487,651907,595529,0.41,False,True,31.97,一般K,,False,False,False,False,0,False,只觀察,條件不足,箱型突破,63.3,61.9,69.4,接近成形＋可觀察,64.57,63.3,64.57,66.5,61.4,4.9,中,-1.58,3.41,1.53,7.49,64.57,0.16,False,False,False,預備單，等待確認條件,頸線以當日前20日高點計算；收盤站上頸線 63.3 至少2%；成交量>=20日均量2倍；不可長上影；回踩須有近10日突破紀錄且不有效跌破頸線；距離頸線>5%禁止進場,72,C,等更安全位置,條件或風險不夠好，先不列入高關注。,False,2026-10-01,True,True,STOP,STOP 停止進場,觀察,取消新進場，只保留觀察,只看續抱 / 減碼 / 停利 / 停損，不新增部位。,停止新進場，先保留現金，等待大盤止跌。,停止新進場，禁止顯示今日可進場。,False,False
2026-10-01,2026-10-01,收盤確認價,臺灣證券交易所 / 證券櫃檯買賣中心正式收盤；yfinance 歷史資料,只使用完整收盤日K，不使用盤中未完成K,上櫃,3508,位速,26.0,26.8,25.6,25.8,24.83,23.04,19.91,24.18,43.65,0.39,False,374057,444719,9725482,11030708,4.03,False,True,38.11,一般K,,True,False,False,True,2,False,只觀察,趨勢多頭、價量條件足,旗型整理突破,25.0,21.88,35.25,接近成形＋可觀察,25.5,25.0,25.5,26.27,24.25,4.9,中,4.0,6.14,7.8,38.24,25.5,0.38,True,False,False,預備單，等待確認條件,頸線以當日前20日高點計算；收盤站上頸線 25.0 至少2%；成交量>=20日均量2倍；不可長上影；回踩須有近10日突破紀錄且不有效跌破頸線；距離頸線>5%禁止進場,70,C,等更安全位置,條件或風險不夠好，先不列入高關注。,False,2026-10-01,True,True,STOP,STOP 停止進場,觀察,取消新進場，只保留觀察,只看續抱 / 減碼 / 停利 / 停損，不新增部位。,停止新進場，先保留現金，等待大盤止跌。,停止新進場，禁止顯示今日可進場。,False,False
2026-10-01,2026-10-01,收盤確認價,臺灣證券交易所 / 證券櫃檯買賣中心正式收盤；yfinance 歷史資料,只使用完整收盤日K，不使用盤中未完成K,上市,1439,雋揚,28.95,29.05,28.85,28.45,28.56,28.81,27.97,27.64,22.15,0.17,False,59033,23573,1709005,680102,1.67,False,True,36.77,一般K,,True,True,False,False,2,False,只觀察,趨勢多頭、量能放大,三角收斂突破,30.0,27.55,36.5,接近成形＋可觀察,30.6,30.0,30.6,31.52,29.1,4.9,中,-3.5,3.5,3.93,19.28,30.6,0.35,False,False,False,預備單，等待確認條件,頸線以當日前20日高點計算；收盤站上頸線 30.0 至少2%；成交量>=20日均量2倍；不可長上影；回踩須有近10日突破紀錄且不有效跌破頸線；距離頸線>5%禁止進場,70,C,等更安全位置,條件或風險不夠好，先不列入高關注。,False,2026-10-01,True,True,STOP,STOP 停止進場,觀察,取消新進場，只保留觀察,只看續抱 / 減碼 / 停利 / 停損，不新增部位。,停止新進場，先保留現金，等待大盤止跌。,停止新進場，禁止顯示今日可進場。,False,False
2026-10-01,2026-10-01,收盤確認價,臺灣證券交易所 / 證券櫃檯買賣中心正式收盤；yfinance 歷史資料,只使用完整收盤日K，不使用盤中未完成K,上櫃,4413,飛寶企業,20.35,20.35,20.0,20.62,19.96,19.75,17.48,17.78,39.86,0.25,False,6113,38170,124399,764739,2.35,False,True,17.06,紅K突破,,True,False,False,False,1,False,只觀察,趨勢多頭,旗型整理突破,21.4,18.76,29.2,接近成形＋可觀察,21.83,21.4,21.83,22.48,20.76,4.9,中,-4.91,4.91,6.89,33.77,21.83,0.0,False,False,False,預備單，等待確認條件,頸線以當日前20日高點計算；收盤站上頸線 21.4 至少2%；成交量>=20日均量2倍；不可長上影；回踩須有近10日突破紀錄且不有效跌破頸線；距離頸線>5%禁止進場,70,C,等更安全位置,條件或風險不夠好，先不列入高關注。,False,2026-10-01,True,True,STOP,STOP 停止進場,觀察,取消新進場，只保留觀察,只看續抱 / 減碼 / 停利 / 停損，不新增部位。,停止新進場，先保留現金，等待大盤止跌。,停止新進場，禁止顯示今日可進場。,False,False
2026-10-01,2026-10-01,收盤確認價,臺灣證券交易所 / 證券櫃檯買賣中心正式收盤；yfinance 歷史資料,只使用完整收盤日K，不使用盤中未完成K,上櫃,7556,意德士,262.5,268.0,261.0,264.2,259.2,252.93,240.32,206.1,-2.33,-0.76,False,28294,31017,7427175,7973347,2.19,False,True,22.47,一般K,,True,False,False,False,1,False,只觀察,趨勢多頭,旗型整理突破,273.5,240.28,357.0,接近成形＋可觀察,278.97,273.5,278.97,287.34,265.3,4.9,中,-4.02,4.2,5.71,27.97,278.97,0.0,False,False,False,預備單，等待確認條件,頸線以當日前20日高點計算；收盤站上頸線 273.5 至少2%；成交量>=20日均量2倍；不可長上影；回踩須有近10日突破紀錄且不有效跌破頸線；距離頸線>5%禁止進場,70,C,等更安全位置,條件或風險不夠好，先不列入高關注。,False,2026-10-01,True,True,STOP,STOP 停止進場,觀察,取消新進場，只保留觀察,只看續抱 / 減碼 / 停利 / 停損，不新增部位。,停止新進場，先保留現金，等待大盤止跌。,停止新進場，禁止顯示今日可進場。,False,False
2026-10-01,2026-10-01,收盤確認價,臺灣證券交易所 / 證券櫃檯買賣中心正式收盤；yfinance 歷史資料,只使用完整收盤日K，不使用盤中未完成K,上櫃,3631,晟楠,40.45,41.5,40.3,40.27,40.04,39.25,36.51,31.01,22.76,-0.12,False,150519,136385,6088493,5386507,2.97,False,True,15.0,一般K,,True,False,False,False,1,False,只觀察,趨勢多頭,旗型整理突破,42.2,37.28,54.3,接近成形＋可觀察,43.04,42.2,43.04,44.34,40.93,4.9,中,-4.15,9.71,5.33,26.15,43.04,2.47,False,False,False,預備單，等待確認條件,頸線以當日前20日高點計算；收盤站上頸線 42.2 至少2%；成交量>=20日均量2倍；不可長上影；回踩須有近10日突破紀錄且不有效跌破頸線；距離頸線>5%禁止進場,70,C,等更安全位置,條件或風險不夠好，先不列入高關注。,False,2026-10-01,True,True,STOP,STOP 停止進場,觀察,取消新進場，只保留觀察,只看續抱 / 減碼 / 停利 / 停損，不新增部位。,停止新進場，先保留現金，等待大盤止跌。,停止新進場，禁止顯示今日可進場。,False,False
2026-10-01,2026-10-01,收盤確認價,臺灣證券交易所 / 證券櫃檯買賣中心正式收盤；yfinance 歷史資料,只使用完整收盤日K，不使用盤中未完成K,上市,1725,元禎,33.5,34.35,33.5,33.91,33.82,33.1,31.32,29.83,2.92,-1.9,False,38197,50829,1279599,1692219,1.19,False,True,47.72,一般K,,True,False,False,False,1,False,只觀察,趨勢多頭,接近成形,34.6,31.45,40.9,接近成形＋可觀察,35.29,34.6,35.29,36.35,33.56,4.9,中,-3.18,3.18,3.24,15.89,35.29,0.9,False,False,False,預備單，等待確認條件,頸線以當日前20日高點計算；收盤站上頸線 34.6 至少2%；成交量>=20日均量2倍；不可長上影；回踩須有近10日突破紀錄且不有效跌破頸線；距離頸線>5%禁止進場,70,C,等更安全位置,條件或風險不夠好，先不列入高關注。,False,2026-10-01,True,True,STOP,STOP 停止進場,觀察,取消新進場，只保留觀察,只看續抱 / 減碼 / 停利 / 停損，不新增部位。,停止新進場，先保留現金，等待大盤止跌。,停止新進場，禁止顯示今日可進場。,False,False
2026-10-01,2026-10-01,收盤確認價,臺灣證券交易所 / 證券櫃檯買賣中心正式收盤；yfinance 歷史資料,只使用完整收盤日K，不使用盤中未完成K,上櫃,5460,同協,17.25,17.25,17.1,17.02,17.1,16.86,16.43,15.45,-0.58,0.58,False,30986,110333,534508,1885471,2.02,False,True,52.58,一般K,,True,False,False,False,1,False,只觀察,趨勢多頭,旗型整理突破,17.9,16.02,20.8,接近成形＋可觀察,18.26,17.9,18.26,18.81,17.36,4.9,中,-3.63,5.22,2.84,13.92,18.26,0.0,False,False,False,預備單，等待確認條件,頸線以當日前20日高點計算；收盤站上頸線 17.9 至少2%；成交量>=20日均量2倍；不可長上影；回踩須有近10日突破紀錄且不有效跌破頸線；距離頸線>5%禁止進場,70,C,等更安全位置,條件或風險不夠好，先不列入高關注。,False,2026-10-01,True,True,STOP,STOP 停止進場,觀察,取消新進場，只保留觀察,只看續抱 / 減碼 / 停利 / 停損，不新增部位。,停止新進場，先保留現金，等待大盤止跌。,停止新進場，禁止顯示今日可進場。,False,False
2026-10-01,2026-10-01,收盤確認價,臺灣證券交易所 / 證券櫃檯買賣中心正式收盤；yfinance 歷史資料,只使用完整收盤日K，不使用盤中未完成K,上櫃,2065,世豐,35.65,35.95,35.55,35.33,35.28,35.58,34.41,31.92,9.36,0.28,False,36359,51934,1296198,1844581,0.78,False,True,45.28,一般K,,True,False,False,False,1,False,只觀察,趨勢多頭,旗型整理突破,36.8,34.8,42.6,接近成形＋可觀察,37.54,36.8,37.54,38.66,35.7,4.9,中,-3.12,7.28,2.75,13.49,37.54,0.0,False,False,False,預備單，等待確認條件,頸線以當日前20日高點計算；收盤站上頸線 36.8 至少2%；成交量>=20日均量2倍；不可長上影；回踩須有近10日突破紀錄且不有效跌破頸線；距離頸線>5%禁止進場,70,C,等更安全位置,條件或風險不夠好，先不列入高關注。,False,2026-10-01,True,True,STOP,STOP 停止進場,觀察,取消新進場，只保留觀察,只看續抱 / 減碼 / 停利 / 停損，不新增部位。,停止新進場，先保留現金，等待大盤止跌。,停止新進場，禁止顯示今日可進場。,False,False
2026-10-01,2026-10-01,收盤確認價,臺灣證券交易所 / 證券櫃檯買賣中心正式收盤；yfinance 歷史資料,只使用完整收盤日K，不使用盤中未完成K,上市,1456,怡華,14.8,14.9,14.45,14.54,14.32,14.22,13.97,13.52,6.86,1.02,False,158906,205211,2351808,2927398,2.41,False,True,27.5,紅K突破,,True,False,False,False,1,False,只觀察,趨勢多頭,接近成形,15.45,13.55,17.7,接近成形＋可觀察,15.76,15.45,15.76,16.23,14.99,4.9,中,-4.21,4.21,2.51,12.32,15.76,0.68,False,False,False,預備單，等待確認條件,頸線以當日前20日高點計算；收盤站上頸線 15.45 至少2%；成交量>=20日均量2倍；不可長上影；回踩須有近10日突破紀錄且不有效跌破頸線；距離頸線>5%禁止進場,70,C,等更安全位置,條件或風險不夠好，先不列入高關注。,False,2026-10-01,True,True,STOP,STOP 停止進場,觀察,取消新進場，只保留觀察,只看續抱 / 減碼 / 停利 / 停損，不新增部位。,停止新進場，先保留現金，等待大盤止跌。,停止新進場，禁止顯示今日可進場。,False,False
2026-10-01,2026-10-01,收盤確認價,臺灣證券交易所 / 證券櫃檯買賣中心正式收盤；yfinance 歷史資料,只使用完整收盤日K，不使用盤中未完成K,上櫃,1259,安心,68.0,68.0,67.9,68.0,67.34,65.78,62.63,60.81,16.64,-0.15,False,17002,19293,1156136,1291749,1.76,False,True,31.11,紅K突破,,True,False,False,False,1,False,只觀察,趨勢多頭,箱型突破,65.4,62.49,74.8,接近成形＋可觀察,66.71,65.4,66.71,68.71,63.44,4.9,中,3.98,1.45,2.47,12.13,66.71,0.0,True,False,False,預備單，等待確認條件,頸線以當日前20日高點計算；收盤站上頸線 65.4 至少2%；成交量>=20日均量2倍；不可長上影；回踩須有近10日突破紀錄且不有效跌破頸線；距離頸線>5%禁止進場,70,C,等更安全位置,條件或風險不夠好，先不列入高關注。,False,2026-10-01,True,True,STOP,STOP 停止進場,接近目標,取消新進場，只保留觀察,只看續抱 / 減碼 / 停利 / 停損，不新增部位。,停止新進場，先保留現金，等待大盤止跌。,停止新進場，禁止顯示今日可進場。,False,False
2026-10-01,2026-10-01,收盤確認價,臺灣證券交易所 / 證券櫃檯買賣中心正式收盤；yfinance 歷史資料,只使用完整收盤日K，不使用盤中未完成K,上市,2029,盛餘,22.0,22.8,21.85,21.9,21.42,21.4,21.22,20.96,5.77,-2.0,False,510760,389711,11236720,8404862,1.3,False,True,32.29,一般K,,True,False,False,False,1,False,只觀察,趨勢多頭,接近成形,22.8,20.55,26.0,接近成形＋可觀察,23.26,22.8,23.26,23.95,22.12,4.9,中,-3.51,3.51,2.41,11.8,23.26,0.68,False,False,False,預備單，等待確認條件,頸線以當日前20日高點計算；收盤站上頸線 22.8 至少2%；成交量>=20日均量2倍；不可長上影；回踩須有近10日突破紀錄且不有效跌破頸線；距離頸線>5%禁止進場,70,C,等更安全位置,條件或風險不夠好，先不列入高關注。,False,2026-10-01,True,True,STOP,STOP 停止進場,觀察,取消新進場，只保留觀察,只看續抱 / 減碼 / 停利 / 停損，不新增部位。,停止新進場，先保留現金，等待大盤止跌。,停止新進場，禁止顯示今日可進場。,False,False
2026-10-01,2026-10-01,收盤確認價,臺灣證券交易所 / 證券櫃檯買賣中心正式收盤；yfinance 歷史資料,只使用完整收盤日K，不使用盤中未完成K,上市,2115,六暉-KY,23.85,23.95,23.7,23.78,23.79,23.83,22.98,23.31,11.71,-0.21,False,34888,52722,832078,1259472,0.67,False,True,36.56,一般K,,True,False,False,False,1,False,只觀察,趨勢多頭,旗型整理突破,24.65,23.55,28.0,接近成形＋可觀察,25.14,24.65,25.14,25.9,23.91,4.9,中,-3.25,3.64,2.32,11.36,25.14,0.21,False,False,False,預備單，等待確認條件,頸線以當日前20日高點計算；收盤站上頸線 24.65 至少2%；成交量>=20日均量2倍；不可長上影；回踩須有近10日突破紀錄且不有效跌破頸線；距離頸線>5%禁止進場,70,C,等更安全位置,條件或風險不夠好，先不列入高關注。,False,2026-10-01,True,True,STOP,STOP 停止進場,觀察,取消新進場，只保留觀察,只看續抱 / 減碼 / 停利 / 停損，不新增部位。,停止新進場，先保留現金，等待大盤止跌。,停止新進場，禁止顯示今日可進場。,False,False
2026-10-01,2026-10-01,收盤確認價,臺灣證券交易所 / 證券櫃檯買賣中心正式收盤；yfinance 歷史資料,只使用完整收盤日K，不使用盤中未完成K,上櫃,3664,安瑞-KY,8.85,8.87,8.85,8.87,8.58,8.13,6.94,11.47,18.32,-0.11,False,41144,61822,364124,523401,6.15,False,True,22.21,一般K,,False,False,False,False,0,False,只觀察,條件不足,旗型整理突破,9.17,7.73,13.14,接近成形＋可觀察,9.35,9.17,9.35,9.63,8.89,4.9,中,-3.49,3.49,8.26,40.48,9.35,0.11,False,False,False,預備單，等待確認條件,頸線以當日前20日高點計算；收盤站上頸線 9.17 至少2%；成交量>=20日均量2倍；不可長上影；回踩須有近10日突破紀錄且不有效跌破頸線；距離頸線>5%禁止進場,70,C,等更安全位置,條件或風險不夠好，先不列入高關注。,False,2026-10-01,True,True,STOP,STOP 停止進場,觀察,取消新進場，只保留觀察,只看續抱 / 減碼 / 停利 / 停損，不新增部位。,停止新進場，先保留現金，等待大盤止跌。,停止新進場，禁止顯示今日可進場。,False,False
2026-10-01,2026-10-01,收盤確認價,臺灣證券交易所 / 證券櫃檯買賣中心正式收盤；yfinance 歷史資料,只使用完整收盤日K，不使用盤中未完成K,上櫃,7770,君曜,41.45,41.8,41.4,41.2,40.24,38.11,39.18,52.54,-4.71,-2.7,False,10000,16015,414500,614212,3.18,False,True,27.45,一般K,,False,False,False,False,0,False,只觀察,條件不足,接近成形,42.95,36.21,51.5,接近成形＋可觀察,43.81,42.95,43.81,45.12,41.66,4.9,中,-3.49,4.71,3.58,17.56,43.81,0.0,False,False,False,預備單，等待確認條件,頸線以當日前20日高點計算；收盤站上頸線 42.95 至少2%；成交量>=20日均量2倍；不可長上影；回踩須有近10日突破紀錄且不有效跌破頸線；距離頸線>5%禁止進場,70,C,等更安全位置,條件或風險不夠好，先不列入高關注。,False,2026-10-01,True,True,STOP,STOP 停止進場,觀察,取消新進場，只保留觀察,只看續抱 / 減碼 / 停利 / 停損，不新增部位。,停止新進場，先保留現金，等待大盤止跌。,停止新進場，禁止顯示今日可進場。,False,False
2026-10-01,2026-10-01,收盤確認價,臺灣證券交易所 / 證券櫃檯買賣中心正式收盤；yfinance 歷史資料,只使用完整收盤日K，不使用盤中未完成K,上櫃,3268,海德威,21.6,21.8,21.5,20.88,19.79,18.74,19.29,17.99,2.61,-0.69,False,92635,82590,2000916,1641218,3.03,False,True,29.53,一般K,,False,False,False,False,0,False,只觀察,條件不足,接近成形,20.6,17.8,24.55,接近成形＋可觀察,21.01,20.6,21.01,21.64,19.98,4.9,中,4.85,1.82,3.43,16.84,21.01,0.0,True,False,False,預備單，等待確認條件,頸線以當日前20日高點計算；收盤站上頸線 20.6 至少2%；成交量>=20日均量2倍；不可長上影；回踩須有近10日突破紀錄且不有效跌破頸線；距離頸線>5%禁止進場,70,C,等更安全位置,條件或風險不夠好，先不列入高關注。,False,2026-10-01,True,True,STOP,STOP 停止進場,觀察,取消新進場，只保留觀察,只看續抱 / 減碼 / 停利 / 停損，不新增部位。,停止新進場，先保留現金，等待大盤止跌。,停止新進場，禁止顯示今日可進場。,False,False
2026-10-01,2026-10-01,收盤確認價,臺灣證券交易所 / 證券櫃檯買賣中心正式收盤；yfinance 歷史資料,只使用完整收盤日K，不使用盤中未完成K,上櫃,5206,坤悅,22.8,22.85,22.6,22.81,22.51,22.67,21.99,25.94,3.64,0.44,False,83695,230285,1908246,5128495,1.55,False,True,22.41,紅K突破,,False,False,False,False,0,False,只觀察,條件不足,旗型整理突破,23.8,21.53,27.85,接近成形＋可觀察,24.28,23.8,24.28,25.0,23.09,4.9,中,-4.2,6.17,3.0,14.72,24.28,0.22,False,False,False,預備單，等待確認條件,頸線以當日前20日高點計算；收盤站上頸線 23.8 至少2%；成交量>=20日均量2倍；不可長上影；回踩須有近10日突破紀錄且不有效跌破頸線；距離頸線>5%禁止進場,70,C,等更安全位置,條件或風險不夠好，先不列入高關注。,False,2026-10-01,True,True,STOP,STOP 停止進場,觀察,取消新進場，只保留觀察,只看續抱 / 減碼 / 停利 / 停損，不新增部位。,停止新進場，先保留現金，等待大盤止跌。,停止新進場，禁止顯示今日可進場。,False,False
2026-10-01,2026-10-01,收盤確認價,臺灣證券交易所 / 證券櫃檯買賣中心正式收盤；yfinance 歷史資料,只使用完整收盤日K，不使用盤中未完成K,上市,1438,三地開發,21.8,21.8,21.25,21.46,21.6,21.39,20.84,25.77,7.26,3.07,False,27847,61565,607064,1318449,1.62,False,True,36.34,紅K突破,,False,False,False,False,0,False,只觀察,條件不足,旗型整理突破,22.75,20.46,26.56,接近成形＋可觀察,23.21,22.75,23.21,23.9,22.07,4.9,中,-4.18,4.18,2.95,14.48,23.21,0.0,False,False,False,預備單，等待確認條件,頸線以當日前20日高點計算；收盤站上頸線 22.75 至少2%；成交量>=20日均量2倍；不可長上影；回踩須有近10日突破紀錄且不有效跌破頸線；距離頸線>5%禁止進場,70,C,等更安全位置,條件或風險不夠好，先不列入高關注。,False,2026-10-01,True,True,STOP,STOP 停止進場,觀察,取消新進場，只保留觀察,只看續抱 / 減碼 / 停利 / 停損，不新增部位。,停止新進場，先保留現金，等待大盤止跌。,停止新進場，禁止顯示今日可進場。,False,False
2026-10-01,2026-10-01,收盤確認價,臺灣證券交易所 / 證券櫃檯買賣中心正式收盤；yfinance 歷史資料,只使用完整收盤日K，不使用盤中未完成K,上櫃,3552,同致,44.3,45.3,43.75,44.06,42.07,42.21,44.34,54.35,-6.74,0.45,False,311494,615414,13799184,25877632,3.22,False,True,41.47,一般K,,False,False,False,False,0,False,只觀察,條件不足,接近成形,46.55,40.1,54.3,接近成形＋可觀察,47.48,46.55,47.48,48.91,45.15,4.9,中,-4.83,8.75,2.93,14.36,47.48,2.26,False,False,False,預備單，等待確認條件,頸線以當日前20日高點計算；收盤站上頸線 46.55 至少2%；成交量>=20日均量2倍；不可長上影；回踩須有近10日突破紀錄且不有效跌破頸線；距離頸線>5%禁止進場,70,C,等更安全位置,條件或風險不夠好，先不列入高關注。,False,2026-10-01,True,True,STOP,STOP 停止進場,觀察,取消新進場，只保留觀察,只看續抱 / 減碼 / 停利 / 停損，不新增部位。,停止新進場，先保留現金，等待大盤止跌。,停止新進場，禁止顯示今日可進場。,False,False
2026-10-01,2026-10-01,收盤確認價,臺灣證券交易所 / 證券櫃檯買賣中心正式收盤；yfinance 歷史資料,只使用完整收盤日K，不使用盤中未完成K,上櫃,4995,晶達,50.0,50.7,49.55,50.01,50.42,50.4,48.89,44.24,10.38,-0.99,False,7077,24552,353850,1238194,1.03,False,True,11.62,一般K,,False,False,False,False,0,False,只觀察,條件不足,接近成形,52.6,48.0,61.05,接近成形＋可觀察,53.65,52.6,53.65,55.26,51.02,4.9,中,-4.94,4.94,2.81,13.79,53.65,0.0,False,False,False,預備單，等待確認條件,頸線以當日前20日高點計算；收盤站上頸線 52.6 至少2%；成交量>=20日均量2倍；不可長上影；回踩須有近10日突破紀錄且不有效跌破頸線；距離頸線>5%禁止進場,70,C,等更安全位置,條件或風險不夠好，先不列入高關注。,False,2026-10-01,True,True,STOP,STOP 停止進場,觀察,取消新進場，只保留觀察,只看續抱 / 減碼 / 停利 / 停損，不新增部位。,停止新進場，先保留現金，等待大盤止跌。,停止新進場，禁止顯示今日可進場。,False,False
2026-10-01,2026-10-01,收盤確認價,臺灣證券交易所 / 證券櫃檯買賣中心正式收盤；yfinance 歷史資料,只使用完整收盤日K，不使用盤中未完成K,上櫃,6527,明達醫,75.0,75.0,74.1,74.82,74.88,75.0,73.3,74.83,1.9,0.0,False,28010,25643,2100750,1936909,0.92,False,True,24.8,一般K,,False,False,False,False,0,False,只觀察,條件不足,旗型整理突破,78.4,73.1,90.3,接近成形＋可觀察,79.97,78.4,79.97,82.37,76.05,4.9,中,-4.34,4.34,2.64,12.92,79.97,0.0,False,False,False,預備單，等待確認條件,頸線以當日前20日高點計算；收盤站上頸線 78.4 至少2%；成交量>=20日均量2倍；不可長上影；回踩須有近10日突破紀錄且不有效跌破頸線；距離頸線>5%禁止進場,70,C,等更安全位置,條件或風險不夠好，先不列入高關注。,False,2026-10-01,True,True,STOP,STOP 停止進場,觀察,取消新進場，只保留觀察,只看續抱 / 減碼 / 停利 / 停損，不新增部位。,停止新進場，先保留現金，等待大盤止跌。,停止新進場，禁止顯示今日可進場。,False,False
2026-10-01,2026-10-01,收盤確認價,臺灣證券交易所 / 證券櫃檯買賣中心正式收盤；yfinance 歷史資料,只使用完整收盤日K，不使用盤中未完成K,上櫃,2948,寶陞,36.5,37.75,36.5,36.87,36.99,37.4,37.2,37.3,-1.75,-2.41,False,6075,3732,221737,138750,1.65,False,True,65.88,一般K,,False,False,False,False,0,False,只觀察,條件不足,三角收斂突破,38.4,36.1,44.2,接近成形＋可觀察,39.17,38.4,39.17,40.34,37.25,4.9,中,-4.95,5.93,2.62,12.85,39.17,0.14,False,False,False,預備單，等待確認條件,頸線以當日前20日高點計算；收盤站上頸線 38.4 至少2%；成交量>=20日均量2倍；不可長上影；回踩須有近10日突破紀錄且不有效跌破頸線；距離頸線>5%禁止進場,70,C,等更安全位置,條件或風險不夠好，先不列入高關注。,False,2026-10-01,True,True,STOP,STOP 停止進場,觀察,取消新進場，只保留觀察,只看續抱 / 減碼 / 停利 / 停損，不新增部位。,停止新進場，先保留現金，等待大盤止跌。,停止新進場，禁止顯示今日可進場。,False,False
2026-10-01,2026-10-01,收盤確認價,臺灣證券交易所 / 證券櫃檯買賣中心正式收盤；yfinance 歷史資料,只使用完整收盤日K，不使用盤中未完成K,上市,2331,精英,19.15,19.25,19.05,18.98,19.02,19.05,19.43,21.73,-6.59,-0.26,False,700402,968995,13412698,18505126,1.49,False,True,18.93,一般K,,False,False,False,False,0,False,只觀察,條件不足,旗型整理突破,20.1,18.4,23.0,接近成形＋可觀察,20.5,20.1,20.5,21.12,19.5,4.9,中,-4.73,9.24,2.49,12.18,20.5,0.26,False,False,False,預備單，等待確認條件,頸線以當日前20日高點計算；收盤站上頸線 20.1 至少2%；成交量>=20日均量2倍；不可長上影；回踩須有近10日突破紀錄且不有效跌破頸線；距離頸線>5%禁止進場,70,C,等更安全位置,條件或風險不夠好，先不列入高關注。,False,2026-10-01,True,True,STOP,STOP 停止進場,觀察,取消新進場，只保留觀察,只看續抱 / 減碼 / 停利 / 停損，不新增部位。,停止新進場，先保留現金，等待大盤止跌。,停止新進場，禁止顯示今日可進場。,False,False
2026-10-01,2026-10-01,收盤確認價,臺灣證券交易所 / 證券櫃檯買賣中心正式收盤；yfinance 歷史資料,只使用完整收盤日K，不使用盤中未完成K,上櫃,5511,德昌,69.3,69.5,68.5,69.72,69.66,69.71,70.23,60.7,4.24,-0.43,False,220378,117317,15272195,8177741,0.74,False,True,25.37,一般K,,False,False,False,False,0,False,只觀察,條件不足,三角收斂突破,71.5,69.0,81.4,接近成形＋可觀察,72.93,71.5,72.93,75.12,69.36,4.9,中,-3.08,7.97,2.37,11.61,72.93,0.0,False,False,False,預備單，等待確認條件,頸線以當日前20日高點計算；收盤站上頸線 71.5 至少2%；成交量>=20日均量2倍；不可長上影；回踩須有近10日突破紀錄且不有效跌破頸線；距離頸線>5%禁止進場,70,C,等更安全位置,條件或風險不夠好，先不列入高關注。,False,2026-10-01,True,True,STOP,STOP 停止進場,觀察,取消新進場，只保留觀察,只看續抱 / 減碼 / 停利 / 停損，不新增部位。,停止新進場，先保留現金，等待大盤止跌。,停止新進場，禁止顯示今日可進場。,False,False
2026-10-01,2026-10-01,收盤確認價,臺灣證券交易所 / 證券櫃檯買賣中心正式收盤；yfinance 歷史資料,只使用完整收盤日K，不使用盤中未完成K,上櫃,8284,三竹,67.6,68.9,66.7,67.98,68.45,67.68,65.03,63.7,10.46,-0.59,False,28023,21261,1894354,1441672,0.78,False,True,31.4,一般K,,False,False,False,False,0,False,只觀察,條件不足,接近成形,69.7,64.9,79.3,接近成形＋可觀察,71.09,69.7,71.09,73.23,67.61,4.9,中,-3.01,3.43,2.35,11.54,71.09,1.33,False,False,False,預備單，等待確認條件,頸線以當日前20日高點計算；收盤站上頸線 69.7 至少2%；成交量>=20日均量2倍；不可長上影；回踩須有近10日突破紀錄且不有效跌破頸線；距離頸線>5%禁止進場,70,C,等更安全位置,條件或風險不夠好，先不列入高關注。,False,2026-10-01,True,True,STOP,STOP 停止進場,觀察,取消新進場，只保留觀察,只看續抱 / 減碼 / 停利 / 停損，不新增部位。,停止新進場，先保留現金，等待大盤止跌。,停止新進場，禁止顯示今日可進場。,False,False
2026-10-01,2026-10-01,收盤確認價,臺灣證券交易所 / 證券櫃檯買賣中心正式收盤；yfinance 歷史資料,只使用完整收盤日K，不使用盤中未完成K,上櫃,4767,誠泰科技,28.1,28.1,28.1,28.04,28.0,28.37,27.62,27.01,2.93,-0.35,False,6457,16073,181441,457431,1.51,False,True,29.29,資料不足,,False,False,False,False,0,False,只觀察,條件不足,旗型整理突破,29.5,27.25,33.55,接近成形＋可觀察,30.09,29.5,30.09,30.99,28.61,4.9,中,-4.75,7.26,2.35,11.5,30.09,0.0,False,False,False,預備單，等待確認條件,頸線以當日前20日高點計算；收盤站上頸線 29.5 至少2%；成交量>=20日均量2倍；不可長上影；回踩須有近10日突破紀錄且不有效跌破頸線；距離頸線>5%禁止進場,70,C,等更安全位置,條件或風險不夠好，先不列入高關注。,False,2026-10-01,True,True,STOP,STOP 停止進場,觀察,取消新進場，只保留觀察,只看續抱 / 減碼 / 停利 / 停損，不新增部位。,停止新進場，先保留現金，等待大盤止跌。,停止新進場，禁止顯示今日可進場。,False,False
2026-10-01,2026-10-01,收盤確認價,臺灣證券交易所 / 證券櫃檯買賣中心正式收盤；yfinance 歷史資料,只使用完整收盤日K，不使用盤中未完成K,上市,1236,宏亞,25.5,25.8,25.3,25.39,25.44,25.75,25.03,25.52,-3.04,0.2,False,13674,47796,348687,1232278,0.48,False,True,24.05,一般K,,False,False,False,False,0,False,只觀察,條件不足,旗型整理突破,26.3,24.8,29.8,接近成形＋可觀察,26.83,26.3,26.83,27.63,25.51,4.9,中,-3.04,6.76,2.26,11.09,26.83,1.18,False,False,False,預備單，等待確認條件,頸線以當日前20日高點計算；收盤站上頸線 26.3 至少2%；成交量>=20日均量2倍；不可長上影；回踩須有近10日突破紀錄且不有效跌破頸線；距離頸線>5%禁止進場,70,C,等更安全位置,條件或風險不夠好，先不列入高關注。,False,2026-10-01,True,True,STOP,STOP 停止進場,觀察,取消新進場，只保留觀察,只看續抱 / 減碼 / 停利 / 停損，不新增部位。,停止新進場，先保留現金，等待大盤止跌。,停止新進場，禁止顯示今日可進場。,False,False
2026-10-01,2026-10-01,收盤確認價,臺灣證券交易所 / 證券櫃檯買賣中心正式收盤；yfinance 歷史資料,只使用完整收盤日K，不使用盤中未完成K,上市,1598,岱宇,20.55,20.55,20.4,20.45,20.4,20.41,20.17,20.64,8.16,0.24,False,103610,177871,2129185,3656367,1.57,False,True,16.89,紅K突破,,False,False,False,False,0,False,只觀察,條件不足,接近成形,21.6,19.7,24.35,接近成形＋可觀察,22.03,21.6,22.03,22.69,20.95,4.9,中,-4.86,5.3,2.15,10.52,22.03,0.0,False,False,False,預備單，等待確認條件,頸線以當日前20日高點計算；收盤站上頸線 21.6 至少2%；成交量>=20日均量2倍；不可長上影；回踩須有近10日突破紀錄且不有效跌破頸線；距離頸線>5%禁止進場,70,C,等更安全位置,條件或風險不夠好，先不列入高關注。,False,2026-10-01,True,True,STOP,STOP 停止進場,觀察,取消新進場，只保留觀察,只看續抱 / 減碼 / 停利 / 停損，不新增部位。,停止新進場，先保留現金，等待大盤止跌。,停止新進場，禁止顯示今日可進場。,False,False
2026-10-01,2026-10-01,收盤確認價,臺灣證券交易所 / 證券櫃檯買賣中心正式收盤；yfinance 歷史資料,只使用完整收盤日K，不使用盤中未完成K,上櫃,4760,勤凱,288.5,288.5,267.0,268.9,265.55,265.07,255.57,232.76,-11.24,9.9,True,888048,368749,256201848,98787296,3.16,True,True,16.55,紅K突破,,True,True,False,False,2,False,C級：已漲遠或接近目標，禁止追高,趨勢多頭、量能放大,三角收斂突破,284.0,251.82,376.81,接近成形＋可觀察,289.68,284.0,289.68,298.37,275.48,4.9,低,1.58,12.29,6.14,30.08,289.68,0.0,False,False,True,距離頸線或前高過遠，禁止追高,頸線以當日前20日高點計算；收盤站上頸線 284.0 至少2%；成交量>=20日均量2倍；不可長上影；回踩須有近10日突破紀錄且不有效跌破頸線；距離頸線>5%禁止進場,65,C,禁止追高,已漲遠或接近目標，空手不追；持有者依策略分批處理。,False,2026-10-01,True,True,STOP,STOP 停止進場,觀察,取消新進場，只保留觀察,只看續抱 / 減碼 / 停利 / 停損，不新增部位。,停止新進場，先保留現金，等待大盤止跌。,停止新進場，禁止顯示今日可進場。,False,False
2026-10-01,2026-10-01,收盤確認價,臺灣證券交易所 / 證券櫃檯買賣中心正式收盤；yfinance 歷史資料,只使用完整收盤日K，不使用盤中未完成K,上市,1727,中華化,112.0,116.0,105.5,114.3,108.71,99.81,88.52,64.86,22.14,2.75,False,18550381,11294251,2077642672,1234297635,4.61,True,True,30.27,一般K,化工 特化材料 題材股,True,False,False,False,1,False,C級：已漲遠或接近目標，禁止追高,趨勢多頭,旗型整理突破,109.5,94.82,157.3,接近成形＋可觀察,111.69,109.5,111.69,115.04,106.22,4.9,低,2.28,10.4,8.33,40.84,111.69,3.57,True,False,True,距離頸線或前高過遠，禁止追高,頸線以當日前20日高點計算；收盤站上頸線 109.5 至少2%；成交量>=20日均量2倍；不可長上影；回踩須有近10日突破紀錄且不有效跌破頸線；距離頸線>5%禁止進場,65,C,禁止追高,已漲遠或接近目標，空手不追；持有者依策略分批處理。,False,2026-10-01,True,True,STOP,STOP 停止進場,觀察,取消新進場，只保留觀察,只看續抱 / 減碼 / 停利 / 停損，不新增部位。,停止新進場，先保留現金，等待大盤止跌。,停止新進場，禁止顯示今日可進場。,False,False
2026-10-01,2026-10-01,收盤確認價,臺灣證券交易所 / 證券櫃檯買賣中心正式收盤；yfinance 歷史資料,只使用完整收盤日K，不使用盤中未完成K,上櫃,6693,廣閎科,212.5,219.5,205.0,209.7,195.4,187.05,184.04,130.82,-12.91,0.47,False,1966554,1937468,417892725,377798531,4.21,True,True,32.73,下影線,,True,False,False,False,1,False,C級：已漲遠或接近目標，禁止追高,趨勢多頭,旗型整理突破,212.5,177.7,290.5,接近成形＋可觀察,216.75,212.5,216.75,223.25,206.12,4.9,低,0.0,17.32,6.94,34.03,216.75,3.29,True,False,True,距離頸線或前高過遠，禁止追高,頸線以當日前20日高點計算；收盤站上頸線 212.5 至少2%；成交量>=20日均量2倍；不可長上影；回踩須有近10日突破紀錄且不有效跌破頸線；距離頸線>5%禁止進場,65,C,禁止追高,已漲遠或接近目標，空手不追；持有者依策略分批處理。,False,2026-10-01,True,True,STOP,STOP 停止進場,觀察,取消新進場，只保留觀察,只看續抱 / 減碼 / 停利 / 停損，不新增部位。,停止新進場，先保留現金，等待大盤止跌。,停止新進場，禁止顯示今日可進場。,False,False
2026-10-01,2026-10-01,收盤確認價,臺灣證券交易所 / 證券櫃檯買賣中心正式收盤；yfinance 歷史資料,只使用完整收盤日K，不使用盤中未完成K,上櫃,7712,博盛半導體,169.0,169.5,163.0,164.0,160.15,155.72,150.88,126.0,-11.05,4.97,False,370747,229513,62656243,36179195,2.59,True,True,23.83,紅K突破,,True,False,False,False,1,False,C級：已漲遠或接近目標，禁止追高,趨勢多頭,三角收斂突破,171.0,147.94,230.0,接近成形＋可觀察,174.42,171.0,174.42,179.65,165.87,4.9,低,-1.17,15.08,6.5,31.87,174.42,0.3,False,False,True,距離頸線或前高過遠，禁止追高,頸線以當日前20日高點計算；收盤站上頸線 171.0 至少2%；成交量>=20日均量2倍；不可長上影；回踩須有近10日突破紀錄且不有效跌破頸線；距離頸線>5%禁止進場,65,C,禁止追高,已漲遠或接近目標，空手不追；持有者依策略分批處理。,False,2026-10-01,True,True,STOP,STOP 停止進場,觀察,取消新進場，只保留觀察,只看續抱 / 減碼 / 停利 / 停損，不新增部位。,停止新進場，先保留現金，等待大盤止跌。,停止新進場，禁止顯示今日可進場。,False,False
2026-10-01,2026-10-01,收盤確認價,臺灣證券交易所 / 證券櫃檯買賣中心正式收盤；yfinance 歷史資料,只使用完整收盤日K，不使用盤中未完成K,上櫃,5425,台半,97.5,98.5,95.7,95.9,94.63,92.49,92.2,74.77,-28.31,1.56,False,12143875,10608763,1184027812,985637176,2.43,True,True,20.2,紅K突破,,True,False,False,False,1,False,C級：已漲遠或接近目標，禁止追高,趨勢多頭,旗型整理突破,97.6,87.87,129.0,接近成形＋可觀察,99.55,97.6,99.55,102.54,94.67,4.9,低,-0.1,29.35,6.03,29.58,99.55,1.03,False,False,True,距離頸線或前高過遠，禁止追高,頸線以當日前20日高點計算；收盤站上頸線 97.6 至少2%；成交量>=20日均量2倍；不可長上影；回踩須有近10日突破紀錄且不有效跌破頸線；距離頸線>5%禁止進場,65,C,禁止追高,已漲遠或接近目標，空手不追；持有者依策略分批處理。,False,2026-10-01,True,True,STOP,STOP 停止進場,觀察,取消新進場，只保留觀察,只看續抱 / 減碼 / 停利 / 停損，不新增部位。,停止新進場，先保留現金，等待大盤止跌。,停止新進場，禁止顯示今日可進場。,False,False
2026-10-01,2026-10-01,收盤確認價,臺灣證券交易所 / 證券櫃檯買賣中心正式收盤；yfinance 歷史資料,只使用完整收盤日K，不使用盤中未完成K,上櫃,3581,博磊,117.0,128.5,114.0,109.9,104.81,104.35,110.57,105.62,-10.0,0.0,False,1644208,390849,192372336,41983096,3.94,True,True,16.81,長黑,,False,True,False,False,1,False,C級：已漲遠或接近目標，禁止追高,量能放大,旗型整理突破,117.5,99.13,148.9,接近成形＋可觀察,119.85,117.5,119.85,123.45,113.97,4.9,低,-0.43,17.89,4.94,24.24,119.85,2.14,False,False,True,距離頸線或前高過遠，禁止追高,頸線以當日前20日高點計算；收盤站上頸線 117.5 至少2%；成交量>=20日均量2倍；不可長上影；回踩須有近10日突破紀錄且不有效跌破頸線；距離頸線>5%禁止進場,65,C,禁止追高,已漲遠或接近目標，空手不追；持有者依策略分批處理。,False,2026-10-01,True,True,STOP,STOP 停止進場,觀察,取消新進場，只保留觀察,只看續抱 / 減碼 / 停利 / 停損，不新增部位。,停止新進場，先保留現金，等待大盤止跌。,停止新進場，禁止顯示今日可進場。,False,False
2026-10-01,2026-10-01,收盤確認價,臺灣證券交易所 / 證券櫃檯買賣中心正式收盤；yfinance 歷史資料,只使用完整收盤日K，不使用盤中未完成K,上市,2327,國巨*,602.0,602.0,560.0,570.2,559.4,556.3,605.56,437.91,-32.44,9.85,True,74137455,35902901,44630747910,20196022911,4.41,True,True,11.86,紅K突破,,False,True,False,False,1,False,C級：已漲遠或接近目標，禁止追高,量能放大,三角收斂突破,605.0,528.48,753.5,接近成形＋可觀察,617.1,605.0,617.1,635.61,586.85,4.9,低,-0.5,36.5,4.51,22.1,617.1,0.0,False,False,True,距離頸線或前高過遠，禁止追高,頸線以當日前20日高點計算；收盤站上頸線 605.0 至少2%；成交量>=20日均量2倍；不可長上影；回踩須有近10日突破紀錄且不有效跌破頸線；距離頸線>5%禁止進場,65,C,禁止追高,已漲遠或接近目標，空手不追；持有者依策略分批處理。,False,2026-10-01,True,True,STOP,STOP 停止進場,觀察,取消新進場，只保留觀察,只看續抱 / 減碼 / 停利 / 停損，不新增部位。,停止新進場，先保留現金，等待大盤止跌。,停止新進場，禁止顯示今日可進場。,False,False
2026-10-01,2026-10-01,收盤確認價,臺灣證券交易所 / 證券櫃檯買賣中心正式收盤；yfinance 歷史資料,只使用完整收盤日K，不使用盤中未完成K,上櫃,6190,萬泰科,71.2,71.6,70.4,69.52,69.34,68.34,69.08,60.03,-14.32,1.14,False,1571102,1968240,111862462,135231672,2.1,True,True,15.41,一般K,電線電纜 網通 伺服器,False,False,True,False,1,False,C級：已漲遠或接近目標，禁止追高,題材命中,旗型整理突破,73.2,65.6,90.2,接近成形＋可觀察,74.66,73.2,74.66,76.9,71.0,4.9,低,-2.73,16.63,4.24,20.81,74.66,0.56,False,False,True,距離頸線或前高過遠，禁止追高,頸線以當日前20日高點計算；收盤站上頸線 73.2 至少2%；成交量>=20日均量2倍；不可長上影；回踩須有近10日突破紀錄且不有效跌破頸線；距離頸線>5%禁止進場,65,C,禁止追高,已漲遠或接近目標，空手不追；持有者依策略分批處理。,False,2026-10-01,True,True,STOP,STOP 停止進場,觀察,取消新進場，只保留觀察,只看續抱 / 減碼 / 停利 / 停損，不新增部位。,停止新進場，先保留現金，等待大盤止跌。,停止新進場，禁止顯示今日可進場。,False,False
2026-10-01,2026-10-01,收盤確認價,臺灣證券交易所 / 證券櫃檯買賣中心正式收盤；yfinance 歷史資料,只使用完整收盤日K，不使用盤中未完成K,上櫃,6435,大中,262.0,262.0,253.0,253.8,248.95,245.53,264.43,194.83,-32.47,3.97,False,701140,299418,183698680,73953120,2.29,True,True,16.97,紅K突破,,False,True,False,False,1,False,C級：已漲遠或接近目標，禁止追高,量能放大,三角收斂突破,259.0,233.25,315.5,接近成形＋可觀察,264.18,259.0,264.18,272.11,251.23,4.9,低,1.16,33.67,3.96,19.43,264.18,0.0,False,False,True,距離頸線或前高過遠，禁止追高,頸線以當日前20日高點計算；收盤站上頸線 259.0 至少2%；成交量>=20日均量2倍；不可長上影；回踩須有近10日突破紀錄且不有效跌破頸線；距離頸線>5%禁止進場,65,C,禁止追高,已漲遠或接近目標，空手不追；持有者依策略分批處理。,False,2026-10-01,True,True,STOP,STOP 停止進場,觀察,取消新進場，只保留觀察,只看續抱 / 減碼 / 停利 / 停損，不新增部位。,停止新進場，先保留現金，等待大盤止跌。,停止新進場，禁止顯示今日可進場。,False,False
2026-10-01,2026-10-01,收盤確認價,臺灣證券交易所 / 證券櫃檯買賣中心正式收盤；yfinance 歷史資料,只使用完整收盤日K，不使用盤中未完成K,上櫃,6284,佳邦,80.3,82.0,76.0,76.34,76.0,76.64,79.13,84.23,-19.7,6.22,False,3208473,856775,257640381,66357929,2.6,True,True,11.59,紅K突破,,False,True,False,False,1,False,C級：已漲遠或接近目標，禁止追高,量能放大,箱型突破,81.4,73.1,97.9,接近成形＋可觀察,83.03,81.4,83.03,85.52,78.96,4.9,低,-1.35,22.04,3.65,17.91,83.03,2.12,False,False,True,距離頸線或前高過遠，禁止追高,頸線以當日前20日高點計算；收盤站上頸線 81.4 至少2%；成交量>=20日均量2倍；不可長上影；回踩須有近10日突破紀錄且不有效跌破頸線；距離頸線>5%禁止進場,65,C,禁止追高,已漲遠或接近目標，空手不追；持有者依策略分批處理。,False,2026-10-01,True,True,STOP,STOP 停止進場,觀察,取消新進場，只保留觀察,只看續抱 / 減碼 / 停利 / 停損，不新增部位。,停止新進場，先保留現金，等待大盤止跌。,停止新進場，禁止顯示今日可進場。,False,False
2026-10-01,2026-10-01,收盤確認價,臺灣證券交易所 / 證券櫃檯買賣中心正式收盤；yfinance 歷史資料,只使用完整收盤日K，不使用盤中未完成K,上櫃,8054,安國,89.8,92.5,88.9,86.94,85.56,83.81,85.63,109.85,-10.65,1.35,False,2193880,937687,197010424,79726560,1.98,True,True,25.21,一般K,,False,True,False,False,1,False,C級：已漲遠或接近目標，禁止追高,量能放大,三角收斂突破,92.0,79.62,108.7,接近成形＋可觀察,93.84,92.0,93.84,96.66,89.24,4.9,低,-2.39,12.82,3.23,15.84,93.84,3.01,False,False,True,距離頸線或前高過遠，禁止追高,頸線以當日前20日高點計算；收盤站上頸線 92.0 至少2%；成交量>=20日均量2倍；不可長上影；回踩須有近10日突破紀錄且不有效跌破頸線；距離頸線>5%禁止進場,65,C,禁止追高,已漲遠或接近目標，空手不追；持有者依策略分批處理。,False,2026-10-01,True,True,STOP,STOP 停止進場,觀察,取消新進場，只保留觀察,只看續抱 / 減碼 / 停利 / 停損，不新增部位。,停止新進場，先保留現金，等待大盤止跌。,停止新進場，禁止顯示今日可進場。,False,False
2026-10-01,2026-10-01,收盤確認價,臺灣證券交易所 / 證券櫃檯買賣中心正式收盤；yfinance 歷史資料,只使用完整收盤日K，不使用盤中未完成K,上櫃,6175,立敦,76.3,77.1,70.9,71.02,70.46,70.48,78.29,65.44,-28.69,8.38,True,5535784,821006,422380319,59481017,2.59,True,True,22.08,紅K突破,,False,True,False,False,1,False,C級：已漲遠或接近目標，禁止追高,量能放大,箱型突破,76.5,67.4,87.3,接近成形＋可觀察,78.03,76.5,78.03,80.37,74.2,4.9,低,-0.26,32.48,2.42,11.88,78.03,1.05,False,False,True,距離頸線或前高過遠，禁止追高,頸線以當日前20日高點計算；收盤站上頸線 76.5 至少2%；成交量>=20日均量2倍；不可長上影；回踩須有近10日突破紀錄且不有效跌破頸線；距離頸線>5%禁止進場,65,C,禁止追高,已漲遠或接近目標，空手不追；持有者依策略分批處理。,False,2026-10-01,True,True,STOP,STOP 停止進場,觀察,取消新進場，只保留觀察,只看續抱 / 減碼 / 停利 / 停損，不新增部位。,停止新進場，先保留現金，等待大盤止跌。,停止新進場，禁止顯示今日可進場。,False,False
2026-10-01,2026-10-01,收盤確認價,臺灣證券交易所 / 證券櫃檯買賣中心正式收盤；yfinance 歷史資料,只使用完整收盤日K，不使用盤中未完成K,上櫃,6274,台燿,1535.0,1540.0,1500.0,1499.0,1447.5,1409.75,1409.92,936.95,-6.69,0.99,False,4682645,7396396,7187860075,10381616325,3.05,True,True,38.15,紅K突破,,False,False,False,False,0,False,C級：已漲遠或接近目標，禁止追高,條件不足,旗型整理突破,1550.0,1339.26,2162.0,接近成形＋可觀察,1581.0,1550.0,1581.0,1628.43,1503.5,4.9,低,-0.97,11.27,7.5,36.75,1581.0,0.33,False,False,True,距離頸線或前高過遠，禁止追高,頸線以當日前20日高點計算；收盤站上頸線 1550.0 至少2%；成交量>=20日均量2倍；不可長上影；回踩須有近10日突破紀錄且不有效跌破頸線；距離頸線>5%禁止進場,65,C,禁止追高,已漲遠或接近目標，空手不追；持有者依策略分批處理。,False,2026-10-01,True,True,STOP,STOP 停止進場,觀察,取消新進場，只保留觀察,只看續抱 / 減碼 / 停利 / 停損，不新增部位。,停止新進場，先保留現金，等待大盤止跌。,停止新進場，禁止顯示今日可進場。,False,False
2026-10-01,2026-10-01,收盤確認價,臺灣證券交易所 / 證券櫃檯買賣中心正式收盤；yfinance 歷史資料,只使用完整收盤日K，不使用盤中未完成K,上櫃,4542,科嶠,328.0,343.0,328.0,334.1,311.25,292.93,295.08,193.95,-16.22,-4.65,False,429572,886489,140899616,274402754,4.91,True,True,23.46,長黑,,False,False,False,False,0,False,C級：已漲遠或接近目標，禁止追高,條件不足,旗型整理突破,319.0,278.28,419.5,接近成形＋可觀察,325.38,319.0,325.38,335.14,309.43,4.9,低,2.82,22.27,5.9,28.93,325.38,0.0,True,False,True,距離頸線或前高過遠，禁止追高,頸線以當日前20日高點計算；收盤站上頸線 319.0 至少2%；成交量>=20日均量2倍；不可長上影；回踩須有近10日突破紀錄且不有效跌破頸線；距離頸線>5%禁止進場,65,C,禁止追高,已漲遠或接近目標，空手不追；持有者依策略分批處理。,False,2026-10-01,True,True,STOP,STOP 停止進場,觀察,取消新進場，只保留觀察,只看續抱 / 減碼 / 停利 / 停損，不新增部位。,停止新進場，先保留現金，等待大盤止跌。,停止新進場，禁止顯示今日可進場。,False,False
2026-10-01,2026-10-01,收盤確認價,臺灣證券交易所 / 證券櫃檯買賣中心正式收盤；yfinance 歷史資料,只使用完整收盤日K，不使用盤中未完成K,上櫃,2061,風青,61.7,65.0,60.0,58.14,55.65,52.74,55.27,31.69,-25.66,3.18,False,3263880,2103936,201381396,113154507,4.69,True,True,24.22,一般K,,False,False,False,False,0,False,C級：已漲遠或接近目標，禁止追高,條件不足,接近成形,63.3,50.1,80.6,接近成形＋可觀察,64.57,63.3,64.57,66.5,61.4,4.9,低,-2.53,28.09,5.07,24.83,64.57,5.35,False,False,True,距離頸線或前高過遠，禁止追高,頸線以當日前20日高點計算；收盤站上頸線 63.3 至少2%；成交量>=20日均量2倍；不可長上影；回踩須有近10日突破紀錄且不有效跌破頸線；距離頸線>5%禁止進場,65,C,禁止追高,已漲遠或接近目標，空手不追；持有者依策略分批處理。,False,2026-10-01,True,True,STOP,STOP 停止進場,觀察,取消新進場，只保留觀察,只看續抱 / 減碼 / 停利 / 停損，不新增部位。,停止新進場，先保留現金，等待大盤止跌。,停止新進場，禁止顯示今日可進場。,False,False
2026-10-01,2026-10-01,收盤確認價,臺灣證券交易所 / 證券櫃檯買賣中心正式收盤；yfinance 歷史資料,只使用完整收盤日K，不使用盤中未完成K,上市,2316,楠梓電,167.0,172.0,164.5,162.9,160.15,158.9,161.93,129.72,-23.39,0.6,False,2448561,1556940,408909687,247760768,2.09,True,True,17.77,一般K,,False,False,False,False,0,False,C級：已漲遠或接近目標，禁止追高,條件不足,三角收斂突破,171.0,152.5,215.0,接近成形＋可觀察,174.42,171.0,174.42,179.65,165.87,4.9,低,-2.34,25.28,4.75,23.27,174.42,2.69,False,False,True,距離頸線或前高過遠，禁止追高,頸線以當日前20日高點計算；收盤站上頸線 171.0 至少2%；成交量>=20日均量2倍；不可長上影；回踩須有近10日突破紀錄且不有效跌破頸線；距離頸線>5%禁止進場,65,C,禁止追高,已漲遠或接近目標，空手不追；持有者依策略分批處理。,False,2026-10-01,True,True,STOP,STOP 停止進場,觀察,取消新進場，只保留觀察,只看續抱 / 減碼 / 停利 / 停損，不新增部位。,停止新進場，先保留現金，等待大盤止跌。,停止新進場，禁止顯示今日可進場。,False,False
2026-10-01,2026-10-01,收盤確認價,臺灣證券交易所 / 證券櫃檯買賣中心正式收盤；yfinance 歷史資料,只使用完整收盤日K，不使用盤中未完成K,上櫃,3551,世禾,193.0,193.5,188.5,186.6,183.75,180.03,181.88,186.5,-4.46,2.93,False,1127796,565273,217664628,104153884,2.4,True,True,14.93,紅K突破,,False,False,False,False,0,False,C級：已漲遠或接近目標，禁止追高,條件不足,箱型突破,191.0,171.02,230.0,接近成形＋可觀察,194.82,191.0,194.82,200.66,185.27,4.9,低,1.05,16.09,3.68,18.06,194.82,0.26,False,False,True,距離頸線或前高過遠，禁止追高,頸線以當日前20日高點計算；收盤站上頸線 191.0 至少2%；成交量>=20日均量2倍；不可長上影；回踩須有近10日突破紀錄且不有效跌破頸線；距離頸線>5%禁止進場,65,C,禁止追高,已漲遠或接近目標，空手不追；持有者依策略分批處理。,False,2026-10-01,True,True,STOP,STOP 停止進場,觀察,取消新進場，只保留觀察,只看續抱 / 減碼 / 停利 / 停損，不新增部位。,停止新進場，先保留現金，等待大盤止跌。,停止新進場，禁止顯示今日可進場。,False,False
2026-10-01,2026-10-01,收盤確認價,臺灣證券交易所 / 證券櫃檯買賣中心正式收盤；yfinance 歷史資料,只使用完整收盤日K，不使用盤中未完成K,上櫃,3691,碩禾,112.5,120.5,112.0,118.6,109.18,103.2,110.08,109.32,-22.95,-5.86,False,1173841,868152,132057112,97901298,4.1,True,True,26.18,長黑,,False,False,False,False,0,False,C級：已漲遠或接近目標，禁止追高,條件不足,接近成形,110.5,98.04,130.5,回踩頸線不破,112.71,110.5,112.71,116.09,107.19,4.72,低,1.81,24.75,3.39,16.0,112.5,0.44,True,False,True,距離頸線或前高過遠，禁止追高,頸線以當日前20日高點計算；收盤站上頸線 110.5 至少2%；成交量>=20日均量2倍；不可長上影；回踩須有近10日突破紀錄且不有效跌破頸線；距離頸線>5%禁止進場,65,C,禁止追高,已漲遠或接近目標，空手不追；持有者依策略分批處理。,False,2026-10-01,True,True,STOP,STOP 停止進場,回踩買點,取消新進場，只保留觀察,只看續抱 / 減碼 / 停利 / 停損，不新增部位。,停止新進場，先保留現金，等待大盤止跌。,停止新進場，禁止顯示今日可進場。,False,False
2026-10-01,2026-10-01,收盤確認價,臺灣證券交易所 / 證券櫃檯買賣中心正式收盤；yfinance 歷史資料,只使用完整收盤日K，不使用盤中未完成K,上櫃,3663,鑫科,65.1,67.2,64.7,63.5,62.28,61.45,64.28,62.98,-17.8,-3.98,False,1180490,619183,76849899,38895688,2.78,True,True,19.96,一般K,,False,False,False,False,0,False,C級：已漲遠或接近目標，禁止追高,條件不足,旗型整理突破,65.5,58.37,77.7,接近成形＋可觀察,66.81,65.5,66.81,68.81,63.53,4.9,低,-0.61,21.66,3.33,16.3,66.81,0.0,True,False,True,距離頸線或前高過遠，禁止追高,頸線以當日前20日高點計算；收盤站上頸線 65.5 至少2%；成交量>=20日均量2倍；不可長上影；回踩須有近10日突破紀錄且不有效跌破頸線；距離頸線>5%禁止進場,65,C,禁止追高,已漲遠或接近目標，空手不追；持有者依策略分批處理。,False,2026-10-01,True,True,STOP,STOP 停止進場,觀察,取消新進場，只保留觀察,只看續抱 / 減碼 / 停利 / 停損，不新增部位。,停止新進場，先保留現金，等待大盤止跌。,停止新進場，禁止顯示今日可進場。,False,False
2026-10-01,2026-10-01,收盤確認價,臺灣證券交易所 / 證券櫃檯買賣中心正式收盤；yfinance 歷史資料,只使用完整收盤日K，不使用盤中未完成K,上市,2329,華泰,44.35,45.1,44.2,44.34,43.88,43.15,44.28,51.51,-14.88,-1.0,False,1772390,2214102,78605496,96232379,1.66,True,True,21.52,一般K,,False,False,False,False,0,False,C級：已漲遠或接近目標，禁止追高,條件不足,旗型整理突破,45.3,40.99,53.5,接近成形＋可觀察,46.21,45.3,46.21,47.59,43.94,4.9,低,-2.1,16.64,3.22,15.79,46.21,0.0,False,False,True,距離頸線或前高過遠，禁止追高,頸線以當日前20日高點計算；收盤站上頸線 45.3 至少2%；成交量>=20日均量2倍；不可長上影；回踩須有近10日突破紀錄且不有效跌破頸線；距離頸線>5%禁止進場,65,C,禁止追高,已漲遠或接近目標，空手不追；持有者依策略分批處理。,False,2026-10-01,True,True,STOP,STOP 停止進場,觀察,取消新進場，只保留觀察,只看續抱 / 減碼 / 停利 / 停損，不新增部位。,停止新進場，先保留現金，等待大盤止跌。,停止新進場，禁止顯示今日可進場。,False,False
2026-10-01,2026-10-01,收盤確認價,臺灣證券交易所 / 證券櫃檯買賣中心正式收盤；yfinance 歷史資料,只使用完整收盤日K，不使用盤中未完成K,上櫃,8255,朋程,149.5,150.0,147.5,145.0,140.95,140.18,146.68,140.47,-17.63,1.7,False,337796,311579,50500502,43925487,1.52,True,True,28.3,紅K突破,,False,False,False,False,0,False,C級：已漲遠或接近目標，禁止追高,條件不足,旗型整理突破,151.5,133.17,177.5,接近成形＋可觀察,154.53,151.5,154.53,159.17,146.95,4.9,低,-1.32,20.48,3.03,14.86,154.53,0.33,False,False,True,距離頸線或前高過遠，禁止追高,頸線以當日前20日高點計算；收盤站上頸線 151.5 至少2%；成交量>=20日均量2倍；不可長上影；回踩須有近10日突破紀錄且不有效跌破頸線；距離頸線>5%禁止進場,65,C,禁止追高,已漲遠或接近目標，空手不追；持有者依策略分批處理。,False,2026-10-01,True,True,STOP,STOP 停止進場,觀察,取消新進場，只保留觀察,只看續抱 / 減碼 / 停利 / 停損，不新增部位。,停止新進場，先保留現金，等待大盤止跌。,停止新進場，禁止顯示今日可進場。,False,False
2026-10-01,2026-10-01,收盤確認價,臺灣證券交易所 / 證券櫃檯買賣中心正式收盤；yfinance 歷史資料,只使用完整收盤日K，不使用盤中未完成K,上櫃,6903,巨漢,316.0,327.0,315.5,310.7,306.5,305.68,324.19,293.24,-13.9,0.16,False,417368,223323,131888288,68620837,2.15,True,True,18.6,一般K,,False,False,False,False,0,False,C級：已漲遠或接近目標，禁止追高,條件不足,三角收斂突破,323.5,290.39,374.5,接近成形＋可觀察,329.97,323.5,329.97,339.87,313.8,4.9,低,-2.32,23.02,2.75,13.5,329.97,2.85,False,False,True,距離頸線或前高過遠，禁止追高,頸線以當日前20日高點計算；收盤站上頸線 323.5 至少2%；成交量>=20日均量2倍；不可長上影；回踩須有近10日突破紀錄且不有效跌破頸線；距離頸線>5%禁止進場,65,C,禁止追高,已漲遠或接近目標，空手不追；持有者依策略分批處理。,False,2026-10-01,True,True,STOP,STOP 停止進場,觀察,取消新進場，只保留觀察,只看續抱 / 減碼 / 停利 / 停損，不新增部位。,停止新進場，先保留現金，等待大盤止跌。,停止新進場，禁止顯示今日可進場。,False,False
2026-10-01,2026-10-01,收盤確認價,臺灣證券交易所 / 證券櫃檯買賣中心正式收盤；yfinance 歷史資料,只使用完整收盤日K，不使用盤中未完成K,上市,1708,東鹼,53.6,54.0,53.0,52.36,51.36,50.51,51.23,41.01,-10.67,-0.37,False,3644386,2769471,195339089,142203996,1.91,True,True,15.13,一般K,,False,False,False,False,0,False,C級：已漲遠或接近目標，禁止追高,條件不足,接近成形,54.5,47.99,62.9,接近成形＋可觀察,55.59,54.5,55.59,57.26,52.87,4.9,低,-1.65,11.4,2.68,13.15,55.59,0.37,False,False,True,距離頸線或前高過遠，禁止追高,頸線以當日前20日高點計算；收盤站上頸線 54.5 至少2%；成交量>=20日均量2倍；不可長上影；回踩須有近10日突破紀錄且不有效跌破頸線；距離頸線>5%禁止進場,65,C,禁止追高,已漲遠或接近目標，空手不追；持有者依策略分批處理。,False,2026-10-01,True,True,STOP,STOP 停止進場,觀察,取消新進場，只保留觀察,只看續抱 / 減碼 / 停利 / 停損，不新增部位。,停止新進場，先保留現金，等待大盤止跌。,停止新進場，禁止顯示今日可進場。,False,False
2026-10-01,2026-10-01,收盤確認價,臺灣證券交易所 / 證券櫃檯買賣中心正式收盤；yfinance 歷史資料,只使用完整收盤日K，不使用盤中未完成K,上櫃,3088,艾訊,132.5,135.0,132.5,131.7,129.2,126.5,130.8,104.63,-10.17,-0.75,False,441048,680462,58438860,86756943,2.52,True,True,31.61,一般K,,False,False,False,False,0,False,C級：已漲遠或接近目標，禁止追高,條件不足,旗型整理突破,131.5,120.17,149.0,接近成形＋可觀察,134.13,131.5,134.13,138.15,127.55,4.9,低,0.76,16.67,2.26,11.09,134.13,0.75,True,False,True,距離頸線或前高過遠，禁止追高,頸線以當日前20日高點計算；收盤站上頸線 131.5 至少2%；成交量>=20日均量2倍；不可長上影；回踩須有近10日突破紀錄且不有效跌破頸線；距離頸線>5%禁止進場,65,C,禁止追高,已漲遠或接近目標，空手不追；持有者依策略分批處理。,False,2026-10-01,True,True,STOP,STOP 停止進場,觀察,取消新進場，只保留觀察,只看續抱 / 減碼 / 停利 / 停損，不新增部位。,停止新進場，先保留現金，等待大盤止跌。,停止新進場，禁止顯示今日可進場。,False,False
2026-10-01,2026-10-01,收盤確認價,臺灣證券交易所 / 證券櫃檯買賣中心正式收盤；yfinance 歷史資料,只使用完整收盤日K，不使用盤中未完成K,上市,2352,佳世達,29.1,29.75,29.1,29.15,29.21,28.99,29.22,27.64,-15.41,-1.85,False,3305366,4525507,96186150,131448863,1.4,True,True,39.96,一般K,,False,False,False,False,0,False,C級：已漲遠或接近目標，禁止追高,條件不足,接近成形,29.95,28.15,33.85,接近成形＋可觀察,30.55,29.95,30.55,31.47,29.05,4.9,低,-2.84,18.49,2.2,10.81,30.55,0.17,False,False,True,距離頸線或前高過遠，禁止追高,頸線以當日前20日高點計算；收盤站上頸線 29.95 至少2%；成交量>=20日均量2倍；不可長上影；回踩須有近10日突破紀錄且不有效跌破頸線；距離頸線>5%禁止進場,65,C,禁止追高,已漲遠或接近目標，空手不追；持有者依策略分批處理。,False,2026-10-01,True,True,STOP,STOP 停止進場,觀察,取消新進場，只保留觀察,只看續抱 / 減碼 / 停利 / 停損，不新增部位。,停止新進場，先保留現金，等待大盤止跌。,停止新進場，禁止顯示今日可進場。,False,False
2026-10-01,2026-10-01,收盤確認價,臺灣證券交易所 / 證券櫃檯買賣中心正式收盤；yfinance 歷史資料,只使用完整收盤日K，不使用盤中未完成K,上櫃,6613,朋億*,278.5,281.5,274.0,272.4,269.1,264.62,281.79,234.75,-11.59,1.64,False,407802,239763,113572857,63532636,2.06,True,True,15.21,紅K突破,,False,False,False,False,0,False,C級：已漲遠或接近目標，禁止追高,條件不足,箱型突破,279.0,251.39,315.0,接近成形＋可觀察,284.58,279.0,284.58,293.12,270.63,4.9,低,-0.18,26.03,2.18,10.69,284.58,1.08,False,False,True,距離頸線或前高過遠，禁止追高,頸線以當日前20日高點計算；收盤站上頸線 279.0 至少2%；成交量>=20日均量2倍；不可長上影；回踩須有近10日突破紀錄且不有效跌破頸線；距離頸線>5%禁止進場,65,C,禁止追高,已漲遠或接近目標，空手不追；持有者依策略分批處理。,False,2026-10-01,True,True,STOP,STOP 停止進場,觀察,取消新進場，只保留觀察,只看續抱 / 減碼 / 停利 / 停損，不新增部位。,停止新進場，先保留現金，等待大盤止跌。,停止新進場，禁止顯示今日可進場。,False,False
2026-10-01,2026-10-01,收盤確認價,臺灣證券交易所 / 證券櫃檯買賣中心正式收盤；yfinance 歷史資料,只使用完整收盤日K，不使用盤中未完成K,上櫃,1336,台翰,18.3,18.45,17.4,17.3,17.06,16.72,16.14,15.5,27.08,5.48,False,852500,283492,15600750,4785402,2.41,False,True,47.1,紅K突破,,True,True,False,False,2,False,只觀察,趨勢多頭、量能放大,箱型突破,17.55,15.95,20.9,突破第一根,17.9,17.55,17.9,18.44,17.02,6.98,高,4.27,1.61,2.04,14.21,18.3,0.82,False,False,False,突破確認，可在追價範圍內掛單,頸線以當日前20日高點計算；收盤站上頸線 17.55 至少2%；成交量>=20日均量2倍；不可長上影；回踩須有近10日突破紀錄且不有效跌破頸線；距離頸線>5%禁止進場,60,C,等更安全位置,條件或風險不夠好，先不列入高關注。,False,2026-10-01,True,True,STOP,STOP 停止進場,突破買點,取消新進場，只保留觀察,只看續抱 / 減碼 / 停利 / 停損，不新增部位。,停止新進場，先保留現金，等待大盤止跌。,停止新進場，禁止顯示今日可進場。,False,False
2026-10-01,2026-10-01,收盤確認價,臺灣證券交易所 / 證券櫃檯買賣中心正式收盤；yfinance 歷史資料,只使用完整收盤日K，不使用盤中未完成K,上市,1315,達新,68.7,68.9,68.1,68.4,67.99,67.02,65.38,64.09,7.68,-0.15,False,10790,39624,741273,2654395,0.61,False,True,43.5,一般K,,True,False,False,False,1,False,只觀察,趨勢多頭,箱型突破,68.8,65.4,75.1,接近成形＋可觀察,70.18,68.8,70.18,72.28,66.74,4.9,中,-0.15,0.15,1.43,7.02,70.18,0.0,False,False,False,預備單，等待確認條件,頸線以當日前20日高點計算；收盤站上頸線 68.8 至少2%；成交量>=20日均量2倍；不可長上影；回踩須有近10日突破紀錄且不有效跌破頸線；距離頸線>5%禁止進場,60,C,等更安全位置,條件或風險不夠好，先不列入高關注。,False,2026-10-01,True,True,STOP,STOP 停止進場,接近目標,取消新進場，只保留觀察,只看續抱 / 減碼 / 停利 / 停損，不新增部位。,停止新進場，先保留現金，等待大盤止跌。,停止新進場，禁止顯示今日可進場。,False,False
2026-10-01,2026-10-01,收盤確認價,臺灣證券交易所 / 證券櫃檯買賣中心正式收盤；yfinance 歷史資料,只使用完整收盤日K，不使用盤中未完成K,上櫃,6508,惠光,27.0,27.0,26.65,27.15,27.09,26.29,26.08,25.01,7.14,0.19,False,20118,115094,543186,3250187,2.97,False,True,38.56,紅K突破,,True,False,False,False,1,False,只觀察,趨勢多頭,接近成形,27.0,24.98,29.4,接近成形＋可觀察,27.54,27.0,27.54,28.37,26.19,4.9,中,0.0,7.38,1.38,6.75,27.54,0.0,True,False,False,預備單，等待確認條件,頸線以當日前20日高點計算；收盤站上頸線 27.0 至少2%；成交量>=20日均量2倍；不可長上影；回踩須有近10日突破紀錄且不有效跌破頸線；距離頸線>5%禁止進場,60,C,等更安全位置,條件或風險不夠好，先不列入高關注。,False,2026-10-01,True,True,STOP,STOP 停止進場,接近目標,取消新進場，只保留觀察,只看續抱 / 減碼 / 停利 / 停損，不新增部位。,停止新進場，先保留現金，等待大盤止跌。,停止新進場，禁止顯示今日可進場。,False,False
2026-10-01,2026-10-01,收盤確認價,臺灣證券交易所 / 證券櫃檯買賣中心正式收盤；yfinance 歷史資料,只使用完整收盤日K，不使用盤中未完成K,上櫃,4430,耀億,17.8,17.85,17.7,17.57,17.44,17.46,17.45,17.76,3.49,0.28,False,29107,21991,518104,384902,1.05,False,True,15.58,一般K,,True,False,False,False,1,False,只觀察,趨勢多頭,箱型突破,18.05,17.0,19.6,接近成形＋可觀察,18.41,18.05,18.41,18.96,17.51,4.9,中,-1.39,8.01,1.32,6.46,18.41,0.0,False,False,False,預備單，等待確認條件,頸線以當日前20日高點計算；收盤站上頸線 18.05 至少2%；成交量>=20日均量2倍；不可長上影；回踩須有近10日突破紀錄且不有效跌破頸線；距離頸線>5%禁止進場,60,C,等更安全位置,條件或風險不夠好，先不列入高關注。,False,2026-10-01,True,True,STOP,STOP 停止進場,接近目標,取消新進場，只保留觀察,只看續抱 / 減碼 / 停利 / 停損，不新增部位。,停止新進場，先保留現金，等待大盤止跌。,停止新進場，禁止顯示今日可進場。,False,False
2026-10-01,2026-10-01,收盤確認價,臺灣證券交易所 / 證券櫃檯買賣中心正式收盤；yfinance 歷史資料,只使用完整收盤日K，不使用盤中未完成K,上櫃,7713,威力德生醫,74.3,74.4,74.3,74.1,73.96,73.96,71.97,71.51,5.09,-0.0,False,2000,3956,148600,292809,0.8,False,True,13.0,一般K,,True,False,False,False,1,False,只觀察,趨勢多頭,箱型突破,75.0,73.0,81.4,接近成形＋可觀察,76.5,75.0,76.5,78.8,72.75,4.9,中,-0.93,0.93,1.31,6.41,76.5,0.0,False,False,False,預備單，等待確認條件,頸線以當日前20日高點計算；收盤站上頸線 75.0 至少2%；成交量>=20日均量2倍；不可長上影；回踩須有近10日突破紀錄且不有效跌破頸線；距離頸線>5%禁止進場,60,C,等更安全位置,條件或風險不夠好，先不列入高關注。,False,2026-10-01,True,True,STOP,STOP 停止進場,接近目標,取消新進場，只保留觀察,只看續抱 / 減碼 / 停利 / 停損，不新增部位。,停止新進場，先保留現金，等待大盤止跌。,停止新進場，禁止顯示今日可進場。,False,False
2026-10-01,2026-10-01,收盤確認價,臺灣證券交易所 / 證券櫃檯買賣中心正式收盤；yfinance 歷史資料,只使用完整收盤日K，不使用盤中未完成K,上市,2008,高興昌,30.85,30.85,30.55,30.69,30.69,30.7,30.68,29.14,4.4,-0.8,False,5244,13104,161777,402408,1.07,False,True,55.85,紅K突破,,True,False,False,False,1,False,只觀察,趨勢多頭,旗型整理突破,31.5,30.5,34.15,接近成形＋可觀察,32.13,31.5,32.13,33.09,30.55,4.9,中,-2.06,3.29,1.28,6.29,32.13,0.0,False,False,False,預備單，等待確認條件,頸線以當日前20日高點計算；收盤站上頸線 31.5 至少2%；成交量>=20日均量2倍；不可長上影；回踩須有近10日突破紀錄且不有效跌破頸線；距離頸線>5%禁止進場,60,C,等更安全位置,條件或風險不夠好，先不列入高關注。,False,2026-10-01,True,True,STOP,STOP 停止進場,接近目標,取消新進場，只保留觀察,只看續抱 / 減碼 / 停利 / 停損，不新增部位。,停止新進場，先保留現金，等待大盤止跌。,停止新進場，禁止顯示今日可進場。,False,False
2026-10-01,2026-10-01,收盤確認價,臺灣證券交易所 / 證券櫃檯買賣中心正式收盤；yfinance 歷史資料,只使用完整收盤日K，不使用盤中未完成K,上櫃,6881,潤德,215.0,215.0,214.5,214.7,214.35,214.0,209.69,231.79,-3.8,0.23,False,6118,2762,1315370,591164,0.61,False,True,36.66,一般K,,False,True,False,False,1,False,只觀察,量能放大,箱型突破,216.5,210.0,234.5,接近成形＋可觀察,220.83,216.5,220.83,227.45,210.0,4.9,中,-0.69,4.66,1.26,6.19,220.83,0.0,False,False,False,預備單，等待確認條件,頸線以當日前20日高點計算；收盤站上頸線 216.5 至少2%；成交量>=20日均量2倍；不可長上影；回踩須有近10日突破紀錄且不有效跌破頸線；距離頸線>5%禁止進場,60,C,等更安全位置,條件或風險不夠好，先不列入高關注。,False,2026-10-01,True,True,STOP,STOP 停止進場,接近目標,取消新進場，只保留觀察,只看續抱 / 減碼 / 停利 / 停損，不新增部位。,停止新進場，先保留現金，等待大盤止跌。,停止新進場，禁止顯示今日可進場。,False,False
2026-10-01,2026-10-01,收盤確認價,臺灣證券交易所 / 證券櫃檯買賣中心正式收盤；yfinance 歷史資料,只使用完整收盤日K，不使用盤中未完成K,上櫃,3570,大塚,170.5,171.0,166.5,168.0,168.5,166.4,164.6,171.38,4.92,2.1,False,113428,29780,19339474,5002991,0.85,False,True,42.06,紅K突破,,False,True,False,False,1,False,只觀察,量能放大,箱型突破,172.0,162.0,186.0,接近成形＋可觀察,175.44,172.0,175.44,180.7,166.84,4.9,中,-0.87,0.87,1.23,6.02,175.44,0.29,False,False,False,預備單，等待確認條件,頸線以當日前20日高點計算；收盤站上頸線 172.0 至少2%；成交量>=20日均量2倍；不可長上影；回踩須有近10日突破紀錄且不有效跌破頸線；距離頸線>5%禁止進場,60,C,等更安全位置,條件或風險不夠好，先不列入高關注。,False,2026-10-01,True,True,STOP,STOP 停止進場,接近目標,取消新進場，只保留觀察,只看續抱 / 減碼 / 停利 / 停損，不新增部位。,停止新進場，先保留現金，等待大盤止跌。,停止新進場，禁止顯示今日可進場。,False,False
2026-10-01,2026-10-01,收盤確認價,臺灣證券交易所 / 證券櫃檯買賣中心正式收盤；yfinance 歷史資料,只使用完整收盤日K，不使用盤中未完成K,上市,2107,厚生,26.95,27.05,26.8,26.92,26.94,26.85,26.25,25.26,5.07,-0.19,False,400598,211001,10796116,5674567,0.75,False,True,16.87,紅K突破,,True,False,False,False,1,False,只觀察,趨勢多頭,箱型突破,27.3,26.35,29.4,接近成形＋可觀察,27.85,27.3,27.85,28.68,26.48,4.9,中,-1.28,1.28,1.14,5.58,27.85,0.37,False,False,False,預備單，等待確認條件,頸線以當日前20日高點計算；收盤站上頸線 27.3 至少2%；成交量>=20日均量2倍；不可長上影；回踩須有近10日突破紀錄且不有效跌破頸線；距離頸線>5%禁止進場,60,C,等更安全位置,條件或風險不夠好，先不列入高關注。,False,2026-10-01,True,True,STOP,STOP 停止進場,接近目標,取消新進場，只保留觀察,只看續抱 / 減碼 / 停利 / 停損，不新增部位。,停止新進場，先保留現金，等待大盤止跌。,停止新進場，禁止顯示今日可進場。,False,False
2026-10-01,2026-10-01,收盤確認價,臺灣證券交易所 / 證券櫃檯買賣中心正式收盤；yfinance 歷史資料,只使用完整收盤日K，不使用盤中未完成K,上櫃,3332,幸康,64.9,65.0,63.7,62.36,61.35,61.22,62.81,60.9,-1.07,1.88,False,56454,8022,3663864,503171,1.51,False,True,31.44,紅K突破,,False,True,False,False,1,False,只觀察,量能放大,箱型突破,63.9,59.3,68.5,接近成形＋可觀察,65.18,63.9,65.18,67.13,61.98,4.9,中,1.56,5.94,1.04,5.1,65.18,0.15,False,False,False,預備單，等待確認條件,頸線以當日前20日高點計算；收盤站上頸線 63.9 至少2%；成交量>=20日均量2倍；不可長上影；回踩須有近10日突破紀錄且不有效跌破頸線；距離頸線>5%禁止進場,60,C,等更安全位置,條件或風險不夠好，先不列入高關注。,False,2026-10-01,True,True,STOP,STOP 停止進場,接近目標,取消新進場，只保留觀察,只看續抱 / 減碼 / 停利 / 停損，不新增部位。,停止新進場，先保留現金，等待大盤止跌。,停止新進場，禁止顯示今日可進場。,False,False
2026-10-01,2026-10-01,收盤確認價,臺灣證券交易所 / 證券櫃檯買賣中心正式收盤；yfinance 歷史資料,只使用完整收盤日K，不使用盤中未完成K,上櫃,6154,順發,14.2,14.3,14.15,14.19,14.13,14.06,13.86,13.62,2.16,0.0,False,42590,24052,604778,338822,0.61,False,True,36.6,一般K,,True,False,False,False,1,False,只觀察,趨勢多頭,箱型突破,14.3,13.8,15.25,接近成形＋可觀察,14.59,14.3,14.59,15.02,13.87,4.9,中,-0.7,0.7,0.93,4.55,14.59,0.0,False,False,False,預備單，等待確認條件,頸線以當日前20日高點計算；收盤站上頸線 14.3 至少2%；成交量>=20日均量2倍；不可長上影；回踩須有近10日突破紀錄且不有效跌破頸線；距離頸線>5%禁止進場,60,C,等更安全位置,條件或風險不夠好，先不列入高關注。,False,2026-10-01,True,True,STOP,STOP 停止進場,接近目標,取消新進場，只保留觀察,只看續抱 / 減碼 / 停利 / 停損，不新增部位。,停止新進場，先保留現金，等待大盤止跌。,停止新進場，禁止顯示今日可進場。,False,False
2026-10-01,2026-10-01,收盤確認價,臺灣證券交易所 / 證券櫃檯買賣中心正式收盤；yfinance 歷史資料,只使用完整收盤日K，不使用盤中未完成K,上市,1806,冠軍,7.92,7.99,7.88,7.97,7.98,8.0,8.07,8.54,-6.27,-1.0,False,344515,125568,2728558,1004517,0.4,False,True,27.23,一般K,,False,True,False,False,1,False,只觀察,量能放大,三角收斂突破,8.12,7.92,8.66,接近成形＋可觀察,8.28,8.12,8.28,8.53,7.88,4.9,中,-2.46,8.76,0.93,4.56,8.28,0.0,False,False,False,預備單，等待確認條件,頸線以當日前20日高點計算；收盤站上頸線 8.12 至少2%；成交量>=20日均量2倍；不可長上影；回踩須有近10日突破紀錄且不有效跌破頸線；距離頸線>5%禁止進場,60,C,等更安全位置,條件或風險不夠好，先不列入高關注。,False,2026-10-01,True,True,STOP,STOP 停止進場,接近目標,取消新進場，只保留觀察,只看續抱 / 減碼 / 停利 / 停損，不新增部位。,停止新進場，先保留現金，等待大盤止跌。,停止新進場，禁止顯示今日可進場。,False,False
2026-10-01,2026-10-01,收盤確認價,臺灣證券交易所 / 證券櫃檯買賣中心正式收盤；yfinance 歷史資料,只使用完整收盤日K，不使用盤中未完成K,上市,1472,三洋實業,88.8,88.8,88.2,88.36,87.89,88.62,88.68,90.17,1.37,-0.0,False,103196,40271,9163804,3559073,0.7,False,True,39.29,一般K,,False,True,False,False,1,False,只觀察,量能放大,三角收斂突破,90.9,85.9,96.7,接近成形＋可觀察,92.72,90.9,92.72,95.5,88.17,4.9,中,-2.31,2.42,0.88,4.29,92.72,0.0,False,False,False,預備單，等待確認條件,頸線以當日前20日高點計算；收盤站上頸線 90.9 至少2%；成交量>=20日均量2倍；不可長上影；回踩須有近10日突破紀錄且不有效跌破頸線；距離頸線>5%禁止進場,60,C,等更安全位置,條件或風險不夠好，先不列入高關注。,False,2026-10-01,True,True,STOP,STOP 停止進場,接近目標,取消新進場，只保留觀察,只看續抱 / 減碼 / 停利 / 停損，不新增部位。,停止新進場，先保留現金，等待大盤止跌。,停止新進場，禁止顯示今日可進場。,False,False
2026-10-01,2026-10-01,收盤確認價,臺灣證券交易所 / 證券櫃檯買賣中心正式收盤；yfinance 歷史資料,只使用完整收盤日K，不使用盤中未完成K,上市,2023,燁輝,13.8,14.1,13.75,13.67,13.66,13.78,13.81,14.3,-1.43,0.36,False,1896256,937525,26168332,12909025,0.7,False,True,18.66,一般K,,False,True,False,False,1,False,只觀察,量能放大,三角收斂突破,14.2,13.55,14.95,接近成形＋可觀察,14.48,14.2,14.48,14.92,13.77,4.9,中,-2.82,5.15,0.66,3.22,14.48,1.81,False,False,False,預備單，等待確認條件,頸線以當日前20日高點計算；收盤站上頸線 14.2 至少2%；成交量>=20日均量2倍；不可長上影；回踩須有近10日突破紀錄且不有效跌破頸線；距離頸線>5%禁止進場,60,C,等更安全位置,條件或風險不夠好，先不列入高關注。,False,2026-10-01,True,True,STOP,STOP 停止進場,接近目標,取消新進場，只保留觀察,只看續抱 / 減碼 / 停利 / 停損，不新增部位。,停止新進場，先保留現金，等待大盤止跌。,停止新進場，禁止顯示今日可進場。,False,False
2026-10-01,2026-10-01,收盤確認價,臺灣證券交易所 / 證券櫃檯買賣中心正式收盤；yfinance 歷史資料,只使用完整收盤日K，不使用盤中未完成K,上市,2024,志聯,13.3,13.45,12.9,12.93,12.93,13.05,13.42,14.89,-1.85,3.1,False,43413,15136,577392,199083,1.06,False,True,52.64,紅K突破,,False,True,False,False,1,False,只觀察,量能放大,箱型突破,13.45,12.75,14.15,接近成形＋可觀察,13.72,13.45,13.72,14.13,13.05,4.9,中,-1.12,6.34,0.64,3.14,13.72,1.13,False,False,False,預備單，等待確認條件,頸線以當日前20日高點計算；收盤站上頸線 13.45 至少2%；成交量>=20日均量2倍；不可長上影；回踩須有近10日突破紀錄且不有效跌破頸線；距離頸線>5%禁止進場,60,C,等更安全位置,條件或風險不夠好，先不列入高關注。,False,2026-10-01,True,True,STOP,STOP 停止進場,接近目標,取消新進場，只保留觀察,只看續抱 / 減碼 / 停利 / 停損，不新增部位。,停止新進場，先保留現金，等待大盤止跌。,停止新進場，禁止顯示今日可進場。,False,False
2026-10-01,2026-10-01,收盤確認價,臺灣證券交易所 / 證券櫃檯買賣中心正式收盤；yfinance 歷史資料,只使用完整收盤日K，不使用盤中未完成K,上櫃,5287,數字,137.5,138.0,137.0,137.3,137.1,136.2,136.79,146.82,-0.74,0.0,False,122014,58080,16776925,7936842,0.7,False,True,42.33,一般K,,False,True,False,False,1,False,只觀察,量能放大,箱型突破,139.0,134.0,145.43,接近成形＋可觀察,141.78,139.0,141.78,146.03,134.83,4.9,中,-1.08,4.84,0.53,2.58,141.78,0.36,False,False,False,預備單，等待確認條件,頸線以當日前20日高點計算；收盤站上頸線 139.0 至少2%；成交量>=20日均量2倍；不可長上影；回踩須有近10日突破紀錄且不有效跌破頸線；距離頸線>5%禁止進場,60,C,等更安全位置,條件或風險不夠好，先不列入高關注。,False,2026-10-01,True,True,STOP,STOP 停止進場,接近目標,取消新進場，只保留觀察,只看續抱 / 減碼 / 停利 / 停損，不新增部位。,停止新進場，先保留現金，等待大盤止跌。,停止新進場，禁止顯示今日可進場。,False,False
2026-10-01,2026-10-01,收盤確認價,臺灣證券交易所 / 證券櫃檯買賣中心正式收盤；yfinance 歷史資料,只使用完整收盤日K，不使用盤中未完成K,上櫃,8083,瑞穎,156.5,157.5,156.0,155.7,156.15,156.9,157.79,162.9,-2.19,0.32,False,91132,36757,14262158,5763544,0.48,False,True,38.23,一般K,,False,True,False,False,1,False,只觀察,量能放大,箱型突破,159.5,154.5,166.5,接近成形＋可觀察,162.69,159.5,162.69,167.57,154.72,4.9,中,-1.88,3.4,0.48,2.34,162.69,0.32,False,False,False,預備單，等待確認條件,頸線以當日前20日高點計算；收盤站上頸線 159.5 至少2%；成交量>=20日均量2倍；不可長上影；回踩須有近10日突破紀錄且不有效跌破頸線；距離頸線>5%禁止進場,60,C,等更安全位置,條件或風險不夠好，先不列入高關注。,False,2026-10-01,True,True,STOP,STOP 停止進場,接近目標,取消新進場，只保留觀察,只看續抱 / 減碼 / 停利 / 停損，不新增部位。,停止新進場，先保留現金，等待大盤止跌。,停止新進場，禁止顯示今日可進場。,False,False
2026-10-01,2026-10-01,收盤確認價,臺灣證券交易所 / 證券櫃檯買賣中心正式收盤；yfinance 歷史資料,只使用完整收盤日K，不使用盤中未完成K,上櫃,4183,福永生技,14.45,14.45,14.0,13.9,13.67,13.79,14.22,15.46,3.21,6.64,False,7041,7552,101742,105478,3.94,False,True,30.12,紅K突破,,False,False,False,False,0,False,只觀察,條件不足,箱型突破,14.35,13.1,15.7,接近成形＋可觀察,14.64,14.35,14.64,15.08,13.92,4.9,中,0.7,3.02,1.48,7.26,14.64,0.0,False,False,False,預備單，等待確認條件,頸線以當日前20日高點計算；收盤站上頸線 14.35 至少2%；成交量>=20日均量2倍；不可長上影；回踩須有近10日突破紀錄且不有效跌破頸線；距離頸線>5%禁止進場,60,C,等更安全位置,條件或風險不夠好，先不列入高關注。,False,2026-10-01,True,True,STOP,STOP 停止進場,接近目標,取消新進場，只保留觀察,只看續抱 / 減碼 / 停利 / 停損，不新增部位。,停止新進場，先保留現金，等待大盤止跌。,停止新進場，禁止顯示今日可進場。,False,False
2026-10-01,2026-10-01,收盤確認價,臺灣證券交易所 / 證券櫃檯買賣中心正式收盤；yfinance 歷史資料,只使用完整收盤日K，不使用盤中未完成K,上櫃,5356,協益,25.9,25.9,25.7,25.76,25.84,25.92,25.5,25.75,1.17,0.78,False,34404,45894,891063,1187626,0.64,False,True,16.09,一般K,,False,False,False,False,0,False,只觀察,條件不足,旗型整理突破,26.45,25.45,28.9,接近成形＋可觀察,26.98,26.45,26.98,27.79,25.66,4.9,中,-2.08,4.43,1.45,7.12,26.98,0.0,False,False,False,預備單，等待確認條件,頸線以當日前20日高點計算；收盤站上頸線 26.45 至少2%；成交量>=20日均量2倍；不可長上影；回踩須有近10日突破紀錄且不有效跌破頸線；距離頸線>5%禁止進場,60,C,等更安全位置,條件或風險不夠好，先不列入高關注。,False,2026-10-01,True,True,STOP,STOP 停止進場,觀察,取消新進場，只保留觀察,只看續抱 / 減碼 / 停利 / 停損，不新增部位。,停止新進場，先保留現金，等待大盤止跌。,停止新進場，禁止顯示今日可進場。,False,False
2026-10-01,2026-10-01,收盤確認價,臺灣證券交易所 / 證券櫃檯買賣中心正式收盤；yfinance 歷史資料,只使用完整收盤日K，不使用盤中未完成K,上櫃,2751,王座,52.9,53.6,52.9,53.38,53.53,53.11,52.88,58.42,0.57,0.38,False,5292,5722,279946,303000,1.56,False,True,33.1,一般K,,False,False,False,False,0,False,只觀察,條件不足,接近成形,54.5,51.3,59.5,接近成形＋可觀察,55.59,54.5,55.59,57.26,52.87,4.9,中,-2.94,4.86,1.43,7.03,55.59,0.0,False,False,False,預備單，等待確認條件,頸線以當日前20日高點計算；收盤站上頸線 54.5 至少2%；成交量>=20日均量2倍；不可長上影；回踩須有近10日突破紀錄且不有效跌破頸線；距離頸線>5%禁止進場,60,C,等更安全位置,條件或風險不夠好，先不列入高關注。,False,2026-10-01,True,True,STOP,STOP 停止進場,觀察,取消新進場，只保留觀察,只看續抱 / 減碼 / 停利 / 停損，不新增部位。,停止新進場，先保留現金，等待大盤止跌。,停止新進場，禁止顯示今日可進場。,False,False
2026-10-01,2026-10-01,收盤確認價,臺灣證券交易所 / 證券櫃檯買賣中心正式收盤；yfinance 歷史資料,只使用完整收盤日K，不使用盤中未完成K,上市,1418,東華,18.5,18.5,18.4,18.34,17.97,17.78,18.07,19.01,1.09,0.82,False,11038,29263,204203,522688,1.5,False,True,29.83,紅K突破,,False,False,False,False,0,False,只觀察,條件不足,接近成形,18.95,17.25,20.65,接近成形＋可觀察,19.33,18.95,19.33,19.91,18.38,4.9,中,-2.37,4.88,1.39,6.83,19.33,0.0,False,False,False,預備單，等待確認條件,頸線以當日前20日高點計算；收盤站上頸線 18.95 至少2%；成交量>=20日均量2倍；不可長上影；回踩須有近10日突破紀錄且不有效跌破頸線；距離頸線>5%禁止進場,60,C,等更安全位置,條件或風險不夠好，先不列入高關注。,False,2026-10-01,True,True,STOP,STOP 停止進場,觀察,取消新進場，只保留觀察,只看續抱 / 減碼 / 停利 / 停損，不新增部位。,停止新進場，先保留現金，等待大盤止跌。,停止新進場，禁止顯示今日可進場。,False,False
2026-10-01,2026-10-01,收盤確認價,臺灣證券交易所 / 證券櫃檯買賣中心正式收盤；yfinance 歷史資料,只使用完整收盤日K，不使用盤中未完成K,上櫃,8908,欣雄,40.2,40.4,40.0,40.17,40.22,40.19,39.08,40.38,6.21,-0.37,False,19388,37051,779397,1488649,0.59,False,True,51.38,一般K,,False,False,False,False,0,False,只觀察,條件不足,箱型突破,41.0,39.3,44.64,接近成形＋可觀察,41.82,41.0,41.82,43.07,39.77,4.9,中,-1.95,1.95,1.37,6.74,41.82,0.0,False,False,False,預備單，等待確認條件,頸線以當日前20日高點計算；收盤站上頸線 41.0 至少2%；成交量>=20日均量2倍；不可長上影；回踩須有近10日突破紀錄且不有效跌破頸線；距離頸線>5%禁止進場,60,C,等更安全位置,條件或風險不夠好，先不列入高關注。,False,2026-10-01,True,True,STOP,STOP 停止進場,接近目標,取消新進場，只保留觀察,只看續抱 / 減碼 / 停利 / 停損，不新增部位。,停止新進場，先保留現金，等待大盤止跌。,停止新進場，禁止顯示今日可進場。,False,False
2026-10-01,2026-10-01,收盤確認價,臺灣證券交易所 / 證券櫃檯買賣中心正式收盤；yfinance 歷史資料,只使用完整收盤日K，不使用盤中未完成K,上櫃,8426,紅木-KY,20.65,20.65,20.35,20.61,20.62,20.65,20.72,24.37,3.77,0.0,False,18171,20118,375231,415605,0.75,False,True,74.73,紅K突破,,False,False,False,False,0,False,只觀察,條件不足,接近成形,21.1,19.85,22.95,接近成形＋可觀察,21.52,21.1,21.52,22.17,20.47,4.9,中,-2.13,5.92,1.35,6.64,21.52,0.0,False,False,False,預備單，等待確認條件,頸線以當日前20日高點計算；收盤站上頸線 21.1 至少2%；成交量>=20日均量2倍；不可長上影；回踩須有近10日突破紀錄且不有效跌破頸線；距離頸線>5%禁止進場,60,C,等更安全位置,條件或風險不夠好，先不列入高關注。,False,2026-10-01,True,True,STOP,STOP 停止進場,觀察,取消新進場，只保留觀察,只看續抱 / 減碼 / 停利 / 停損，不新增部位。,停止新進場，先保留現金，等待大盤止跌。,停止新進場，禁止顯示今日可進場。,False,False
2026-10-01,2026-10-01,收盤確認價,臺灣證券交易所 / 證券櫃檯買賣中心正式收盤；yfinance 歷史資料,只使用完整收盤日K，不使用盤中未完成K,上櫃,5015,華祺,21.8,21.95,21.8,21.6,21.65,21.8,21.67,25.2,-0.91,-0.46,False,31352,15880,683473,346139,1.07,False,True,19.69,一般K,,False,False,False,False,0,False,只觀察,條件不足,三角收斂突破,22.4,21.05,24.3,接近成形＋可觀察,22.85,22.4,22.85,23.53,21.73,4.9,中,-2.68,3.54,1.3,6.36,22.85,0.0,False,False,False,預備單，等待確認條件,頸線以當日前20日高點計算；收盤站上頸線 22.4 至少2%；成交量>=20日均量2倍；不可長上影；回踩須有近10日突破紀錄且不有效跌破頸線；距離頸線>5%禁止進場,60,C,等更安全位置,條件或風險不夠好，先不列入高關注。,False,2026-10-01,True,True,STOP,STOP 停止進場,觀察,取消新進場，只保留觀察,只看續抱 / 減碼 / 停利 / 停損，不新增部位。,停止新進場，先保留現金，等待大盤止跌。,停止新進場，禁止顯示今日可進場。,False,False
2026-10-01,2026-10-01,收盤確認價,臺灣證券交易所 / 證券櫃檯買賣中心正式收盤；yfinance 歷史資料,只使用完整收盤日K，不使用盤中未完成K,上市,2017,官田鋼,9.09,9.13,8.96,9.02,8.93,8.91,8.95,9.03,-0.87,-0.44,False,252574,439051,2295897,3922959,1.16,False,True,26.4,一般K,,False,False,False,False,0,False,只觀察,條件不足,箱型突破,9.24,8.58,10.01,接近成形＋可觀察,9.42,9.24,9.42,9.71,8.96,4.9,中,-1.62,8.64,1.27,6.21,9.42,0.0,False,False,False,預備單，等待確認條件,頸線以當日前20日高點計算；收盤站上頸線 9.24 至少2%；成交量>=20日均量2倍；不可長上影；回踩須有近10日突破紀錄且不有效跌破頸線；距離頸線>5%禁止進場,60,C,等更安全位置,條件或風險不夠好，先不列入高關注。,False,2026-10-01,True,True,STOP,STOP 停止進場,接近目標,取消新進場，只保留觀察,只看續抱 / 減碼 / 停利 / 停損，不新增部位。,停止新進場，先保留現金，等待大盤止跌。,停止新進場，禁止顯示今日可進場。,False,False
2026-10-01,2026-10-01,收盤確認價,臺灣證券交易所 / 證券櫃檯買賣中心正式收盤；yfinance 歷史資料,只使用完整收盤日K，不使用盤中未完成K,上櫃,5353,台林,28.5,28.7,28.5,28.33,28.04,27.93,28.1,26.88,-5.16,0.18,False,35102,42832,1000407,1194446,0.44,False,True,39.51,一般K,,False,False,False,False,0,False,只觀察,條件不足,箱型突破,28.9,27.25,31.3,接近成形＋可觀察,29.48,28.9,29.48,30.36,28.03,4.9,中,-1.38,7.32,1.26,6.18,29.48,0.53,False,False,False,預備單，等待確認條件,頸線以當日前20日高點計算；收盤站上頸線 28.9 至少2%；成交量>=20日均量2倍；不可長上影；回踩須有近10日突破紀錄且不有效跌破頸線；距離頸線>5%禁止進場,60,C,等更安全位置,條件或風險不夠好，先不列入高關注。,False,2026-10-01,True,True,STOP,STOP 停止進場,接近目標,取消新進場，只保留觀察,只看續抱 / 減碼 / 停利 / 停損，不新增部位。,停止新進場，先保留現金，等待大盤止跌。,停止新進場，禁止顯示今日可進場。,False,False
2026-10-01,2026-10-01,收盤確認價,臺灣證券交易所 / 證券櫃檯買賣中心正式收盤；yfinance 歷史資料,只使用完整收盤日K，不使用盤中未完成K,上櫃,4754,國碳科,37.85,38.0,37.65,37.8,37.63,37.85,37.5,38.1,2.85,-0.13,False,9146,24497,346176,926803,0.72,False,True,17.84,紅K突破,,False,False,False,False,0,False,只觀察,條件不足,接近成形,39.0,36.95,42.2,接近成形＋可觀察,39.78,39.0,39.78,40.97,37.83,4.9,中,-2.95,5.37,1.24,6.08,39.78,0.4,False,False,False,預備單，等待確認條件,頸線以當日前20日高點計算；收盤站上頸線 39.0 至少2%；成交量>=20日均量2倍；不可長上影；回踩須有近10日突破紀錄且不有效跌破頸線；距離頸線>5%禁止進場,60,C,等更安全位置,條件或風險不夠好，先不列入高關注。,False,2026-10-01,True,True,STOP,STOP 停止進場,觀察,取消新進場，只保留觀察,只看續抱 / 減碼 / 停利 / 停損，不新增部位。,停止新進場，先保留現金，等待大盤止跌。,停止新進場，禁止顯示今日可進場。,False,False
2026-10-01,2026-10-01,收盤確認價,臺灣證券交易所 / 證券櫃檯買賣中心正式收盤；yfinance 歷史資料,只使用完整收盤日K，不使用盤中未完成K,上櫃,9962,有益,10.35,10.5,10.3,10.19,10.09,10.11,10.05,10.36,5.29,-0.0,False,101149,52558,1046892,533407,0.82,False,True,29.13,一般K,,False,False,False,False,0,False,只觀察,條件不足,箱型突破,10.45,9.81,11.3,接近成形＋可觀察,10.66,10.45,10.66,10.98,10.14,4.9,中,-0.96,2.36,1.23,6.01,10.66,0.48,False,False,False,預備單，等待確認條件,頸線以當日前20日高點計算；收盤站上頸線 10.45 至少2%；成交量>=20日均量2倍；不可長上影；回踩須有近10日突破紀錄且不有效跌破頸線；距離頸線>5%禁止進場,60,C,等更安全位置,條件或風險不夠好，先不列入高關注。,False,2026-10-01,True,True,STOP,STOP 停止進場,接近目標,取消新進場，只保留觀察,只看續抱 / 減碼 / 停利 / 停損，不新增部位。,停止新進場，先保留現金，等待大盤止跌。,停止新進場，禁止顯示今日可進場。,False,False
2026-10-01,2026-10-01,收盤確認價,臺灣證券交易所 / 證券櫃檯買賣中心正式收盤；yfinance 歷史資料,只使用完整收盤日K，不使用盤中未完成K,上櫃,4728,雙美,394.5,397.5,394.5,397.6,397.1,396.75,390.14,389.52,2.07,-1.13,False,14011,9961,5527339,3957684,1.37,False,True,15.36,一般K,,False,False,False,False,0,False,只觀察,條件不足,接近成形,406.0,390.0,439.0,接近成形＋可觀察,414.12,406.0,414.12,426.54,393.82,4.9,中,-2.83,5.17,1.23,6.01,414.12,0.0,False,False,False,預備單，等待確認條件,頸線以當日前20日高點計算；收盤站上頸線 406.0 至少2%；成交量>=20日均量2倍；不可長上影；回踩須有近10日突破紀錄且不有效跌破頸線；距離頸線>5%禁止進場,60,C,等更安全位置,條件或風險不夠好，先不列入高關注。,False,2026-10-01,True,True,STOP,STOP 停止進場,觀察,取消新進場，只保留觀察,只看續抱 / 減碼 / 停利 / 停損，不新增部位。,停止新進場，先保留現金，等待大盤止跌。,停止新進場，禁止顯示今日可進場。,False,False
2026-10-01,2026-10-01,收盤確認價,臺灣證券交易所 / 證券櫃檯買賣中心正式收盤；yfinance 歷史資料,只使用完整收盤日K，不使用盤中未完成K,上櫃,6170,統振,49.15,49.2,48.75,48.57,48.33,48.24,47.55,49.81,2.5,1.03,False,166650,143278,8190847,6912339,0.65,False,True,19.84,紅K突破,,False,False,False,False,0,False,只觀察,條件不足,箱型突破,49.0,47.65,52.8,接近成形＋可觀察,49.98,49.0,49.98,51.48,47.53,4.9,中,0.31,0.1,1.15,5.64,49.98,0.1,False,False,False,預備單，等待確認條件,頸線以當日前20日高點計算；收盤站上頸線 49.0 至少2%；成交量>=20日均量2倍；不可長上影；回踩須有近10日突破紀錄且不有效跌破頸線；距離頸線>5%禁止進場,60,C,等更安全位置,條件或風險不夠好，先不列入高關注。,False,2026-10-01,True,True,STOP,STOP 停止進場,接近目標,取消新進場，只保留觀察,只看續抱 / 減碼 / 停利 / 停損，不新增部位。,停止新進場，先保留現金，等待大盤止跌。,停止新進場，禁止顯示今日可進場。,False,False
2026-10-01,2026-10-01,收盤確認價,臺灣證券交易所 / 證券櫃檯買賣中心正式收盤；yfinance 歷史資料,只使用完整收盤日K，不使用盤中未完成K,上櫃,8066,來思達,14.95,14.95,14.65,15.01,15.07,14.77,14.79,17.83,-0.66,-1.32,False,12083,36645,180640,535479,1.74,False,True,34.29,紅K突破,,False,False,False,False,0,False,只觀察,條件不足,接近成形,15.4,14.25,16.55,接近成形＋可觀察,15.71,15.4,15.71,16.18,14.94,4.9,中,-2.92,3.24,1.09,5.36,15.71,0.0,False,False,False,預備單，等待確認條件,頸線以當日前20日高點計算；收盤站上頸線 15.4 至少2%；成交量>=20日均量2倍；不可長上影；回踩須有近10日突破紀錄且不有效跌破頸線；距離頸線>5%禁止進場,60,C,等更安全位置,條件或風險不夠好，先不列入高關注。,False,2026-10-01,True,True,STOP,STOP 停止進場,接近目標,取消新進場，只保留觀察,只看續抱 / 減碼 / 停利 / 停損，不新增部位。,停止新進場，先保留現金，等待大盤止跌。,停止新進場，禁止顯示今日可進場。,False,False
2026-10-01,2026-10-01,收盤確認價,臺灣證券交易所 / 證券櫃檯買賣中心正式收盤；yfinance 歷史資料,只使用完整收盤日K，不使用盤中未完成K,上櫃,8489,三貝德,22.45,22.55,22.15,22.47,22.2,22.06,22.47,30.36,2.75,-0.0,False,43084,57543,967235,1301326,2.27,False,True,48.09,一般K,,False,False,False,False,0,False,只觀察,條件不足,箱型突破,22.9,21.2,24.6,接近成形＋可觀察,23.36,22.9,23.36,24.06,22.21,4.9,中,-1.97,8.74,1.08,5.32,23.36,0.22,True,False,False,預備單，等待確認條件,頸線以當日前20日高點計算；收盤站上頸線 22.9 至少2%；成交量>=20日均量2倍；不可長上影；回踩須有近10日突破紀錄且不有效跌破頸線；距離頸線>5%禁止進場,60,C,等更安全位置,條件或風險不夠好，先不列入高關注。,False,2026-10-01,True,True,STOP,STOP 停止進場,接近目標,取消新進場，只保留觀察,只看續抱 / 減碼 / 停利 / 停損，不新增部位。,停止新進場，先保留現金，等待大盤止跌。,停止新進場，禁止顯示今日可進場。,False,False
2026-10-01,2026-10-01,收盤確認價,臺灣證券交易所 / 證券櫃檯買賣中心正式收盤；yfinance 歷史資料,只使用完整收盤日K，不使用盤中未完成K,上櫃,8349,恒耀,40.5,40.5,40.0,39.71,38.88,38.76,39.29,42.15,2.92,0.25,False,191225,117669,7744612,4577313,1.02,False,True,47.4,紅K突破,,False,False,False,False,0,False,只觀察,條件不足,箱型突破,40.4,37.45,43.35,接近成形＋可觀察,41.21,40.4,41.21,42.44,39.19,4.9,中,0.25,0.49,1.06,5.2,41.21,0.0,False,False,False,預備單，等待確認條件,頸線以當日前20日高點計算；收盤站上頸線 40.4 至少2%；成交量>=20日均量2倍；不可長上影；回踩須有近10日突破紀錄且不有效跌破頸線；距離頸線>5%禁止進場,60,C,等更安全位置,條件或風險不夠好，先不列入高關注。,False,2026-10-01,True,True,STOP,STOP 停止進場,接近目標,取消新進場，只保留觀察,只看續抱 / 減碼 / 停利 / 停損，不新增部位。,停止新進場，先保留現金，等待大盤止跌。,停止新進場，禁止顯示今日可進場。,False,False
2026-10-01,2026-10-01,收盤確認價,臺灣證券交易所 / 證券櫃檯買賣中心正式收盤；yfinance 歷史資料,只使用完整收盤日K，不使用盤中未完成K,上櫃,6266,泰詠,24.95,25.0,24.9,24.92,24.93,24.87,24.92,27.53,-0.6,-0.2,False,73593,98368,1836145,2447362,0.52,False,True,12.2,紅K突破,,False,False,False,False,0,False,只觀察,條件不足,箱型突破,25.2,24.4,26.95,接近成形＋可觀察,25.7,25.2,25.7,26.48,24.44,4.9,中,-0.99,5.67,0.99,4.85,25.7,0.2,False,False,False,預備單，等待確認條件,頸線以當日前20日高點計算；收盤站上頸線 25.2 至少2%；成交量>=20日均量2倍；不可長上影；回踩須有近10日突破紀錄且不有效跌破頸線；距離頸線>5%禁止進場,60,C,等更安全位置,條件或風險不夠好，先不列入高關注。,False,2026-10-01,True,True,STOP,STOP 停止進場,接近目標,取消新進場，只保留觀察,只看續抱 / 減碼 / 停利 / 停損，不新增部位。,停止新進場，先保留現金，等待大盤止跌。,停止新進場，禁止顯示今日可進場。,False,False
2026-10-01,2026-10-01,收盤確認價,臺灣證券交易所 / 證券櫃檯買賣中心正式收盤；yfinance 歷史資料,只使用完整收盤日K，不使用盤中未完成K,上市,2014,中鴻,17.1,17.45,16.95,16.97,16.74,16.78,17.02,16.95,-0.58,-1.72,False,2893468,2191201,49478302,36942269,1.2,False,True,26.99,一般K,,False,False,False,False,0,False,只觀察,條件不足,箱型突破,17.4,16.2,18.6,接近成形＋可觀察,17.75,17.4,17.75,18.28,16.88,4.9,中,-1.72,5.52,0.98,4.8,17.75,0.0,False,False,False,預備單，等待確認條件,頸線以當日前20日高點計算；收盤站上頸線 17.4 至少2%；成交量>=20日均量2倍；不可長上影；回踩須有近10日突破紀錄且不有效跌破頸線；距離頸線>5%禁止進場,60,C,等更安全位置,條件或風險不夠好，先不列入高關注。,False,2026-10-01,True,True,STOP,STOP 停止進場,接近目標,取消新進場，只保留觀察,只看續抱 / 減碼 / 停利 / 停損，不新增部位。,停止新進場，先保留現金，等待大盤止跌。,停止新進場，禁止顯示今日可進場。,False,False
2026-10-01,2026-10-01,收盤確認價,臺灣證券交易所 / 證券櫃檯買賣中心正式收盤；yfinance 歷史資料,只使用完整收盤日K，不使用盤中未完成K,上櫃,5547,久舜,20.15,20.2,20.05,20.04,20.0,19.91,19.92,20.56,-0.49,0.0,False,15451,26038,311337,520219,0.88,False,True,39.2,一般K,,False,False,False,False,0,False,只觀察,條件不足,箱型突破,20.4,19.55,21.8,接近成形＋可觀察,20.81,20.4,20.81,21.43,19.79,4.9,中,-1.23,2.66,0.97,4.77,20.81,0.0,False,False,False,預備單，等待確認條件,頸線以當日前20日高點計算；收盤站上頸線 20.4 至少2%；成交量>=20日均量2倍；不可長上影；回踩須有近10日突破紀錄且不有效跌破頸線；距離頸線>5%禁止進場,60,C,等更安全位置,條件或風險不夠好，先不列入高關注。,False,2026-10-01,True,True,STOP,STOP 停止進場,接近目標,取消新進場，只保留觀察,只看續抱 / 減碼 / 停利 / 停損，不新增部位。,停止新進場，先保留現金，等待大盤止跌。,停止新進場，禁止顯示今日可進場。,False,False
2026-10-01,2026-10-01,收盤確認價,臺灣證券交易所 / 證券櫃檯買賣中心正式收盤；yfinance 歷史資料,只使用完整收盤日K，不使用盤中未完成K,上櫃,1777,生泰,74.3,74.3,73.6,74.12,74.13,74.33,73.92,73.34,-0.93,0.54,False,23174,47939,1721828,3569755,0.67,False,True,17.62,紅K突破,,False,False,False,False,0,False,只觀察,條件不足,接近成形,75.9,73.0,81.1,接近成形＋可觀察,77.42,75.9,77.42,79.74,73.62,4.9,中,-2.11,2.11,0.97,4.76,77.42,0.0,False,False,False,預備單，等待確認條件,頸線以當日前20日高點計算；收盤站上頸線 75.9 至少2%；成交量>=20日均量2倍；不可長上影；回踩須有近10日突破紀錄且不有效跌破頸線；距離頸線>5%禁止進場,60,C,等更安全位置,條件或風險不夠好，先不列入高關注。,False,2026-10-01,True,True,STOP,STOP 停止進場,接近目標,取消新進場，只保留觀察,只看續抱 / 減碼 / 停利 / 停損，不新增部位。,停止新進場，先保留現金，等待大盤止跌。,停止新進場，禁止顯示今日可進場。,False,False
2026-10-01,2026-10-01,收盤確認價,臺灣證券交易所 / 證券櫃檯買賣中心正式收盤；yfinance 歷史資料,只使用完整收盤日K，不使用盤中未完成K,上櫃,4105,東洋,78.5,78.8,78.2,78.56,78.65,78.02,77.46,78.62,1.68,0.0,False,449424,384411,35279784,29999365,0.46,False,True,25.65,一般K,,False,False,False,False,0,False,只觀察,條件不足,箱型突破,79.3,76.3,84.7,接近成形＋可觀察,80.89,79.3,80.89,83.31,76.92,4.9,中,-1.01,1.38,0.96,4.72,80.89,0.25,False,False,False,預備單，等待確認條件,頸線以當日前20日高點計算；收盤站上頸線 79.3 至少2%；成交量>=20日均量2倍；不可長上影；回踩須有近10日突破紀錄且不有效跌破頸線；距離頸線>5%禁止進場,60,C,等更安全位置,條件或風險不夠好，先不列入高關注。,False,2026-10-01,True,True,STOP,STOP 停止進場,接近目標,取消新進場，只保留觀察,只看續抱 / 減碼 / 停利 / 停損，不新增部位。,停止新進場，先保留現金，等待大盤止跌。,停止新進場，禁止顯示今日可進場。,False,False
2026-10-01,2026-10-01,收盤確認價,臺灣證券交易所 / 證券櫃檯買賣中心正式收盤；yfinance 歷史資料,只使用完整收盤日K，不使用盤中未完成K,上市,1321,大洋,32.5,32.5,32.15,32.44,32.48,32.44,32.22,33.04,3.01,0.31,False,45000,71082,1462500,2307178,0.5,False,True,23.76,紅K突破,,False,False,False,False,0,False,只觀察,條件不足,箱型突破,33.1,31.75,35.35,接近成形＋可觀察,33.76,33.1,33.76,34.77,32.11,4.9,中,-1.81,4.69,0.96,4.7,33.76,0.0,False,False,False,預備單，等待確認條件,頸線以當日前20日高點計算；收盤站上頸線 33.1 至少2%；成交量>=20日均量2倍；不可長上影；回踩須有近10日突破紀錄且不有效跌破頸線；距離頸線>5%禁止進場,60,C,等更安全位置,條件或風險不夠好，先不列入高關注。,False,2026-10-01,True,True,STOP,STOP 停止進場,接近目標,取消新進場，只保留觀察,只看續抱 / 減碼 / 停利 / 停損，不新增部位。,停止新進場，先保留現金，等待大盤止跌。,停止新進場，禁止顯示今日可進場。,False,False
2026-10-01,2026-10-01,收盤確認價,臺灣證券交易所 / 證券櫃檯買賣中心正式收盤；yfinance 歷史資料,只使用完整收盤日K，不使用盤中未完成K,上櫃,5604,中連,31.4,31.5,31.4,31.15,31.09,31.15,30.75,34.11,1.95,0.64,False,2551,11776,80101,366869,0.68,False,True,26.9,一般K,,False,False,False,False,0,False,只觀察,條件不足,箱型突破,31.9,30.8,33.9,接近成形＋可觀察,32.54,31.9,32.54,33.51,30.94,4.9,中,-1.57,1.57,0.85,4.19,32.54,0.0,False,False,False,預備單，等待確認條件,頸線以當日前20日高點計算；收盤站上頸線 31.9 至少2%；成交量>=20日均量2倍；不可長上影；回踩須有近10日突破紀錄且不有效跌破頸線；距離頸線>5%禁止進場,60,C,等更安全位置,條件或風險不夠好，先不列入高關注。,False,2026-10-01,True,True,STOP,STOP 停止進場,接近目標,取消新進場，只保留觀察,只看續抱 / 減碼 / 停利 / 停損，不新增部位。,停止新進場，先保留現金，等待大盤止跌。,停止新進場，禁止顯示今日可進場。,False,False
2026-10-01,2026-10-01,收盤確認價,臺灣證券交易所 / 證券櫃檯買賣中心正式收盤；yfinance 歷史資料,只使用完整收盤日K，不使用盤中未完成K,上市,2007,燁興,7.0,7.05,6.91,6.94,6.9,6.89,7.03,7.5,-3.71,0.0,False,231238,172122,1618666,1185216,0.98,False,True,26.5,一般K,,False,False,False,False,0,False,只觀察,條件不足,箱型突破,7.06,6.63,7.49,接近成形＋可觀察,7.2,7.06,7.2,7.42,6.85,4.9,中,-0.85,6.79,0.82,4.01,7.2,0.57,False,False,False,預備單，等待確認條件,頸線以當日前20日高點計算；收盤站上頸線 7.06 至少2%；成交量>=20日均量2倍；不可長上影；回踩須有近10日突破紀錄且不有效跌破頸線；距離頸線>5%禁止進場,60,C,等更安全位置,條件或風險不夠好，先不列入高關注。,False,2026-10-01,True,True,STOP,STOP 停止進場,接近目標,取消新進場，只保留觀察,只看續抱 / 減碼 / 停利 / 停損，不新增部位。,停止新進場，先保留現金，等待大盤止跌。,停止新進場，禁止顯示今日可進場。,False,False
2026-10-01,2026-10-01,收盤確認價,臺灣證券交易所 / 證券櫃檯買賣中心正式收盤；yfinance 歷史資料,只使用完整收盤日K，不使用盤中未完成K,上櫃,6123,上奇,42.95,43.2,42.65,43.01,43.06,43.12,42.82,45.52,2.26,-0.23,False,22695,35149,974750,1514583,0.5,False,True,17.77,一般K,,False,False,False,False,0,False,只觀察,條件不足,箱型突破,43.8,42.0,46.45,接近成形＋可觀察,44.68,43.8,44.68,46.02,42.49,4.9,中,-1.94,2.16,0.81,3.97,44.68,0.0,False,False,False,預備單，等待確認條件,頸線以當日前20日高點計算；收盤站上頸線 43.8 至少2%；成交量>=20日均量2倍；不可長上影；回踩須有近10日突破紀錄且不有效跌破頸線；距離頸線>5%禁止進場,60,C,等更安全位置,條件或風險不夠好，先不列入高關注。,False,2026-10-01,True,True,STOP,STOP 停止進場,接近目標,取消新進場，只保留觀察,只看續抱 / 減碼 / 停利 / 停損，不新增部位。,停止新進場，先保留現金，等待大盤止跌。,停止新進場，禁止顯示今日可進場。,False,False
2026-10-01,2026-10-01,收盤確認價,臺灣證券交易所 / 證券櫃檯買賣中心正式收盤；yfinance 歷史資料,只使用完整收盤日K，不使用盤中未完成K,上市,1817,凱撒衛,40.0,40.15,40.0,40.03,40.18,40.18,39.45,38.98,3.36,0.38,False,16995,34024,679800,1367673,0.47,False,True,19.87,一般K,,False,False,False,False,0,False,只觀察,條件不足,箱型突破,40.55,39.8,42.9,接近成形＋可觀察,41.36,40.55,41.36,42.6,39.33,4.9,中,-1.36,1.6,0.76,3.72,41.36,0.0,False,False,False,預備單，等待確認條件,頸線以當日前20日高點計算；收盤站上頸線 40.55 至少2%；成交量>=20日均量2倍；不可長上影；回踩須有近10日突破紀錄且不有效跌破頸線；距離頸線>5%禁止進場,60,C,等更安全位置,條件或風險不夠好，先不列入高關注。,False,2026-10-01,True,True,STOP,STOP 停止進場,接近目標,取消新進場，只保留觀察,只看續抱 / 減碼 / 停利 / 停損，不新增部位。,停止新進場，先保留現金，等待大盤止跌。,停止新進場，禁止顯示今日可進場。,False,False
2026-10-01,2026-10-01,收盤確認價,臺灣證券交易所 / 證券櫃檯買賣中心正式收盤；yfinance 歷史資料,只使用完整收盤日K，不使用盤中未完成K,上市,1423,利華,35.5,35.5,35.5,35.01,35.09,35.21,35.65,38.45,-3.4,-1.39,False,2010,8657,71355,305254,1.52,False,True,51.97,資料不足,,False,False,False,False,0,False,只觀察,條件不足,箱型突破,36.2,34.1,38.3,接近成形＋可觀察,36.92,36.2,36.92,38.03,35.11,4.9,中,-1.93,9.67,0.76,3.73,36.92,0.0,False,False,False,預備單，等待確認條件,頸線以當日前20日高點計算；收盤站上頸線 36.2 至少2%；成交量>=20日均量2倍；不可長上影；回踩須有近10日突破紀錄且不有效跌破頸線；距離頸線>5%禁止進場,60,C,等更安全位置,條件或風險不夠好，先不列入高關注。,False,2026-10-01,True,True,STOP,STOP 停止進場,接近目標,取消新進場，只保留觀察,只看續抱 / 減碼 / 停利 / 停損，不新增部位。,停止新進場，先保留現金，等待大盤止跌。,停止新進場，禁止顯示今日可進場。,False,False
2026-10-01,2026-10-01,收盤確認價,臺灣證券交易所 / 證券櫃檯買賣中心正式收盤；yfinance 歷史資料,只使用完整收盤日K，不使用盤中未完成K,上櫃,3666,光耀,25.3,25.4,25.15,25.26,25.16,25.08,25.09,27.2,0.4,0.0,False,28253,38633,714800,968266,0.13,False,True,32.36,一般K,,False,False,False,False,0,False,只觀察,條件不足,箱型突破,25.3,24.7,26.75,接近成形＋可觀察,25.81,25.3,25.81,26.58,24.54,4.9,中,0.0,1.56,0.75,3.66,25.81,0.0,False,False,False,預備單，等待確認條件,頸線以當日前20日高點計算；收盤站上頸線 25.3 至少2%；成交量>=20日均量2倍；不可長上影；回踩須有近10日突破紀錄且不有效跌破頸線；距離頸線>5%禁止進場,60,C,等更安全位置,條件或風險不夠好，先不列入高關注。,False,2026-10-01,True,True,STOP,STOP 停止進場,接近目標,取消新進場，只保留觀察,只看續抱 / 減碼 / 停利 / 停損，不新增部位。,停止新進場，先保留現金，等待大盤止跌。,停止新進場，禁止顯示今日可進場。,False,False
2026-10-01,2026-10-01,收盤確認價,臺灣證券交易所 / 證券櫃檯買賣中心正式收盤；yfinance 歷史資料,只使用完整收盤日K，不使用盤中未完成K,上櫃,4550,長佳,24.45,24.45,24.15,24.24,24.17,24.07,24.45,24.92,-5.6,-0.0,False,4000,15255,97800,367242,1.4,False,True,28.49,紅K突破,,False,False,False,False,0,False,只觀察,條件不足,箱型突破,24.65,23.25,26.05,接近成形＋可觀察,25.14,24.65,25.14,25.9,23.91,4.9,中,-0.81,5.6,0.74,3.61,25.14,0.0,False,False,False,預備單，等待確認條件,頸線以當日前20日高點計算；收盤站上頸線 24.65 至少2%；成交量>=20日均量2倍；不可長上影；回踩須有近10日突破紀錄且不有效跌破頸線；距離頸線>5%禁止進場,60,C,等更安全位置,條件或風險不夠好，先不列入高關注。,False,2026-10-01,True,True,STOP,STOP 停止進場,接近目標,取消新進場，只保留觀察,只看續抱 / 減碼 / 停利 / 停損，不新增部位。,停止新進場，先保留現金，等待大盤止跌。,停止新進場，禁止顯示今日可進場。,False,False
2026-10-01,2026-10-01,收盤確認價,臺灣證券交易所 / 證券櫃檯買賣中心正式收盤；yfinance 歷史資料,只使用完整收盤日K，不使用盤中未完成K,上市,2015,豐興,64.2,64.3,63.9,64.04,64.2,64.41,64.17,63.75,2.88,0.0,False,75885,142414,4871817,9162768,0.85,False,True,31.19,一般K,,False,False,False,False,0,False,只觀察,條件不足,箱型突破,65.2,63.1,68.9,接近成形＋可觀察,66.5,65.2,66.5,68.5,63.24,4.9,中,-1.53,5.03,0.73,3.6,66.5,0.0,False,False,False,預備單，等待確認條件,頸線以當日前20日高點計算；收盤站上頸線 65.2 至少2%；成交量>=20日均量2倍；不可長上影；回踩須有近10日突破紀錄且不有效跌破頸線；距離頸線>5%禁止進場,60,C,等更安全位置,條件或風險不夠好，先不列入高關注。,False,2026-10-01,True,True,STOP,STOP 停止進場,接近目標,取消新進場，只保留觀察,只看續抱 / 減碼 / 停利 / 停損，不新增部位。,停止新進場，先保留現金，等待大盤止跌。,停止新進場，禁止顯示今日可進場。,False,False
2026-10-01,2026-10-01,收盤確認價,臺灣證券交易所 / 證券櫃檯買賣中心正式收盤；yfinance 歷史資料,只使用完整收盤日K，不使用盤中未完成K,上櫃,4175,杏一,50.7,51.0,50.7,50.94,51.13,51.22,50.72,54.79,-0.2,-0.59,False,10681,8705,541526,445366,0.7,False,True,42.8,一般K,,False,False,False,False,0,False,只觀察,條件不足,接近成形,52.0,50.5,54.9,接近成形＋可觀察,53.04,52.0,53.04,54.63,50.44,4.9,中,-2.5,2.5,0.72,3.51,53.04,0.39,False,False,False,預備單，等待確認條件,頸線以當日前20日高點計算；收盤站上頸線 52.0 至少2%；成交量>=20日均量2倍；不可長上影；回踩須有近10日突破紀錄且不有效跌破頸線；距離頸線>5%禁止進場,60,C,等更安全位置,條件或風險不夠好，先不列入高關注。,False,2026-10-01,True,True,STOP,STOP 停止進場,接近目標,取消新進場，只保留觀察,只看續抱 / 減碼 / 停利 / 停損，不新增部位。,停止新進場，先保留現金，等待大盤止跌。,停止新進場，禁止顯示今日可進場。,False,False
2026-10-01,2026-10-01,收盤確認價,臺灣證券交易所 / 證券櫃檯買賣中心正式收盤；yfinance 歷史資料,只使用完整收盤日K，不使用盤中未完成K,上市,1216,統一,73.9,74.2,73.7,74.38,74.62,75.08,76.27,74.83,-5.98,-0.4,False,5933943,7879973,438518387,592298401,0.85,True,True,23.81,一般K,,False,False,False,False,0,False,只觀察,條件不足,接近成形,76.7,73.7,81.0,接近成形＋可觀察,78.23,76.7,78.23,80.58,74.4,4.9,中,-3.65,8.43,0.72,3.54,78.23,0.41,False,False,False,預備單，等待確認條件,頸線以當日前20日高點計算；收盤站上頸線 76.7 至少2%；成交量>=20日均量2倍；不可長上影；回踩須有近10日突破紀錄且不有效跌破頸線；距離頸線>5%禁止進場,60,C,等更安全位置,條件或風險不夠好，先不列入高關注。,False,2026-10-01,True,True,STOP,STOP 停止進場,接近目標,取消新進場，只保留觀察,只看續抱 / 減碼 / 停利 / 停損，不新增部位。,停止新進場，先保留現金，等待大盤止跌。,停止新進場，禁止顯示今日可進場。,False,False
2026-10-01,2026-10-01,收盤確認價,臺灣證券交易所 / 證券櫃檯買賣中心正式收盤；yfinance 歷史資料,只使用完整收盤日K，不使用盤中未完成K,上櫃,6728,上洋,109.0,109.0,108.0,108.6,108.15,107.88,107.93,121.6,-0.46,0.0,False,28627,17653,3120343,1905859,0.69,False,True,15.93,一般K,,False,False,False,False,0,False,只觀察,條件不足,箱型突破,109.0,106.0,115.0,接近成形＋可觀察,111.18,109.0,111.18,114.52,105.73,4.9,中,0.0,1.8,0.7,3.44,111.18,0.0,False,False,False,預備單，等待確認條件,頸線以當日前20日高點計算；收盤站上頸線 109.0 至少2%；成交量>=20日均量2倍；不可長上影；回踩須有近10日突破紀錄且不有效跌破頸線；距離頸線>5%禁止進場,60,C,等更安全位置,條件或風險不夠好，先不列入高關注。,False,2026-10-01,True,True,STOP,STOP 停止進場,接近目標,取消新進場，只保留觀察,只看續抱 / 減碼 / 停利 / 停損，不新增部位。,停止新進場，先保留現金，等待大盤止跌。,停止新進場，禁止顯示今日可進場。,False,False
2026-10-01,2026-10-01,收盤確認價,臺灣證券交易所 / 證券櫃檯買賣中心正式收盤；yfinance 歷史資料,只使用完整收盤日K，不使用盤中未完成K,上櫃,2752,豆府,176.5,176.5,175.5,177.5,178.15,178.12,177.54,193.63,-0.84,-0.28,False,18047,9320,3185295,1660936,0.92,False,True,22.29,紅K突破,,False,False,False,False,0,False,只觀察,條件不足,三角收斂突破,181.0,173.0,191.0,接近成形＋可觀察,184.62,181.0,184.62,190.16,175.57,4.9,中,-2.49,2.75,0.7,3.46,184.62,0.0,False,False,False,預備單，等待確認條件,頸線以當日前20日高點計算；收盤站上頸線 181.0 至少2%；成交量>=20日均量2倍；不可長上影；回踩須有近10日突破紀錄且不有效跌破頸線；距離頸線>5%禁止進場,60,C,等更安全位置,條件或風險不夠好，先不列入高關注。,False,2026-10-01,True,True,STOP,STOP 停止進場,接近目標,取消新進場，只保留觀察,只看續抱 / 減碼 / 停利 / 停損，不新增部位。,停止新進場，先保留現金，等待大盤止跌。,停止新進場，禁止顯示今日可進場。,False,False
2026-10-01,2026-10-01,收盤確認價,臺灣證券交易所 / 證券櫃檯買賣中心正式收盤；yfinance 歷史資料,只使用完整收盤日K，不使用盤中未完成K,上櫃,5403,中菲,93.0,93.0,92.5,92.94,93.06,93.1,93.25,103.27,-1.38,0.22,False,22304,27587,2074272,2569105,0.42,False,True,45.55,一般K,,False,False,False,False,0,False,只觀察,條件不足,接近成形,95.7,92.0,100.9,接近成形＋可觀察,97.61,95.7,97.61,100.54,92.83,4.9,中,-2.82,3.33,0.69,3.37,97.61,0.0,False,False,False,預備單，等待確認條件,頸線以當日前20日高點計算；收盤站上頸線 95.7 至少2%；成交量>=20日均量2倍；不可長上影；回踩須有近10日突破紀錄且不有效跌破頸線；距離頸線>5%禁止進場,60,C,等更安全位置,條件或風險不夠好，先不列入高關注。,False,2026-10-01,True,True,STOP,STOP 停止進場,接近目標,取消新進場，只保留觀察,只看續抱 / 減碼 / 停利 / 停損，不新增部位。,停止新進場，先保留現金，等待大盤止跌。,停止新進場，禁止顯示今日可進場。,False,False
2026-10-01,2026-10-01,收盤確認價,臺灣證券交易所 / 證券櫃檯買賣中心正式收盤；yfinance 歷史資料,只使用完整收盤日K，不使用盤中未完成K,上市,1340,勝悅-KY,5.23,5.24,5.19,5.23,5.21,5.2,5.21,6.22,-8.57,-0.19,False,62541,89059,327089,462431,1.13,False,True,20.16,一般K,,False,False,False,False,0,False,只觀察,條件不足,箱型突破,5.27,5.06,5.55,接近成形＋可觀察,5.38,5.27,5.38,5.54,5.11,4.9,中,-0.76,8.89,0.66,3.25,5.38,0.0,False,False,False,預備單，等待確認條件,頸線以當日前20日高點計算；收盤站上頸線 5.27 至少2%；成交量>=20日均量2倍；不可長上影；回踩須有近10日突破紀錄且不有效跌破頸線；距離頸線>5%禁止進場,60,C,等更安全位置,條件或風險不夠好，先不列入高關注。,False,2026-10-01,True,True,STOP,STOP 停止進場,接近目標,取消新進場，只保留觀察,只看續抱 / 減碼 / 停利 / 停損，不新增部位。,停止新進場，先保留現金，等待大盤止跌。,停止新進場，禁止顯示今日可進場。,False,False
2026-10-01,2026-10-01,收盤確認價,臺灣證券交易所 / 證券櫃檯買賣中心正式收盤；yfinance 歷史資料,只使用完整收盤日K，不使用盤中未完成K,上櫃,7708,全家餐飲,92.2,92.2,92.0,92.02,91.92,91.94,92.57,94.04,-1.81,0.0,False,16935,10311,1561407,948122,0.25,False,True,20.97,紅K突破,,False,False,False,False,0,False,只觀察,條件不足,箱型突破,93.5,91.5,98.4,接近成形＋可觀察,95.37,93.5,95.37,98.23,90.69,4.9,中,-1.39,2.64,0.65,3.18,95.37,0.0,False,False,False,預備單，等待確認條件,頸線以當日前20日高點計算；收盤站上頸線 93.5 至少2%；成交量>=20日均量2倍；不可長上影；回踩須有近10日突破紀錄且不有效跌破頸線；距離頸線>5%禁止進場,60,C,等更安全位置,條件或風險不夠好，先不列入高關注。,False,2026-10-01,True,True,STOP,STOP 停止進場,接近目標,取消新進場，只保留觀察,只看續抱 / 減碼 / 停利 / 停損，不新增部位。,停止新進場，先保留現金，等待大盤止跌。,停止新進場，禁止顯示今日可進場。,False,False
2026-10-01,2026-10-01,收盤確認價,臺灣證券交易所 / 證券櫃檯買賣中心正式收盤；yfinance 歷史資料,只使用完整收盤日K，不使用盤中未完成K,上櫃,5902,德記,34.3,34.35,34.0,34.28,34.33,34.34,34.35,38.98,2.24,-0.58,False,10451,86482,358469,2967681,0.78,False,True,29.73,紅K突破,,False,False,False,False,0,False,只觀察,條件不足,接近成形,35.1,33.5,36.95,接近成形＋可觀察,35.8,35.1,35.8,36.88,34.05,4.9,中,-2.28,2.56,0.65,3.21,35.8,0.15,False,False,False,預備單，等待確認條件,頸線以當日前20日高點計算；收盤站上頸線 35.1 至少2%；成交量>=20日均量2倍；不可長上影；回踩須有近10日突破紀錄且不有效跌破頸線；距離頸線>5%禁止進場,60,C,等更安全位置,條件或風險不夠好，先不列入高關注。,False,2026-10-01,True,True,STOP,STOP 停止進場,接近目標,取消新進場，只保留觀察,只看續抱 / 減碼 / 停利 / 停損，不新增部位。,停止新進場，先保留現金，等待大盤止跌。,停止新進場，禁止顯示今日可進場。,False,False
2026-10-01,2026-10-01,收盤確認價,臺灣證券交易所 / 證券櫃檯買賣中心正式收盤；yfinance 歷史資料,只使用完整收盤日K，不使用盤中未完成K,上櫃,1599,宏佳騰,23.1,23.1,22.9,23.06,23.07,23.12,23.31,25.4,-1.7,0.22,False,33156,17806,765903,413058,0.78,False,True,27.87,一般K,,False,False,False,False,0,False,只觀察,條件不足,三角收斂突破,23.75,22.75,25.0,接近成形＋可觀察,24.23,23.75,24.23,24.95,23.04,4.9,中,-2.74,7.23,0.65,3.2,24.23,0.0,False,False,False,預備單，等待確認條件,頸線以當日前20日高點計算；收盤站上頸線 23.75 至少2%；成交量>=20日均量2倍；不可長上影；回踩須有近10日突破紀錄且不有效跌破頸線；距離頸線>5%禁止進場,60,C,等更安全位置,條件或風險不夠好，先不列入高關注。,False,2026-10-01,True,True,STOP,STOP 停止進場,接近目標,取消新進場，只保留觀察,只看續抱 / 減碼 / 停利 / 停損，不新增部位。,停止新進場，先保留現金，等待大盤止跌。,停止新進場，禁止顯示今日可進場。,False,False
2026-10-01,2026-10-01,收盤確認價,臺灣證券交易所 / 證券櫃檯買賣中心正式收盤；yfinance 歷史資料,只使用完整收盤日K，不使用盤中未完成K,上市,2387,精元,36.55,36.75,36.35,36.58,36.69,36.57,37.31,39.68,-9.31,0.27,False,142099,201651,5193718,7379698,0.8,False,True,13.5,紅K突破,,False,False,False,False,0,False,只觀察,條件不足,接近成形,37.45,35.75,39.4,接近成形＋可觀察,38.2,37.45,38.2,39.34,36.33,4.9,中,-2.4,9.98,0.64,3.14,38.2,0.55,False,False,False,預備單，等待確認條件,頸線以當日前20日高點計算；收盤站上頸線 37.45 至少2%；成交量>=20日均量2倍；不可長上影；回踩須有近10日突破紀錄且不有效跌破頸線；距離頸線>5%禁止進場,60,C,等更安全位置,條件或風險不夠好，先不列入高關注。,False,2026-10-01,True,True,STOP,STOP 停止進場,接近目標,取消新進場，只保留觀察,只看續抱 / 減碼 / 停利 / 停損，不新增部位。,停止新進場，先保留現金，等待大盤止跌。,停止新進場，禁止顯示今日可進場。,False,False
2026-10-01,2026-10-01,收盤確認價,臺灣證券交易所 / 證券櫃檯買賣中心正式收盤；yfinance 歷史資料,只使用完整收盤日K，不使用盤中未完成K,上市,1737,臺鹽,30.0,30.1,30.0,30.05,30.1,30.35,31.34,31.62,-6.1,-0.17,False,102338,459649,3070140,13730918,1.28,False,True,56.12,一般K,,False,False,False,False,0,False,只觀察,條件不足,接近成形,30.9,29.3,32.5,接近成形＋可觀察,31.52,30.9,31.52,32.46,29.97,4.9,中,-2.91,7.69,0.64,3.12,31.52,0.0,False,False,False,預備單，等待確認條件,頸線以當日前20日高點計算；收盤站上頸線 30.9 至少2%；成交量>=20日均量2倍；不可長上影；回踩須有近10日突破紀錄且不有效跌破頸線；距離頸線>5%禁止進場,60,C,等更安全位置,條件或風險不夠好，先不列入高關注。,False,2026-10-01,True,True,STOP,STOP 停止進場,接近目標,取消新進場，只保留觀察,只看續抱 / 減碼 / 停利 / 停損，不新增部位。,停止新進場，先保留現金，等待大盤止跌。,停止新進場，禁止顯示今日可進場。,False,False
2026-10-01,2026-10-01,收盤確認價,臺灣證券交易所 / 證券櫃檯買賣中心正式收盤；yfinance 歷史資料,只使用完整收盤日K，不使用盤中未完成K,上櫃,8938,明安,52.2,52.9,52.2,52.38,52.24,52.02,53.18,60.72,-4.4,-0.76,False,46520,67957,2428344,3533092,1.66,False,True,18.09,一般K,,False,False,False,False,0,False,只觀察,條件不足,箱型突破,53.0,50.4,55.7,接近成形＋可觀察,54.06,53.0,54.06,55.68,51.41,4.9,中,-1.51,9.84,0.62,3.03,54.06,0.0,False,False,False,預備單，等待確認條件,頸線以當日前20日高點計算；收盤站上頸線 53.0 至少2%；成交量>=20日均量2倍；不可長上影；回踩須有近10日突破紀錄且不有效跌破頸線；距離頸線>5%禁止進場,60,C,等更安全位置,條件或風險不夠好，先不列入高關注。,False,2026-10-01,True,True,STOP,STOP 停止進場,接近目標,取消新進場，只保留觀察,只看續抱 / 減碼 / 停利 / 停損，不新增部位。,停止新進場，先保留現金，等待大盤止跌。,停止新進場，禁止顯示今日可進場。,False,False
2026-10-01,2026-10-01,收盤確認價,臺灣證券交易所 / 證券櫃檯買賣中心正式收盤；yfinance 歷史資料,只使用完整收盤日K，不使用盤中未完成K,上櫃,8432,東生華,50.7,50.9,50.5,50.58,50.48,50.37,50.36,52.63,0.2,-0.0,False,32574,39740,1651501,2005117,0.63,False,True,15.43,紅K突破,,False,False,False,False,0,False,只觀察,條件不足,箱型突破,51.4,49.7,54.0,接近成形＋可觀察,52.43,51.4,52.43,54.0,49.86,4.9,中,-1.36,1.36,0.61,3.0,52.43,0.39,False,False,False,預備單，等待確認條件,頸線以當日前20日高點計算；收盤站上頸線 51.4 至少2%；成交量>=20日均量2倍；不可長上影；回踩須有近10日突破紀錄且不有效跌破頸線；距離頸線>5%禁止進場,60,C,等更安全位置,條件或風險不夠好，先不列入高關注。,False,2026-10-01,True,True,STOP,STOP 停止進場,接近目標,取消新進場，只保留觀察,只看續抱 / 減碼 / 停利 / 停損，不新增部位。,停止新進場，先保留現金，等待大盤止跌。,停止新進場，禁止顯示今日可進場。,False,False
2026-10-01,2026-10-01,收盤確認價,臺灣證券交易所 / 證券櫃檯買賣中心正式收盤；yfinance 歷史資料,只使用完整收盤日K，不使用盤中未完成K,上櫃,7811,民盛,73.5,73.5,73.5,73.4,73.1,73.19,72.64,100.05,-8.7,0.0,False,5000,7850,367500,576334,0.53,False,True,10.42,資料不足,,False,False,False,False,0,False,只觀察,條件不足,箱型突破,74.2,72.0,77.9,接近成形＋可觀察,75.68,74.2,75.68,77.95,71.97,4.9,中,-0.94,9.71,0.6,2.93,75.68,0.0,False,False,False,預備單，等待確認條件,頸線以當日前20日高點計算；收盤站上頸線 74.2 至少2%；成交量>=20日均量2倍；不可長上影；回踩須有近10日突破紀錄且不有效跌破頸線；距離頸線>5%禁止進場,60,C,等更安全位置,條件或風險不夠好，先不列入高關注。,False,2026-10-01,True,True,STOP,STOP 停止進場,接近目標,取消新進場，只保留觀察,只看續抱 / 減碼 / 停利 / 停損，不新增部位。,停止新進場，先保留現金，等待大盤止跌。,停止新進場，禁止顯示今日可進場。,False,False
2026-10-01,2026-10-01,收盤確認價,臺灣證券交易所 / 證券櫃檯買賣中心正式收盤；yfinance 歷史資料,只使用完整收盤日K，不使用盤中未完成K,上市,1341,富林-KY,59.0,59.0,59.0,59.74,59.7,59.49,59.23,59.42,2.43,-1.5,False,2248,2263,132632,134970,1.12,False,True,25.02,資料不足,,False,False,False,False,0,False,只觀察,條件不足,箱型突破,60.0,57.9,63.0,接近成形＋可觀察,61.2,60.0,61.2,63.04,58.2,4.9,中,-1.67,3.75,0.6,2.94,61.2,0.0,False,False,False,預備單，等待確認條件,頸線以當日前20日高點計算；收盤站上頸線 60.0 至少2%；成交量>=20日均量2倍；不可長上影；回踩須有近10日突破紀錄且不有效跌破頸線；距離頸線>5%禁止進場,60,C,等更安全位置,條件或風險不夠好，先不列入高關注。,False,2026-10-01,True,True,STOP,STOP 停止進場,接近目標,取消新進場，只保留觀察,只看續抱 / 減碼 / 停利 / 停損，不新增部位。,停止新進場，先保留現金，等待大盤止跌。,停止新進場，禁止顯示今日可進場。,False,False
2026-10-01,2026-10-01,收盤確認價,臺灣證券交易所 / 證券櫃檯買賣中心正式收盤；yfinance 歷史資料,只使用完整收盤日K，不使用盤中未完成K,上櫃,8176,智捷,9.71,9.77,9.67,9.76,9.79,9.81,9.92,10.54,-6.63,-0.51,False,33598,63930,326236,627184,0.67,False,True,45.87,一般K,,False,False,False,False,0,False,只觀察,條件不足,接近成形,10.0,9.5,10.5,接近成形＋可觀察,10.2,10.0,10.2,10.51,9.7,4.9,中,-2.9,7.08,0.6,2.94,10.2,0.41,False,False,False,預備單，等待確認條件,頸線以當日前20日高點計算；收盤站上頸線 10.0 至少2%；成交量>=20日均量2倍；不可長上影；回踩須有近10日突破紀錄且不有效跌破頸線；距離頸線>5%禁止進場,60,C,等更安全位置,條件或風險不夠好，先不列入高關注。,False,2026-10-01,True,True,STOP,STOP 停止進場,接近目標,取消新進場，只保留觀察,只看續抱 / 減碼 / 停利 / 停損，不新增部位。,停止新進場，先保留現金，等待大盤止跌。,停止新進場，禁止顯示今日可進場。,False,False
2026-10-01,2026-10-01,收盤確認價,臺灣證券交易所 / 證券櫃檯買賣中心正式收盤；yfinance 歷史資料,只使用完整收盤日K，不使用盤中未完成K,上櫃,6593,台灣銘板,32.3,32.35,31.7,32.23,32.03,31.88,32.51,36.82,-4.58,0.16,False,20726,36262,669449,1156160,0.72,False,True,28.39,紅K突破,,False,False,False,False,0,False,只觀察,條件不足,箱型突破,32.85,31.25,34.45,接近成形＋可觀察,33.51,32.85,33.51,34.51,31.86,4.9,中,-1.67,7.71,0.57,2.81,33.51,0.15,False,False,False,預備單，等待確認條件,頸線以當日前20日高點計算；收盤站上頸線 32.85 至少2%；成交量>=20日均量2倍；不可長上影；回踩須有近10日突破紀錄且不有效跌破頸線；距離頸線>5%禁止進場,60,C,等更安全位置,條件或風險不夠好，先不列入高關注。,False,2026-10-01,True,True,STOP,STOP 停止進場,接近目標,取消新進場，只保留觀察,只看續抱 / 減碼 / 停利 / 停損，不新增部位。,停止新進場，先保留現金，等待大盤止跌。,停止新進場，禁止顯示今日可進場。,False,False
2026-10-01,2026-10-01,收盤確認價,臺灣證券交易所 / 證券櫃檯買賣中心正式收盤；yfinance 歷史資料,只使用完整收盤日K，不使用盤中未完成K,上市,1457,宜進,14.45,14.45,14.3,14.38,14.42,14.42,14.35,15.1,0.35,0.35,False,71418,83294,1031990,1201721,0.64,False,True,25.34,紅K突破,,False,False,False,False,0,False,只觀察,條件不足,箱型突破,14.6,14.25,15.3,接近成形＋可觀察,14.89,14.6,14.89,15.34,14.16,4.9,中,-1.03,1.7,0.56,2.74,14.89,0.0,False,False,False,預備單，等待確認條件,頸線以當日前20日高點計算；收盤站上頸線 14.6 至少2%；成交量>=20日均量2倍；不可長上影；回踩須有近10日突破紀錄且不有效跌破頸線；距離頸線>5%禁止進場,60,C,等更安全位置,條件或風險不夠好，先不列入高關注。,False,2026-10-01,True,True,STOP,STOP 停止進場,接近目標,取消新進場，只保留觀察,只看續抱 / 減碼 / 停利 / 停損，不新增部位。,停止新進場，先保留現金，等待大盤止跌。,停止新進場，禁止顯示今日可進場。,False,False
2026-10-01,2026-10-01,收盤確認價,臺灣證券交易所 / 證券櫃檯買賣中心正式收盤；yfinance 歷史資料,只使用完整收盤日K，不使用盤中未完成K,上櫃,4528,江興鍛,14.85,14.95,14.85,14.92,14.89,14.9,15.14,16.72,-4.19,-0.67,False,25915,18101,384837,269321,0.47,False,True,19.73,一般K,,False,False,False,False,0,False,只觀察,條件不足,接近成形,15.2,14.5,15.9,接近成形＋可觀察,15.5,15.2,15.5,15.97,14.74,4.9,中,-2.3,8.62,0.52,2.55,15.5,0.34,False,False,False,預備單，等待確認條件,頸線以當日前20日高點計算；收盤站上頸線 15.2 至少2%；成交量>=20日均量2倍；不可長上影；回踩須有近10日突破紀錄且不有效跌破頸線；距離頸線>5%禁止進場,60,C,等更安全位置,條件或風險不夠好，先不列入高關注。,False,2026-10-01,True,True,STOP,STOP 停止進場,接近目標,取消新進場，只保留觀察,只看續抱 / 減碼 / 停利 / 停損，不新增部位。,停止新進場，先保留現金，等待大盤止跌。,停止新進場，禁止顯示今日可進場。,False,False
2026-10-01,2026-10-01,收盤確認價,臺灣證券交易所 / 證券櫃檯買賣中心正式收盤；yfinance 歷史資料,只使用完整收盤日K，不使用盤中未完成K,上市,1231,聯華食,79.8,79.9,79.5,79.66,79.81,79.97,80.79,84.34,1.25,0.25,False,223078,204685,17801624,16375941,0.61,False,True,23.04,紅K突破,,False,False,False,False,0,False,只觀察,條件不足,箱型突破,81.0,79.2,84.64,接近成形＋可觀察,82.62,81.0,82.62,85.1,78.57,4.9,中,-1.48,6.12,0.5,2.44,82.62,0.13,False,False,False,預備單，等待確認條件,頸線以當日前20日高點計算；收盤站上頸線 81.0 至少2%；成交量>=20日均量2倍；不可長上影；回踩須有近10日突破紀錄且不有效跌破頸線；距離頸線>5%禁止進場,60,C,等更安全位置,條件或風險不夠好，先不列入高關注。,False,2026-10-01,True,True,STOP,STOP 停止進場,接近目標,取消新進場，只保留觀察,只看續抱 / 減碼 / 停利 / 停損，不新增部位。,停止新進場，先保留現金，等待大盤止跌。,停止新進場，禁止顯示今日可進場。,False,False
2026-10-01,2026-10-01,收盤確認價,臺灣證券交易所 / 證券櫃檯買賣中心正式收盤；yfinance 歷史資料,只使用完整收盤日K，不使用盤中未完成K,上市,2013,中鋼構,41.5,41.6,41.3,41.34,41.31,41.49,41.27,42.17,0.61,-0.24,False,32397,51110,1344475,2120502,0.44,False,True,13.8,紅K突破,,False,False,False,False,0,False,只觀察,條件不足,箱型突破,42.15,40.55,44.05,接近成形＋可觀察,42.99,42.15,42.99,44.28,40.89,4.9,中,-1.54,2.58,0.5,2.46,42.99,0.24,False,False,False,預備單，等待確認條件,頸線以當日前20日高點計算；收盤站上頸線 42.15 至少2%；成交量>=20日均量2倍；不可長上影；回踩須有近10日突破紀錄且不有效跌破頸線；距離頸線>5%禁止進場,60,C,等更安全位置,條件或風險不夠好，先不列入高關注。,False,2026-10-01,True,True,STOP,STOP 停止進場,接近目標,取消新進場，只保留觀察,只看續抱 / 減碼 / 停利 / 停損，不新增部位。,停止新進場，先保留現金，等待大盤止跌。,停止新進場，禁止顯示今日可進場。,False,False
2026-10-01,2026-10-01,收盤確認價,臺灣證券交易所 / 證券櫃檯買賣中心正式收盤；yfinance 歷史資料,只使用完整收盤日K，不使用盤中未完成K,上櫃,4114,健喬,29.5,29.55,29.45,29.47,29.53,29.59,29.78,29.57,-5.05,-0.17,False,308717,496861,9107151,14706992,0.59,False,True,16.94,一般K,,False,False,False,False,0,False,只觀察,條件不足,箱型突破,30.1,29.3,31.45,接近成形＋可觀察,30.7,30.1,30.7,31.62,29.2,4.9,中,-1.99,6.31,0.5,2.44,30.7,0.0,False,False,False,預備單，等待確認條件,頸線以當日前20日高點計算；收盤站上頸線 30.1 至少2%；成交量>=20日均量2倍；不可長上影；回踩須有近10日突破紀錄且不有效跌破頸線；距離頸線>5%禁止進場,60,C,等更安全位置,條件或風險不夠好，先不列入高關注。,False,2026-10-01,True,True,STOP,STOP 停止進場,接近目標,取消新進場，只保留觀察,只看續抱 / 減碼 / 停利 / 停損，不新增部位。,停止新進場，先保留現金，等待大盤止跌。,停止新進場，禁止顯示今日可進場。,False,False
2026-10-01,2026-10-01,收盤確認價,臺灣證券交易所 / 證券櫃檯買賣中心正式收盤；yfinance 歷史資料,只使用完整收盤日K，不使用盤中未完成K,上櫃,5512,力麒,7.7,7.73,7.66,7.7,7.68,7.71,7.77,7.87,-3.99,-0.13,False,253145,560864,1949216,4314922,1.08,False,True,30.06,一般K,,False,False,False,False,0,False,只觀察,條件不足,箱型突破,7.84,7.49,8.19,接近成形＋可觀察,8.0,7.84,8.0,8.24,7.6,4.9,中,-1.79,5.64,0.49,2.42,8.0,0.0,False,False,False,預備單，等待確認條件,頸線以當日前20日高點計算；收盤站上頸線 7.84 至少2%；成交量>=20日均量2倍；不可長上影；回踩須有近10日突破紀錄且不有效跌破頸線；距離頸線>5%禁止進場,60,C,等更安全位置,條件或風險不夠好，先不列入高關注。,False,2026-10-01,True,True,STOP,STOP 停止進場,接近目標,取消新進場，只保留觀察,只看續抱 / 減碼 / 停利 / 停損，不新增部位。,停止新進場，先保留現金，等待大盤止跌。,停止新進場，禁止顯示今日可進場。,False,False
2026-10-01,2026-10-01,收盤確認價,臺灣證券交易所 / 證券櫃檯買賣中心正式收盤；yfinance 歷史資料,只使用完整收盤日K，不使用盤中未完成K,上櫃,8450,霹靂,14.3,14.3,14.05,14.33,14.23,14.36,14.73,16.28,-7.44,-0.0,False,18471,25303,264135,363653,0.76,False,True,46.32,紅K突破,,False,False,False,False,0,False,只觀察,條件不足,接近成形,14.65,14.0,15.3,接近成形＋可觀察,14.94,14.65,14.94,15.39,14.21,4.9,中,-2.39,9.49,0.49,2.39,14.94,0.0,False,False,False,預備單，等待確認條件,頸線以當日前20日高點計算；收盤站上頸線 14.65 至少2%；成交量>=20日均量2倍；不可長上影；回踩須有近10日突破紀錄且不有效跌破頸線；距離頸線>5%禁止進場,60,C,等更安全位置,條件或風險不夠好，先不列入高關注。,False,2026-10-01,True,True,STOP,STOP 停止進場,接近目標,取消新進場，只保留觀察,只看續抱 / 減碼 / 停利 / 停損，不新增部位。,停止新進場，先保留現金，等待大盤止跌。,停止新進場，禁止顯示今日可進場。,False,False
2026-10-01,2026-10-01,收盤確認價,臺灣證券交易所 / 證券櫃檯買賣中心正式收盤；yfinance 歷史資料,只使用完整收盤日K，不使用盤中未完成K,上櫃,6194,育富,30.1,30.3,29.95,30.13,30.24,30.05,30.03,32.93,-5.64,0.84,False,28033,43354,843793,1301436,0.93,False,True,28.62,一般K,,False,False,False,False,0,False,只觀察,條件不足,箱型突破,30.55,29.4,31.9,接近成形＋可觀察,31.16,30.55,31.16,32.1,29.63,4.9,中,-1.47,5.79,0.48,2.37,31.16,0.0,False,False,False,預備單，等待確認條件,頸線以當日前20日高點計算；收盤站上頸線 30.55 至少2%；成交量>=20日均量2倍；不可長上影；回踩須有近10日突破紀錄且不有效跌破頸線；距離頸線>5%禁止進場,60,C,等更安全位置,條件或風險不夠好，先不列入高關注。,False,2026-10-01,True,True,STOP,STOP 停止進場,接近目標,取消新進場，只保留觀察,只看續抱 / 減碼 / 停利 / 停損，不新增部位。,停止新進場，先保留現金，等待大盤止跌。,停止新進場，禁止顯示今日可進場。,False,False
2026-10-01,2026-10-01,收盤確認價,臺灣證券交易所 / 證券櫃檯買賣中心正式收盤；yfinance 歷史資料,只使用完整收盤日K，不使用盤中未完成K,上櫃,3531,先益,21.15,21.15,21.15,21.09,21.17,21.25,21.81,22.06,-6.83,1.2,False,1000,3859,21150,82109,0.83,False,True,42.46,資料不足,,False,False,False,False,0,False,只觀察,條件不足,接近成形,21.6,20.75,22.55,接近成形＋可觀察,22.03,21.6,22.03,22.69,20.95,4.9,中,-2.08,8.64,0.48,2.35,22.03,0.0,False,False,False,預備單，等待確認條件,頸線以當日前20日高點計算；收盤站上頸線 21.6 至少2%；成交量>=20日均量2倍；不可長上影；回踩須有近10日突破紀錄且不有效跌破頸線；距離頸線>5%禁止進場,60,C,等更安全位置,條件或風險不夠好，先不列入高關注。,False,2026-10-01,True,True,STOP,STOP 停止進場,接近目標,取消新進場，只保留觀察,只看續抱 / 減碼 / 停利 / 停損，不新增部位。,停止新進場，先保留現金，等待大盤止跌。,停止新進場，禁止顯示今日可進場。,False,False
2026-10-01,2026-10-01,收盤確認價,臺灣證券交易所 / 證券櫃檯買賣中心正式收盤；yfinance 歷史資料,只使用完整收盤日K，不使用盤中未完成K,上櫃,8401,白紗科,22.7,22.7,22.6,22.7,22.72,22.72,22.84,25.77,-1.09,-0.22,False,24100,29150,547070,662038,0.44,False,True,21.76,一般K,,False,False,False,False,0,False,只觀察,條件不足,箱型突破,23.0,22.4,24.0,接近成形＋可觀察,23.46,23.0,23.46,24.16,22.31,4.9,中,-1.3,2.99,0.47,2.3,23.46,0.0,False,False,False,預備單，等待確認條件,頸線以當日前20日高點計算；收盤站上頸線 23.0 至少2%；成交量>=20日均量2倍；不可長上影；回踩須有近10日突破紀錄且不有效跌破頸線；距離頸線>5%禁止進場,60,C,等更安全位置,條件或風險不夠好，先不列入高關注。,False,2026-10-01,True,True,STOP,STOP 停止進場,接近目標,取消新進場，只保留觀察,只看續抱 / 減碼 / 停利 / 停損，不新增部位。,停止新進場，先保留現金，等待大盤止跌。,停止新進場，禁止顯示今日可進場。,False,False
2026-10-01,2026-10-01,收盤確認價,臺灣證券交易所 / 證券櫃檯買賣中心正式收盤；yfinance 歷史資料,只使用完整收盤日K，不使用盤中未完成K,上櫃,8916,光隆,41.0,41.1,40.9,40.98,40.97,40.97,41.65,46.15,-6.61,-0.12,False,25745,51244,1055545,2101307,0.47,False,True,41.55,一般K,,False,False,False,False,0,False,只觀察,條件不足,箱型突破,41.6,40.55,43.4,接近成形＋可觀察,42.43,41.6,42.43,43.7,40.35,4.9,中,-1.44,7.34,0.47,2.28,42.43,0.0,False,False,False,預備單，等待確認條件,頸線以當日前20日高點計算；收盤站上頸線 41.6 至少2%；成交量>=20日均量2倍；不可長上影；回踩須有近10日突破紀錄且不有效跌破頸線；距離頸線>5%禁止進場,60,C,等更安全位置,條件或風險不夠好，先不列入高關注。,False,2026-10-01,True,True,STOP,STOP 停止進場,接近目標,取消新進場，只保留觀察,只看續抱 / 減碼 / 停利 / 停損，不新增部位。,停止新進場，先保留現金，等待大盤止跌。,停止新進場，禁止顯示今日可進場。,False,False
2026-10-01,2026-10-01,收盤確認價,臺灣證券交易所 / 證券櫃檯買賣中心正式收盤；yfinance 歷史資料,只使用完整收盤日K，不使用盤中未完成K,上櫃,8409,商之器,18.0,18.0,18.0,18.08,18.06,18.1,18.37,20.26,-5.51,0.0,False,2020,4302,36360,77897,0.6,False,True,13.85,資料不足,,False,False,False,False,0,False,只觀察,條件不足,接近成形,18.45,17.9,19.25,接近成形＋可觀察,18.82,18.45,18.82,19.38,17.9,4.9,中,-2.44,9.09,0.47,2.29,18.82,0.0,False,False,False,預備單，等待確認條件,頸線以當日前20日高點計算；收盤站上頸線 18.45 至少2%；成交量>=20日均量2倍；不可長上影；回踩須有近10日突破紀錄且不有效跌破頸線；距離頸線>5%禁止進場,60,C,等更安全位置,條件或風險不夠好，先不列入高關注。,False,2026-10-01,True,True,STOP,STOP 停止進場,接近目標,取消新進場，只保留觀察,只看續抱 / 減碼 / 停利 / 停損，不新增部位。,停止新進場，先保留現金，等待大盤止跌。,停止新進場，禁止顯示今日可進場。,False,False
2026-10-01,2026-10-01,收盤確認價,臺灣證券交易所 / 證券櫃檯買賣中心正式收盤；yfinance 歷史資料,只使用完整收盤日K，不使用盤中未完成K,上市,1539,巨庭,15.65,15.8,15.45,15.51,15.58,15.59,15.85,16.67,-1.57,1.29,False,25405,20382,397588,318203,0.73,False,True,39.98,一般K,,False,False,False,False,0,False,只觀察,條件不足,接近成形,16.1,15.45,16.8,接近成形＋可觀察,16.42,16.1,16.42,16.91,15.62,4.9,中,-2.8,9.54,0.47,2.3,16.42,0.32,False,False,False,預備單，等待確認條件,頸線以當日前20日高點計算；收盤站上頸線 16.1 至少2%；成交量>=20日均量2倍；不可長上影；回踩須有近10日突破紀錄且不有效跌破頸線；距離頸線>5%禁止進場,60,C,等更安全位置,條件或風險不夠好，先不列入高關注。,False,2026-10-01,True,True,STOP,STOP 停止進場,接近目標,取消新進場，只保留觀察,只看續抱 / 減碼 / 停利 / 停損，不新增部位。,停止新進場，先保留現金，等待大盤止跌。,停止新進場，禁止顯示今日可進場。,False,False
2026-10-01,2026-10-01,收盤確認價,臺灣證券交易所 / 證券櫃檯買賣中心正式收盤；yfinance 歷史資料,只使用完整收盤日K，不使用盤中未完成K,上櫃,2063,世鎧,23.6,24.15,23.5,23.55,23.67,23.81,24.01,25.37,-1.87,0.43,False,13154,25929,310434,616491,0.74,False,True,17.26,一般K,,False,False,False,False,0,False,只觀察,條件不足,接近成形,24.3,23.25,25.35,接近成形＋可觀察,24.79,24.3,24.79,25.53,23.57,4.9,中,-2.88,5.22,0.46,2.28,24.79,0.0,False,False,False,預備單，等待確認條件,頸線以當日前20日高點計算；收盤站上頸線 24.3 至少2%；成交量>=20日均量2倍；不可長上影；回踩須有近10日突破紀錄且不有效跌破頸線；距離頸線>5%禁止進場,60,C,等更安全位置,條件或風險不夠好，先不列入高關注。,False,2026-10-01,True,True,STOP,STOP 停止進場,接近目標,取消新進場，只保留觀察,只看續抱 / 減碼 / 停利 / 停損，不新增部位。,停止新進場，先保留現金，等待大盤止跌。,停止新進場，禁止顯示今日可進場。,False,False
2026-10-01,2026-10-01,收盤確認價,臺灣證券交易所 / 證券櫃檯買賣中心正式收盤；yfinance 歷史資料,只使用完整收盤日K，不使用盤中未完成K,上市,1233,天仁,28.1,28.1,28.0,27.99,28.04,28.07,28.32,29.89,1.08,-0.0,False,5292,17839,148705,500946,0.76,False,True,25.04,紅K突破,,False,False,False,False,0,False,只觀察,條件不足,接近成形,28.75,27.6,29.95,接近成形＋可觀察,29.32,28.75,29.32,30.2,27.89,4.9,中,-2.26,6.64,0.43,2.13,29.32,0.0,False,False,False,預備單，等待確認條件,頸線以當日前20日高點計算；收盤站上頸線 28.75 至少2%；成交量>=20日均量2倍；不可長上影；回踩須有近10日突破紀錄且不有效跌破頸線；距離頸線>5%禁止進場,60,C,等更安全位置,條件或風險不夠好，先不列入高關注。,False,2026-10-01,True,True,STOP,STOP 停止進場,接近目標,取消新進場，只保留觀察,只看續抱 / 減碼 / 停利 / 停損，不新增部位。,停止新進場，先保留現金，等待大盤止跌。,停止新進場，禁止顯示今日可進場。,False,False
2026-10-01,2026-10-01,收盤確認價,臺灣證券交易所 / 證券櫃檯買賣中心正式收盤；yfinance 歷史資料,只使用完整收盤日K，不使用盤中未完成K,上市,1324,地球,10.05,10.05,9.94,10.0,9.99,10.03,10.12,10.58,-4.29,0.6,False,32639,25557,328021,256609,0.86,False,True,22.49,紅K突破,,False,False,False,False,0,False,只觀察,條件不足,接近成形,10.3,9.94,10.73,接近成形＋可觀察,10.51,10.3,10.51,10.82,9.99,4.9,中,-2.43,4.74,0.43,2.13,10.51,0.0,False,False,False,預備單，等待確認條件,頸線以當日前20日高點計算；收盤站上頸線 10.3 至少2%；成交量>=20日均量2倍；不可長上影；回踩須有近10日突破紀錄且不有效跌破頸線；距離頸線>5%禁止進場,60,C,等更安全位置,條件或風險不夠好，先不列入高關注。,False,2026-10-01,True,True,STOP,STOP 停止進場,接近目標,取消新進場，只保留觀察,只看續抱 / 減碼 / 停利 / 停損，不新增部位。,停止新進場，先保留現金，等待大盤止跌。,停止新進場，禁止顯示今日可進場。,False,False
2026-10-01,2026-10-01,收盤確認價,臺灣證券交易所 / 證券櫃檯買賣中心正式收盤；yfinance 歷史資料,只使用完整收盤日K，不使用盤中未完成K,上櫃,5364,力麗店,8.38,8.39,8.3,8.35,8.36,8.37,8.56,11.61,-5.84,-0.12,False,13650,43409,114387,363281,0.51,False,True,21.13,一般K,,False,False,False,False,0,False,只觀察,條件不足,箱型突破,8.55,8.2,8.9,接近成形＋可觀察,8.72,8.55,8.72,8.98,8.29,4.9,中,-1.99,6.79,0.42,2.05,8.72,0.0,False,False,False,預備單，等待確認條件,頸線以當日前20日高點計算；收盤站上頸線 8.55 至少2%；成交量>=20日均量2倍；不可長上影；回踩須有近10日突破紀錄且不有效跌破頸線；距離頸線>5%禁止進場,60,C,等更安全位置,條件或風險不夠好，先不列入高關注。,False,2026-10-01,True,True,STOP,STOP 停止進場,接近目標,取消新進場，只保留觀察,只看續抱 / 減碼 / 停利 / 停損，不新增部位。,停止新進場，先保留現金，等待大盤止跌。,停止新進場，禁止顯示今日可進場。,False,False
2026-10-01,2026-10-01,收盤確認價,臺灣證券交易所 / 證券櫃檯買賣中心正式收盤；yfinance 歷史資料,只使用完整收盤日K，不使用盤中未完成K,上市,1339,昭輝,42.7,42.9,42.15,42.5,42.8,42.84,44.08,43.27,-5.43,0.83,False,53816,59751,2297943,2560402,0.73,False,True,35.53,一般K,,False,False,False,False,0,False,只觀察,條件不足,接近成形,43.65,41.85,45.45,接近成形＋可觀察,44.52,43.65,44.52,45.86,42.34,4.9,中,-2.18,9.34,0.42,2.08,44.52,0.0,False,False,False,預備單，等待確認條件,頸線以當日前20日高點計算；收盤站上頸線 43.65 至少2%；成交量>=20日均量2倍；不可長上影；回踩須有近10日突破紀錄且不有效跌破頸線；距離頸線>5%禁止進場,60,C,等更安全位置,條件或風險不夠好，先不列入高關注。,False,2026-10-01,True,True,STOP,STOP 停止進場,接近目標,取消新進場，只保留觀察,只看續抱 / 減碼 / 停利 / 停損，不新增部位。,停止新進場，先保留現金，等待大盤止跌。,停止新進場，禁止顯示今日可進場。,False,False
2026-10-01,2026-10-01,收盤確認價,臺灣證券交易所 / 證券櫃檯買賣中心正式收盤；yfinance 歷史資料,只使用完整收盤日K，不使用盤中未完成K,上櫃,1586,和勤,17.9,18.0,17.7,17.95,17.96,18.0,18.21,22.68,-6.53,0.0,False,176783,240308,3164415,4318310,0.4,False,True,35.16,一般K,,False,False,False,False,0,False,只觀察,條件不足,接近成形,18.3,17.7,19.05,接近成形＋可觀察,18.67,18.3,18.67,19.23,17.75,4.9,中,-2.19,8.21,0.42,2.06,18.67,0.28,False,False,False,預備單，等待確認條件,頸線以當日前20日高點計算；收盤站上頸線 18.3 至少2%；成交量>=20日均量2倍；不可長上影；回踩須有近10日突破紀錄且不有效跌破頸線；距離頸線>5%禁止進場,60,C,等更安全位置,條件或風險不夠好，先不列入高關注。,False,2026-10-01,True,True,STOP,STOP 停止進場,接近目標,取消新進場，只保留觀察,只看續抱 / 減碼 / 停利 / 停損，不新增部位。,停止新進場，先保留現金，等待大盤止跌。,停止新進場，禁止顯示今日可進場。,False,False
2026-10-01,2026-10-01,收盤確認價,臺灣證券交易所 / 證券櫃檯買賣中心正式收盤；yfinance 歷史資料,只使用完整收盤日K，不使用盤中未完成K,上櫃,3118,進階,31.55,31.55,31.3,31.29,31.41,31.45,31.67,32.8,-0.47,0.8,False,7182,16890,226592,529893,0.73,False,True,11.64,紅K突破,,False,False,False,False,0,False,只觀察,條件不足,箱型突破,32.05,30.75,33.35,接近成形＋可觀察,32.69,32.05,32.69,33.67,31.09,4.9,中,-1.56,3.37,0.41,2.02,32.69,0.0,False,False,False,預備單，等待確認條件,頸線以當日前20日高點計算；收盤站上頸線 32.05 至少2%；成交量>=20日均量2倍；不可長上影；回踩須有近10日突破紀錄且不有效跌破頸線；距離頸線>5%禁止進場,60,C,等更安全位置,條件或風險不夠好，先不列入高關注。,False,2026-10-01,True,True,STOP,STOP 停止進場,接近目標,取消新進場，只保留觀察,只看續抱 / 減碼 / 停利 / 停損，不新增部位。,停止新進場，先保留現金，等待大盤止跌。,停止新進場，禁止顯示今日可進場。,False,False
2026-10-01,2026-10-01,收盤確認價,臺灣證券交易所 / 證券櫃檯買賣中心正式收盤；yfinance 歷史資料,只使用完整收盤日K，不使用盤中未完成K,上市,1220,台榮,10.85,10.85,10.75,10.79,10.8,10.8,11.04,12.13,-6.47,-0.0,False,50838,65575,551592,708949,0.82,False,True,24.74,一般K,,False,False,False,False,0,False,只觀察,條件不足,接近成形,11.1,10.65,11.55,接近成形＋可觀察,11.32,11.1,11.32,11.66,10.77,4.9,中,-2.25,8.05,0.41,2.01,11.32,0.0,False,False,False,預備單，等待確認條件,頸線以當日前20日高點計算；收盤站上頸線 11.1 至少2%；成交量>=20日均量2倍；不可長上影；回踩須有近10日突破紀錄且不有效跌破頸線；距離頸線>5%禁止進場,60,C,等更安全位置,條件或風險不夠好，先不列入高關注。,False,2026-10-01,True,True,STOP,STOP 停止進場,接近目標,取消新進場，只保留觀察,只看續抱 / 減碼 / 停利 / 停損，不新增部位。,停止新進場，先保留現金，等待大盤止跌。,停止新進場，禁止顯示今日可進場。,False,False
2026-10-01,2026-10-01,收盤確認價,臺灣證券交易所 / 證券櫃檯買賣中心正式收盤；yfinance 歷史資料,只使用完整收盤日K，不使用盤中未完成K,上櫃,6703,軒郁,100.5,100.5,99.8,100.3,100.6,101.08,103.64,101.04,-6.31,0.0,False,13077,33954,1314238,3432841,0.71,False,True,54.51,紅K突破,,False,False,False,False,0,False,只觀察,條件不足,接近成形,103.5,99.5,107.5,接近成形＋可觀察,105.57,103.5,105.57,108.74,100.39,4.9,中,-2.9,7.37,0.37,1.83,105.57,0.0,False,False,False,預備單，等待確認條件,頸線以當日前20日高點計算；收盤站上頸線 103.5 至少2%；成交量>=20日均量2倍；不可長上影；回踩須有近10日突破紀錄且不有效跌破頸線；距離頸線>5%禁止進場,60,C,等更安全位置,條件或風險不夠好，先不列入高關注。,False,2026-10-01,True,True,STOP,STOP 停止進場,接近目標,取消新進場，只保留觀察,只看續抱 / 減碼 / 停利 / 停損，不新增部位。,停止新進場，先保留現金，等待大盤止跌。,停止新進場，禁止顯示今日可進場。,False,False
2026-10-01,2026-10-01,收盤確認價,臺灣證券交易所 / 證券櫃檯買賣中心正式收盤；yfinance 歷史資料,只使用完整收盤日K，不使用盤中未完成K,上市,1103,嘉泥,13.2,13.25,13.1,13.12,13.13,13.14,13.23,13.53,-1.86,0.0,False,301629,346379,3981502,4564818,0.82,False,True,18.56,一般K,,False,False,False,False,0,False,只觀察,條件不足,箱型突破,13.4,12.95,13.9,接近成形＋可觀察,13.67,13.4,13.67,14.08,13.0,4.9,中,-1.49,4.35,0.35,1.7,13.67,0.0,False,False,False,預備單，等待確認條件,頸線以當日前20日高點計算；收盤站上頸線 13.4 至少2%；成交量>=20日均量2倍；不可長上影；回踩須有近10日突破紀錄且不有效跌破頸線；距離頸線>5%禁止進場,60,C,等更安全位置,條件或風險不夠好，先不列入高關注。,False,2026-10-01,True,True,STOP,STOP 停止進場,接近目標,取消新進場，只保留觀察,只看續抱 / 減碼 / 停利 / 停損，不新增部位。,停止新進場，先保留現金，等待大盤止跌。,停止新進場，禁止顯示今日可進場。,False,False
2026-10-01,2026-10-01,收盤確認價,臺灣證券交易所 / 證券櫃檯買賣中心正式收盤；yfinance 歷史資料,只使用完整收盤日K，不使用盤中未完成K,上櫃,8416,實威,169.0,170.0,169.0,168.9,169.25,169.3,169.05,173.46,-1.17,0.0,False,3187,3127,538603,529337,0.48,False,True,11.59,一般K,,False,False,False,False,0,False,只觀察,條件不足,接近成形,172.5,168.0,179.0,接近成形＋可觀察,175.95,172.5,175.95,181.23,167.32,4.9,中,-2.03,2.03,0.35,1.73,175.95,0.0,False,False,False,預備單，等待確認條件,頸線以當日前20日高點計算；收盤站上頸線 172.5 至少2%；成交量>=20日均量2倍；不可長上影；回踩須有近10日突破紀錄且不有效跌破頸線；距離頸線>5%禁止進場,60,C,等更安全位置,條件或風險不夠好，先不列入高關注。,False,2026-10-01,True,True,STOP,STOP 停止進場,接近目標,取消新進場，只保留觀察,只看續抱 / 減碼 / 停利 / 停損，不新增部位。,停止新進場，先保留現金，等待大盤止跌。,停止新進場，禁止顯示今日可進場。,False,False
2026-10-01,2026-10-01,收盤確認價,臺灣證券交易所 / 證券櫃檯買賣中心正式收盤；yfinance 歷史資料,只使用完整收盤日K，不使用盤中未完成K,上市,1726,永記,76.5,76.6,76.2,76.46,76.65,76.88,77.43,76.56,-2.3,0.0,False,13130,22623,1004445,1738641,0.35,False,True,26.88,紅K突破,,False,False,False,False,0,False,只觀察,條件不足,接近成形,78.2,76.2,81.1,接近成形＋可觀察,79.76,78.2,79.76,82.16,75.85,4.9,中,-2.17,5.67,0.34,1.67,79.76,0.13,False,False,False,預備單，等待確認條件,頸線以當日前20日高點計算；收盤站上頸線 78.2 至少2%；成交量>=20日均量2倍；不可長上影；回踩須有近10日突破紀錄且不有效跌破頸線；距離頸線>5%禁止進場,60,C,等更安全位置,條件或風險不夠好，先不列入高關注。,False,2026-10-01,True,True,STOP,STOP 停止進場,接近目標,取消新進場，只保留觀察,只看續抱 / 減碼 / 停利 / 停損，不新增部位。,停止新進場，先保留現金，等待大盤止跌。,停止新進場，禁止顯示今日可進場。,False,False
2026-10-01,2026-10-01,收盤確認價,臺灣證券交易所 / 證券櫃檯買賣中心正式收盤；yfinance 歷史資料,只使用完整收盤日K，不使用盤中未完成K,上市,1464,得力,10.0,10.0,9.96,9.98,9.96,9.99,10.24,10.65,-6.1,0.2,False,328472,310874,3284720,3106360,0.32,False,True,67.92,紅K突破,,False,False,False,False,0,False,只觀察,條件不足,箱型突破,10.2,9.87,10.53,接近成形＋可觀察,10.4,10.2,10.4,10.72,9.89,4.9,中,-1.96,8.68,0.25,1.21,10.4,0.0,False,False,False,預備單，等待確認條件,頸線以當日前20日高點計算；收盤站上頸線 10.2 至少2%；成交量>=20日均量2倍；不可長上影；回踩須有近10日突破紀錄且不有效跌破頸線；距離頸線>5%禁止進場,60,C,等更安全位置,條件或風險不夠好，先不列入高關注。,False,2026-10-01,True,True,STOP,STOP 停止進場,接近目標,取消新進場，只保留觀察,只看續抱 / 減碼 / 停利 / 停損，不新增部位。,停止新進場，先保留現金，等待大盤止跌。,停止新進場，禁止顯示今日可進場。,False,False
2026-10-01,2026-10-01,收盤確認價,臺灣證券交易所 / 證券櫃檯買賣中心正式收盤；yfinance 歷史資料,只使用完整收盤日K，不使用盤中未完成K,上市,1227,佳格,28.1,28.15,28.0,28.12,28.17,28.31,28.96,29.68,-5.7,-0.0,False,342204,508855,9615932,14398384,0.49,False,True,27.01,一般K,,False,False,False,False,0,False,只觀察,條件不足,接近成形,28.85,27.95,29.75,接近成形＋可觀察,29.43,28.85,29.43,30.31,27.98,4.9,中,-2.6,7.57,0.22,1.1,29.43,0.18,False,False,False,預備單，等待確認條件,頸線以當日前20日高點計算；收盤站上頸線 28.85 至少2%；成交量>=20日均量2倍；不可長上影；回踩須有近10日突破紀錄且不有效跌破頸線；距離頸線>5%禁止進場,60,C,等更安全位置,條件或風險不夠好，先不列入高關注。,False,2026-10-01,True,True,STOP,STOP 停止進場,接近目標,取消新進場，只保留觀察,只看續抱 / 減碼 / 停利 / 停損，不新增部位。,停止新進場，先保留現金，等待大盤止跌。,停止新進場，禁止顯示今日可進場。,False,False
2026-10-01,2026-10-01,收盤確認價,臺灣證券交易所 / 證券櫃檯買賣中心正式收盤；yfinance 歷史資料,只使用完整收盤日K，不使用盤中未完成K,上櫃,4711,永純,16.15,16.75,16.05,16.27,16.36,16.44,16.47,15.93,-7.71,-1.22,False,116331,41704,1878745,685759,0.85,False,True,20.55,一般K,,False,True,False,False,1,False,只觀察,量能放大,三角收斂突破,17.0,16.05,19.0,接近成形＋可觀察,17.34,17.0,17.34,17.86,16.49,4.9,中,-5.0,9.27,1.95,9.57,17.34,0.31,False,False,False,預備單，等待確認條件,頸線以當日前20日高點計算；收盤站上頸線 17.0 至少2%；成交量>=20日均量2倍；不可長上影；回踩須有近10日突破紀錄且不有效跌破頸線；距離頸線>5%禁止進場,57,C,等更安全位置,條件或風險不夠好，先不列入高關注。,False,2026-10-01,True,True,STOP,STOP 停止進場,觀察,取消新進場，只保留觀察,只看續抱 / 減碼 / 停利 / 停損，不新增部位。,停止新進場，先保留現金，等待大盤止跌。,停止新進場，禁止顯示今日可進場。,False,False
2026-10-01,2026-10-01,收盤確認價,臺灣證券交易所 / 證券櫃檯買賣中心正式收盤；yfinance 歷史資料,只使用完整收盤日K，不使用盤中未完成K,上櫃,4138,曜亞,54.3,55.4,54.3,55.18,54.71,53.96,52.08,57.72,6.05,0.0,False,19910,38501,1081113,2082641,1.16,False,True,48.33,一般K,,False,False,False,False,0,False,只觀察,條件不足,接近成形,56.9,51.7,63.6,接近成形＋可觀察,58.04,56.9,58.04,59.78,55.19,4.9,中,-4.57,4.57,1.96,9.58,58.04,0.74,False,False,False,預備單，等待確認條件,頸線以當日前20日高點計算；收盤站上頸線 56.9 至少2%；成交量>=20日均量2倍；不可長上影；回踩須有近10日突破紀錄且不有效跌破頸線；距離頸線>5%禁止進場,57,C,等更安全位置,條件或風險不夠好，先不列入高關注。,False,2026-10-01,True,True,STOP,STOP 停止進場,觀察,取消新進場，只保留觀察,只看續抱 / 減碼 / 停利 / 停損，不新增部位。,停止新進場，先保留現金，等待大盤止跌。,停止新進場，禁止顯示今日可進場。,False,False
2026-10-01,2026-10-01,收盤確認價,臺灣證券交易所 / 證券櫃檯買賣中心正式收盤；yfinance 歷史資料,只使用完整收盤日K，不使用盤中未完成K,上市,2038,海光,12.9,13.3,12.75,12.68,12.38,12.36,12.61,14.03,-2.64,-2.27,False,474343,276886,6119024,3475219,1.78,False,True,63.79,一般K,,False,False,False,False,0,False,只觀察,條件不足,三角收斂突破,13.3,11.75,14.85,接近成形＋可觀察,13.57,13.3,13.57,13.97,12.9,4.9,中,-3.01,5.15,1.93,9.46,13.57,0.78,False,False,False,預備單，等待確認條件,頸線以當日前20日高點計算；收盤站上頸線 13.3 至少2%；成交量>=20日均量2倍；不可長上影；回踩須有近10日突破紀錄且不有效跌破頸線；距離頸線>5%禁止進場,57,C,等更安全位置,條件或風險不夠好，先不列入高關注。,False,2026-10-01,True,True,STOP,STOP 停止進場,觀察,取消新進場，只保留觀察,只看續抱 / 減碼 / 停利 / 停損，不新增部位。,停止新進場，先保留現金，等待大盤止跌。,停止新進場，禁止顯示今日可進場。,False,False
2026-10-01,2026-10-01,收盤確認價,臺灣證券交易所 / 證券櫃檯買賣中心正式收盤；yfinance 歷史資料,只使用完整收盤日K，不使用盤中未完成K,上櫃,6697,東捷資訊,41.1,41.55,41.0,41.17,41.25,41.04,40.77,44.14,1.11,-0.48,False,25004,23697,1027664,976076,1.01,False,True,48.18,一般K,,False,False,False,False,0,False,只觀察,條件不足,接近成形,43.0,40.0,48.0,接近成形＋可觀察,43.86,43.0,43.86,45.18,41.71,4.9,中,-4.42,4.42,1.93,9.44,43.86,0.85,False,False,False,預備單，等待確認條件,頸線以當日前20日高點計算；收盤站上頸線 43.0 至少2%；成交量>=20日均量2倍；不可長上影；回踩須有近10日突破紀錄且不有效跌破頸線；距離頸線>5%禁止進場,57,C,等更安全位置,條件或風險不夠好，先不列入高關注。,False,2026-10-01,True,True,STOP,STOP 停止進場,觀察,取消新進場，只保留觀察,只看續抱 / 減碼 / 停利 / 停損，不新增部位。,停止新進場，先保留現金，等待大盤止跌。,停止新進場，禁止顯示今日可進場。,False,False
2026-10-01,2026-10-01,收盤確認價,臺灣證券交易所 / 證券櫃檯買賣中心正式收盤；yfinance 歷史資料,只使用完整收盤日K，不使用盤中未完成K,上櫃,1268,漢來美食,177.5,179.5,174.0,175.4,174.45,174.57,174.88,164.33,5.03,1.43,False,76295,40109,13542362,7050180,1.46,False,True,55.0,紅K突破,,False,False,False,False,0,False,只觀察,條件不足,三角收斂突破,183.0,168.0,204.0,接近成形＋可觀察,186.66,183.0,186.66,192.26,177.51,4.9,中,-3.01,4.31,1.9,9.29,186.66,1.13,False,False,False,預備單，等待確認條件,頸線以當日前20日高點計算；收盤站上頸線 183.0 至少2%；成交量>=20日均量2倍；不可長上影；回踩須有近10日突破紀錄且不有效跌破頸線；距離頸線>5%禁止進場,57,C,等更安全位置,條件或風險不夠好，先不列入高關注。,False,2026-10-01,True,True,STOP,STOP 停止進場,觀察,取消新進場，只保留觀察,只看續抱 / 減碼 / 停利 / 停損，不新增部位。,停止新進場，先保留現金，等待大盤止跌。,停止新進場，禁止顯示今日可進場。,False,False
2026-10-01,2026-10-01,收盤確認價,臺灣證券交易所 / 證券櫃檯買賣中心正式收盤；yfinance 歷史資料,只使用完整收盤日K，不使用盤中未完成K,上市,1437,勤益控,31.85,31.9,31.8,32.18,32.45,32.21,31.49,31.31,3.75,-0.0,False,62770,105891,1999224,3418527,0.84,False,True,29.11,一般K,,False,False,False,False,0,False,只觀察,條件不足,接近成形,33.1,31.45,36.9,接近成形＋可觀察,33.76,33.1,33.76,34.77,32.11,4.9,中,-3.78,3.78,1.9,9.29,33.76,0.16,False,False,False,預備單，等待確認條件,頸線以當日前20日高點計算；收盤站上頸線 33.1 至少2%；成交量>=20日均量2倍；不可長上影；回踩須有近10日突破紀錄且不有效跌破頸線；距離頸線>5%禁止進場,57,C,等更安全位置,條件或風險不夠好，先不列入高關注。,False,2026-10-01,True,True,STOP,STOP 停止進場,觀察,取消新進場，只保留觀察,只看續抱 / 減碼 / 停利 / 停損，不新增部位。,停止新進場，先保留現金，等待大盤止跌。,停止新進場，禁止顯示今日可進場。,False,False
2026-10-01,2026-10-01,收盤確認價,臺灣證券交易所 / 證券櫃檯買賣中心正式收盤；yfinance 歷史資料,只使用完整收盤日K，不使用盤中未完成K,上市,1618,合機,38.8,39.05,38.8,38.72,38.87,39.04,39.02,41.38,-4.2,-0.39,False,232698,262295,9028682,10255077,0.73,False,True,29.5,一般K,,False,False,False,False,0,False,只觀察,條件不足,接近成形,40.5,38.3,45.15,接近成形＋可觀察,41.31,40.5,41.31,42.55,39.28,4.9,中,-4.2,8.06,1.9,9.3,41.31,0.13,False,False,False,預備單，等待確認條件,頸線以當日前20日高點計算；收盤站上頸線 40.5 至少2%；成交量>=20日均量2倍；不可長上影；回踩須有近10日突破紀錄且不有效跌破頸線；距離頸線>5%禁止進場,57,C,等更安全位置,條件或風險不夠好，先不列入高關注。,False,2026-10-01,True,True,STOP,STOP 停止進場,觀察,取消新進場，只保留觀察,只看續抱 / 減碼 / 停利 / 停損，不新增部位。,停止新進場，先保留現金，等待大盤止跌。,停止新進場，禁止顯示今日可進場。,False,False
2026-10-01,2026-10-01,收盤確認價,臺灣證券交易所 / 證券櫃檯買賣中心正式收盤；yfinance 歷史資料,只使用完整收盤日K，不使用盤中未完成K,上櫃,5704,老爺知,22.6,22.65,22.45,22.61,22.65,22.85,22.33,23.47,4.39,-0.22,False,9262,29216,209321,669549,0.59,False,True,48.09,一般K,,False,False,False,False,0,False,只觀察,條件不足,接近成形,23.7,22.2,26.4,接近成形＋可觀察,24.17,23.7,24.17,24.9,22.99,4.9,中,-4.64,4.84,1.88,9.21,24.17,0.22,False,False,False,預備單，等待確認條件,頸線以當日前20日高點計算；收盤站上頸線 23.7 至少2%；成交量>=20日均量2倍；不可長上影；回踩須有近10日突破紀錄且不有效跌破頸線；距離頸線>5%禁止進場,57,C,等更安全位置,條件或風險不夠好，先不列入高關注。,False,2026-10-01,True,True,STOP,STOP 停止進場,觀察,取消新進場，只保留觀察,只看續抱 / 減碼 / 停利 / 停損，不新增部位。,停止新進場，先保留現金，等待大盤止跌。,停止新進場，禁止顯示今日可進場。,False,False
2026-10-01,2026-10-01,收盤確認價,臺灣證券交易所 / 證券櫃檯買賣中心正式收盤；yfinance 歷史資料,只使用完整收盤日K，不使用盤中未完成K,上市,1583,程泰,47.05,47.2,46.5,46.83,46.85,47.54,46.49,44.22,6.18,0.53,False,8092,13660,380728,650804,1.14,False,True,17.69,一般K,,False,False,False,False,0,False,只觀察,條件不足,接近成形,49.35,46.05,54.62,接近成形＋可觀察,50.34,49.35,50.34,51.85,47.87,4.9,中,-4.66,8.75,1.73,8.5,50.34,0.0,False,False,False,預備單，等待確認條件,頸線以當日前20日高點計算；收盤站上頸線 49.35 至少2%；成交量>=20日均量2倍；不可長上影；回踩須有近10日突破紀錄且不有效跌破頸線；距離頸線>5%禁止進場,57,C,等更安全位置,條件或風險不夠好，先不列入高關注。,False,2026-10-01,True,True,STOP,STOP 停止進場,觀察,取消新進場，只保留觀察,只看續抱 / 減碼 / 停利 / 停損，不新增部位。,停止新進場，先保留現金，等待大盤止跌。,停止新進場，禁止顯示今日可進場。,False,False
2026-10-01,2026-10-01,收盤確認價,臺灣證券交易所 / 證券櫃檯買賣中心正式收盤；yfinance 歷史資料,只使用完整收盤日K，不使用盤中未完成K,上櫃,1565,精華,96.7,96.8,96.1,96.12,96.39,97.34,95.6,107.64,-0.1,0.21,False,83952,106075,8118158,10353737,0.83,False,True,31.16,一般K,,False,False,False,False,0,False,只觀察,條件不足,旗型整理突破,101.0,95.1,111.6,接近成形＋可觀察,103.02,101.0,103.02,106.11,97.97,4.9,中,-4.26,4.26,1.7,8.33,103.02,0.0,False,False,False,預備單，等待確認條件,頸線以當日前20日高點計算；收盤站上頸線 101.0 至少2%；成交量>=20日均量2倍；不可長上影；回踩須有近10日突破紀錄且不有效跌破頸線；距離頸線>5%禁止進場,57,C,等更安全位置,條件或風險不夠好，先不列入高關注。,False,2026-10-01,True,True,STOP,STOP 停止進場,觀察,取消新進場，只保留觀察,只看續抱 / 減碼 / 停利 / 停損，不新增部位。,停止新進場，先保留現金，等待大盤止跌。,停止新進場，禁止顯示今日可進場。,False,False
2026-10-01,2026-10-01,收盤確認價,臺灣證券交易所 / 證券櫃檯買賣中心正式收盤；yfinance 歷史資料,只使用完整收盤日K，不使用盤中未完成K,上櫃,9950,萬國通,10.25,10.3,10.15,10.23,10.24,10.27,10.35,10.61,-2.38,0.49,False,22252,27386,228083,281199,0.62,False,True,16.78,一般K,,False,False,False,False,0,False,只觀察,條件不足,旗型整理突破,10.7,10.1,11.8,接近成形＋可觀察,10.91,10.7,10.91,11.24,10.38,4.9,中,-4.21,9.69,1.66,8.12,10.91,0.0,False,False,False,預備單，等待確認條件,頸線以當日前20日高點計算；收盤站上頸線 10.7 至少2%；成交量>=20日均量2倍；不可長上影；回踩須有近10日突破紀錄且不有效跌破頸線；距離頸線>5%禁止進場,57,C,等更安全位置,條件或風險不夠好，先不列入高關注。,False,2026-10-01,True,True,STOP,STOP 停止進場,觀察,取消新進場，只保留觀察,只看續抱 / 減碼 / 停利 / 停損，不新增部位。,停止新進場，先保留現金，等待大盤止跌。,停止新進場，禁止顯示今日可進場。,False,False
2026-10-01,2026-10-01,收盤確認價,臺灣證券交易所 / 證券櫃檯買賣中心正式收盤；yfinance 歷史資料,只使用完整收盤日K，不使用盤中未完成K,上櫃,6884,海柏特,31.4,31.4,30.6,31.43,31.31,30.85,31.17,38.48,-4.12,2.78,False,7000,6701,219800,204777,2.23,False,True,45.43,紅K突破,,False,False,False,False,0,False,只觀察,條件不足,接近成形,32.5,29.35,35.7,接近成形＋可觀察,33.15,32.5,33.15,34.14,31.52,4.9,中,-3.38,6.27,1.57,7.69,33.15,0.0,False,False,False,預備單，等待確認條件,頸線以當日前20日高點計算；收盤站上頸線 32.5 至少2%；成交量>=20日均量2倍；不可長上影；回踩須有近10日突破紀錄且不有效跌破頸線；距離頸線>5%禁止進場,57,C,等更安全位置,條件或風險不夠好，先不列入高關注。,False,2026-10-01,True,True,STOP,STOP 停止進場,觀察,取消新進場，只保留觀察,只看續抱 / 減碼 / 停利 / 停損，不新增部位。,停止新進場，先保留現金，等待大盤止跌。,停止新進場，禁止顯示今日可進場。,False,False
2026-10-01,2026-10-01,收盤確認價,臺灣證券交易所 / 證券櫃檯買賣中心正式收盤；yfinance 歷史資料,只使用完整收盤日K，不使用盤中未完成K,上櫃,8931,大汽電,42.65,43.0,42.65,43.02,43.07,42.27,41.73,44.36,-1.16,-1.39,False,16211,110457,691399,4704898,1.23,False,True,53.71,一般K,,False,False,False,False,0,False,只觀察,條件不足,接近成形,44.15,40.55,48.5,接近成形＋可觀察,45.03,44.15,45.03,46.38,42.83,4.9,中,-3.4,3.4,1.57,7.7,45.03,0.0,False,False,False,預備單，等待確認條件,頸線以當日前20日高點計算；收盤站上頸線 44.15 至少2%；成交量>=20日均量2倍；不可長上影；回踩須有近10日突破紀錄且不有效跌破頸線；距離頸線>5%禁止進場,57,C,等更安全位置,條件或風險不夠好，先不列入高關注。,False,2026-10-01,True,True,STOP,STOP 停止進場,觀察,取消新進場，只保留觀察,只看續抱 / 減碼 / 停利 / 停損，不新增部位。,停止新進場，先保留現金，等待大盤止跌。,停止新進場，禁止顯示今日可進場。,False,False
2026-10-01,2026-10-01,收盤確認價,臺灣證券交易所 / 證券櫃檯買賣中心正式收盤；yfinance 歷史資料,只使用完整收盤日K，不使用盤中未完成K,上櫃,3310,佳穎,68.0,68.8,67.1,68.5,68.48,68.36,68.19,70.58,-0.87,-1.16,False,21113,15177,1435684,1036275,0.87,False,True,24.63,一般K,,False,False,False,False,0,False,只觀察,條件不足,接近成形,70.4,66.0,77.3,接近成形＋可觀察,71.81,70.4,71.81,73.96,68.29,4.9,中,-3.41,7.1,1.56,7.65,71.81,0.0,False,False,False,預備單，等待確認條件,頸線以當日前20日高點計算；收盤站上頸線 70.4 至少2%；成交量>=20日均量2倍；不可長上影；回踩須有近10日突破紀錄且不有效跌破頸線；距離頸線>5%禁止進場,57,C,等更安全位置,條件或風險不夠好，先不列入高關注。,False,2026-10-01,True,True,STOP,STOP 停止進場,觀察,取消新進場，只保留觀察,只看續抱 / 減碼 / 停利 / 停損，不新增部位。,停止新進場，先保留現金，等待大盤止跌。,停止新進場，禁止顯示今日可進場。,False,False
2026-10-01,2026-10-01,收盤確認價,臺灣證券交易所 / 證券櫃檯買賣中心正式收盤；yfinance 歷史資料,只使用完整收盤日K，不使用盤中未完成K,上櫃,5348,正能量智能,16.35,16.35,16.35,16.28,16.28,16.36,16.56,16.99,-4.39,-0.0,False,2098,3601,34302,58279,1.77,False,True,53.37,資料不足,,False,False,False,False,0,False,只觀察,條件不足,接近成形,16.9,15.54,18.55,接近成形＋可觀察,17.24,16.9,17.24,17.76,16.39,4.9,中,-3.25,7.89,1.55,7.61,17.24,0.0,False,False,False,預備單，等待確認條件,頸線以當日前20日高點計算；收盤站上頸線 16.9 至少2%；成交量>=20日均量2倍；不可長上影；回踩須有近10日突破紀錄且不有效跌破頸線；距離頸線>5%禁止進場,57,C,等更安全位置,條件或風險不夠好，先不列入高關注。,False,2026-10-01,True,True,STOP,STOP 停止進場,觀察,取消新進場，只保留觀察,只看續抱 / 減碼 / 停利 / 停損，不新增部位。,停止新進場，先保留現金，等待大盤止跌。,停止新進場，禁止顯示今日可進場。,False,False
2026-10-01,2026-10-01,收盤確認價,臺灣證券交易所 / 證券櫃檯買賣中心正式收盤；yfinance 歷史資料,只使用完整收盤日K，不使用盤中未完成K,上市,1532,勤美,22.2,22.35,22.15,22.26,22.41,22.58,22.6,23.77,-4.1,-0.45,False,206021,283766,4573666,6408060,0.71,False,True,16.88,一般K,,False,False,False,False,0,False,只觀察,條件不足,接近成形,23.3,22.1,25.55,接近成形＋可觀察,23.77,23.3,23.77,24.48,22.6,4.9,中,-4.72,6.53,1.53,7.51,23.77,0.0,False,False,False,預備單，等待確認條件,頸線以當日前20日高點計算；收盤站上頸線 23.3 至少2%；成交量>=20日均量2倍；不可長上影；回踩須有近10日突破紀錄且不有效跌破頸線；距離頸線>5%禁止進場,57,C,等更安全位置,條件或風險不夠好，先不列入高關注。,False,2026-10-01,True,True,STOP,STOP 停止進場,觀察,取消新進場，只保留觀察,只看續抱 / 減碼 / 停利 / 停損，不新增部位。,停止新進場，先保留現金，等待大盤止跌。,停止新進場，禁止顯示今日可進場。,False,False
2026-10-01,2026-10-01,收盤確認價,臺灣證券交易所 / 證券櫃檯買賣中心正式收盤；yfinance 歷史資料,只使用完整收盤日K，不使用盤中未完成K,上櫃,3490,單井,48.75,48.75,44.95,45.48,45.26,44.49,38.59,30.44,49.31,9.92,True,13912960,4051643,678256800,182599541,3.82,True,True,34.35,紅K突破,,True,True,False,True,3,False,C級：已漲遠或接近目標，禁止追高,趨勢多頭、量能放大、價量條件足,三角收斂突破,47.45,42.27,69.75,突破第一根,48.4,47.45,48.4,49.85,46.03,5.59,低,2.74,15.66,7.71,43.08,48.75,0.0,False,False,True,距離頸線或前高過遠，禁止追高,頸線以當日前20日高點計算；收盤站上頸線 47.45 至少2%；成交量>=20日均量2倍；不可長上影；回踩須有近10日突破紀錄且不有效跌破頸線；距離頸線>5%禁止進場,55,C,禁止追高,已漲遠或接近目標，空手不追；持有者依策略分批處理。,False,2026-10-01,True,True,STOP,STOP 停止進場,突破買點,取消新進場，只保留觀察,只看續抱 / 減碼 / 停利 / 停損，不新增部位。,停止新進場，先保留現金，等待大盤止跌。,停止新進場，禁止顯示今日可進場。,False,False
2026-10-01,2026-10-01,收盤確認價,臺灣證券交易所 / 證券櫃檯買賣中心正式收盤；yfinance 歷史資料,只使用完整收盤日K，不使用盤中未完成K,上櫃,4139,馬光-KY,41.95,42.0,40.0,41.69,41.53,41.39,38.02,27.63,70.18,0.36,False,37068,52108,1555002,2147635,1.25,False,True,35.85,紅K突破,,True,False,False,True,2,False,只觀察,趨勢多頭、價量條件足,旗型整理突破,45.1,39.9,65.6,接近成形＋可觀察,46.0,45.1,46.0,47.38,43.75,4.9,中,-6.98,6.98,8.69,42.6,46.0,0.12,False,False,False,預備單，等待確認條件,頸線以當日前20日高點計算；收盤站上頸線 45.1 至少2%；成交量>=20日均量2倍；不可長上影；回踩須有近10日突破紀錄且不有效跌破頸線；距離頸線>5%禁止進場,55,C,等更安全位置,條件或風險不夠好，先不列入高關注。,False,2026-10-01,True,True,STOP,STOP 停止進場,觀察,取消新進場，只保留觀察,只看續抱 / 減碼 / 停利 / 停損，不新增部位。,停止新進場，先保留現金，等待大盤止跌。,停止新進場，禁止顯示今日可進場。,False,False
2026-10-01,2026-10-01,收盤確認價,臺灣證券交易所 / 證券櫃檯買賣中心正式收盤；yfinance 歷史資料,只使用完整收盤日K，不使用盤中未完成K,上市,2069,運錩,25.75,27.2,25.35,25.91,25.17,23.74,20.8,18.75,42.27,-3.56,False,1821078,1835129,46892758,44827415,3.85,False,True,60.86,一般K,,True,False,False,True,2,False,只觀察,趨勢多頭、價量條件足,旗型整理突破,27.55,22.56,37.55,接近成形＋可觀察,28.1,27.55,28.1,28.94,26.72,4.9,中,-6.53,6.53,6.86,33.63,28.1,2.14,False,False,False,預備單，等待確認條件,頸線以當日前20日高點計算；收盤站上頸線 27.55 至少2%；成交量>=20日均量2倍；不可長上影；回踩須有近10日突破紀錄且不有效跌破頸線；距離頸線>5%禁止進場,55,C,等更安全位置,條件或風險不夠好，先不列入高關注。,False,2026-10-01,True,True,STOP,STOP 停止進場,觀察,取消新進場，只保留觀察,只看續抱 / 減碼 / 停利 / 停損，不新增部位。,停止新進場，先保留現金，等待大盤止跌。,停止新進場，禁止顯示今日可進場。,False,False
2026-10-01,2026-10-01,收盤確認價,臺灣證券交易所 / 證券櫃檯買賣中心正式收盤；yfinance 歷史資料,只使用完整收盤日K，不使用盤中未完成K,上櫃,5432,新門,158.5,165.5,158.0,162.0,157.5,155.38,138.01,144.59,12.41,-0.94,False,262152,168440,41551092,26868659,3.79,False,True,18.25,一般K,,True,False,False,False,1,False,只觀察,趨勢多頭,三角收斂突破,171.5,147.61,244.7,接近成形＋可觀察,174.93,171.5,174.93,180.18,166.35,4.9,中,-7.58,7.58,8.14,39.88,174.93,3.15,False,False,False,預備單，等待確認條件,頸線以當日前20日高點計算；收盤站上頸線 171.5 至少2%；成交量>=20日均量2倍；不可長上影；回踩須有近10日突破紀錄且不有效跌破頸線；距離頸線>5%禁止進場,55,C,等更安全位置,條件或風險不夠好，先不列入高關注。,False,2026-10-01,True,True,STOP,STOP 停止進場,觀察,取消新進場，只保留觀察,只看續抱 / 減碼 / 停利 / 停損，不新增部位。,停止新進場，先保留現金，等待大盤止跌。,停止新進場，禁止顯示今日可進場。,False,False
2026-10-01,2026-10-01,收盤確認價,臺灣證券交易所 / 證券櫃檯買賣中心正式收盤；yfinance 歷史資料,只使用完整收盤日K，不使用盤中未完成K,上櫃,7709,榮田,85.8,88.1,85.3,86.36,85.24,83.89,75.31,65.06,12.01,-0.58,False,83507,257935,7164900,22574935,4.89,False,True,35.07,一般K,,True,False,False,False,1,False,只觀察,趨勢多頭,旗型整理突破,95.0,79.7,131.5,接近成形＋可觀察,96.9,95.0,96.9,99.81,92.15,4.9,中,-9.68,9.68,7.28,35.71,96.9,0.12,False,False,False,預備單，等待確認條件,頸線以當日前20日高點計算；收盤站上頸線 95.0 至少2%；成交量>=20日均量2倍；不可長上影；回踩須有近10日突破紀錄且不有效跌破頸線；距離頸線>5%禁止進場,55,C,等更安全位置,條件或風險不夠好，先不列入高關注。,False,2026-10-01,True,True,STOP,STOP 停止進場,觀察,取消新進場，只保留觀察,只看續抱 / 減碼 / 停利 / 停損，不新增部位。,停止新進場，先保留現金，等待大盤止跌。,停止新進場，禁止顯示今日可進場。,False,False
2026-10-01,2026-10-01,收盤確認價,臺灣證券交易所 / 證券櫃檯買賣中心正式收盤；yfinance 歷史資料,只使用完整收盤日K，不使用盤中未完成K,上櫃,6654,天正國際,210.0,217.0,208.0,202.5,202.1,205.4,184.62,123.56,5.53,-2.78,False,62278,61346,13078380,12931339,4.06,False,True,32.31,一般K,,True,False,False,False,1,False,只觀察,趨勢多頭,旗型整理突破,226.0,195.13,312.0,接近成形＋可觀察,230.52,226.0,230.52,237.44,219.22,4.9,中,-7.08,7.08,7.21,35.35,230.52,0.0,False,False,False,預備單，等待確認條件,頸線以當日前20日高點計算；收盤站上頸線 226.0 至少2%；成交量>=20日均量2倍；不可長上影；回踩須有近10日突破紀錄且不有效跌破頸線；距離頸線>5%禁止進場,55,C,等更安全位置,條件或風險不夠好，先不列入高關注。,False,2026-10-01,True,True,STOP,STOP 停止進場,觀察,取消新進場，只保留觀察,只看續抱 / 減碼 / 停利 / 停損，不新增部位。,停止新進場，先保留現金，等待大盤止跌。,停止新進場，禁止顯示今日可進場。,False,False
2026-10-01,2026-10-01,收盤確認價,臺灣證券交易所 / 證券櫃檯買賣中心正式收盤；yfinance 歷史資料,只使用完整收盤日K，不使用盤中未完成K,上櫃,7744,崴寶,537.0,538.0,519.0,532.0,524.6,522.02,476.88,425.03,16.11,2.68,False,71158,131874,38211846,69608783,3.6,False,True,13.24,紅K突破,,True,False,False,False,1,False,只觀察,趨勢多頭,旗型整理突破,572.0,495.92,786.0,接近成形＋可觀察,583.44,572.0,583.44,600.94,554.84,4.9,中,-6.12,6.12,7.08,34.72,583.44,0.19,False,False,False,預備單，等待確認條件,頸線以當日前20日高點計算；收盤站上頸線 572.0 至少2%；成交量>=20日均量2倍；不可長上影；回踩須有近10日突破紀錄且不有效跌破頸線；距離頸線>5%禁止進場,55,C,等更安全位置,條件或風險不夠好，先不列入高關注。,False,2026-10-01,True,True,STOP,STOP 停止進場,觀察,取消新進場，只保留觀察,只看續抱 / 減碼 / 停利 / 停損，不新增部位。,停止新進場，先保留現金，等待大盤止跌。,停止新進場，禁止顯示今日可進場。,False,False
2026-10-01,2026-10-01,收盤確認價,臺灣證券交易所 / 證券櫃檯買賣中心正式收盤；yfinance 歷史資料,只使用完整收盤日K，不使用盤中未完成K,上櫃,6441,廣錠,24.9,24.95,24.6,24.75,24.27,23.9,22.22,22.67,12.42,0.81,False,75729,444423,1885652,10994317,5.14,False,True,19.1,紅K突破,,True,False,False,False,1,False,只觀察,趨勢多頭,旗型整理突破,26.9,22.71,35.8,接近成形＋可觀察,27.44,26.9,27.44,28.26,26.09,4.9,中,-7.43,7.43,6.22,30.48,27.44,0.2,False,False,False,預備單，等待確認條件,頸線以當日前20日高點計算；收盤站上頸線 26.9 至少2%；成交量>=20日均量2倍；不可長上影；回踩須有近10日突破紀錄且不有效跌破頸線；距離頸線>5%禁止進場,55,C,等更安全位置,條件或風險不夠好，先不列入高關注。,False,2026-10-01,True,True,STOP,STOP 停止進場,觀察,取消新進場，只保留觀察,只看續抱 / 減碼 / 停利 / 停損，不新增部位。,停止新進場，先保留現金，等待大盤止跌。,停止新進場，禁止顯示今日可進場。,False,False
2026-10-01,2026-10-01,收盤確認價,臺灣證券交易所 / 證券櫃檯買賣中心正式收盤；yfinance 歷史資料,只使用完整收盤日K，不使用盤中未完成K,上櫃,6651,全宇昕,147.5,148.0,146.0,149.1,149.0,146.6,138.18,108.28,-7.52,1.03,False,79520,165408,11729200,24426062,2.35,False,True,5.19,紅K突破,,True,False,False,False,1,False,只觀察,趨勢多頭,接近成形,158.0,139.27,209.5,接近成形＋可觀察,161.16,158.0,161.16,165.99,153.26,4.9,中,-6.65,9.79,6.12,30.0,161.16,0.34,False,False,False,預備單，等待確認條件,頸線以當日前20日高點計算；收盤站上頸線 158.0 至少2%；成交量>=20日均量2倍；不可長上影；回踩須有近10日突破紀錄且不有效跌破頸線；距離頸線>5%禁止進場,55,C,等更安全位置,條件或風險不夠好，先不列入高關注。,False,2026-10-01,True,True,STOP,STOP 停止進場,觀察,取消新進場，只保留觀察,只看續抱 / 減碼 / 停利 / 停損，不新增部位。,停止新進場，先保留現金，等待大盤止跌。,停止新進場，禁止顯示今日可進場。,False,False
2026-10-01,2026-10-01,收盤確認價,臺灣證券交易所 / 證券櫃檯買賣中心正式收盤；yfinance 歷史資料,只使用完整收盤日K，不使用盤中未完成K,上市,2103,台橡,27.95,28.2,27.7,27.84,27.7,27.2,25.8,19.85,17.44,-0.71,False,1423826,4152895,39795936,112457846,2.65,False,True,22.03,一般K,,True,False,False,False,1,False,只觀察,趨勢多頭,旗型整理突破,29.45,25.84,38.75,接近成形＋可觀察,30.04,29.45,30.04,30.94,28.57,4.9,中,-5.09,5.09,5.92,29.0,30.04,0.36,False,False,False,預備單，等待確認條件,頸線以當日前20日高點計算；收盤站上頸線 29.45 至少2%；成交量>=20日均量2倍；不可長上影；回踩須有近10日突破紀錄且不有效跌破頸線；距離頸線>5%禁止進場,55,C,等更安全位置,條件或風險不夠好，先不列入高關注。,False,2026-10-01,True,True,STOP,STOP 停止進場,觀察,取消新進場，只保留觀察,只看續抱 / 減碼 / 停利 / 停損，不新增部位。,停止新進場，先保留現金，等待大盤止跌。,停止新進場，禁止顯示今日可進場。,False,False
2026-10-01,2026-10-01,收盤確認價,臺灣證券交易所 / 證券櫃檯買賣中心正式收盤；yfinance 歷史資料,只使用完整收盤日K，不使用盤中未完成K,上櫃,5426,振發,28.6,29.0,28.15,28.17,28.59,28.36,27.7,23.16,-4.51,0.53,False,413911,510092,11837854,14574857,2.31,False,True,14.47,下影線,,True,False,False,False,1,False,只觀察,趨勢多頭,旗型整理突破,31.75,27.15,41.2,接近成形＋可觀察,32.38,31.75,32.38,33.36,30.8,4.9,中,-9.92,9.92,5.55,27.22,32.38,1.4,False,False,False,預備單，等待確認條件,頸線以當日前20日高點計算；收盤站上頸線 31.75 至少2%；成交量>=20日均量2倍；不可長上影；回踩須有近10日突破紀錄且不有效跌破頸線；距離頸線>5%禁止進場,55,C,等更安全位置,條件或風險不夠好，先不列入高關注。,False,2026-10-01,True,True,STOP,STOP 停止進場,觀察,取消新進場，只保留觀察,只看續抱 / 減碼 / 停利 / 停損，不新增部位。,停止新進場，先保留現金，等待大盤止跌。,停止新進場，禁止顯示今日可進場。,False,False
2026-10-01,2026-10-01,收盤確認價,臺灣證券交易所 / 證券櫃檯買賣中心正式收盤；yfinance 歷史資料,只使用完整收盤日K，不使用盤中未完成K,上櫃,4198,欣大健康,49.25,49.25,49.25,49.57,49.5,48.92,44.22,39.01,17.96,-0.51,False,1077,10984,53042,534350,2.75,False,True,35.44,資料不足,,True,False,False,False,1,False,只觀察,趨勢多頭,接近成形,52.5,46.47,67.35,接近成形＋可觀察,53.55,52.5,53.55,55.16,50.92,4.9,中,-6.19,6.19,5.26,25.77,53.55,0.0,False,False,False,預備單，等待確認條件,頸線以當日前20日高點計算；收盤站上頸線 52.5 至少2%；成交量>=20日均量2倍；不可長上影；回踩須有近10日突破紀錄且不有效跌破頸線；距離頸線>5%禁止進場,55,C,等更安全位置,條件或風險不夠好，先不列入高關注。,False,2026-10-01,True,True,STOP,STOP 停止進場,觀察,取消新進場，只保留觀察,只看續抱 / 減碼 / 停利 / 停損，不新增部位。,停止新進場，先保留現金，等待大盤止跌。,停止新進場，禁止顯示今日可進場。,False,False
2026-10-01,2026-10-01,收盤確認價,臺灣證券交易所 / 證券櫃檯買賣中心正式收盤；yfinance 歷史資料,只使用完整收盤日K，不使用盤中未完成K,上櫃,6859,伯特光,120.5,121.5,119.5,120.5,120.4,117.7,109.46,114.04,-1.23,0.0,False,26732,49331,3221206,5822469,2.58,False,True,61.73,紅K突破,,True,False,False,False,1,False,只觀察,趨勢多頭,旗型整理突破,129.0,111.81,164.5,接近成形＋可觀察,131.58,129.0,131.58,135.53,125.13,4.9,中,-6.59,6.59,5.1,25.02,131.58,0.83,False,False,False,預備單，等待確認條件,頸線以當日前20日高點計算；收盤站上頸線 129.0 至少2%；成交量>=20日均量2倍；不可長上影；回踩須有近10日突破紀錄且不有效跌破頸線；距離頸線>5%禁止進場,55,C,等更安全位置,條件或風險不夠好，先不列入高關注。,False,2026-10-01,True,True,STOP,STOP 停止進場,觀察,取消新進場，只保留觀察,只看續抱 / 減碼 / 停利 / 停損，不新增部位。,停止新進場，先保留現金，等待大盤止跌。,停止新進場，禁止顯示今日可進場。,False,False
2026-10-01,2026-10-01,收盤確認價,臺灣證券交易所 / 證券櫃檯買賣中心正式收盤；yfinance 歷史資料,只使用完整收盤日K，不使用盤中未完成K,上櫃,6894,衛司特,360.0,363.5,358.5,364.5,363.25,357.77,343.43,298.26,2.13,-0.28,False,29510,58554,10623600,21108697,2.28,False,True,45.73,一般K,,True,False,False,False,1,False,只觀察,趨勢多頭,接近成形,382.5,339.89,470.0,接近成形＋可觀察,390.15,382.5,390.15,401.85,371.02,4.9,中,-5.88,5.88,4.18,20.47,390.15,0.56,False,False,False,預備單，等待確認條件,頸線以當日前20日高點計算；收盤站上頸線 382.5 至少2%；成交量>=20日均量2倍；不可長上影；回踩須有近10日突破紀錄且不有效跌破頸線；距離頸線>5%禁止進場,55,C,等更安全位置,條件或風險不夠好，先不列入高關注。,False,2026-10-01,True,True,STOP,STOP 停止進場,觀察,取消新進場，只保留觀察,只看續抱 / 減碼 / 停利 / 停損，不新增部位。,停止新進場，先保留現金，等待大盤止跌。,停止新進場，禁止顯示今日可進場。,False,False
2026-10-01,2026-10-01,收盤確認價,臺灣證券交易所 / 證券櫃檯買賣中心正式收盤；yfinance 歷史資料,只使用完整收盤日K，不使用盤中未完成K,上櫃,3176,基亞,37.5,37.7,37.1,37.77,38.11,36.98,35.49,32.72,-0.27,-0.53,False,252843,674471,9481612,25021357,2.61,False,True,29.42,一般K,,True,False,False,False,1,False,只觀察,趨勢多頭,接近成形,40.0,35.14,49.0,接近成形＋可觀察,40.8,40.0,40.8,42.02,38.8,4.9,中,-6.25,7.52,4.1,20.1,40.8,0.0,False,False,False,預備單，等待確認條件,頸線以當日前20日高點計算；收盤站上頸線 40.0 至少2%；成交量>=20日均量2倍；不可長上影；回踩須有近10日突破紀錄且不有效跌破頸線；距離頸線>5%禁止進場,55,C,等更安全位置,條件或風險不夠好，先不列入高關注。,False,2026-10-01,True,True,STOP,STOP 停止進場,觀察,取消新進場，只保留觀察,只看續抱 / 減碼 / 停利 / 停損，不新增部位。,停止新進場，先保留現金，等待大盤止跌。,停止新進場，禁止顯示今日可進場。,False,False
2026-10-01,2026-10-01,收盤確認價,臺灣證券交易所 / 證券櫃檯買賣中心正式收盤；yfinance 歷史資料,只使用完整收盤日K，不使用盤中未完成K,上櫃,3628,盈正,72.8,73.5,72.0,73.4,73.33,72.39,69.43,71.23,-0.27,0.14,False,46896,176070,3414028,13063572,2.39,False,True,54.26,紅K突破,,True,False,False,False,1,False,只觀察,趨勢多頭,接近成形,78.2,68.77,95.4,接近成形＋可觀察,79.76,78.2,79.76,82.16,75.85,4.9,中,-6.91,6.91,4.0,19.6,79.76,0.96,False,False,False,預備單，等待確認條件,頸線以當日前20日高點計算；收盤站上頸線 78.2 至少2%；成交量>=20日均量2倍；不可長上影；回踩須有近10日突破紀錄且不有效跌破頸線；距離頸線>5%禁止進場,55,C,等更安全位置,條件或風險不夠好，先不列入高關注。,False,2026-10-01,True,True,STOP,STOP 停止進場,觀察,取消新進場，只保留觀察,只看續抱 / 減碼 / 停利 / 停損，不新增部位。,停止新進場，先保留現金，等待大盤止跌。,停止新進場，禁止顯示今日可進場。,False,False
2026-10-01,2026-10-01,收盤確認價,臺灣證券交易所 / 證券櫃檯買賣中心正式收盤；yfinance 歷史資料,只使用完整收盤日K，不使用盤中未完成K,上櫃,3221,台嘉碩,53.7,55.3,51.0,50.98,49.34,48.76,48.82,38.1,-6.77,4.88,False,13632740,2740417,732078138,138183724,3.02,True,True,16.13,紅K突破,,False,True,False,False,1,False,C級：已漲遠或接近目標，禁止追高,量能放大,三角收斂突破,52.4,46.33,65.15,突破第一根,53.45,52.4,53.45,55.05,50.83,5.35,低,2.48,11.68,3.99,21.32,53.7,2.98,False,False,True,距離頸線或前高過遠，禁止追高,頸線以當日前20日高點計算；收盤站上頸線 52.4 至少2%；成交量>=20日均量2倍；不可長上影；回踩須有近10日突破紀錄且不有效跌破頸線；距離頸線>5%禁止進場,55,C,禁止追高,已漲遠或接近目標，空手不追；持有者依策略分批處理。,False,2026-10-01,True,True,STOP,STOP 停止進場,突破買點,取消新進場，只保留觀察,只看續抱 / 減碼 / 停利 / 停損，不新增部位。,停止新進場，先保留現金，等待大盤止跌。,停止新進場，禁止顯示今日可進場。,False,False
2026-10-01,2026-10-01,收盤確認價,臺灣證券交易所 / 證券櫃檯買賣中心正式收盤；yfinance 歷史資料,只使用完整收盤日K，不使用盤中未完成K,上櫃,6263,普萊德,164.0,164.0,157.0,158.4,157.75,159.88,158.68,143.83,-2.96,3.47,False,164239,130333,26935196,21330576,2.28,False,True,34.41,紅K突破,,True,False,False,False,1,False,只觀察,趨勢多頭,旗型整理突破,174.5,152.0,211.5,接近成形＋可觀察,177.99,174.5,177.99,183.33,169.26,4.9,中,-6.02,6.02,3.84,18.83,177.99,0.0,False,False,False,預備單，等待確認條件,頸線以當日前20日高點計算；收盤站上頸線 174.5 至少2%；成交量>=20日均量2倍；不可長上影；回踩須有近10日突破紀錄且不有效跌破頸線；距離頸線>5%禁止進場,55,C,等更安全位置,條件或風險不夠好，先不列入高關注。,False,2026-10-01,True,True,STOP,STOP 停止進場,觀察,取消新進場，只保留觀察,只看續抱 / 減碼 / 停利 / 停損，不新增部位。,停止新進場，先保留現金，等待大盤止跌。,停止新進場，禁止顯示今日可進場。,False,False
2026-10-01,2026-10-01,收盤確認價,臺灣證券交易所 / 證券櫃檯買賣中心正式收盤；yfinance 歷史資料,只使用完整收盤日K，不使用盤中未完成K,上櫃,3285,微端,41.5,42.0,41.4,41.68,41.27,40.95,39.28,32.48,3.23,0.0,False,54404,33746,2257766,1417218,2.31,False,True,41.15,一般K,,True,False,False,False,1,False,只觀察,趨勢多頭,三角收斂突破,44.8,38.9,54.25,接近成形＋可觀察,45.7,44.8,45.7,47.07,43.46,4.9,中,-7.37,7.37,3.82,18.72,45.7,1.2,False,False,False,預備單，等待確認條件,頸線以當日前20日高點計算；收盤站上頸線 44.8 至少2%；成交量>=20日均量2倍；不可長上影；回踩須有近10日突破紀錄且不有效跌破頸線；距離頸線>5%禁止進場,55,C,等更安全位置,條件或風險不夠好，先不列入高關注。,False,2026-10-01,True,True,STOP,STOP 停止進場,觀察,取消新進場，只保留觀察,只看續抱 / 減碼 / 停利 / 停損，不新增部位。,停止新進場，先保留現金，等待大盤止跌。,停止新進場，禁止顯示今日可進場。,False,False
2026-10-01,2026-10-01,收盤確認價,臺灣證券交易所 / 證券櫃檯買賣中心正式收盤；yfinance 歷史資料,只使用完整收盤日K，不使用盤中未完成K,上櫃,3236,千如,48.55,48.55,44.4,44.87,44.08,43.9,45.38,37.75,-21.69,9.97,True,13578627,2423503,659242340,109597812,3.56,True,True,22.01,紅K突破,,False,True,False,False,1,False,C級：已漲遠或接近目標，禁止追高,量能放大,箱型突破,47.15,41.71,59.2,突破第一根,48.09,47.15,48.09,49.54,45.74,5.8,低,2.97,24.26,3.78,21.94,48.55,0.0,False,False,True,距離頸線或前高過遠，禁止追高,頸線以當日前20日高點計算；收盤站上頸線 47.15 至少2%；成交量>=20日均量2倍；不可長上影；回踩須有近10日突破紀錄且不有效跌破頸線；距離頸線>5%禁止進場,55,C,禁止追高,已漲遠或接近目標，空手不追；持有者依策略分批處理。,False,2026-10-01,True,True,STOP,STOP 停止進場,突破買點,取消新進場，只保留觀察,只看續抱 / 減碼 / 停利 / 停損，不新增部位。,停止新進場，先保留現金，等待大盤止跌。,停止新進場，禁止顯示今日可進場。,False,False
2026-10-01,2026-10-01,收盤確認價,臺灣證券交易所 / 證券櫃檯買賣中心正式收盤；yfinance 歷史資料,只使用完整收盤日K，不使用盤中未完成K,上市,1455,集盛,9.84,9.95,9.81,9.77,9.77,9.83,9.57,8.76,-2.09,-1.01,False,326384,781548,3211618,7723682,1.47,False,True,17.5,一般K,,True,False,False,False,1,False,只觀察,趨勢多頭,旗型整理突破,10.6,9.51,12.73,接近成形＋可觀察,10.81,10.6,10.81,11.14,10.28,4.9,中,-7.17,7.17,3.62,17.74,10.81,0.1,False,False,False,預備單，等待確認條件,頸線以當日前20日高點計算；收盤站上頸線 10.6 至少2%；成交量>=20日均量2倍；不可長上影；回踩須有近10日突破紀錄且不有效跌破頸線；距離頸線>5%禁止進場,55,C,等更安全位置,條件或風險不夠好，先不列入高關注。,False,2026-10-01,True,True,STOP,STOP 停止進場,觀察,取消新進場，只保留觀察,只看續抱 / 減碼 / 停利 / 停損，不新增部位。,停止新進場，先保留現金，等待大盤止跌。,停止新進場，禁止顯示今日可進場。,False,False
2026-10-01,2026-10-01,收盤確認價,臺灣證券交易所 / 證券櫃檯買賣中心正式收盤；yfinance 歷史資料,只使用完整收盤日K，不使用盤中未完成K,上櫃,4907,富宇,45.05,45.95,44.65,45.06,44.96,45.04,44.35,41.8,7.52,0.11,False,17852,65038,804232,2919522,1.63,False,True,33.32,一般K,,True,False,False,False,1,False,只觀察,趨勢多頭,旗型整理突破,47.9,43.1,56.55,接近成形＋可觀察,48.86,47.9,48.86,50.32,46.46,4.9,中,-5.95,8.06,3.21,15.74,48.86,2.0,False,False,False,預備單，等待確認條件,頸線以當日前20日高點計算；收盤站上頸線 47.9 至少2%；成交量>=20日均量2倍；不可長上影；回踩須有近10日突破紀錄且不有效跌破頸線；距離頸線>5%禁止進場,55,C,等更安全位置,條件或風險不夠好，先不列入高關注。,False,2026-10-01,True,True,STOP,STOP 停止進場,觀察,取消新進場，只保留觀察,只看續抱 / 減碼 / 停利 / 停損，不新增部位。,停止新進場，先保留現金，等待大盤止跌。,停止新進場，禁止顯示今日可進場。,False,False
2026-10-01,2026-10-01,收盤確認價,臺灣證券交易所 / 證券櫃檯買賣中心正式收盤；yfinance 歷史資料,只使用完整收盤日K，不使用盤中未完成K,上櫃,5209,新鼎,171.5,174.0,167.5,167.9,170.3,166.3,160.29,167.02,8.89,2.39,False,106911,151890,18335236,25674486,2.54,False,True,58.55,下影線,,True,False,False,False,1,False,只觀察,趨勢多頭,接近成形,182.0,157.99,213.0,接近成形＋可觀察,185.64,182.0,185.64,191.21,176.54,4.9,中,-5.77,5.77,3.01,14.74,185.64,1.46,False,False,False,預備單，等待確認條件,頸線以當日前20日高點計算；收盤站上頸線 182.0 至少2%；成交量>=20日均量2倍；不可長上影；回踩須有近10日突破紀錄且不有效跌破頸線；距離頸線>5%禁止進場,55,C,等更安全位置,條件或風險不夠好，先不列入高關注。,False,2026-10-01,True,True,STOP,STOP 停止進場,觀察,取消新進場，只保留觀察,只看續抱 / 減碼 / 停利 / 停損，不新增部位。,停止新進場，先保留現金，等待大盤止跌。,停止新進場，禁止顯示今日可進場。,False,False
2026-10-01,2026-10-01,收盤確認價,臺灣證券交易所 / 證券櫃檯買賣中心正式收盤；yfinance 歷史資料,只使用完整收盤日K，不使用盤中未完成K,上櫃,6680,鑫創電子,51.5,51.6,51.0,52.5,53.42,53.41,52.69,57.78,5.24,-0.77,False,12241,3412,630411,180415,2.28,False,True,30.1,紅K突破,,False,True,False,False,1,False,只觀察,量能放大,三角收斂突破,57.0,50.73,66.42,接近成形＋可觀察,58.14,57.0,58.14,59.88,55.29,4.9,中,-9.65,9.65,2.91,14.25,58.14,0.19,False,False,False,預備單，等待確認條件,頸線以當日前20日高點計算；收盤站上頸線 57.0 至少2%；成交量>=20日均量2倍；不可長上影；回踩須有近10日突破紀錄且不有效跌破頸線；距離頸線>5%禁止進場,55,C,等更安全位置,條件或風險不夠好，先不列入高關注。,False,2026-10-01,True,True,STOP,STOP 停止進場,觀察,取消新進場，只保留觀察,只看續抱 / 減碼 / 停利 / 停損，不新增部位。,停止新進場，先保留現金，等待大盤止跌。,停止新進場，禁止顯示今日可進場。,False,False
2026-10-01,2026-10-01,收盤確認價,臺灣證券交易所 / 證券櫃檯買賣中心正式收盤；yfinance 歷史資料,只使用完整收盤日K，不使用盤中未完成K,上櫃,5536,聖暉*,959.0,970.0,919.0,915.0,888.0,867.3,967.45,865.43,-23.89,4.35,False,2144351,841586,2056432609,741410283,3.16,True,True,23.65,紅K突破,,False,True,False,False,1,False,C級：已漲遠或接近目標，禁止追高,量能放大,三角收斂突破,935.0,823.93,1067.0,突破第一根,953.7,935.0,953.7,982.31,906.95,5.43,低,2.57,29.74,2.07,11.26,959.0,1.15,False,False,True,距離頸線或前高過遠，禁止追高,頸線以當日前20日高點計算；收盤站上頸線 935.0 至少2%；成交量>=20日均量2倍；不可長上影；回踩須有近10日突破紀錄且不有效跌破頸線；距離頸線>5%禁止進場,55,C,禁止追高,已漲遠或接近目標，空手不追；持有者依策略分批處理。,False,2026-10-01,True,True,STOP,STOP 停止進場,突破買點,取消新進場，只保留觀察,只看續抱 / 減碼 / 停利 / 停損，不新增部位。,停止新進場，先保留現金，等待大盤止跌。,停止新進場，禁止顯示今日可進場。,False,False
2026-10-01,2026-10-01,收盤確認價,臺灣證券交易所 / 證券櫃檯買賣中心正式收盤；yfinance 歷史資料,只使用完整收盤日K，不使用盤中未完成K,上櫃,6021,美好證,41.7,42.15,41.2,41.73,43.46,42.7,38.63,32.54,8.74,-0.24,False,93641,380248,3904829,16502231,2.18,False,True,37.52,一般K,,False,False,False,False,0,False,只觀察,條件不足,接近成形,45.85,40.57,60.25,接近成形＋可觀察,46.77,45.85,46.77,48.17,44.47,4.9,中,-9.05,9.05,5.88,28.83,46.77,0.36,False,False,False,預備單，等待確認條件,頸線以當日前20日高點計算；收盤站上頸線 45.85 至少2%；成交量>=20日均量2倍；不可長上影；回踩須有近10日突破紀錄且不有效跌破頸線；距離頸線>5%禁止進場,55,C,等更安全位置,條件或風險不夠好，先不列入高關注。,False,2026-10-01,True,True,STOP,STOP 停止進場,觀察,取消新進場，只保留觀察,只看續抱 / 減碼 / 停利 / 停損，不新增部位。,停止新進場，先保留現金，等待大盤止跌。,停止新進場，禁止顯示今日可進場。,False,False
2026-10-01,2026-10-01,收盤確認價,臺灣證券交易所 / 證券櫃檯買賣中心正式收盤；yfinance 歷史資料,只使用完整收盤日K，不使用盤中未完成K,上櫃,7703,銳澤,205.0,207.0,203.5,202.0,200.95,198.28,186.82,206.89,8.18,1.74,False,91894,88155,18838270,17481695,2.23,False,True,54.44,紅K突破,,False,False,False,False,0,False,只觀察,條件不足,旗型整理突破,217.0,188.36,282.0,接近成形＋可觀察,221.34,217.0,221.34,227.98,210.49,4.9,中,-5.53,6.82,5.59,27.41,221.34,0.98,False,False,False,預備單，等待確認條件,頸線以當日前20日高點計算；收盤站上頸線 217.0 至少2%；成交量>=20日均量2倍；不可長上影；回踩須有近10日突破紀錄且不有效跌破頸線；距離頸線>5%禁止進場,55,C,等更安全位置,條件或風險不夠好，先不列入高關注。,False,2026-10-01,True,True,STOP,STOP 停止進場,觀察,取消新進場，只保留觀察,只看續抱 / 減碼 / 停利 / 停損，不新增部位。,停止新進場，先保留現金，等待大盤止跌。,停止新進場，禁止顯示今日可進場。,False,False
2026-10-01,2026-10-01,收盤確認價,臺灣證券交易所 / 證券櫃檯買賣中心正式收盤；yfinance 歷史資料,只使用完整收盤日K，不使用盤中未完成K,上櫃,3540,曜越,23.1,23.35,22.9,22.93,23.04,22.98,22.22,27.44,-4.94,0.22,False,200223,287107,4625151,6631366,2.09,False,True,14.13,一般K,,False,False,False,False,0,False,只觀察,條件不足,旗型整理突破,25.55,21.83,32.2,接近成形＋可觀察,26.06,25.55,26.06,26.84,24.78,4.9,中,-9.59,9.59,4.81,23.56,26.06,1.08,False,False,False,預備單，等待確認條件,頸線以當日前20日高點計算；收盤站上頸線 25.55 至少2%；成交量>=20日均量2倍；不可長上影；回踩須有近10日突破紀錄且不有效跌破頸線；距離頸線>5%禁止進場,55,C,等更安全位置,條件或風險不夠好，先不列入高關注。,False,2026-10-01,True,True,STOP,STOP 停止進場,觀察,取消新進場，只保留觀察,只看續抱 / 減碼 / 停利 / 停損，不新增部位。,停止新進場，先保留現金，等待大盤止跌。,停止新進場，禁止顯示今日可進場。,False,False
2026-10-01,2026-10-01,收盤確認價,臺灣證券交易所 / 證券櫃檯買賣中心正式收盤；yfinance 歷史資料,只使用完整收盤日K，不使用盤中未完成K,上櫃,4714,永捷,11.85,12.15,11.8,11.93,11.93,11.46,11.03,14.61,-0.0,-1.66,False,714126,1789581,8462393,21037624,2.71,False,True,45.69,一般K,,False,False,False,False,0,False,只觀察,條件不足,接近成形,12.95,10.89,16.2,接近成形＋可觀察,13.21,12.95,13.21,13.61,12.56,4.9,中,-8.49,8.49,4.62,22.64,13.21,0.42,False,False,False,預備單，等待確認條件,頸線以當日前20日高點計算；收盤站上頸線 12.95 至少2%；成交量>=20日均量2倍；不可長上影；回踩須有近10日突破紀錄且不有效跌破頸線；距離頸線>5%禁止進場,55,C,等更安全位置,條件或風險不夠好，先不列入高關注。,False,2026-10-01,True,True,STOP,STOP 停止進場,觀察,取消新進場，只保留觀察,只看續抱 / 減碼 / 停利 / 停損，不新增部位。,停止新進場，先保留現金，等待大盤止跌。,停止新進場，禁止顯示今日可進場。,False,False
2026-10-01,2026-10-01,收盤確認價,臺灣證券交易所 / 證券櫃檯買賣中心正式收盤；yfinance 歷史資料,只使用完整收盤日K，不使用盤中未完成K,上櫃,2596,綠意,34.9,35.5,34.9,35.14,35.05,35.3,33.23,32.28,10.62,-0.57,False,24514,125385,855538,4442008,1.46,False,True,15.32,一般K,,False,False,False,False,0,False,只觀察,條件不足,接近成形,36.75,34.0,44.9,接近成形＋可觀察,37.48,36.75,37.48,38.61,35.65,4.9,中,-5.03,5.03,4.04,19.78,37.48,1.15,False,False,False,預備單，等待確認條件,頸線以當日前20日高點計算；收盤站上頸線 36.75 至少2%；成交量>=20日均量2倍；不可長上影；回踩須有近10日突破紀錄且不有效跌破頸線；距離頸線>5%禁止進場,55,C,等更安全位置,條件或風險不夠好，先不列入高關注。,False,2026-10-01,True,True,STOP,STOP 停止進場,觀察,取消新進場，只保留觀察,只看續抱 / 減碼 / 停利 / 停損，不新增部位。,停止新進場，先保留現金，等待大盤止跌。,停止新進場，禁止顯示今日可進場。,False,False
2026-10-01,2026-10-01,收盤確認價,臺灣證券交易所 / 證券櫃檯買賣中心正式收盤；yfinance 歷史資料,只使用完整收盤日K，不使用盤中未完成K,上市,2363,矽統,60.6,61.0,59.1,59.36,57.47,54.44,54.62,54.52,-9.55,2.54,False,9203056,8851496,557705193,499789474,2.85,True,True,51.92,紅K突破,,False,False,False,False,0,False,C級：已漲遠或接近目標，禁止追高,條件不足,旗型整理突破,59.0,51.72,73.7,回踩頸線不破,60.18,59.0,60.18,61.99,57.23,5.56,低,2.71,12.43,3.89,21.62,60.6,0.66,True,False,True,距離頸線或前高過遠，禁止追高,頸線以當日前20日高點計算；收盤站上頸線 59.0 至少2%；成交量>=20日均量2倍；不可長上影；回踩須有近10日突破紀錄且不有效跌破頸線；距離頸線>5%禁止進場,55,C,禁止追高,已漲遠或接近目標，空手不追；持有者依策略分批處理。,False,2026-10-01,True,True,STOP,STOP 停止進場,回踩買點,取消新進場，只保留觀察,只看續抱 / 減碼 / 停利 / 停損，不新增部位。,停止新進場，先保留現金，等待大盤止跌。,停止新進場，禁止顯示今日可進場。,False,False
2026-10-01,2026-10-01,收盤確認價,臺灣證券交易所 / 證券櫃檯買賣中心正式收盤；yfinance 歷史資料,只使用完整收盤日K，不使用盤中未完成K,上櫃,4549,桓達,96.9,96.9,95.9,96.86,96.61,97.25,95.45,102.39,-2.14,-0.21,False,53826,46241,5215739,4506865,1.37,False,True,12.47,一般K,,False,False,False,False,0,False,只觀察,條件不足,旗型整理突破,102.45,93.0,123.63,接近成形＋可觀察,104.5,102.45,104.5,107.64,99.38,4.9,中,-5.42,5.42,3.73,18.3,104.5,0.0,False,False,False,預備單，等待確認條件,頸線以當日前20日高點計算；收盤站上頸線 102.45 至少2%；成交量>=20日均量2倍；不可長上影；回踩須有近10日突破紀錄且不有效跌破頸線；距離頸線>5%禁止進場,55,C,等更安全位置,條件或風險不夠好，先不列入高關注。,False,2026-10-01,True,True,STOP,STOP 停止進場,觀察,取消新進場，只保留觀察,只看續抱 / 減碼 / 停利 / 停損，不新增部位。,停止新進場，先保留現金，等待大盤止跌。,停止新進場，禁止顯示今日可進場。,False,False
2026-10-01,2026-10-01,收盤確認價,臺灣證券交易所 / 證券櫃檯買賣中心正式收盤；yfinance 歷史資料,只使用完整收盤日K，不使用盤中未完成K,上櫃,8906,花王,28.95,28.95,28.95,28.96,29.24,29.0,27.82,29.88,3.39,1.22,False,1158,16224,33524,472405,1.17,False,True,14.17,資料不足,,False,False,False,False,0,False,只觀察,條件不足,接近成形,30.5,27.55,36.75,接近成形＋可觀察,31.11,30.5,31.11,32.04,29.59,4.9,中,-5.08,5.08,3.7,18.13,31.11,0.0,False,False,False,預備單，等待確認條件,頸線以當日前20日高點計算；收盤站上頸線 30.5 至少2%；成交量>=20日均量2倍；不可長上影；回踩須有近10日突破紀錄且不有效跌破頸線；距離頸線>5%禁止進場,55,C,等更安全位置,條件或風險不夠好，先不列入高關注。,False,2026-10-01,True,True,STOP,STOP 停止進場,觀察,取消新進場，只保留觀察,只看續抱 / 減碼 / 停利 / 停損，不新增部位。,停止新進場，先保留現金，等待大盤止跌。,停止新進場，禁止顯示今日可進場。,False,False
2026-10-01,2026-10-01,收盤確認價,臺灣證券交易所 / 證券櫃檯買賣中心正式收盤；yfinance 歷史資料,只使用完整收盤日K，不使用盤中未完成K,上櫃,6212,理銘,32.25,32.25,32.25,32.83,32.68,32.22,30.34,33.51,12.17,-4.16,False,1000,2330,32250,75239,2.15,False,True,10.95,資料不足,,False,False,False,False,0,False,只觀察,條件不足,接近成形,34.95,30.6,41.8,接近成形＋可觀察,35.65,34.95,35.65,36.72,33.9,4.9,中,-7.73,7.73,3.52,17.25,35.65,0.0,False,False,False,預備單，等待確認條件,頸線以當日前20日高點計算；收盤站上頸線 34.95 至少2%；成交量>=20日均量2倍；不可長上影；回踩須有近10日突破紀錄且不有效跌破頸線；距離頸線>5%禁止進場,55,C,等更安全位置,條件或風險不夠好，先不列入高關注。,False,2026-10-01,True,True,STOP,STOP 停止進場,觀察,取消新進場，只保留觀察,只看續抱 / 減碼 / 停利 / 停損，不新增部位。,停止新進場，先保留現金，等待大盤止跌。,停止新進場，禁止顯示今日可進場。,False,False
2026-10-01,2026-10-01,收盤確認價,臺灣證券交易所 / 證券櫃檯買賣中心正式收盤；yfinance 歷史資料,只使用完整收盤日K，不使用盤中未完成K,上櫃,3499,環天科,13.75,13.8,13.5,13.65,13.57,13.45,13.34,15.39,-7.09,-0.36,False,31231,105774,429426,1466417,3.69,False,True,51.07,紅K突破,,False,False,False,False,0,False,只觀察,條件不足,接近成形,14.9,12.78,17.8,接近成形＋可觀察,15.2,14.9,15.2,15.65,14.45,4.9,中,-7.72,8.94,3.49,17.12,15.2,0.36,False,False,False,預備單，等待確認條件,頸線以當日前20日高點計算；收盤站上頸線 14.9 至少2%；成交量>=20日均量2倍；不可長上影；回踩須有近10日突破紀錄且不有效跌破頸線；距離頸線>5%禁止進場,55,C,等更安全位置,條件或風險不夠好，先不列入高關注。,False,2026-10-01,True,True,STOP,STOP 停止進場,觀察,取消新進場，只保留觀察,只看續抱 / 減碼 / 停利 / 停損，不新增部位。,停止新進場，先保留現金，等待大盤止跌。,停止新進場，禁止顯示今日可進場。,False,False
2026-10-01,2026-10-01,收盤確認價,臺灣證券交易所 / 證券櫃檯買賣中心正式收盤；yfinance 歷史資料,只使用完整收盤日K，不使用盤中未完成K,上櫃,5201,凱衛,29.2,30.35,29.1,29.44,29.21,28.77,27.32,35.84,8.55,-2.5,False,39983,131076,1167503,3796433,2.15,False,True,41.42,一般K,,False,False,False,False,0,False,只觀察,條件不足,接近成形,31.2,27.33,37.25,接近成形＋可觀察,31.82,31.2,31.82,32.78,30.26,4.9,中,-6.41,6.41,3.48,17.05,31.82,0.0,False,False,False,預備單，等待確認條件,頸線以當日前20日高點計算；收盤站上頸線 31.2 至少2%；成交量>=20日均量2倍；不可長上影；回踩須有近10日突破紀錄且不有效跌破頸線；距離頸線>5%禁止進場,55,C,等更安全位置,條件或風險不夠好，先不列入高關注。,False,2026-10-01,True,True,STOP,STOP 停止進場,觀察,取消新進場，只保留觀察,只看續抱 / 減碼 / 停利 / 停損，不新增部位。,停止新進場，先保留現金，等待大盤止跌。,停止新進場，禁止顯示今日可進場。,False,False
2026-10-01,2026-10-01,收盤確認價,臺灣證券交易所 / 證券櫃檯買賣中心正式收盤；yfinance 歷史資料,只使用完整收盤日K，不使用盤中未完成K,上市,1904,正隆,24.1,24.6,24.05,24.54,24.64,24.69,23.71,19.92,2.99,-2.03,False,2000585,1651678,48214098,40843316,1.81,False,True,11.03,一般K,,False,False,False,False,0,False,只觀察,條件不足,接近成形,25.55,24.05,30.5,接近成形＋可觀察,26.06,25.55,26.06,26.84,24.78,4.9,中,-5.68,8.88,3.47,17.03,26.06,0.0,False,False,False,預備單，等待確認條件,頸線以當日前20日高點計算；收盤站上頸線 25.55 至少2%；成交量>=20日均量2倍；不可長上影；回踩須有近10日突破紀錄且不有效跌破頸線；距離頸線>5%禁止進場,55,C,等更安全位置,條件或風險不夠好，先不列入高關注。,False,2026-10-01,True,True,STOP,STOP 停止進場,觀察,取消新進場，只保留觀察,只看續抱 / 減碼 / 停利 / 停損，不新增部位。,停止新進場，先保留現金，等待大盤止跌。,停止新進場，禁止顯示今日可進場。,False,False
2026-10-01,2026-10-01,收盤確認價,臺灣證券交易所 / 證券櫃檯買賣中心正式收盤；yfinance 歷史資料,只使用完整收盤日K，不使用盤中未完成K,上櫃,6865,偉康科技,27.65,28.3,27.65,28.21,27.65,26.77,26.07,36.11,2.41,-5.15,False,21142,29546,584576,803654,3.27,False,True,33.14,一般K,,False,False,False,False,0,False,只觀察,條件不足,接近成形,29.55,25.43,35.25,接近成形＋可觀察,30.14,29.55,30.14,31.05,28.66,4.9,中,-6.43,6.43,3.46,16.95,30.14,0.72,False,False,False,預備單，等待確認條件,頸線以當日前20日高點計算；收盤站上頸線 29.55 至少2%；成交量>=20日均量2倍；不可長上影；回踩須有近10日突破紀錄且不有效跌破頸線；距離頸線>5%禁止進場,55,C,等更安全位置,條件或風險不夠好，先不列入高關注。,False,2026-10-01,True,True,STOP,STOP 停止進場,觀察,取消新進場，只保留觀察,只看續抱 / 減碼 / 停利 / 停損，不新增部位。,停止新進場，先保留現金，等待大盤止跌。,停止新進場，禁止顯示今日可進場。,False,False
2026-10-01,2026-10-01,收盤確認價,臺灣證券交易所 / 證券櫃檯買賣中心正式收盤；yfinance 歷史資料,只使用完整收盤日K，不使用盤中未完成K,上市,1440,南紡,13.4,13.7,13.3,13.42,13.35,13.49,13.28,13.22,-3.6,-1.83,False,2962057,3250172,39691563,44345486,1.85,False,True,17.75,一般K,,False,False,False,False,0,False,只觀察,條件不足,旗型整理突破,14.85,12.9,17.7,接近成形＋可觀察,15.15,14.85,15.15,15.6,14.4,4.9,中,-9.76,9.76,3.44,16.85,15.15,1.49,False,False,False,預備單，等待確認條件,頸線以當日前20日高點計算；收盤站上頸線 14.85 至少2%；成交量>=20日均量2倍；不可長上影；回踩須有近10日突破紀錄且不有效跌破頸線；距離頸線>5%禁止進場,55,C,等更安全位置,條件或風險不夠好，先不列入高關注。,False,2026-10-01,True,True,STOP,STOP 停止進場,觀察,取消新進場，只保留觀察,只看續抱 / 減碼 / 停利 / 停損，不新增部位。,停止新進場，先保留現金，等待大盤止跌。,停止新進場，禁止顯示今日可進場。,False,False
2026-10-01,2026-10-01,收盤確認價,臺灣證券交易所 / 證券櫃檯買賣中心正式收盤；yfinance 歷史資料,只使用完整收盤日K，不使用盤中未完成K,上櫃,8034,榮群,19.95,20.35,19.95,20.36,20.29,20.13,19.65,23.09,-6.56,-1.97,False,69690,108533,1390315,2216974,2.15,False,True,25.18,一般K,,False,False,False,False,0,False,只觀察,條件不足,接近成形,21.6,19.4,25.6,接近成形＋可觀察,22.03,21.6,22.03,22.69,20.95,4.9,中,-7.64,8.06,3.3,16.19,22.03,0.0,False,False,False,預備單，等待確認條件,頸線以當日前20日高點計算；收盤站上頸線 21.6 至少2%；成交量>=20日均量2倍；不可長上影；回踩須有近10日突破紀錄且不有效跌破頸線；距離頸線>5%禁止進場,55,C,等更安全位置,條件或風險不夠好，先不列入高關注。,False,2026-10-01,True,True,STOP,STOP 停止進場,觀察,取消新進場，只保留觀察,只看續抱 / 減碼 / 停利 / 停損，不新增部位。,停止新進場，先保留現金，等待大盤止跌。,停止新進場，禁止顯示今日可進場。,False,False
2026-10-01,2026-10-01,收盤確認價,臺灣證券交易所 / 證券櫃檯買賣中心正式收盤；yfinance 歷史資料,只使用完整收盤日K，不使用盤中未完成K,上櫃,8354,冠好,16.75,17.2,16.75,16.97,17.0,17.18,16.78,16.12,-3.74,-0.89,False,93353,72429,1563662,1258777,1.25,False,True,13.13,一般K,,False,False,False,False,0,False,只觀察,條件不足,接近成形,18.0,16.65,21.2,接近成形＋可觀察,18.36,18.0,18.36,18.91,17.46,4.9,中,-6.94,9.46,3.16,15.47,18.36,2.09,False,False,False,預備單，等待確認條件,頸線以當日前20日高點計算；收盤站上頸線 18.0 至少2%；成交量>=20日均量2倍；不可長上影；回踩須有近10日突破紀錄且不有效跌破頸線；距離頸線>5%禁止進場,55,C,等更安全位置,條件或風險不夠好，先不列入高關注。,False,2026-10-01,True,True,STOP,STOP 停止進場,觀察,取消新進場，只保留觀察,只看續抱 / 減碼 / 停利 / 停損，不新增部位。,停止新進場，先保留現金，等待大盤止跌。,停止新進場，禁止顯示今日可進場。,False,False
2026-10-01,2026-10-01,收盤確認價,臺灣證券交易所 / 證券櫃檯買賣中心正式收盤；yfinance 歷史資料,只使用完整收盤日K，不使用盤中未完成K,上櫃,8942,森鉅,40.15,40.8,40.05,40.33,40.59,41.24,40.31,38.93,-0.5,-0.12,False,107261,125706,4306529,5191384,0.79,False,True,50.37,一般K,,False,False,False,False,0,False,只觀察,條件不足,接近成形,42.9,40.05,50.25,接近成形＋可觀察,43.76,42.9,43.76,45.07,41.61,4.9,中,-6.41,8.75,3.03,14.84,43.76,0.0,False,False,False,預備單，等待確認條件,頸線以當日前20日高點計算；收盤站上頸線 42.9 至少2%；成交量>=20日均量2倍；不可長上影；回踩須有近10日突破紀錄且不有效跌破頸線；距離頸線>5%禁止進場,55,C,等更安全位置,條件或風險不夠好，先不列入高關注。,False,2026-10-01,True,True,STOP,STOP 停止進場,觀察,取消新進場，只保留觀察,只看續抱 / 減碼 / 停利 / 停損，不新增部位。,停止新進場，先保留現金，等待大盤止跌。,停止新進場，禁止顯示今日可進場。,False,False
2026-10-01,2026-10-01,收盤確認價,臺灣證券交易所 / 證券櫃檯買賣中心正式收盤；yfinance 歷史資料,只使用完整收盤日K，不使用盤中未完成K,上櫃,4157,太景*-KY,8.73,8.87,8.72,8.8,8.9,8.87,8.77,10.23,-4.07,-1.8,False,486067,748278,4243364,6664166,1.8,False,True,18.15,一般K,,False,False,False,False,0,False,只觀察,條件不足,接近成形,9.28,8.63,10.83,接近成形＋可觀察,9.47,9.28,9.47,9.75,9.0,4.9,中,-5.93,6.53,2.94,14.41,9.47,0.0,False,False,False,預備單，等待確認條件,頸線以當日前20日高點計算；收盤站上頸線 9.28 至少2%；成交量>=20日均量2倍；不可長上影；回踩須有近10日突破紀錄且不有效跌破頸線；距離頸線>5%禁止進場,55,C,等更安全位置,條件或風險不夠好，先不列入高關注。,False,2026-10-01,True,True,STOP,STOP 停止進場,觀察,取消新進場，只保留觀察,只看續抱 / 減碼 / 停利 / 停損，不新增部位。,停止新進場，先保留現金，等待大盤止跌。,停止新進場，禁止顯示今日可進場。,False,False
2026-10-01,2026-10-01,收盤確認價,臺灣證券交易所 / 證券櫃檯買賣中心正式收盤；yfinance 歷史資料,只使用完整收盤日K，不使用盤中未完成K,上櫃,4974,亞泰,71.3,71.4,71.0,70.84,70.95,71.29,69.53,71.88,1.86,0.42,False,51198,152659,3650417,11002632,1.75,False,True,37.18,紅K突破,,False,False,False,False,0,False,只觀察,條件不足,旗型整理突破,75.5,68.4,87.7,接近成形＋可觀察,77.01,75.5,77.01,79.32,73.23,4.9,中,-5.56,5.56,2.83,13.88,77.01,0.14,False,False,False,預備單，等待確認條件,頸線以當日前20日高點計算；收盤站上頸線 75.5 至少2%；成交量>=20日均量2倍；不可長上影；回踩須有近10日突破紀錄且不有效跌破頸線；距離頸線>5%禁止進場,55,C,等更安全位置,條件或風險不夠好，先不列入高關注。,False,2026-10-01,True,True,STOP,STOP 停止進場,觀察,取消新進場，只保留觀察,只看續抱 / 減碼 / 停利 / 停損，不新增部位。,停止新進場，先保留現金，等待大盤止跌。,停止新進場，禁止顯示今日可進場。,False,False
2026-10-01,2026-10-01,收盤確認價,臺灣證券交易所 / 證券櫃檯買賣中心正式收盤；yfinance 歷史資料,只使用完整收盤日K，不使用盤中未完成K,上櫃,4554,橙的,28.15,28.35,28.15,28.16,28.25,28.59,27.81,25.89,3.26,-0.35,False,19790,18117,557088,518010,0.99,False,True,19.36,一般K,,False,False,False,False,0,False,只觀察,條件不足,接近成形,30.1,27.95,34.81,接近成形＋可觀察,30.7,30.1,30.7,31.62,29.2,4.9,中,-6.48,6.48,2.73,13.38,30.7,0.18,False,False,False,預備單，等待確認條件,頸線以當日前20日高點計算；收盤站上頸線 30.1 至少2%；成交量>=20日均量2倍；不可長上影；回踩須有近10日突破紀錄且不有效跌破頸線；距離頸線>5%禁止進場,55,C,等更安全位置,條件或風險不夠好，先不列入高關注。,False,2026-10-01,True,True,STOP,STOP 停止進場,觀察,取消新進場，只保留觀察,只看續抱 / 減碼 / 停利 / 停損，不新增部位。,停止新進場，先保留現金，等待大盤止跌。,停止新進場，禁止顯示今日可進場。,False,False
2026-10-01,2026-10-01,收盤確認價,臺灣證券交易所 / 證券櫃檯買賣中心正式收盤；yfinance 歷史資料,只使用完整收盤日K，不使用盤中未完成K,上櫃,8440,綠電,20.2,20.45,20.15,20.42,20.19,20.1,20.1,23.17,-5.16,-0.74,False,47988,54830,969357,1105245,1.2,False,True,21.64,一般K,,False,False,False,False,0,False,只觀察,條件不足,旗型整理突破,21.5,19.5,24.8,接近成形＋可觀察,21.93,21.5,21.93,22.59,20.86,4.9,中,-6.05,6.05,2.67,13.09,21.93,0.0,False,False,False,預備單，等待確認條件,頸線以當日前20日高點計算；收盤站上頸線 21.5 至少2%；成交量>=20日均量2倍；不可長上影；回踩須有近10日突破紀錄且不有效跌破頸線；距離頸線>5%禁止進場,55,C,等更安全位置,條件或風險不夠好，先不列入高關注。,False,2026-10-01,True,True,STOP,STOP 停止進場,觀察,取消新進場，只保留觀察,只看續抱 / 減碼 / 停利 / 停損，不新增部位。,停止新進場，先保留現金，等待大盤止跌。,停止新進場，禁止顯示今日可進場。,False,False
2026-10-01,2026-10-01,收盤確認價,臺灣證券交易所 / 證券櫃檯買賣中心正式收盤；yfinance 歷史資料,只使用完整收盤日K，不使用盤中未完成K,上櫃,3630,新鉅科,26.9,27.4,26.85,26.91,26.45,26.59,26.3,28.92,-4.1,-0.19,False,410015,787851,11029403,21420682,2.18,False,True,30.87,一般K,,False,False,False,False,0,False,只觀察,條件不足,接近成形,28.95,25.75,33.25,接近成形＋可觀察,29.53,28.95,29.53,30.41,28.08,4.9,中,-7.08,9.27,2.57,12.6,29.53,1.67,False,False,False,預備單，等待確認條件,頸線以當日前20日高點計算；收盤站上頸線 28.95 至少2%；成交量>=20日均量2倍；不可長上影；回踩須有近10日突破紀錄且不有效跌破頸線；距離頸線>5%禁止進場,55,C,等更安全位置,條件或風險不夠好，先不列入高關注。,False,2026-10-01,True,True,STOP,STOP 停止進場,觀察,取消新進場，只保留觀察,只看續抱 / 減碼 / 停利 / 停損，不新增部位。,停止新進場，先保留現金，等待大盤止跌。,停止新進場，禁止顯示今日可進場。,False,False
2026-10-01,2026-10-01,收盤確認價,臺灣證券交易所 / 證券櫃檯買賣中心正式收盤；yfinance 歷史資料,只使用完整收盤日K，不使用盤中未完成K,上櫃,6752,叡揚,96.2,96.2,95.2,96.12,96.4,96.47,96.27,107.77,-0.62,0.21,False,8712,27424,838094,2669223,1.29,False,True,39.54,紅K突破,,False,False,False,False,0,False,只觀察,條件不足,接近成形,105.5,95.0,121.1,接近成形＋可觀察,107.61,105.5,107.61,110.84,102.33,4.9,中,-8.82,8.82,2.56,12.53,107.61,0.0,False,False,False,預備單，等待確認條件,頸線以當日前20日高點計算；收盤站上頸線 105.5 至少2%；成交量>=20日均量2倍；不可長上影；回踩須有近10日突破紀錄且不有效跌破頸線；距離頸線>5%禁止進場,55,C,等更安全位置,條件或風險不夠好，先不列入高關注。,False,2026-10-01,True,True,STOP,STOP 停止進場,觀察,取消新進場，只保留觀察,只看續抱 / 減碼 / 停利 / 停損，不新增部位。,停止新進場，先保留現金，等待大盤止跌。,停止新進場，禁止顯示今日可進場。,False,False
2026-10-01,2026-10-01,收盤確認價,臺灣證券交易所 / 證券櫃檯買賣中心正式收盤；yfinance 歷史資料,只使用完整收盤日K，不使用盤中未完成K,上櫃,5223,安力-KY,23.4,23.4,23.2,22.99,22.94,23.15,23.39,26.29,-6.4,1.3,False,8289,21864,193962,516110,1.99,False,True,21.88,紅K突破,,False,False,False,False,0,False,只觀察,條件不足,接近成形,25.45,22.45,29.15,接近成形＋可觀察,25.96,25.45,25.96,26.74,24.69,4.9,中,-8.06,8.06,2.51,12.29,25.96,0.0,False,False,False,預備單，等待確認條件,頸線以當日前20日高點計算；收盤站上頸線 25.45 至少2%；成交量>=20日均量2倍；不可長上影；回踩須有近10日突破紀錄且不有效跌破頸線；距離頸線>5%禁止進場,55,C,等更安全位置,條件或風險不夠好，先不列入高關注。,False,2026-10-01,True,True,STOP,STOP 停止進場,觀察,取消新進場，只保留觀察,只看續抱 / 減碼 / 停利 / 停損，不新增部位。,停止新進場，先保留現金，等待大盤止跌。,停止新進場，禁止顯示今日可進場。,False,False
2026-10-01,2026-10-01,收盤確認價,臺灣證券交易所 / 證券櫃檯買賣中心正式收盤；yfinance 歷史資料,只使用完整收盤日K，不使用盤中未完成K,上櫃,6874,倍力,70.4,71.3,69.9,69.94,69.48,69.61,71.4,70.01,-4.51,0.86,False,13331,37432,938502,2641256,1.94,False,True,24.59,一般K,,False,False,False,False,0,False,只觀察,條件不足,接近成形,77.0,67.5,88.0,接近成形＋可觀察,78.54,77.0,78.54,80.9,74.69,4.9,中,-8.57,8.89,2.46,12.04,78.54,1.28,False,False,False,預備單，等待確認條件,頸線以當日前20日高點計算；收盤站上頸線 77.0 至少2%；成交量>=20日均量2倍；不可長上影；回踩須有近10日突破紀錄且不有效跌破頸線；距離頸線>5%禁止進場,55,C,等更安全位置,條件或風險不夠好，先不列入高關注。,False,2026-10-01,True,True,STOP,STOP 停止進場,觀察,取消新進場，只保留觀察,只看續抱 / 減碼 / 停利 / 停損，不新增部位。,停止新進場，先保留現金，等待大盤止跌。,停止新進場，禁止顯示今日可進場。,False,False
2026-10-01,2026-10-01,收盤確認價,臺灣證券交易所 / 證券櫃檯買賣中心正式收盤；yfinance 歷史資料,只使用完整收盤日K，不使用盤中未完成K,上櫃,8107,大億金茂,11.8,12.1,11.8,12.04,12.09,12.22,12.09,13.3,-6.72,-1.67,False,57574,33108,679373,403315,0.71,False,True,33.75,一般K,,False,False,False,False,0,False,只觀察,條件不足,三角收斂突破,12.8,11.7,14.6,接近成形＋可觀察,13.06,12.8,13.06,13.45,12.42,4.9,中,-7.81,8.53,2.41,11.83,13.06,0.0,False,False,False,預備單，等待確認條件,頸線以當日前20日高點計算；收盤站上頸線 12.8 至少2%；成交量>=20日均量2倍；不可長上影；回踩須有近10日突破紀錄且不有效跌破頸線；距離頸線>5%禁止進場,55,C,等更安全位置,條件或風險不夠好，先不列入高關注。,False,2026-10-01,True,True,STOP,STOP 停止進場,觀察,取消新進場，只保留觀察,只看續抱 / 減碼 / 停利 / 停損，不新增部位。,停止新進場，先保留現金，等待大盤止跌。,停止新進場，禁止顯示今日可進場。,False,False
2026-10-01,2026-10-01,收盤確認價,臺灣證券交易所 / 證券櫃檯買賣中心正式收盤；yfinance 歷史資料,只使用完整收盤日K，不使用盤中未完成K,上櫃,6294,智基,28.15,28.25,28.1,28.33,28.46,28.55,28.03,37.02,-0.53,-0.35,False,5606,9410,157808,268687,0.6,False,True,18.1,一般K,,False,False,False,False,0,False,只觀察,條件不足,接近成形,29.8,28.0,33.8,接近成形＋可觀察,30.4,29.8,30.4,31.31,28.91,4.9,中,-5.54,5.85,2.28,11.2,30.4,0.0,False,False,False,預備單，等待確認條件,頸線以當日前20日高點計算；收盤站上頸線 29.8 至少2%；成交量>=20日均量2倍；不可長上影；回踩須有近10日突破紀錄且不有效跌破頸線；距離頸線>5%禁止進場,55,C,等更安全位置,條件或風險不夠好，先不列入高關注。,False,2026-10-01,True,True,STOP,STOP 停止進場,觀察,取消新進場，只保留觀察,只看續抱 / 減碼 / 停利 / 停損，不新增部位。,停止新進場，先保留現金，等待大盤止跌。,停止新進場，禁止顯示今日可進場。,False,False
2026-10-01,2026-10-01,收盤確認價,臺灣證券交易所 / 證券櫃檯買賣中心正式收盤；yfinance 歷史資料,只使用完整收盤日K，不使用盤中未完成K,上櫃,2941,米斯特,31.0,31.0,30.95,31.58,31.4,31.43,31.34,37.92,-4.47,0.0,False,6000,3304,186000,103995,3.34,False,True,28.38,紅K突破,,False,False,False,False,0,False,只觀察,條件不足,三角收斂突破,33.9,29.86,38.2,接近成形＋可觀察,34.58,33.9,34.58,35.62,32.88,4.9,中,-8.55,8.69,2.14,10.47,34.58,0.0,False,False,False,預備單，等待確認條件,頸線以當日前20日高點計算；收盤站上頸線 33.9 至少2%；成交量>=20日均量2倍；不可長上影；回踩須有近10日突破紀錄且不有效跌破頸線；距離頸線>5%禁止進場,55,C,等更安全位置,條件或風險不夠好，先不列入高關注。,False,2026-10-01,True,True,STOP,STOP 停止進場,觀察,取消新進場，只保留觀察,只看續抱 / 減碼 / 停利 / 停損，不新增部位。,停止新進場，先保留現金，等待大盤止跌。,停止新進場，禁止顯示今日可進場。,False,False
2026-10-01,2026-10-01,收盤確認價,臺灣證券交易所 / 證券櫃檯買賣中心正式收盤；yfinance 歷史資料,只使用完整收盤日K，不使用盤中未完成K,上櫃,6741,91APP*-KY,55.6,55.9,55.1,55.4,56.82,58.13,57.14,64.61,-7.49,0.91,False,97736,156451,5434121,9059418,1.02,False,True,61.42,紅K突破,,False,False,False,False,0,False,只觀察,條件不足,接近成形,60.6,55.22,68.2,接近成形＋可觀察,61.81,60.6,61.81,63.67,58.78,4.9,中,-8.25,8.85,2.11,10.33,61.81,0.54,False,False,False,預備單，等待確認條件,頸線以當日前20日高點計算；收盤站上頸線 60.6 至少2%；成交量>=20日均量2倍；不可長上影；回踩須有近10日突破紀錄且不有效跌破頸線；距離頸線>5%禁止進場,55,C,等更安全位置,條件或風險不夠好，先不列入高關注。,False,2026-10-01,True,True,STOP,STOP 停止進場,觀察,取消新進場，只保留觀察,只看續抱 / 減碼 / 停利 / 停損，不新增部位。,停止新進場，先保留現金，等待大盤止跌。,停止新進場，禁止顯示今日可進場。,False,False
2026-10-01,2026-10-01,收盤確認價,臺灣證券交易所 / 證券櫃檯買賣中心正式收盤；yfinance 歷史資料,只使用完整收盤日K，不使用盤中未完成K,上櫃,8928,鉅明,23.0,23.2,22.75,23.03,23.07,23.48,23.32,23.85,2.0,0.22,False,7264,20611,167072,486974,1.64,False,True,35.18,一般K,,False,False,False,False,0,False,只觀察,條件不足,接近成形,24.95,22.6,28.05,接近成形＋可觀察,25.45,24.95,25.45,26.21,24.2,4.9,中,-7.82,9.27,2.08,10.22,25.45,0.22,False,False,False,預備單，等待確認條件,頸線以當日前20日高點計算；收盤站上頸線 24.95 至少2%；成交量>=20日均量2倍；不可長上影；回踩須有近10日突破紀錄且不有效跌破頸線；距離頸線>5%禁止進場,55,C,等更安全位置,條件或風險不夠好，先不列入高關注。,False,2026-10-01,True,True,STOP,STOP 停止進場,觀察,取消新進場，只保留觀察,只看續抱 / 減碼 / 停利 / 停損，不新增部位。,停止新進場，先保留現金，等待大盤止跌。,停止新進場，禁止顯示今日可進場。,False,False
2026-10-01,2026-10-01,收盤確認價,臺灣證券交易所 / 證券櫃檯買賣中心正式收盤；yfinance 歷史資料,只使用完整收盤日K，不使用盤中未完成K,上櫃,8423,保綠-KY,18.0,18.2,18.0,18.05,17.98,18.03,17.86,18.01,0.84,-1.1,False,9020,21417,162360,386457,1.03,False,True,24.64,一般K,,False,False,False,False,0,False,只觀察,條件不足,接近成形,19.5,17.13,21.9,接近成形＋可觀察,19.89,19.5,19.89,20.49,18.91,4.9,中,-7.69,7.69,2.06,10.11,19.89,0.0,False,False,False,預備單，等待確認條件,頸線以當日前20日高點計算；收盤站上頸線 19.5 至少2%；成交量>=20日均量2倍；不可長上影；回踩須有近10日突破紀錄且不有效跌破頸線；距離頸線>5%禁止進場,55,C,等更安全位置,條件或風險不夠好，先不列入高關注。,False,2026-10-01,True,True,STOP,STOP 停止進場,觀察,取消新進場，只保留觀察,只看續抱 / 減碼 / 停利 / 停損，不新增部位。,停止新進場，先保留現金，等待大盤止跌。,停止新進場，禁止顯示今日可進場。,False,False
2026-10-01,2026-10-01,收盤確認價,臺灣證券交易所 / 證券櫃檯買賣中心正式收盤；yfinance 歷史資料,只使用完整收盤日K，不使用盤中未完成K,上櫃,8080,泰霖,28.0,28.35,28.0,28.0,28.35,28.66,28.13,29.4,1.27,0.72,False,5558,15423,155624,442659,1.15,False,True,26.52,一般K,,False,False,False,False,0,False,只觀察,條件不足,接近成形,30.45,27.7,34.2,接近成形＋可觀察,31.06,30.45,31.06,31.99,29.54,4.9,中,-8.05,8.05,2.06,10.11,31.06,0.0,False,False,False,預備單，等待確認條件,頸線以當日前20日高點計算；收盤站上頸線 30.45 至少2%；成交量>=20日均量2倍；不可長上影；回踩須有近10日突破紀錄且不有效跌破頸線；距離頸線>5%禁止進場,55,C,等更安全位置,條件或風險不夠好，先不列入高關注。,False,2026-10-01,True,True,STOP,STOP 停止進場,觀察,取消新進場，只保留觀察,只看續抱 / 減碼 / 停利 / 停損，不新增部位。,停止新進場，先保留現金，等待大盤止跌。,停止新進場，禁止顯示今日可進場。,False,False
2026-10-01,2026-10-01,收盤確認價,臺灣證券交易所 / 證券櫃檯買賣中心正式收盤；yfinance 歷史資料,只使用完整收盤日K，不使用盤中未完成K,上櫃,3290,東浦,50.0,52.0,49.25,48.4,47.53,46.94,53.19,49.49,-25.82,-4.21,False,1372482,702054,68624100,33608040,3.0,True,True,53.1,一般K,,False,False,False,False,0,False,C級：已漲遠或接近目標，禁止追高,條件不足,三角收斂突破,50.3,44.65,55.95,接近成形＋可觀察,51.31,50.3,51.31,52.85,48.79,4.9,低,-0.6,29.18,1.85,9.05,51.31,1.6,True,False,True,距離頸線或前高過遠，禁止追高,頸線以當日前20日高點計算；收盤站上頸線 50.3 至少2%；成交量>=20日均量2倍；不可長上影；回踩須有近10日突破紀錄且不有效跌破頸線；距離頸線>5%禁止進場,52,C,禁止追高,已漲遠或接近目標，空手不追；持有者依策略分批處理。,False,2026-10-01,True,True,STOP,STOP 停止進場,觀察,取消新進場，只保留觀察,只看續抱 / 減碼 / 停利 / 停損，不新增部位。,停止新進場，先保留現金，等待大盤止跌。,停止新進場，禁止顯示今日可進場。,False,False
2026-10-01,2026-10-01,收盤確認價,臺灣證券交易所 / 證券櫃檯買賣中心正式收盤；yfinance 歷史資料,只使用完整收盤日K，不使用盤中未完成K,上櫃,8147,正淩,143.5,153.0,143.0,144.8,139.35,135.9,130.03,129.97,-6.82,-9.46,False,1012989,322600,145363921,46093978,4.07,True,True,37.84,長黑,連接器 軍工 航太 伺服器,True,True,True,False,3,False,C級：已漲遠或接近目標，禁止追高,趨勢多頭、量能放大、題材命中,旗型整理突破,150.0,129.1,195.0,接近成形＋可觀察,153.0,150.0,153.0,157.59,145.5,4.9,低,-4.33,10.87,5.6,27.45,153.0,0.7,True,False,True,距離頸線或前高過遠，禁止追高,頸線以當日前20日高點計算；收盤站上頸線 150.0 至少2%；成交量>=20日均量2倍；不可長上影；回踩須有近10日突破紀錄且不有效跌破頸線；距離頸線>5%禁止進場,50,C,禁止追高,已漲遠或接近目標，空手不追；持有者依策略分批處理。,False,2026-10-01,True,True,STOP,STOP 停止進場,觀察,取消新進場，只保留觀察,只看續抱 / 減碼 / 停利 / 停損，不新增部位。,停止新進場，先保留現金，等待大盤止跌。,停止新進場，禁止顯示今日可進場。,False,False
2026-10-01,2026-10-01,收盤確認價,臺灣證券交易所 / 證券櫃檯買賣中心正式收盤；yfinance 歷史資料,只使用完整收盤日K，不使用盤中未完成K,上櫃,6840,東研信超,99.3,99.6,96.4,101.04,101.84,96.81,79.68,67.64,49.1,0.4,False,342603,505108,34020477,49615743,3.32,False,True,32.12,紅K突破,,True,False,False,True,2,False,C級：已漲遠或接近目標，禁止追高,趨勢多頭、價量條件足,接近成形,101.5,91.97,146.8,接近成形＋可觀察,103.53,101.5,103.53,106.64,98.45,4.9,低,-2.17,10.94,8.53,41.79,103.53,0.3,True,False,True,距離頸線或前高過遠，禁止追高,頸線以當日前20日高點計算；收盤站上頸線 101.5 至少2%；成交量>=20日均量2倍；不可長上影；回踩須有近10日突破紀錄且不有效跌破頸線；距離頸線>5%禁止進場,50,C,禁止追高,已漲遠或接近目標，空手不追；持有者依策略分批處理。,False,2026-10-01,True,True,STOP,STOP 停止進場,觀察,取消新進場，只保留觀察,只看續抱 / 減碼 / 停利 / 停損，不新增部位。,停止新進場，先保留現金，等待大盤止跌。,停止新進場，禁止顯示今日可進場。,False,False
2026-10-01,2026-10-01,收盤確認價,臺灣證券交易所 / 證券櫃檯買賣中心正式收盤；yfinance 歷史資料,只使用完整收盤日K，不使用盤中未完成K,上櫃,6683,雍智科技,1575.0,1640.0,1550.0,1543.0,1582.0,1478.75,1319.52,1101.67,-5.41,-0.94,False,1039273,1367700,1636854975,2062903352,5.08,True,True,34.12,一般K,半導體 測試設備 探針卡,True,False,True,False,2,False,C級：已漲遠或接近目標，禁止追高,趨勢多頭、題材命中,接近成形,1505.0,1404.81,2167.0,接近成形＋可觀察,1535.1,1505.0,1535.1,1581.15,1459.85,4.9,低,4.65,12.98,8.4,41.16,1535.1,2.54,True,False,True,距離頸線或前高過遠，禁止追高,頸線以當日前20日高點計算；收盤站上頸線 1505.0 至少2%；成交量>=20日均量2倍；不可長上影；回踩須有近10日突破紀錄且不有效跌破頸線；距離頸線>5%禁止進場,50,C,禁止追高,已漲遠或接近目標，空手不追；持有者依策略分批處理。,False,2026-10-01,True,True,STOP,STOP 停止進場,觀察,取消新進場，只保留觀察,只看續抱 / 減碼 / 停利 / 停損，不新增部位。,停止新進場，先保留現金，等待大盤止跌。,停止新進場，禁止顯示今日可進場。,False,False
2026-10-01,2026-10-01,收盤確認價,臺灣證券交易所 / 證券櫃檯買賣中心正式收盤；yfinance 歷史資料,只使用完整收盤日K，不使用盤中未完成K,上櫃,7751,竑騰,1630.0,1650.0,1570.0,1552.0,1493.0,1499.75,1422.0,1218.83,14.79,0.31,False,111238,218101,181317940,331004621,4.5,True,True,33.25,下影線,半導體設備 自動化 AI設備,True,False,True,False,2,False,C級：已漲遠或接近目標，禁止追高,趨勢多頭、題材命中,旗型整理突破,1705.0,1424.76,2410.0,接近成形＋可觀察,1739.1,1705.0,1739.1,1791.27,1653.85,4.9,低,-4.4,17.88,7.87,38.58,1739.1,1.23,False,False,True,距離頸線或前高過遠，禁止追高,頸線以當日前20日高點計算；收盤站上頸線 1705.0 至少2%；成交量>=20日均量2倍；不可長上影；回踩須有近10日突破紀錄且不有效跌破頸線；距離頸線>5%禁止進場,50,C,禁止追高,已漲遠或接近目標，空手不追；持有者依策略分批處理。,False,2026-10-01,True,True,STOP,STOP 停止進場,觀察,取消新進場，只保留觀察,只看續抱 / 減碼 / 停利 / 停損，不新增部位。,停止新進場，先保留現金，等待大盤止跌。,停止新進場，禁止顯示今日可進場。,False,False
2026-10-01,2026-10-01,收盤確認價,臺灣證券交易所 / 證券櫃檯買賣中心正式收盤；yfinance 歷史資料,只使用完整收盤日K，不使用盤中未完成K,上櫃,5483,中美晶,211.5,221.5,207.0,196.2,191.55,185.3,191.88,143.43,1.68,1.93,False,57451895,17537740,12151075792,3354038321,3.29,True,True,27.96,一般K,半導體 封測 IC通路,False,True,True,False,2,False,C級：已漲遠或接近目標，禁止追高,量能放大、題材命中,三角收斂突破,202.0,176.03,253.5,接近成形＋可觀察,206.04,202.0,206.04,212.22,195.94,4.9,低,4.7,24.33,4.7,23.03,206.04,4.73,True,False,True,距離頸線或前高過遠，禁止追高,頸線以當日前20日高點計算；收盤站上頸線 202.0 至少2%；成交量>=20日均量2倍；不可長上影；回踩須有近10日突破紀錄且不有效跌破頸線；距離頸線>5%禁止進場,50,C,禁止追高,已漲遠或接近目標，空手不追；持有者依策略分批處理。,False,2026-10-01,True,True,STOP,STOP 停止進場,觀察,取消新進場，只保留觀察,只看續抱 / 減碼 / 停利 / 停損，不新增部位。,停止新進場，先保留現金，等待大盤止跌。,停止新進場，禁止顯示今日可進場。,False,False
2026-10-01,2026-10-01,收盤確認價,臺灣證券交易所 / 證券櫃檯買賣中心正式收盤；yfinance 歷史資料,只使用完整收盤日K，不使用盤中未完成K,上櫃,4924,欣厚-KY,15.9,17.05,15.9,16.08,16.04,14.16,11.54,11.57,20.45,-3.64,False,594427,600166,9451389,8843101,6.82,False,True,60.71,長黑,,True,False,False,False,1,False,C級：已漲遠或接近目標，禁止追高,趨勢多頭,接近成形,15.65,13.45,22.06,回踩頸線不破,15.96,15.65,15.96,16.44,15.18,4.53,低,1.6,15.2,8.56,38.74,15.9,0.94,True,False,True,距離頸線或前高過遠，禁止追高,頸線以當日前20日高點計算；收盤站上頸線 15.65 至少2%；成交量>=20日均量2倍；不可長上影；回踩須有近10日突破紀錄且不有效跌破頸線；距離頸線>5%禁止進場,50,C,禁止追高,已漲遠或接近目標，空手不追；持有者依策略分批處理。,False,2026-10-01,True,True,STOP,STOP 停止進場,回踩買點,取消新進場，只保留觀察,只看續抱 / 減碼 / 停利 / 停損，不新增部位。,停止新進場，先保留現金，等待大盤止跌。,停止新進場，禁止顯示今日可進場。,False,False
2026-10-01,2026-10-01,收盤確認價,臺灣證券交易所 / 證券櫃檯買賣中心正式收盤；yfinance 歷史資料,只使用完整收盤日K，不使用盤中未完成K,上櫃,7717,萊德光電-KY,551.0,600.0,547.0,589.8,584.2,528.12,458.98,0.0,28.89,-8.77,False,1135595,1140017,625712845,617995500,6.0,True,True,25.06,長黑,,True,False,False,False,1,False,C級：已漲遠或接近目標，禁止追高,趨勢多頭,接近成形,579.0,501.72,830.5,接近成形＋可觀察,590.58,579.0,590.58,608.3,561.63,4.9,低,-4.84,12.68,8.29,40.62,590.58,0.18,True,False,True,距離頸線或前高過遠，禁止追高,頸線以當日前20日高點計算；收盤站上頸線 579.0 至少2%；成交量>=20日均量2倍；不可長上影；回踩須有近10日突破紀錄且不有效跌破頸線；距離頸線>5%禁止進場,50,C,禁止追高,已漲遠或接近目標，空手不追；持有者依策略分批處理。,False,2026-10-01,True,True,STOP,STOP 停止進場,觀察,取消新進場，只保留觀察,只看續抱 / 減碼 / 停利 / 停損，不新增部位。,停止新進場，先保留現金，等待大盤止跌。,停止新進場，禁止顯示今日可進場。,False,False
2026-10-01,2026-10-01,收盤確認價,臺灣證券交易所 / 證券櫃檯買賣中心正式收盤；yfinance 歷史資料,只使用完整收盤日K，不使用盤中未完成K,上櫃,6204,艾華,104.5,110.0,104.0,103.2,102.82,96.1,85.84,81.25,0.97,1.46,False,525829,445115,54949130,45000095,4.5,True,True,31.05,一般K,,True,False,False,False,1,False,C級：已漲遠或接近目標，禁止追高,趨勢多頭,旗型整理突破,100.0,91.29,139.3,接近成形＋可觀察,102.0,100.0,102.0,105.06,97.0,4.9,低,4.5,12.92,7.46,36.57,102.0,4.78,True,False,True,距離頸線或前高過遠，禁止追高,頸線以當日前20日高點計算；收盤站上頸線 100.0 至少2%；成交量>=20日均量2倍；不可長上影；回踩須有近10日突破紀錄且不有效跌破頸線；距離頸線>5%禁止進場,50,C,禁止追高,已漲遠或接近目標，空手不追；持有者依策略分批處理。,False,2026-10-01,True,True,STOP,STOP 停止進場,觀察,取消新進場，只保留觀察,只看續抱 / 減碼 / 停利 / 停損，不新增部位。,停止新進場，先保留現金，等待大盤止跌。,停止新進場，禁止顯示今日可進場。,False,False
2026-10-01,2026-10-01,收盤確認價,臺灣證券交易所 / 證券櫃檯買賣中心正式收盤；yfinance 歷史資料,只使用完整收盤日K，不使用盤中未完成K,上市,1528,恩德,25.0,25.55,25.0,25.49,25.43,23.02,20.62,21.83,9.65,-3.29,False,3331136,10648001,83278400,263351493,5.05,True,True,58.14,一般K,,True,False,False,False,1,False,C級：已漲遠或接近目標，禁止追高,趨勢多頭,接近成形,26.3,21.87,36.4,接近成形＋可觀察,26.83,26.3,26.83,27.63,25.51,4.9,低,-4.94,10.39,7.28,35.69,26.83,0.4,True,False,True,距離頸線或前高過遠，禁止追高,頸線以當日前20日高點計算；收盤站上頸線 26.3 至少2%；成交量>=20日均量2倍；不可長上影；回踩須有近10日突破紀錄且不有效跌破頸線；距離頸線>5%禁止進場,50,C,禁止追高,已漲遠或接近目標，空手不追；持有者依策略分批處理。,False,2026-10-01,True,True,STOP,STOP 停止進場,觀察,取消新進場，只保留觀察,只看續抱 / 減碼 / 停利 / 停損，不新增部位。,停止新進場，先保留現金，等待大盤止跌。,停止新進場，禁止顯示今日可進場。,False,False
2026-10-01,2026-10-01,收盤確認價,臺灣證券交易所 / 證券櫃檯買賣中心正式收盤；yfinance 歷史資料,只使用完整收盤日K，不使用盤中未完成K,上櫃,3211,順達,394.0,398.0,390.0,387.4,380.8,377.35,376.83,347.05,-7.84,-1.13,False,2448055,3531356,964533670,1343964046,2.58,True,True,18.32,一般K,,True,False,False,False,1,False,C級：已漲遠或接近目標，禁止追高,趨勢多頭,旗型整理突破,410.0,358.48,541.5,接近成形＋可觀察,418.2,410.0,418.2,430.75,397.7,4.9,低,-3.9,20.4,6.01,29.48,418.2,0.51,False,False,True,距離頸線或前高過遠，禁止追高,頸線以當日前20日高點計算；收盤站上頸線 410.0 至少2%；成交量>=20日均量2倍；不可長上影；回踩須有近10日突破紀錄且不有效跌破頸線；距離頸線>5%禁止進場,50,C,禁止追高,已漲遠或接近目標，空手不追；持有者依策略分批處理。,False,2026-10-01,True,True,STOP,STOP 停止進場,觀察,取消新進場，只保留觀察,只看續抱 / 減碼 / 停利 / 停損，不新增部位。,停止新進場，先保留現金，等待大盤止跌。,停止新進場，禁止顯示今日可進場。,False,False
2026-10-01,2026-10-01,收盤確認價,臺灣證券交易所 / 證券櫃檯買賣中心正式收盤；yfinance 歷史資料,只使用完整收盤日K，不使用盤中未完成K,上櫃,8042,金山電,118.0,122.0,112.0,113.3,112.59,112.39,116.51,87.83,-27.16,5.83,False,12002178,5476825,1416257004,622608030,5.18,True,True,43.39,紅K突破,,False,True,False,False,1,False,C級：已漲遠或接近目標，禁止追高,量能放大,旗型整理突破,123.5,106.77,159.0,接近成形＋可觀察,125.97,123.5,125.97,129.75,119.8,4.9,低,-4.45,33.71,5.35,26.22,125.97,3.39,False,False,True,距離頸線或前高過遠，禁止追高,頸線以當日前20日高點計算；收盤站上頸線 123.5 至少2%；成交量>=20日均量2倍；不可長上影；回踩須有近10日突破紀錄且不有效跌破頸線；距離頸線>5%禁止進場,50,C,禁止追高,已漲遠或接近目標，空手不追；持有者依策略分批處理。,False,2026-10-01,True,True,STOP,STOP 停止進場,觀察,取消新進場，只保留觀察,只看續抱 / 減碼 / 停利 / 停損，不新增部位。,停止新進場，先保留現金，等待大盤止跌。,停止新進場，禁止顯示今日可進場。,False,False
2026-10-01,2026-10-01,收盤確認價,臺灣證券交易所 / 證券櫃檯買賣中心正式收盤；yfinance 歷史資料,只使用完整收盤日K，不使用盤中未完成K,上櫃,8932,智通*,91.8,93.5,91.8,92.72,92.35,91.74,91.41,81.53,-8.42,-0.86,False,729129,1661499,66934042,152011696,2.36,True,True,22.57,一般K,,True,False,False,False,1,False,C級：已漲遠或接近目標，禁止追高,趨勢多頭,接近成形,96.5,87.15,123.13,接近成形＋可觀察,98.43,96.5,98.43,101.38,93.61,4.9,低,-4.87,15.82,5.12,25.09,98.43,0.98,False,False,True,距離頸線或前高過遠，禁止追高,頸線以當日前20日高點計算；收盤站上頸線 96.5 至少2%；成交量>=20日均量2倍；不可長上影；回踩須有近10日突破紀錄且不有效跌破頸線；距離頸線>5%禁止進場,50,C,禁止追高,已漲遠或接近目標，空手不追；持有者依策略分批處理。,False,2026-10-01,True,True,STOP,STOP 停止進場,觀察,取消新進場，只保留觀察,只看續抱 / 減碼 / 停利 / 停損，不新增部位。,停止新進場，先保留現金，等待大盤止跌。,停止新進場，禁止顯示今日可進場。,False,False
2026-10-01,2026-10-01,收盤確認價,臺灣證券交易所 / 證券櫃檯買賣中心正式收盤；yfinance 歷史資料,只使用完整收盤日K，不使用盤中未完成K,上櫃,5228,鈺鎧,43.7,43.7,39.9,40.44,40.11,40.38,42.17,34.42,-20.55,9.94,True,635920,232887,27789704,9611017,3.53,False,True,9.94,紅K突破,,False,True,False,False,1,False,C級：已漲遠或接近目標，禁止追高,量能放大,三角收斂突破,45.0,38.36,56.35,接近成形＋可觀察,45.9,45.0,45.9,47.28,43.65,4.9,低,-2.89,25.3,4.64,22.77,45.9,0.0,False,False,True,距離頸線或前高過遠，禁止追高,頸線以當日前20日高點計算；收盤站上頸線 45.0 至少2%；成交量>=20日均量2倍；不可長上影；回踩須有近10日突破紀錄且不有效跌破頸線；距離頸線>5%禁止進場,50,C,禁止追高,已漲遠或接近目標，空手不追；持有者依策略分批處理。,False,2026-10-01,True,True,STOP,STOP 停止進場,觀察,取消新進場，只保留觀察,只看續抱 / 減碼 / 停利 / 停損，不新增部位。,停止新進場，先保留現金，等待大盤止跌。,停止新進場，禁止顯示今日可進場。,False,False
2026-10-01,2026-10-01,收盤確認價,臺灣證券交易所 / 證券櫃檯買賣中心正式收盤；yfinance 歷史資料,只使用完整收盤日K，不使用盤中未完成K,上櫃,6488,環球晶,1085.0,1135.0,1045.0,992.6,965.8,952.35,1022.08,680.97,-11.79,4.83,False,24330441,10571970,26398528485,10241421622,3.58,True,True,17.42,一般K,,False,True,False,False,1,False,C級：已漲遠或接近目標，禁止追高,量能放大,三角收斂突破,1035.0,904.73,1292.0,接近成形＋可觀察,1055.7,1035.0,1055.7,1087.37,1003.95,4.9,低,4.83,32.19,4.57,22.38,1055.7,4.61,False,False,True,距離頸線或前高過遠，禁止追高,頸線以當日前20日高點計算；收盤站上頸線 1035.0 至少2%；成交量>=20日均量2倍；不可長上影；回踩須有近10日突破紀錄且不有效跌破頸線；距離頸線>5%禁止進場,50,C,禁止追高,已漲遠或接近目標，空手不追；持有者依策略分批處理。,False,2026-10-01,True,True,STOP,STOP 停止進場,觀察,取消新進場，只保留觀察,只看續抱 / 減碼 / 停利 / 停損，不新增部位。,停止新進場，先保留現金，等待大盤止跌。,停止新進場，禁止顯示今日可進場。,False,False
2026-10-01,2026-10-01,收盤確認價,臺灣證券交易所 / 證券櫃檯買賣中心正式收盤；yfinance 歷史資料,只使用完整收盤日K，不使用盤中未完成K,上櫃,3357,臺慶科,212.5,217.0,206.0,206.4,206.0,206.0,215.67,192.86,-21.88,3.91,False,2130469,1030069,452724662,214098330,2.37,True,True,15.76,紅K突破,,False,True,False,False,1,False,C級：已漲遠或接近目標，禁止追高,量能放大,三角收斂突破,223.5,195.7,277.0,接近成形＋可觀察,227.97,223.5,227.97,234.81,216.79,4.9,低,-4.92,24.51,4.39,21.51,227.97,2.12,False,False,True,距離頸線或前高過遠，禁止追高,頸線以當日前20日高點計算；收盤站上頸線 223.5 至少2%；成交量>=20日均量2倍；不可長上影；回踩須有近10日突破紀錄且不有效跌破頸線；距離頸線>5%禁止進場,50,C,禁止追高,已漲遠或接近目標，空手不追；持有者依策略分批處理。,False,2026-10-01,True,True,STOP,STOP 停止進場,觀察,取消新進場，只保留觀察,只看續抱 / 減碼 / 停利 / 停損，不新增部位。,停止新進場，先保留現金，等待大盤止跌。,停止新進場，禁止顯示今日可進場。,False,False
2026-10-01,2026-10-01,收盤確認價,臺灣證券交易所 / 證券櫃檯買賣中心正式收盤；yfinance 歷史資料,只使用完整收盤日K，不使用盤中未完成K,上櫃,3178,公準,69.4,70.8,69.3,69.42,68.86,64.79,62.35,60.53,6.93,-0.0,False,176689,443210,12262216,31470478,3.97,False,True,31.13,一般K,,True,False,False,False,1,False,C級：已漲遠或接近目標，禁止追高,趨勢多頭,旗型整理突破,69.0,61.55,85.3,接近成形＋可觀察,70.38,69.0,70.38,72.49,66.93,4.9,低,0.58,14.95,4.32,21.2,70.38,1.01,True,False,True,距離頸線或前高過遠，禁止追高,頸線以當日前20日高點計算；收盤站上頸線 69.0 至少2%；成交量>=20日均量2倍；不可長上影；回踩須有近10日突破紀錄且不有效跌破頸線；距離頸線>5%禁止進場,50,C,禁止追高,已漲遠或接近目標，空手不追；持有者依策略分批處理。,False,2026-10-01,True,True,STOP,STOP 停止進場,觀察,取消新進場，只保留觀察,只看續抱 / 減碼 / 停利 / 停損，不新增部位。,停止新進場，先保留現金，等待大盤止跌。,停止新進場，禁止顯示今日可進場。,False,False
2026-10-01,2026-10-01,收盤確認價,臺灣證券交易所 / 證券櫃檯買賣中心正式收盤；yfinance 歷史資料,只使用完整收盤日K，不使用盤中未完成K,上市,2382,廣達,334.0,335.0,330.0,336.8,339.8,338.52,332.33,312.21,-11.41,0.15,False,14875737,14059164,4968496158,4757556348,1.98,True,True,7.52,紅K突破,AI 伺服器 代工 電子製造,False,False,True,False,1,False,C級：已漲遠或接近目標，禁止追高,題材命中,接近成形,351.5,328.0,424.0,接近成形＋可觀察,358.53,351.5,358.53,369.29,340.95,4.9,低,-4.98,13.25,3.73,18.26,358.53,0.3,False,False,True,距離頸線或前高過遠，禁止追高,頸線以當日前20日高點計算；收盤站上頸線 351.5 至少2%；成交量>=20日均量2倍；不可長上影；回踩須有近10日突破紀錄且不有效跌破頸線；距離頸線>5%禁止進場,50,C,禁止追高,已漲遠或接近目標，空手不追；持有者依策略分批處理。,False,2026-10-01,True,True,STOP,STOP 停止進場,觀察,取消新進場，只保留觀察,只看續抱 / 減碼 / 停利 / 停損，不新增部位。,停止新進場，先保留現金，等待大盤止跌。,停止新進場，禁止顯示今日可進場。,False,False
2026-10-01,2026-10-01,收盤確認價,臺灣證券交易所 / 證券櫃檯買賣中心正式收盤；yfinance 歷史資料,只使用完整收盤日K，不使用盤中未完成K,上櫃,5205,中茂,20.75,20.75,20.75,18.3,18.2,19.09,20.79,26.28,-7.78,9.79,True,8245,3386,171083,64345,3.78,False,True,66.05,資料不足,,False,True,False,False,1,False,C級：已漲遠或接近目標，禁止追高,量能放大,接近成形,20.6,18.13,24.7,接近成形＋可觀察,21.01,20.6,21.01,21.64,19.98,4.9,低,0.73,10.17,3.58,17.55,21.01,0.0,False,False,True,距離頸線或前高過遠，禁止追高,頸線以當日前20日高點計算；收盤站上頸線 20.6 至少2%；成交量>=20日均量2倍；不可長上影；回踩須有近10日突破紀錄且不有效跌破頸線；距離頸線>5%禁止進場,50,C,禁止追高,已漲遠或接近目標，空手不追；持有者依策略分批處理。,False,2026-10-01,True,True,STOP,STOP 停止進場,觀察,取消新進場，只保留觀察,只看續抱 / 減碼 / 停利 / 停損，不新增部位。,停止新進場，先保留現金，等待大盤止跌。,停止新進場，禁止顯示今日可進場。,False,False
2026-10-01,2026-10-01,收盤確認價,臺灣證券交易所 / 證券櫃檯買賣中心正式收盤；yfinance 歷史資料,只使用完整收盤日K，不使用盤中未完成K,上市,1313,聯成,12.4,12.8,12.25,12.21,12.2,12.05,11.83,11.3,-6.06,0.81,False,4532235,2428405,56199714,29400482,1.42,False,True,38.52,一般K,,True,False,False,False,1,False,C級：已漲遠或接近目標，禁止追高,趨勢多頭,箱型突破,12.6,11.65,15.0,接近成形＋可觀察,12.85,12.6,12.85,13.24,12.22,4.9,低,-1.59,10.14,3.41,16.71,12.85,3.23,False,False,True,距離頸線或前高過遠，禁止追高,頸線以當日前20日高點計算；收盤站上頸線 12.6 至少2%；成交量>=20日均量2倍；不可長上影；回踩須有近10日突破紀錄且不有效跌破頸線；距離頸線>5%禁止進場,50,C,禁止追高,已漲遠或接近目標，空手不追；持有者依策略分批處理。,False,2026-10-01,True,True,STOP,STOP 停止進場,觀察,取消新進場，只保留觀察,只看續抱 / 減碼 / 停利 / 停損，不新增部位。,停止新進場，先保留現金，等待大盤止跌。,停止新進場，禁止顯示今日可進場。,False,False
2026-10-01,2026-10-01,收盤確認價,臺灣證券交易所 / 證券櫃檯買賣中心正式收盤；yfinance 歷史資料,只使用完整收盤日K，不使用盤中未完成K,上櫃,6259,百徽,31.8,32.6,30.25,29.91,29.39,29.2,31.14,23.19,-19.19,5.12,False,821797,211024,26133144,6274791,2.32,False,True,21.27,紅K突破,,False,True,False,False,1,False,C級：已漲遠或接近目標，禁止追高,量能放大,三角收斂突破,32.1,27.75,37.9,接近成形＋可觀察,32.74,32.1,32.74,33.72,31.14,4.9,低,-0.93,26.56,3.21,15.75,32.74,2.52,False,False,True,距離頸線或前高過遠，禁止追高,頸線以當日前20日高點計算；收盤站上頸線 32.1 至少2%；成交量>=20日均量2倍；不可長上影；回踩須有近10日突破紀錄且不有效跌破頸線；距離頸線>5%禁止進場,50,C,禁止追高,已漲遠或接近目標，空手不追；持有者依策略分批處理。,False,2026-10-01,True,True,STOP,STOP 停止進場,觀察,取消新進場，只保留觀察,只看續抱 / 減碼 / 停利 / 停損，不新增部位。,停止新進場，先保留現金，等待大盤止跌。,停止新進場，禁止顯示今日可進場。,False,False
2026-10-01,2026-10-01,收盤確認價,臺灣證券交易所 / 證券櫃檯買賣中心正式收盤；yfinance 歷史資料,只使用完整收盤日K，不使用盤中未完成K,上櫃,6735,美達科技,66.8,69.9,66.5,65.32,63.89,62.84,65.48,72.96,-16.5,-0.74,False,70571,73501,4714142,4652361,2.62,False,True,26.52,長黑,半導體設備 材料 設備,False,False,True,False,1,False,C級：已漲遠或接近目標，禁止追高,題材命中,接近成形,68.7,59.7,80.9,接近成形＋可觀察,70.07,68.7,70.07,72.18,66.64,4.9,低,-2.77,19.23,3.15,15.45,70.07,0.0,False,False,True,距離頸線或前高過遠，禁止追高,頸線以當日前20日高點計算；收盤站上頸線 68.7 至少2%；成交量>=20日均量2倍；不可長上影；回踩須有近10日突破紀錄且不有效跌破頸線；距離頸線>5%禁止進場,50,C,禁止追高,已漲遠或接近目標，空手不追；持有者依策略分批處理。,False,2026-10-01,True,True,STOP,STOP 停止進場,觀察,取消新進場，只保留觀察,只看續抱 / 減碼 / 停利 / 停損，不新增部位。,停止新進場，先保留現金，等待大盤止跌。,停止新進場，禁止顯示今日可進場。,False,False
2026-10-01,2026-10-01,收盤確認價,臺灣證券交易所 / 證券櫃檯買賣中心正式收盤；yfinance 歷史資料,只使用完整收盤日K，不使用盤中未完成K,上櫃,6270,倍微,30.55,31.15,29.95,29.94,29.5,28.98,30.16,26.91,-11.83,1.83,False,339970,168253,10386083,4922338,1.6,False,True,25.44,一般K,,False,True,False,False,1,False,C級：已漲遠或接近目標，禁止追高,量能放大,箱型突破,30.9,27.65,36.3,接近成形＋可觀察,31.52,30.9,31.52,32.46,29.97,4.9,低,-1.13,22.46,3.1,15.17,31.52,1.96,False,False,True,距離頸線或前高過遠，禁止追高,頸線以當日前20日高點計算；收盤站上頸線 30.9 至少2%；成交量>=20日均量2倍；不可長上影；回踩須有近10日突破紀錄且不有效跌破頸線；距離頸線>5%禁止進場,50,C,禁止追高,已漲遠或接近目標，空手不追；持有者依策略分批處理。,False,2026-10-01,True,True,STOP,STOP 停止進場,觀察,取消新進場，只保留觀察,只看續抱 / 減碼 / 停利 / 停損，不新增部位。,停止新進場，先保留現金，等待大盤止跌。,停止新進場，禁止顯示今日可進場。,False,False
2026-10-01,2026-10-01,收盤確認價,臺灣證券交易所 / 證券櫃檯買賣中心正式收盤；yfinance 歷史資料,只使用完整收盤日K，不使用盤中未完成K,上櫃,6804,明係,18.35,18.5,18.35,18.26,18.28,18.22,18.03,17.49,15.41,-0.0,False,26100,58723,478935,1068709,0.98,False,True,12.03,一般K,,True,False,False,False,1,False,C級：已漲遠或接近目標，禁止追高,趨勢多頭,旗型整理突破,18.75,17.6,22.0,接近成形＋可觀察,19.12,18.75,19.12,19.7,18.19,4.9,低,-2.13,12.83,3.07,15.03,19.12,0.27,False,False,True,距離頸線或前高過遠，禁止追高,頸線以當日前20日高點計算；收盤站上頸線 18.75 至少2%；成交量>=20日均量2倍；不可長上影；回踩須有近10日突破紀錄且不有效跌破頸線；距離頸線>5%禁止進場,50,C,禁止追高,已漲遠或接近目標，空手不追；持有者依策略分批處理。,False,2026-10-01,True,True,STOP,STOP 停止進場,觀察,取消新進場，只保留觀察,只看續抱 / 減碼 / 停利 / 停損，不新增部位。,停止新進場，先保留現金，等待大盤止跌。,停止新進場，禁止顯示今日可進場。,False,False
2026-10-01,2026-10-01,收盤確認價,臺灣證券交易所 / 證券櫃檯買賣中心正式收盤；yfinance 歷史資料,只使用完整收盤日K，不使用盤中未完成K,上櫃,4163,鐿鈦,136.5,137.0,135.0,134.9,133.9,133.45,133.18,111.03,0.37,0.37,False,10181,37103,1389706,4890087,1.53,False,True,34.86,一般K,,True,False,False,False,1,False,C級：已漲遠或接近目標，禁止追高,趨勢多頭,旗型整理突破,139.5,126.78,162.0,接近成形＋可觀察,142.29,139.5,142.29,146.56,135.31,4.9,低,-2.15,11.07,2.83,13.85,142.29,0.0,False,False,True,距離頸線或前高過遠，禁止追高,頸線以當日前20日高點計算；收盤站上頸線 139.5 至少2%；成交量>=20日均量2倍；不可長上影；回踩須有近10日突破紀錄且不有效跌破頸線；距離頸線>5%禁止進場,50,C,禁止追高,已漲遠或接近目標，空手不追；持有者依策略分批處理。,False,2026-10-01,True,True,STOP,STOP 停止進場,觀察,取消新進場，只保留觀察,只看續抱 / 減碼 / 停利 / 停損，不新增部位。,停止新進場，先保留現金，等待大盤止跌。,停止新進場，禁止顯示今日可進場。,False,False
2026-10-01,2026-10-01,收盤確認價,臺灣證券交易所 / 證券櫃檯買賣中心正式收盤；yfinance 歷史資料,只使用完整收盤日K，不使用盤中未完成K,上櫃,4543,萬在,30.15,30.7,29.5,28.98,28.71,28.86,29.99,30.07,-9.16,2.38,False,171271,81308,5163820,2355765,1.46,False,True,43.24,一般K,,False,True,False,False,1,False,C級：已漲遠或接近目標，禁止追高,量能放大,箱型突破,30.7,27.5,35.21,接近成形＋可觀察,31.31,30.7,31.31,32.25,29.78,4.9,低,-1.79,12.31,2.54,12.44,31.31,1.82,False,False,True,距離頸線或前高過遠，禁止追高,頸線以當日前20日高點計算；收盤站上頸線 30.7 至少2%；成交量>=20日均量2倍；不可長上影；回踩須有近10日突破紀錄且不有效跌破頸線；距離頸線>5%禁止進場,50,C,禁止追高,已漲遠或接近目標，空手不追；持有者依策略分批處理。,False,2026-10-01,True,True,STOP,STOP 停止進場,觀察,取消新進場，只保留觀察,只看續抱 / 減碼 / 停利 / 停損，不新增部位。,停止新進場，先保留現金，等待大盤止跌。,停止新進場，禁止顯示今日可進場。,False,False
2026-10-01,2026-10-01,收盤確認價,臺灣證券交易所 / 證券櫃檯買賣中心正式收盤；yfinance 歷史資料,只使用完整收盤日K，不使用盤中未完成K,上市,1314,中石化,8.89,9.14,8.86,8.9,8.85,8.5,8.25,8.03,-8.35,-1.22,False,34798207,46155262,309356060,406208633,2.87,True,True,61.08,一般K,,True,False,False,False,1,False,C級：已漲遠或接近目標，禁止追高,趨勢多頭,旗型整理突破,8.55,8.07,9.75,接近成形＋可觀察,8.72,8.55,8.72,8.98,8.29,4.9,低,3.98,16.92,2.41,11.8,8.72,0.56,True,False,True,距離頸線或前高過遠，禁止追高,頸線以當日前20日高點計算；收盤站上頸線 8.55 至少2%；成交量>=20日均量2倍；不可長上影；回踩須有近10日突破紀錄且不有效跌破頸線；距離頸線>5%禁止進場,50,C,禁止追高,已漲遠或接近目標，空手不追；持有者依策略分批處理。,False,2026-10-01,True,True,STOP,STOP 停止進場,接近目標,取消新進場，只保留觀察,只看續抱 / 減碼 / 停利 / 停損，不新增部位。,停止新進場，先保留現金，等待大盤止跌。,停止新進場，禁止顯示今日可進場。,False,False
2026-10-01,2026-10-01,收盤確認價,臺灣證券交易所 / 證券櫃檯買賣中心正式收盤；yfinance 歷史資料,只使用完整收盤日K，不使用盤中未完成K,上櫃,6712,長聖,162.0,162.0,160.0,161.4,160.0,158.0,155.43,148.48,-11.48,0.0,False,101410,187209,16428420,29597887,0.98,False,True,23.99,一般K,,True,False,False,False,1,False,C級：已漲遠或接近目標，禁止追高,趨勢多頭,箱型突破,163.5,151.5,185.0,接近成形＋可觀察,166.77,163.5,166.77,171.77,158.59,4.9,低,-0.92,11.96,2.23,10.93,166.77,0.0,False,False,True,距離頸線或前高過遠，禁止追高,頸線以當日前20日高點計算；收盤站上頸線 163.5 至少2%；成交量>=20日均量2倍；不可長上影；回踩須有近10日突破紀錄且不有效跌破頸線；距離頸線>5%禁止進場,50,C,禁止追高,已漲遠或接近目標，空手不追；持有者依策略分批處理。,False,2026-10-01,True,True,STOP,STOP 停止進場,觀察,取消新進場，只保留觀察,只看續抱 / 減碼 / 停利 / 停損，不新增部位。,停止新進場，先保留現金，等待大盤止跌。,停止新進場，禁止顯示今日可進場。,False,False
2026-10-01,2026-10-01,收盤確認價,臺灣證券交易所 / 證券櫃檯買賣中心正式收盤；yfinance 歷史資料,只使用完整收盤日K，不使用盤中未完成K,上櫃,4966,譜瑞-KY,572.0,574.0,569.0,569.6,566.2,557.95,581.33,613.91,-13.6,0.18,False,230967,480725,132113124,269704913,2.18,True,True,18.16,一般K,光通訊 CPO 矽光子,False,False,True,False,1,False,C級：已漲遠或接近目標，禁止追高,題材命中,接近成形,592.0,530.05,663.0,接近成形＋可觀察,603.84,592.0,603.84,621.96,574.24,4.9,低,-3.38,14.24,2.0,9.8,603.84,0.17,False,False,True,距離頸線或前高過遠，禁止追高,頸線以當日前20日高點計算；收盤站上頸線 592.0 至少2%；成交量>=20日均量2倍；不可長上影；回踩須有近10日突破紀錄且不有效跌破頸線；距離頸線>5%禁止進場,50,C,禁止追高,已漲遠或接近目標，空手不追；持有者依策略分批處理。,False,2026-10-01,True,True,STOP,STOP 停止進場,觀察,取消新進場，只保留觀察,只看續抱 / 減碼 / 停利 / 停損，不新增部位。,停止新進場，先保留現金，等待大盤止跌。,停止新進場，禁止顯示今日可進場。,False,False
2026-10-01,2026-10-01,收盤確認價,臺灣證券交易所 / 證券櫃檯買賣中心正式收盤；yfinance 歷史資料,只使用完整收盤日K，不使用盤中未完成K,上市,2367,燿華,43.35,43.8,42.9,42.51,41.75,41.72,43.13,47.36,-17.27,-0.46,False,3785466,3069339,164099951,128456012,1.87,True,True,31.89,一般K,,False,False,False,False,0,False,C級：已漲遠或接近目標，禁止追高,條件不足,旗型整理突破,45.2,39.63,57.35,接近成形＋可觀察,46.1,45.2,46.1,47.49,43.84,4.9,低,-4.09,20.02,4.98,24.39,46.1,0.0,False,False,True,距離頸線或前高過遠，禁止追高,頸線以當日前20日高點計算；收盤站上頸線 45.2 至少2%；成交量>=20日均量2倍；不可長上影；回踩須有近10日突破紀錄且不有效跌破頸線；距離頸線>5%禁止進場,50,C,禁止追高,已漲遠或接近目標，空手不追；持有者依策略分批處理。,False,2026-10-01,True,True,STOP,STOP 停止進場,觀察,取消新進場，只保留觀察,只看續抱 / 減碼 / 停利 / 停損，不新增部位。,停止新進場，先保留現金，等待大盤止跌。,停止新進場，禁止顯示今日可進場。,False,False
2026-10-01,2026-10-01,收盤確認價,臺灣證券交易所 / 證券櫃檯買賣中心正式收盤；yfinance 歷史資料,只使用完整收盤日K，不使用盤中未完成K,上櫃,6244,茂迪,23.85,24.55,23.75,23.91,23.47,23.13,24.19,24.38,-11.99,-4.79,False,4450275,2849443,106139058,67558508,2.59,True,True,41.32,一般K,,False,False,False,False,0,False,C級：已漲遠或接近目標，禁止追高,條件不足,三角收斂突破,25.1,21.98,30.05,接近成形＋可觀察,25.6,25.1,25.6,26.37,24.35,4.9,低,-4.98,14.21,3.54,17.37,25.6,0.0,False,False,True,距離頸線或前高過遠，禁止追高,頸線以當日前20日高點計算；收盤站上頸線 25.1 至少2%；成交量>=20日均量2倍；不可長上影；回踩須有近10日突破紀錄且不有效跌破頸線；距離頸線>5%禁止進場,50,C,禁止追高,已漲遠或接近目標，空手不追；持有者依策略分批處理。,False,2026-10-01,True,True,STOP,STOP 停止進場,觀察,取消新進場，只保留觀察,只看續抱 / 減碼 / 停利 / 停損，不新增部位。,停止新進場，先保留現金，等待大盤止跌。,停止新進場，禁止顯示今日可進場。,False,False
2026-10-01,2026-10-01,收盤確認價,臺灣證券交易所 / 證券櫃檯買賣中心正式收盤；yfinance 歷史資料,只使用完整收盤日K，不使用盤中未完成K,上櫃,6509,聚和,48.8,49.3,48.25,48.18,47.33,46.68,46.98,41.54,-9.96,-0.61,False,657264,700694,32074483,32912273,1.11,False,True,29.22,一般K,,False,False,False,False,0,False,C級：已漲遠或接近目標，禁止追高,條件不足,旗型整理突破,50.1,44.35,59.7,接近成形＋可觀察,51.1,50.1,51.1,52.64,48.6,4.9,低,-2.59,12.54,3.43,16.83,51.1,0.0,False,False,True,距離頸線或前高過遠，禁止追高,頸線以當日前20日高點計算；收盤站上頸線 50.1 至少2%；成交量>=20日均量2倍；不可長上影；回踩須有近10日突破紀錄且不有效跌破頸線；距離頸線>5%禁止進場,50,C,禁止追高,已漲遠或接近目標，空手不追；持有者依策略分批處理。,False,2026-10-01,True,True,STOP,STOP 停止進場,觀察,取消新進場，只保留觀察,只看續抱 / 減碼 / 停利 / 停損，不新增部位。,停止新進場，先保留現金，等待大盤止跌。,停止新進場，禁止顯示今日可進場。,False,False
2026-10-01,2026-10-01,收盤確認價,臺灣證券交易所 / 證券櫃檯買賣中心正式收盤；yfinance 歷史資料,只使用完整收盤日K，不使用盤中未完成K,上櫃,5516,雙喜,12.0,12.0,11.9,12.06,11.96,11.95,11.58,12.74,16.5,0.0,False,4307,11468,51684,135864,1.64,False,True,10.42,紅K突破,,False,False,False,False,0,False,C級：已漲遠或接近目標，禁止追高,條件不足,旗型整理突破,12.35,11.5,14.6,接近成形＋可觀察,12.6,12.35,12.6,12.97,11.98,4.9,低,-2.83,11.44,3.24,15.9,12.6,0.0,False,False,True,距離頸線或前高過遠，禁止追高,頸線以當日前20日高點計算；收盤站上頸線 12.35 至少2%；成交量>=20日均量2倍；不可長上影；回踩須有近10日突破紀錄且不有效跌破頸線；距離頸線>5%禁止進場,50,C,禁止追高,已漲遠或接近目標，空手不追；持有者依策略分批處理。,False,2026-10-01,True,True,STOP,STOP 停止進場,觀察,取消新進場，只保留觀察,只看續抱 / 減碼 / 停利 / 停損，不新增部位。,停止新進場，先保留現金，等待大盤止跌。,停止新進場，禁止顯示今日可進場。,False,False
2026-10-01,2026-10-01,收盤確認價,臺灣證券交易所 / 證券櫃檯買賣中心正式收盤；yfinance 歷史資料,只使用完整收盤日K，不使用盤中未完成K,上市,2379,瑞昱,762.0,769.0,751.0,758.4,744.9,727.75,736.22,593.45,-6.73,0.26,False,3150180,2818012,2400437160,2054585570,2.15,True,True,29.71,紅K突破,,False,False,False,False,0,False,C級：已漲遠或接近目標，禁止追高,條件不足,接近成形,794.0,691.36,933.0,接近成形＋可觀察,809.88,794.0,809.88,834.18,770.18,4.9,低,-4.03,10.14,3.1,15.2,809.88,0.92,False,False,True,距離頸線或前高過遠，禁止追高,頸線以當日前20日高點計算；收盤站上頸線 794.0 至少2%；成交量>=20日均量2倍；不可長上影；回踩須有近10日突破紀錄且不有效跌破頸線；距離頸線>5%禁止進場,50,C,禁止追高,已漲遠或接近目標，空手不追；持有者依策略分批處理。,False,2026-10-01,True,True,STOP,STOP 停止進場,觀察,取消新進場，只保留觀察,只看續抱 / 減碼 / 停利 / 停損，不新增部位。,停止新進場，先保留現金，等待大盤止跌。,停止新進場，禁止顯示今日可進場。,False,False
2026-10-01,2026-10-01,收盤確認價,臺灣證券交易所 / 證券櫃檯買賣中心正式收盤；yfinance 歷史資料,只使用完整收盤日K，不使用盤中未完成K,上櫃,3402,漢科,137.0,137.5,135.5,132.5,129.55,126.28,129.32,130.22,-4.53,0.74,False,414693,243492,56812941,31377167,1.72,True,True,47.17,一般K,,False,False,False,False,0,False,C級：已漲遠或接近目標，禁止追高,條件不足,三角收斂突破,132.5,119.96,155.0,接近成形＋可觀察,135.15,132.5,135.15,139.2,128.53,4.9,低,3.4,14.64,3.0,14.69,135.15,0.36,True,False,True,距離頸線或前高過遠，禁止追高,頸線以當日前20日高點計算；收盤站上頸線 132.5 至少2%；成交量>=20日均量2倍；不可長上影；回踩須有近10日突破紀錄且不有效跌破頸線；距離頸線>5%禁止進場,50,C,禁止追高,已漲遠或接近目標，空手不追；持有者依策略分批處理。,False,2026-10-01,True,True,STOP,STOP 停止進場,觀察,取消新進場，只保留觀察,只看續抱 / 減碼 / 停利 / 停損，不新增部位。,停止新進場，先保留現金，等待大盤止跌。,停止新進場，禁止顯示今日可進場。,False,False
2026-10-01,2026-10-01,收盤確認價,臺灣證券交易所 / 證券櫃檯買賣中心正式收盤；yfinance 歷史資料,只使用完整收盤日K，不使用盤中未完成K,上櫃,5299,杰力,103.5,104.0,102.0,101.6,98.63,96.4,99.53,88.31,-16.19,0.98,False,252321,202939,26115223,19801966,2.08,False,True,30.14,紅K突破,,False,False,False,False,0,False,C級：已漲遠或接近目標，禁止追高,條件不足,箱型突破,103.5,91.58,120.8,接近成形＋可觀察,105.57,103.5,105.57,108.74,100.39,4.9,低,0.0,18.18,2.94,14.43,105.57,0.48,False,False,True,距離頸線或前高過遠，禁止追高,頸線以當日前20日高點計算；收盤站上頸線 103.5 至少2%；成交量>=20日均量2倍；不可長上影；回踩須有近10日突破紀錄且不有效跌破頸線；距離頸線>5%禁止進場,50,C,禁止追高,已漲遠或接近目標，空手不追；持有者依策略分批處理。,False,2026-10-01,True,True,STOP,STOP 停止進場,觀察,取消新進場，只保留觀察,只看續抱 / 減碼 / 停利 / 停損，不新增部位。,停止新進場，先保留現金，等待大盤止跌。,停止新進場，禁止顯示今日可進場。,False,False
2026-10-01,2026-10-01,收盤確認價,臺灣證券交易所 / 證券櫃檯買賣中心正式收盤；yfinance 歷史資料,只使用完整收盤日K，不使用盤中未完成K,上櫃,8038,長園科,33.85,34.65,33.75,33.21,32.66,31.84,33.38,41.32,-17.44,-2.17,False,135456,188431,4585185,6061595,3.21,False,True,27.97,一般K,,False,False,False,False,0,False,C級：已漲遠或接近目標，禁止追高,條件不足,接近成形,34.7,30.25,40.3,接近成形＋可觀察,35.39,34.7,35.39,36.46,33.66,4.9,低,-2.45,24.94,2.83,13.86,35.39,0.15,False,False,True,距離頸線或前高過遠，禁止追高,頸線以當日前20日高點計算；收盤站上頸線 34.7 至少2%；成交量>=20日均量2倍；不可長上影；回踩須有近10日突破紀錄且不有效跌破頸線；距離頸線>5%禁止進場,50,C,禁止追高,已漲遠或接近目標，空手不追；持有者依策略分批處理。,False,2026-10-01,True,True,STOP,STOP 停止進場,觀察,取消新進場，只保留觀察,只看續抱 / 減碼 / 停利 / 停損，不新增部位。,停止新進場，先保留現金，等待大盤止跌。,停止新進場，禁止顯示今日可進場。,False,False
2026-10-01,2026-10-01,收盤確認價,臺灣證券交易所 / 證券櫃檯買賣中心正式收盤；yfinance 歷史資料,只使用完整收盤日K，不使用盤中未完成K,上市,1514,亞力,102.0,103.0,101.5,102.7,102.03,101.8,103.01,108.24,-14.37,-0.49,False,553808,970605,56488416,98988517,1.37,True,True,21.83,一般K,,False,False,False,False,0,False,C級：已漲遠或接近目標，禁止追高,條件不足,接近成形,107.0,99.4,123.8,接近成形＋可觀察,109.14,107.0,109.14,112.41,103.79,4.9,低,-4.67,15.76,2.74,13.43,109.14,0.0,False,False,True,距離頸線或前高過遠，禁止追高,頸線以當日前20日高點計算；收盤站上頸線 107.0 至少2%；成交量>=20日均量2倍；不可長上影；回踩須有近10日突破紀錄且不有效跌破頸線；距離頸線>5%禁止進場,50,C,禁止追高,已漲遠或接近目標，空手不追；持有者依策略分批處理。,False,2026-10-01,True,True,STOP,STOP 停止進場,觀察,取消新進場，只保留觀察,只看續抱 / 減碼 / 停利 / 停損，不新增部位。,停止新進場，先保留現金，等待大盤止跌。,停止新進場，禁止顯示今日可進場。,False,False
2026-10-01,2026-10-01,收盤確認價,臺灣證券交易所 / 證券櫃檯買賣中心正式收盤；yfinance 歷史資料,只使用完整收盤日K，不使用盤中未完成K,上櫃,4745,合富-KY,12.15,12.25,12.15,12.06,11.92,11.82,12.26,17.74,-12.27,-0.41,False,4114,19960,49985,237261,0.75,False,True,55.48,一般K,,False,False,False,False,0,False,C級：已漲遠或接近目標，禁止追高,條件不足,箱型突破,12.2,11.5,14.0,接近成形＋可觀察,12.44,12.2,12.44,12.82,11.83,4.9,低,-0.41,20.85,2.55,12.5,12.44,0.0,False,False,True,距離頸線或前高過遠，禁止追高,頸線以當日前20日高點計算；收盤站上頸線 12.2 至少2%；成交量>=20日均量2倍；不可長上影；回踩須有近10日突破紀錄且不有效跌破頸線；距離頸線>5%禁止進場,50,C,禁止追高,已漲遠或接近目標，空手不追；持有者依策略分批處理。,False,2026-10-01,True,True,STOP,STOP 停止進場,觀察,取消新進場，只保留觀察,只看續抱 / 減碼 / 停利 / 停損，不新增部位。,停止新進場，先保留現金，等待大盤止跌。,停止新進場，禁止顯示今日可進場。,False,False
2026-10-01,2026-10-01,收盤確認價,臺灣證券交易所 / 證券櫃檯買賣中心正式收盤；yfinance 歷史資料,只使用完整收盤日K，不使用盤中未完成K,上櫃,1785,光洋科,101.0,103.0,99.3,98.36,97.27,98.17,105.85,97.2,-29.62,0.5,False,5968342,4078299,602802542,400925028,1.65,True,True,46.04,下影線,,False,False,False,False,0,False,C級：已漲遠或接近目標，禁止追高,條件不足,接近成形,105.0,93.5,120.4,接近成形＋可觀察,107.1,105.0,107.1,110.31,101.85,4.9,低,-3.81,31.53,2.53,12.42,107.1,1.49,False,False,True,距離頸線或前高過遠，禁止追高,頸線以當日前20日高點計算；收盤站上頸線 105.0 至少2%；成交量>=20日均量2倍；不可長上影；回踩須有近10日突破紀錄且不有效跌破頸線；距離頸線>5%禁止進場,50,C,禁止追高,已漲遠或接近目標，空手不追；持有者依策略分批處理。,False,2026-10-01,True,True,STOP,STOP 停止進場,觀察,取消新進場，只保留觀察,只看續抱 / 減碼 / 停利 / 停損，不新增部位。,停止新進場，先保留現金，等待大盤止跌。,停止新進場，禁止顯示今日可進場。,False,False
2026-10-01,2026-10-01,收盤確認價,臺灣證券交易所 / 證券櫃檯買賣中心正式收盤；yfinance 歷史資料,只使用完整收盤日K，不使用盤中未完成K,上櫃,6111,光聚晶電,38.1,38.7,38.05,37.58,36.54,36.24,37.72,43.96,-9.5,-1.42,False,112052,167283,4269181,6051213,2.12,False,True,19.92,一般K,,False,False,False,False,0,False,C級：已漲遠或接近目標，禁止追高,條件不足,接近成形,38.7,34.43,44.3,接近成形＋可觀察,39.47,38.7,39.47,40.66,37.54,4.9,低,-1.55,10.56,2.49,12.23,39.47,0.0,False,False,True,距離頸線或前高過遠，禁止追高,頸線以當日前20日高點計算；收盤站上頸線 38.7 至少2%；成交量>=20日均量2倍；不可長上影；回踩須有近10日突破紀錄且不有效跌破頸線；距離頸線>5%禁止進場,50,C,禁止追高,已漲遠或接近目標，空手不追；持有者依策略分批處理。,False,2026-10-01,True,True,STOP,STOP 停止進場,觀察,取消新進場，只保留觀察,只看續抱 / 減碼 / 停利 / 停損，不新增部位。,停止新進場，先保留現金，等待大盤止跌。,停止新進場，禁止顯示今日可進場。,False,False
2026-10-01,2026-10-01,收盤確認價,臺灣證券交易所 / 證券櫃檯買賣中心正式收盤；yfinance 歷史資料,只使用完整收盤日K，不使用盤中未完成K,上櫃,6229,研通,24.15,24.3,24.0,23.95,23.72,23.65,23.85,23.95,-8.35,-0.21,False,77201,50884,1864404,1211271,0.73,False,True,12.41,一般K,,False,False,False,False,0,False,C級：已漲遠或接近目標，禁止追高,條件不足,箱型突破,24.55,22.6,28.1,接近成形＋可觀察,25.04,24.55,25.04,25.79,23.81,4.9,低,-1.63,11.05,2.49,12.22,25.04,0.41,False,False,True,距離頸線或前高過遠，禁止追高,頸線以當日前20日高點計算；收盤站上頸線 24.55 至少2%；成交量>=20日均量2倍；不可長上影；回踩須有近10日突破紀錄且不有效跌破頸線；距離頸線>5%禁止進場,50,C,禁止追高,已漲遠或接近目標，空手不追；持有者依策略分批處理。,False,2026-10-01,True,True,STOP,STOP 停止進場,觀察,取消新進場，只保留觀察,只看續抱 / 減碼 / 停利 / 停損，不新增部位。,停止新進場，先保留現金，等待大盤止跌。,停止新進場，禁止顯示今日可進場。,False,False
2026-10-01,2026-10-01,收盤確認價,臺灣證券交易所 / 證券櫃檯買賣中心正式收盤；yfinance 歷史資料,只使用完整收盤日K，不使用盤中未完成K,上櫃,6138,茂達,283.5,284.0,276.0,278.3,275.65,275.88,294.29,264.34,-24.4,2.72,False,686003,408429,194481850,113304278,1.98,True,True,24.79,紅K突破,,False,False,False,False,0,False,C級：已漲遠或接近目標，禁止追高,條件不足,三角收斂突破,298.0,262.08,341.0,接近成形＋可觀察,303.96,298.0,303.96,313.08,289.06,4.9,低,-4.87,28.41,2.49,12.19,303.96,0.18,False,False,True,距離頸線或前高過遠，禁止追高,頸線以當日前20日高點計算；收盤站上頸線 298.0 至少2%；成交量>=20日均量2倍；不可長上影；回踩須有近10日突破紀錄且不有效跌破頸線；距離頸線>5%禁止進場,50,C,禁止追高,已漲遠或接近目標，空手不追；持有者依策略分批處理。,False,2026-10-01,True,True,STOP,STOP 停止進場,觀察,取消新進場，只保留觀察,只看續抱 / 減碼 / 停利 / 停損，不新增部位。,停止新進場，先保留現金，等待大盤止跌。,停止新進場，禁止顯示今日可進場。,False,False
2026-10-01,2026-10-01,收盤確認價,臺灣證券交易所 / 證券櫃檯買賣中心正式收盤；yfinance 歷史資料,只使用完整收盤日K，不使用盤中未完成K,上櫃,4743,合一,45.85,47.25,45.65,45.72,45.06,45.07,46.68,54.97,-17.68,-2.76,False,1298817,1054420,59550759,47672926,2.12,True,True,21.89,一般K,,False,False,False,False,0,False,C級：已漲遠或接近目標，禁止追高,條件不足,旗型整理突破,47.5,43.0,54.2,接近成形＋可觀察,48.45,47.5,48.45,49.9,46.07,4.9,低,-3.47,22.42,2.42,11.87,48.45,0.22,False,False,True,距離頸線或前高過遠，禁止追高,頸線以當日前20日高點計算；收盤站上頸線 47.5 至少2%；成交量>=20日均量2倍；不可長上影；回踩須有近10日突破紀錄且不有效跌破頸線；距離頸線>5%禁止進場,50,C,禁止追高,已漲遠或接近目標，空手不追；持有者依策略分批處理。,False,2026-10-01,True,True,STOP,STOP 停止進場,觀察,取消新進場，只保留觀察,只看續抱 / 減碼 / 停利 / 停損，不新增部位。,停止新進場，先保留現金，等待大盤止跌。,停止新進場，禁止顯示今日可進場。,False,False
2026-10-01,2026-10-01,收盤確認價,臺灣證券交易所 / 證券櫃檯買賣中心正式收盤；yfinance 歷史資料,只使用完整收盤日K，不使用盤中未完成K,上櫃,2640,大車隊,157.0,157.5,156.5,157.4,161.4,158.3,153.82,147.0,0.32,0.0,False,17606,40645,2764142,6625659,2.35,False,True,27.51,一般K,,False,False,False,False,0,False,C級：已漲遠或接近目標，禁止追高,條件不足,接近成形,160.5,153.5,183.0,接近成形＋可觀察,163.71,160.5,163.71,168.62,155.69,4.9,低,-2.18,10.8,2.4,11.78,163.71,0.32,True,False,True,距離頸線或前高過遠，禁止追高,頸線以當日前20日高點計算；收盤站上頸線 160.5 至少2%；成交量>=20日均量2倍；不可長上影；回踩須有近10日突破紀錄且不有效跌破頸線；距離頸線>5%禁止進場,50,C,禁止追高,已漲遠或接近目標，空手不追；持有者依策略分批處理。,False,2026-10-01,True,True,STOP,STOP 停止進場,觀察,取消新進場，只保留觀察,只看續抱 / 減碼 / 停利 / 停損，不新增部位。,停止新進場，先保留現金，等待大盤止跌。,停止新進場，禁止顯示今日可進場。,False,False
2026-10-01,2026-10-01,收盤確認價,臺灣證券交易所 / 證券櫃檯買賣中心正式收盤；yfinance 歷史資料,只使用完整收盤日K，不使用盤中未完成K,上櫃,6821,聯寶,42.25,43.5,41.8,41.42,41.22,41.0,42.56,45.28,-20.28,-1.29,False,74145,84465,3132626,3474302,1.91,False,True,23.46,一般K,,False,False,False,False,0,False,C級：已漲遠或接近目標，禁止追高,條件不足,箱型突破,42.9,39.5,48.8,接近成形＋可觀察,43.76,42.9,43.76,45.07,41.61,4.9,低,-1.52,23.04,2.35,11.52,43.76,0.0,False,False,True,距離頸線或前高過遠，禁止追高,頸線以當日前20日高點計算；收盤站上頸線 42.9 至少2%；成交量>=20日均量2倍；不可長上影；回踩須有近10日突破紀錄且不有效跌破頸線；距離頸線>5%禁止進場,50,C,禁止追高,已漲遠或接近目標，空手不追；持有者依策略分批處理。,False,2026-10-01,True,True,STOP,STOP 停止進場,觀察,取消新進場，只保留觀察,只看續抱 / 減碼 / 停利 / 停損，不新增部位。,停止新進場，先保留現金，等待大盤止跌。,停止新進場，禁止顯示今日可進場。,False,False
2026-10-01,2026-10-01,收盤確認價,臺灣證券交易所 / 證券櫃檯買賣中心正式收盤；yfinance 歷史資料,只使用完整收盤日K，不使用盤中未完成K,上櫃,3511,矽瑪,19.6,19.8,19.6,19.5,19.3,19.22,20.11,20.79,-24.9,-0.76,False,48870,110933,957852,2131446,1.69,False,True,24.61,一般K,,False,False,False,False,0,False,C級：已漲遠或接近目標，禁止追高,條件不足,接近成形,20.15,18.26,22.75,接近成形＋可觀察,20.55,20.15,20.55,21.17,19.55,4.9,低,-2.73,29.37,2.18,10.69,20.55,0.0,False,False,True,距離頸線或前高過遠，禁止追高,頸線以當日前20日高點計算；收盤站上頸線 20.15 至少2%；成交量>=20日均量2倍；不可長上影；回踩須有近10日突破紀錄且不有效跌破頸線；距離頸線>5%禁止進場,50,C,禁止追高,已漲遠或接近目標，空手不追；持有者依策略分批處理。,False,2026-10-01,True,True,STOP,STOP 停止進場,觀察,取消新進場，只保留觀察,只看續抱 / 減碼 / 停利 / 停損，不新增部位。,停止新進場，先保留現金，等待大盤止跌。,停止新進場，禁止顯示今日可進場。,False,False
2026-10-01,2026-10-01,收盤確認價,臺灣證券交易所 / 證券櫃檯買賣中心正式收盤；yfinance 歷史資料,只使用完整收盤日K，不使用盤中未完成K,上櫃,3479,安勤,136.5,137.0,136.0,135.5,132.9,130.2,134.99,110.97,0.0,0.37,False,283035,586439,38634277,77201205,2.44,False,True,26.48,一般K,,False,False,False,False,0,False,C級：已漲遠或接近目標，禁止追高,條件不足,接近成形,140.0,123.69,158.0,接近成形＋可觀察,142.8,140.0,142.8,147.08,135.8,4.9,低,-2.5,15.74,2.17,10.64,142.8,0.0,False,False,True,距離頸線或前高過遠，禁止追高,頸線以當日前20日高點計算；收盤站上頸線 140.0 至少2%；成交量>=20日均量2倍；不可長上影；回踩須有近10日突破紀錄且不有效跌破頸線；距離頸線>5%禁止進場,50,C,禁止追高,已漲遠或接近目標，空手不追；持有者依策略分批處理。,False,2026-10-01,True,True,STOP,STOP 停止進場,觀察,取消新進場，只保留觀察,只看續抱 / 減碼 / 停利 / 停損，不新增部位。,停止新進場，先保留現金，等待大盤止跌。,停止新進場，禁止顯示今日可進場。,False,False
2026-10-01,2026-10-01,收盤確認價,臺灣證券交易所 / 證券櫃檯買賣中心正式收盤；yfinance 歷史資料,只使用完整收盤日K，不使用盤中未完成K,上櫃,6228,全譜,18.15,18.3,18.15,18.49,17.82,17.56,17.9,22.97,-3.2,-3.46,False,9201,6560,166998,124162,3.48,False,True,53.24,一般K,,False,False,False,False,0,False,C級：已漲遠或接近目標，禁止追高,條件不足,接近成形,18.7,16.68,21.1,接近成形＋可觀察,19.07,18.7,19.07,19.65,18.14,4.9,低,-2.94,11.89,2.17,10.62,19.07,0.28,True,False,True,距離頸線或前高過遠，禁止追高,頸線以當日前20日高點計算；收盤站上頸線 18.7 至少2%；成交量>=20日均量2倍；不可長上影；回踩須有近10日突破紀錄且不有效跌破頸線；距離頸線>5%禁止進場,50,C,禁止追高,已漲遠或接近目標，空手不追；持有者依策略分批處理。,False,2026-10-01,True,True,STOP,STOP 停止進場,觀察,取消新進場，只保留觀察,只看續抱 / 減碼 / 停利 / 停損，不新增部位。,停止新進場，先保留現金，等待大盤止跌。,停止新進場，禁止顯示今日可進場。,False,False
2026-10-01,2026-10-01,收盤確認價,臺灣證券交易所 / 證券櫃檯買賣中心正式收盤；yfinance 歷史資料,只使用完整收盤日K，不使用盤中未完成K,上櫃,3207,耀勝,40.7,41.45,38.8,38.76,38.31,38.46,43.09,61.81,-33.82,4.9,False,309147,156335,12582282,6047959,2.35,False,True,19.34,紅K突破,,False,False,False,False,0,False,C級：已漲遠或接近目標，禁止追高,條件不足,三角收斂突破,41.3,36.54,46.5,接近成形＋可觀察,42.13,41.3,42.13,43.39,40.06,4.9,低,-1.45,36.11,2.12,10.38,42.13,1.84,False,False,True,距離頸線或前高過遠，禁止追高,頸線以當日前20日高點計算；收盤站上頸線 41.3 至少2%；成交量>=20日均量2倍；不可長上影；回踩須有近10日突破紀錄且不有效跌破頸線；距離頸線>5%禁止進場,50,C,禁止追高,已漲遠或接近目標，空手不追；持有者依策略分批處理。,False,2026-10-01,True,True,STOP,STOP 停止進場,觀察,取消新進場，只保留觀察,只看續抱 / 減碼 / 停利 / 停損，不新增部位。,停止新進場，先保留現金，等待大盤止跌。,停止新進場，禁止顯示今日可進場。,False,False
2026-10-01,2026-10-01,收盤確認價,臺灣證券交易所 / 證券櫃檯買賣中心正式收盤；yfinance 歷史資料,只使用完整收盤日K，不使用盤中未完成K,上櫃,6156,松上,21.75,22.35,21.75,21.41,21.05,20.77,22.03,21.43,-21.48,-0.46,False,770744,484173,16763682,10103514,1.43,False,True,29.52,一般K,,False,False,False,False,0,False,C級：已漲遠或接近目標，禁止追高,條件不足,箱型突破,22.1,19.75,24.85,接近成形＋可觀察,22.54,22.1,22.54,23.22,21.44,4.9,低,-1.58,26.52,2.09,10.24,22.54,2.53,False,False,True,距離頸線或前高過遠，禁止追高,頸線以當日前20日高點計算；收盤站上頸線 22.1 至少2%；成交量>=20日均量2倍；不可長上影；回踩須有近10日突破紀錄且不有效跌破頸線；距離頸線>5%禁止進場,50,C,禁止追高,已漲遠或接近目標，空手不追；持有者依策略分批處理。,False,2026-10-01,True,True,STOP,STOP 停止進場,觀察,取消新進場，只保留觀察,只看續抱 / 減碼 / 停利 / 停損，不新增部位。,停止新進場，先保留現金，等待大盤止跌。,停止新進場，禁止顯示今日可進場。,False,False
2026-10-01,2026-10-01,收盤確認價,臺灣證券交易所 / 證券櫃檯買賣中心正式收盤；yfinance 歷史資料,只使用完整收盤日K，不使用盤中未完成K,上櫃,8032,光菱,36.2,36.5,36.0,36.04,35.68,35.47,36.39,38.47,-13.4,-0.0,False,24462,38912,885524,1382936,1.06,False,True,25.45,紅K突破,,False,False,False,False,0,False,C級：已漲遠或接近目標，禁止追高,條件不足,箱型突破,36.75,34.1,41.3,接近成形＋可觀察,37.48,36.75,37.48,38.61,35.65,4.9,低,-1.5,14.52,2.08,10.18,37.48,0.83,False,False,True,距離頸線或前高過遠，禁止追高,頸線以當日前20日高點計算；收盤站上頸線 36.75 至少2%；成交量>=20日均量2倍；不可長上影；回踩須有近10日突破紀錄且不有效跌破頸線；距離頸線>5%禁止進場,50,C,禁止追高,已漲遠或接近目標，空手不追；持有者依策略分批處理。,False,2026-10-01,True,True,STOP,STOP 停止進場,觀察,取消新進場，只保留觀察,只看續抱 / 減碼 / 停利 / 停損，不新增部位。,停止新進場，先保留現金，等待大盤止跌。,停止新進場，禁止顯示今日可進場。,False,False
2026-10-01,2026-10-01,收盤確認價,臺灣證券交易所 / 證券櫃檯買賣中心正式收盤；yfinance 歷史資料,只使用完整收盤日K，不使用盤中未完成K,上櫃,8068,全達,17.75,18.45,17.6,17.89,17.1,16.83,17.47,20.47,-3.79,0.0,False,144518,204283,2565194,3610885,2.81,False,True,41.43,一般K,,False,False,False,False,0,False,C級：已漲遠或接近目標，禁止追高,條件不足,接近成形,17.65,15.99,19.8,接近成形＋可觀察,18.0,17.65,18.0,18.54,17.12,4.9,低,0.57,11.25,2.04,9.98,18.0,3.38,True,False,True,距離頸線或前高過遠，禁止追高,頸線以當日前20日高點計算；收盤站上頸線 17.65 至少2%；成交量>=20日均量2倍；不可長上影；回踩須有近10日突破紀錄且不有效跌破頸線；距離頸線>5%禁止進場,50,C,禁止追高,已漲遠或接近目標，空手不追；持有者依策略分批處理。,False,2026-10-01,True,True,STOP,STOP 停止進場,觀察,取消新進場，只保留觀察,只看續抱 / 減碼 / 停利 / 停損，不新增部位。,停止新進場，先保留現金，等待大盤止跌。,停止新進場，禁止顯示今日可進場。,False,False
2026-10-01,2026-10-01,收盤確認價,臺灣證券交易所 / 證券櫃檯買賣中心正式收盤；yfinance 歷史資料,只使用完整收盤日K，不使用盤中未完成K,上櫃,4406,新昕纖,10.2,10.2,10.0,10.24,10.22,10.1,10.02,9.99,3.24,-0.97,False,11000,48500,112199,490557,0.84,False,True,22.87,紅K突破,,True,False,False,False,1,False,只觀察,趨勢多頭,接近成形,10.6,9.85,11.59,接近成形＋可觀察,10.81,10.6,10.81,11.14,10.28,4.9,中,-3.77,7.27,1.47,7.2,10.81,0.0,False,False,False,預備單，等待確認條件,頸線以當日前20日高點計算；收盤站上頸線 10.6 至少2%；成交量>=20日均量2倍；不可長上影；回踩須有近10日突破紀錄且不有效跌破頸線；距離頸線>5%禁止進場,45,C,等更安全位置,條件或風險不夠好，先不列入高關注。,False,2026-10-01,True,True,STOP,STOP 停止進場,觀察,取消新進場，只保留觀察,只看續抱 / 減碼 / 停利 / 停損，不新增部位。,停止新進場，先保留現金，等待大盤止跌。,停止新進場，禁止顯示今日可進場。,False,False
2026-10-01,2026-10-01,收盤確認價,臺灣證券交易所 / 證券櫃檯買賣中心正式收盤；yfinance 歷史資料,只使用完整收盤日K，不使用盤中未完成K,上櫃,8941,關中,43.95,43.95,43.1,43.94,43.95,44.18,43.85,44.49,1.97,0.34,False,12000,3974,527400,175155,0.94,False,True,42.51,下影線,,False,True,False,False,1,False,只觀察,量能放大,三角收斂突破,45.4,42.3,48.75,接近成形＋可觀察,46.31,45.4,46.31,47.7,44.04,4.9,中,-3.19,3.19,1.08,5.27,46.31,0.0,False,False,False,預備單，等待確認條件,頸線以當日前20日高點計算；收盤站上頸線 45.4 至少2%；成交量>=20日均量2倍；不可長上影；回踩須有近10日突破紀錄且不有效跌破頸線；距離頸線>5%禁止進場,45,C,等更安全位置,條件或風險不夠好，先不列入高關注。,False,2026-10-01,True,True,STOP,STOP 停止進場,接近目標,取消新進場，只保留觀察,只看續抱 / 減碼 / 停利 / 停損，不新增部位。,停止新進場，先保留現金，等待大盤止跌。,停止新進場，禁止顯示今日可進場。,False,False
2026-10-01,2026-10-01,收盤確認價,臺灣證券交易所 / 證券櫃檯買賣中心正式收盤；yfinance 歷史資料,只使用完整收盤日K，不使用盤中未完成K,上櫃,4568,科際精密,39.05,39.05,38.75,39.4,39.6,39.36,39.68,41.37,-5.56,-1.01,False,14100,5069,550605,199577,1.32,False,True,16.46,紅K突破,,False,True,False,False,1,False,只觀察,量能放大,三角收斂突破,40.45,38.5,42.5,接近成形＋可觀察,41.26,40.45,41.26,42.5,39.24,4.9,中,-3.46,6.58,0.61,3.01,41.26,0.0,False,False,False,預備單，等待確認條件,頸線以當日前20日高點計算；收盤站上頸線 40.45 至少2%；成交量>=20日均量2倍；不可長上影；回踩須有近10日突破紀錄且不有效跌破頸線；距離頸線>5%禁止進場,45,C,等更安全位置,條件或風險不夠好，先不列入高關注。,False,2026-10-01,True,True,STOP,STOP 停止進場,接近目標,取消新進場，只保留觀察,只看續抱 / 減碼 / 停利 / 停損，不新增部位。,停止新進場，先保留現金，等待大盤止跌。,停止新進場，禁止顯示今日可進場。,False,False
2026-10-01,2026-10-01,收盤確認價,臺灣證券交易所 / 證券櫃檯買賣中心正式收盤；yfinance 歷史資料,只使用完整收盤日K，不使用盤中未完成K,上櫃,7747,昕奇雲端,111.5,111.5,111.5,111.9,112.55,112.92,114.36,114.02,-4.92,0.0,False,301203,17972,33584134,2009366,0.85,False,True,14.94,資料不足,,False,True,False,False,1,False,只觀察,量能放大,三角收斂突破,115.5,111.0,120.0,接近成形＋可觀察,117.81,115.5,117.81,121.34,112.03,4.9,中,-3.46,5.65,0.38,1.86,117.81,0.0,False,False,False,預備單，等待確認條件,頸線以當日前20日高點計算；收盤站上頸線 115.5 至少2%；成交量>=20日均量2倍；不可長上影；回踩須有近10日突破紀錄且不有效跌破頸線；距離頸線>5%禁止進場,45,C,等更安全位置,條件或風險不夠好，先不列入高關注。,False,2026-10-01,True,True,STOP,STOP 停止進場,接近目標,取消新進場，只保留觀察,只看續抱 / 減碼 / 停利 / 停損，不新增部位。,停止新進場，先保留現金，等待大盤止跌。,停止新進場，禁止顯示今日可進場。,False,False
2026-10-01,2026-10-01,收盤確認價,臺灣證券交易所 / 證券櫃檯買賣中心正式收盤；yfinance 歷史資料,只使用完整收盤日K，不使用盤中未完成K,上市,1475,業旺,26.05,26.2,26.05,26.1,26.09,26.14,26.54,29.71,-4.23,0.19,False,6000,18906,156300,493849,0.86,False,True,45.77,一般K,,False,False,False,False,0,False,只觀察,條件不足,接近成形,27.4,25.7,29.9,接近成形＋可觀察,27.95,27.4,27.95,28.79,26.58,4.9,中,-4.93,7.3,1.42,6.98,27.95,0.19,False,False,False,預備單，等待確認條件,頸線以當日前20日高點計算；收盤站上頸線 27.4 至少2%；成交量>=20日均量2倍；不可長上影；回踩須有近10日突破紀錄且不有效跌破頸線；距離頸線>5%禁止進場,45,C,等更安全位置,條件或風險不夠好，先不列入高關注。,False,2026-10-01,True,True,STOP,STOP 停止進場,觀察,取消新進場，只保留觀察,只看續抱 / 減碼 / 停利 / 停損，不新增部位。,停止新進場，先保留現金，等待大盤止跌。,停止新進場，禁止顯示今日可進場。,False,False
2026-10-01,2026-10-01,收盤確認價,臺灣證券交易所 / 證券櫃檯買賣中心正式收盤；yfinance 歷史資料,只使用完整收盤日K，不使用盤中未完成K,上櫃,1240,茂生農經,54.1,54.4,53.9,54.42,54.89,55.06,53.96,55.41,-1.72,-0.37,False,18420,12209,996522,669692,0.84,False,True,25.34,一般K,,False,False,False,False,0,False,只觀察,條件不足,三角收斂突破,55.8,53.8,60.84,接近成形＋可觀察,56.92,55.8,56.92,58.62,54.13,4.9,中,-3.05,3.05,1.41,6.89,56.92,0.55,False,False,False,預備單，等待確認條件,頸線以當日前20日高點計算；收盤站上頸線 55.8 至少2%；成交量>=20日均量2倍；不可長上影；回踩須有近10日突破紀錄且不有效跌破頸線；距離頸線>5%禁止進場,45,C,等更安全位置,條件或風險不夠好，先不列入高關注。,False,2026-10-01,True,True,STOP,STOP 停止進場,觀察,取消新進場，只保留觀察,只看續抱 / 減碼 / 停利 / 停損，不新增部位。,停止新進場，先保留現金，等待大盤止跌。,停止新進場，禁止顯示今日可進場。,False,False
2026-10-01,2026-10-01,收盤確認價,臺灣證券交易所 / 證券櫃檯買賣中心正式收盤；yfinance 歷史資料,只使用完整收盤日K，不使用盤中未完成K,上櫃,5530,龍巖,48.75,49.05,48.7,48.84,49.08,49.35,49.1,49.09,-1.32,-0.2,False,65005,166000,3168993,8182112,0.63,False,True,45.09,一般K,,False,False,False,False,0,False,只觀察,條件不足,接近成形,50.5,47.7,55.05,接近成形＋可觀察,51.51,50.5,51.51,53.06,48.98,4.9,中,-3.47,5.52,1.4,6.87,51.51,0.51,False,False,False,預備單，等待確認條件,頸線以當日前20日高點計算；收盤站上頸線 50.5 至少2%；成交量>=20日均量2倍；不可長上影；回踩須有近10日突破紀錄且不有效跌破頸線；距離頸線>5%禁止進場,45,C,等更安全位置,條件或風險不夠好，先不列入高關注。,False,2026-10-01,True,True,STOP,STOP 停止進場,觀察,取消新進場，只保留觀察,只看續抱 / 減碼 / 停利 / 停損，不新增部位。,停止新進場，先保留現金，等待大盤止跌。,停止新進場，禁止顯示今日可進場。,False,False
2026-10-01,2026-10-01,收盤確認價,臺灣證券交易所 / 證券櫃檯買賣中心正式收盤；yfinance 歷史資料,只使用完整收盤日K，不使用盤中未完成K,上櫃,4160,訊聯基因,38.9,39.1,38.9,39.25,39.22,38.86,38.38,43.73,-3.25,-0.51,False,14058,23657,546856,920938,1.04,False,True,60.02,一般K,,False,False,False,False,0,False,只觀察,條件不足,接近成形,40.35,37.4,43.97,接近成形＋可觀察,41.16,40.35,41.16,42.39,39.14,4.9,中,-3.59,7.42,1.39,6.84,41.16,0.0,False,False,False,預備單，等待確認條件,頸線以當日前20日高點計算；收盤站上頸線 40.35 至少2%；成交量>=20日均量2倍；不可長上影；回踩須有近10日突破紀錄且不有效跌破頸線；距離頸線>5%禁止進場,45,C,等更安全位置,條件或風險不夠好，先不列入高關注。,False,2026-10-01,True,True,STOP,STOP 停止進場,觀察,取消新進場，只保留觀察,只看續抱 / 減碼 / 停利 / 停損，不新增部位。,停止新進場，先保留現金，等待大盤止跌。,停止新進場，禁止顯示今日可進場。,False,False
2026-10-01,2026-10-01,收盤確認價,臺灣證券交易所 / 證券櫃檯買賣中心正式收盤；yfinance 歷史資料,只使用完整收盤日K，不使用盤中未完成K,上櫃,3546,宇峻,73.2,73.2,72.6,72.78,72.77,72.69,72.91,72.81,0.14,0.83,False,46060,106702,3371592,7781050,1.13,False,True,38.46,紅K突破,,False,False,False,False,0,False,只觀察,條件不足,接近成形,76.2,70.9,82.4,接近成形＋可觀察,77.72,76.2,77.72,80.06,73.91,4.9,中,-3.94,5.06,1.23,6.02,77.72,0.0,False,False,False,預備單，等待確認條件,頸線以當日前20日高點計算；收盤站上頸線 76.2 至少2%；成交量>=20日均量2倍；不可長上影；回踩須有近10日突破紀錄且不有效跌破頸線；距離頸線>5%禁止進場,45,C,等更安全位置,條件或風險不夠好，先不列入高關注。,False,2026-10-01,True,True,STOP,STOP 停止進場,觀察,取消新進場，只保留觀察,只看續抱 / 減碼 / 停利 / 停損，不新增部位。,停止新進場，先保留現金，等待大盤止跌。,停止新進場，禁止顯示今日可進場。,False,False
2026-10-01,2026-10-01,收盤確認價,臺灣證券交易所 / 證券櫃檯買賣中心正式收盤；yfinance 歷史資料,只使用完整收盤日K，不使用盤中未完成K,上市,2206,三陽工業,62.6,62.6,62.1,62.76,63.31,63.39,63.06,60.91,-2.19,0.81,False,299411,584344,18743128,37092938,0.62,False,True,20.51,紅K突破,,False,False,False,False,0,False,只觀察,條件不足,接近成形,64.6,62.1,69.8,接近成形＋可觀察,65.89,64.6,65.89,67.87,62.66,4.9,中,-3.1,6.15,1.21,5.93,65.89,0.0,False,False,False,預備單，等待確認條件,頸線以當日前20日高點計算；收盤站上頸線 64.6 至少2%；成交量>=20日均量2倍；不可長上影；回踩須有近10日突破紀錄且不有效跌破頸線；距離頸線>5%禁止進場,45,C,等更安全位置,條件或風險不夠好，先不列入高關注。,False,2026-10-01,True,True,STOP,STOP 停止進場,觀察,取消新進場，只保留觀察,只看續抱 / 減碼 / 停利 / 停損，不新增部位。,停止新進場，先保留現金，等待大盤止跌。,停止新進場，禁止顯示今日可進場。,False,False
2026-10-01,2026-10-01,收盤確認價,臺灣證券交易所 / 證券櫃檯買賣中心正式收盤；yfinance 歷史資料,只使用完整收盤日K，不使用盤中未完成K,上櫃,2729,瓦城,157.0,157.0,154.5,157.2,156.8,155.5,157.78,168.31,-0.32,0.64,False,6588,22686,1034316,3529714,1.08,False,True,32.18,紅K突破,,False,False,False,False,0,False,只觀察,條件不足,接近成形,162.5,149.5,175.5,接近成形＋可觀察,165.75,162.5,165.75,170.72,157.62,4.9,中,-3.38,4.85,1.2,5.88,165.75,0.0,False,False,False,預備單，等待確認條件,頸線以當日前20日高點計算；收盤站上頸線 162.5 至少2%；成交量>=20日均量2倍；不可長上影；回踩須有近10日突破紀錄且不有效跌破頸線；距離頸線>5%禁止進場,45,C,等更安全位置,條件或風險不夠好，先不列入高關注。,False,2026-10-01,True,True,STOP,STOP 停止進場,觀察,取消新進場，只保留觀察,只看續抱 / 減碼 / 停利 / 停損，不新增部位。,停止新進場，先保留現金，等待大盤止跌。,停止新進場，禁止顯示今日可進場。,False,False
2026-10-01,2026-10-01,收盤確認價,臺灣證券交易所 / 證券櫃檯買賣中心正式收盤；yfinance 歷史資料,只使用完整收盤日K，不使用盤中未完成K,上市,1419,新紡,65.8,66.3,65.4,65.84,65.93,66.47,66.29,65.79,-1.05,-0.45,False,21795,57392,1434111,3817602,0.96,False,True,22.69,一般K,,False,False,False,False,0,False,只觀察,條件不足,接近成形,68.6,64.9,74.1,接近成形＋可觀察,69.97,68.6,69.97,72.07,66.54,4.9,中,-4.08,6.4,1.2,5.9,69.97,0.0,False,False,False,預備單，等待確認條件,頸線以當日前20日高點計算；收盤站上頸線 68.6 至少2%；成交量>=20日均量2倍；不可長上影；回踩須有近10日突破紀錄且不有效跌破頸線；距離頸線>5%禁止進場,45,C,等更安全位置,條件或風險不夠好，先不列入高關注。,False,2026-10-01,True,True,STOP,STOP 停止進場,觀察,取消新進場，只保留觀察,只看續抱 / 減碼 / 停利 / 停損，不新增部位。,停止新進場，先保留現金，等待大盤止跌。,停止新進場，禁止顯示今日可進場。,False,False
2026-10-01,2026-10-01,收盤確認價,臺灣證券交易所 / 證券櫃檯買賣中心正式收盤；yfinance 歷史資料,只使用完整收盤日K，不使用盤中未完成K,上櫃,5315,光聯,18.9,18.9,18.75,18.83,18.89,18.65,19.1,22.14,-7.58,0.8,False,93210,246769,1761668,4618694,1.28,False,True,37.05,紅K突破,,False,False,False,False,0,False,只觀察,條件不足,接近成形,19.55,18.0,21.1,接近成形＋可觀察,19.94,19.55,19.94,20.54,18.96,4.9,中,-3.32,9.35,1.19,5.81,19.94,0.0,False,False,False,預備單，等待確認條件,頸線以當日前20日高點計算；收盤站上頸線 19.55 至少2%；成交量>=20日均量2倍；不可長上影；回踩須有近10日突破紀錄且不有效跌破頸線；距離頸線>5%禁止進場,45,C,等更安全位置,條件或風險不夠好，先不列入高關注。,False,2026-10-01,True,True,STOP,STOP 停止進場,觀察,取消新進場，只保留觀察,只看續抱 / 減碼 / 停利 / 停損，不新增部位。,停止新進場，先保留現金，等待大盤止跌。,停止新進場，禁止顯示今日可進場。,False,False
2026-10-01,2026-10-01,收盤確認價,臺灣證券交易所 / 證券櫃檯買賣中心正式收盤；yfinance 歷史資料,只使用完整收盤日K，不使用盤中未完成K,上櫃,2073,雄順,25.8,25.8,25.4,25.6,25.69,25.81,26.5,26.62,-4.44,2.38,False,2124,2241,54799,57785,2.27,False,True,25.01,紅K突破,,False,False,False,False,0,False,只觀察,條件不足,接近成形,26.6,24.6,28.6,接近成形＋可觀察,27.13,26.6,27.13,27.95,25.8,4.9,中,-3.01,9.47,1.1,5.41,27.13,0.0,False,False,False,預備單，等待確認條件,頸線以當日前20日高點計算；收盤站上頸線 26.6 至少2%；成交量>=20日均量2倍；不可長上影；回踩須有近10日突破紀錄且不有效跌破頸線；距離頸線>5%禁止進場,45,C,等更安全位置,條件或風險不夠好，先不列入高關注。,False,2026-10-01,True,True,STOP,STOP 停止進場,接近目標,取消新進場，只保留觀察,只看續抱 / 減碼 / 停利 / 停損，不新增部位。,停止新進場，先保留現金，等待大盤止跌。,停止新進場，禁止顯示今日可進場。,False,False
2026-10-01,2026-10-01,收盤確認價,臺灣證券交易所 / 證券櫃檯買賣中心正式收盤；yfinance 歷史資料,只使用完整收盤日K，不使用盤中未完成K,上市,2247,汎德永業,225.5,225.5,224.0,226.4,228.75,229.93,227.85,250.23,-3.63,0.45,False,19395,27726,4373572,6365680,0.82,False,True,33.45,紅K突破,,False,False,False,False,0,False,只觀察,條件不足,接近成形,235.5,222.5,253.0,接近成形＋可觀察,240.21,235.5,240.21,247.42,228.44,4.9,中,-4.25,4.25,1.09,5.32,240.21,0.0,False,False,False,預備單，等待確認條件,頸線以當日前20日高點計算；收盤站上頸線 235.5 至少2%；成交量>=20日均量2倍；不可長上影；回踩須有近10日突破紀錄且不有效跌破頸線；距離頸線>5%禁止進場,45,C,等更安全位置,條件或風險不夠好，先不列入高關注。,False,2026-10-01,True,True,STOP,STOP 停止進場,觀察,取消新進場，只保留觀察,只看續抱 / 減碼 / 停利 / 停損，不新增部位。,停止新進場，先保留現金，等待大盤止跌。,停止新進場，禁止顯示今日可進場。,False,False
2026-10-01,2026-10-01,收盤確認價,臺灣證券交易所 / 證券櫃檯買賣中心正式收盤；yfinance 歷史資料,只使用完整收盤日K，不使用盤中未完成K,上櫃,6496,科懋,23.8,23.95,23.3,23.66,24.01,24.26,24.5,26.45,-4.42,0.63,False,12459,14601,296524,348340,1.07,False,True,41.34,紅K突破,,False,False,False,False,0,False,只觀察,條件不足,接近成形,24.9,23.05,26.75,接近成形＋可觀察,25.4,24.9,25.4,26.16,24.15,4.9,中,-4.42,6.85,1.09,5.32,25.4,0.63,False,False,False,預備單，等待確認條件,頸線以當日前20日高點計算；收盤站上頸線 24.9 至少2%；成交量>=20日均量2倍；不可長上影；回踩須有近10日突破紀錄且不有效跌破頸線；距離頸線>5%禁止進場,45,C,等更安全位置,條件或風險不夠好，先不列入高關注。,False,2026-10-01,True,True,STOP,STOP 停止進場,觀察,取消新進場，只保留觀察,只看續抱 / 減碼 / 停利 / 停損，不新增部位。,停止新進場，先保留現金，等待大盤止跌。,停止新進場，禁止顯示今日可進場。,False,False
2026-10-01,2026-10-01,收盤確認價,臺灣證券交易所 / 證券櫃檯買賣中心正式收盤；yfinance 歷史資料,只使用完整收盤日K，不使用盤中未完成K,上櫃,6843,進典,38.45,39.25,38.0,38.53,38.85,38.52,39.12,46.98,-5.06,-0.26,False,14000,8150,538300,313244,1.03,False,True,8.33,一般K,,False,False,False,False,0,False,只觀察,條件不足,三角收斂突破,40.3,37.7,43.3,接近成形＋可觀察,41.11,40.3,41.11,42.34,39.09,4.9,中,-4.59,5.64,1.09,5.34,41.11,0.0,False,False,False,預備單，等待確認條件,頸線以當日前20日高點計算；收盤站上頸線 40.3 至少2%；成交量>=20日均量2倍；不可長上影；回踩須有近10日突破紀錄且不有效跌破頸線；距離頸線>5%禁止進場,45,C,等更安全位置,條件或風險不夠好，先不列入高關注。,False,2026-10-01,True,True,STOP,STOP 停止進場,觀察,取消新進場，只保留觀察,只看續抱 / 減碼 / 停利 / 停損，不新增部位。,停止新進場，先保留現金，等待大盤止跌。,停止新進場，禁止顯示今日可進場。,False,False
2026-10-01,2026-10-01,收盤確認價,臺灣證券交易所 / 證券櫃檯買賣中心正式收盤；yfinance 歷史資料,只使用完整收盤日K，不使用盤中未完成K,上市,1453,大將,10.9,10.9,10.9,10.87,10.92,10.97,10.92,11.64,0.24,0.0,False,11353,26415,123747,289995,0.81,False,True,19.98,資料不足,,False,False,False,False,0,False,只觀察,條件不足,接近成形,11.35,10.75,12.17,接近成形＋可觀察,11.58,11.35,11.58,11.92,11.01,4.9,中,-3.96,5.26,1.04,5.09,11.58,0.0,False,False,False,預備單，等待確認條件,頸線以當日前20日高點計算；收盤站上頸線 11.35 至少2%；成交量>=20日均量2倍；不可長上影；回踩須有近10日突破紀錄且不有效跌破頸線；距離頸線>5%禁止進場,45,C,等更安全位置,條件或風險不夠好，先不列入高關注。,False,2026-10-01,True,True,STOP,STOP 停止進場,觀察,取消新進場，只保留觀察,只看續抱 / 減碼 / 停利 / 停損，不新增部位。,停止新進場，先保留現金，等待大盤止跌。,停止新進場，禁止顯示今日可進場。,False,False
2026-10-01,2026-10-01,收盤確認價,臺灣證券交易所 / 證券櫃檯買賣中心正式收盤；yfinance 歷史資料,只使用完整收盤日K，不使用盤中未完成K,上櫃,6662,樂斯科,28.5,28.5,28.0,28.5,28.46,28.52,29.28,30.09,-4.04,0.0,False,4311,3132,122863,89377,1.15,False,True,19.09,紅K突破,,False,False,False,False,0,False,只觀察,條件不足,接近成形,29.6,27.5,31.7,接近成形＋可觀察,30.19,29.6,30.19,31.1,28.71,4.9,中,-3.72,9.24,1.02,4.99,30.19,0.0,False,False,False,預備單，等待確認條件,頸線以當日前20日高點計算；收盤站上頸線 29.6 至少2%；成交量>=20日均量2倍；不可長上影；回踩須有近10日突破紀錄且不有效跌破頸線；距離頸線>5%禁止進場,45,C,等更安全位置,條件或風險不夠好，先不列入高關注。,False,2026-10-01,True,True,STOP,STOP 停止進場,觀察,取消新進場，只保留觀察,只看續抱 / 減碼 / 停利 / 停損，不新增部位。,停止新進場，先保留現金，等待大盤止跌。,停止新進場，禁止顯示今日可進場。,False,False
2026-10-01,2026-10-01,收盤確認價,臺灣證券交易所 / 證券櫃檯買賣中心正式收盤；yfinance 歷史資料,只使用完整收盤日K，不使用盤中未完成K,上櫃,2926,誠品生活,30.3,30.5,30.3,30.05,30.02,30.09,30.64,36.32,-6.48,0.33,False,3290,6468,99687,194084,0.86,False,True,30.53,一般K,,False,False,False,False,0,False,只觀察,條件不足,接近成形,31.3,29.1,33.5,接近成形＋可觀察,31.93,31.3,31.93,32.88,30.36,4.9,中,-3.19,8.04,1.01,4.93,31.93,0.0,False,False,False,預備單，等待確認條件,頸線以當日前20日高點計算；收盤站上頸線 31.3 至少2%；成交量>=20日均量2倍；不可長上影；回踩須有近10日突破紀錄且不有效跌破頸線；距離頸線>5%禁止進場,45,C,等更安全位置,條件或風險不夠好，先不列入高關注。,False,2026-10-01,True,True,STOP,STOP 停止進場,接近目標,取消新進場，只保留觀察,只看續抱 / 減碼 / 停利 / 停損，不新增部位。,停止新進場，先保留現金，等待大盤止跌。,停止新進場，禁止顯示今日可進場。,False,False
2026-10-01,2026-10-01,收盤確認價,臺灣證券交易所 / 證券櫃檯買賣中心正式收盤；yfinance 歷史資料,只使用完整收盤日K，不使用盤中未完成K,上櫃,8433,弘帆,52.8,53.0,52.8,52.82,53.06,53.59,54.14,54.2,0.38,0.0,False,11144,12908,588403,689645,0.39,False,True,69.33,一般K,,False,False,False,False,0,False,只觀察,條件不足,接近成形,55.4,52.2,59.3,接近成形＋可觀察,56.51,55.4,56.51,58.2,53.74,4.9,中,-4.69,8.81,1.01,4.94,56.51,0.0,False,False,False,預備單，等待確認條件,頸線以當日前20日高點計算；收盤站上頸線 55.4 至少2%；成交量>=20日均量2倍；不可長上影；回踩須有近10日突破紀錄且不有效跌破頸線；距離頸線>5%禁止進場,45,C,等更安全位置,條件或風險不夠好，先不列入高關注。,False,2026-10-01,True,True,STOP,STOP 停止進場,觀察,取消新進場，只保留觀察,只看續抱 / 減碼 / 停利 / 停損，不新增部位。,停止新進場，先保留現金，等待大盤止跌。,停止新進場，禁止顯示今日可進場。,False,False
2026-10-01,2026-10-01,收盤確認價,臺灣證券交易所 / 證券櫃檯買賣中心正式收盤；yfinance 歷史資料,只使用完整收盤日K，不使用盤中未完成K,上市,2109,華豐,14.4,14.4,14.3,14.6,14.68,14.74,14.67,14.78,-2.37,0.0,False,72070,125440,1037808,1847465,1.1,False,True,21.06,一般K,,False,False,False,False,0,False,只觀察,條件不足,接近成形,15.1,14.2,16.15,接近成形＋可觀察,15.4,15.1,15.4,15.86,14.65,4.9,中,-4.64,4.64,0.99,4.86,15.4,0.0,False,False,False,預備單，等待確認條件,頸線以當日前20日高點計算；收盤站上頸線 15.1 至少2%；成交量>=20日均量2倍；不可長上影；回踩須有近10日突破紀錄且不有效跌破頸線；距離頸線>5%禁止進場,45,C,等更安全位置,條件或風險不夠好，先不列入高關注。,False,2026-10-01,True,True,STOP,STOP 停止進場,觀察,取消新進場，只保留觀察,只看續抱 / 減碼 / 停利 / 停損，不新增部位。,停止新進場，先保留現金，等待大盤止跌。,停止新進場，禁止顯示今日可進場。,False,False
2026-10-01,2026-10-01,收盤確認價,臺灣證券交易所 / 證券櫃檯買賣中心正式收盤；yfinance 歷史資料,只使用完整收盤日K，不使用盤中未完成K,上櫃,6512,啟發電,20.25,20.3,20.25,20.23,20.32,20.35,20.25,20.19,-0.25,0.0,False,6559,5205,132819,105788,1.15,False,True,17.01,一般K,,False,False,False,False,0,False,只觀察,條件不足,接近成形,21.05,19.95,22.5,接近成形＋可觀察,21.47,21.05,21.47,22.12,20.42,4.9,中,-3.8,3.8,0.98,4.79,21.47,0.0,False,False,False,預備單，等待確認條件,頸線以當日前20日高點計算；收盤站上頸線 21.05 至少2%；成交量>=20日均量2倍；不可長上影；回踩須有近10日突破紀錄且不有效跌破頸線；距離頸線>5%禁止進場,45,C,等更安全位置,條件或風險不夠好，先不列入高關注。,False,2026-10-01,True,True,STOP,STOP 停止進場,接近目標,取消新進場，只保留觀察,只看續抱 / 減碼 / 停利 / 停損，不新增部位。,停止新進場，先保留現金，等待大盤止跌。,停止新進場，禁止顯示今日可進場。,False,False
2026-10-01,2026-10-01,收盤確認價,臺灣證券交易所 / 證券櫃檯買賣中心正式收盤；yfinance 歷史資料,只使用完整收盤日K，不使用盤中未完成K,上市,1712,興農,39.65,39.8,39.65,39.77,39.8,40.16,39.65,42.23,0.76,-0.38,False,364657,613609,14458650,24757215,0.85,False,True,33.31,一般K,,False,False,False,False,0,False,只觀察,條件不足,接近成形,41.3,39.6,44.1,接近成形＋可觀察,42.13,41.3,42.13,43.39,40.06,4.9,中,-4.0,4.0,0.96,4.69,42.13,0.0,False,False,False,預備單，等待確認條件,頸線以當日前20日高點計算；收盤站上頸線 41.3 至少2%；成交量>=20日均量2倍；不可長上影；回踩須有近10日突破紀錄且不有效跌破頸線；距離頸線>5%禁止進場,45,C,等更安全位置,條件或風險不夠好，先不列入高關注。,False,2026-10-01,True,True,STOP,STOP 停止進場,觀察,取消新進場，只保留觀察,只看續抱 / 減碼 / 停利 / 停損，不新增部位。,停止新進場，先保留現金，等待大盤止跌。,停止新進場，禁止顯示今日可進場。,False,False
2026-10-01,2026-10-01,收盤確認價,臺灣證券交易所 / 證券櫃檯買賣中心正式收盤；yfinance 歷史資料,只使用完整收盤日K，不使用盤中未完成K,上櫃,4523,永彰,24.0,24.1,23.85,23.81,23.92,23.85,24.4,29.02,-6.07,0.42,False,40311,56074,967464,1345170,1.82,False,True,28.01,紅K突破,,False,False,False,False,0,False,只觀察,條件不足,接近成形,25.0,23.35,26.7,接近成形＋可觀察,25.5,25.0,25.5,26.27,24.25,4.9,中,-4.0,8.22,0.96,4.71,25.5,0.42,False,False,False,預備單，等待確認條件,頸線以當日前20日高點計算；收盤站上頸線 25.0 至少2%；成交量>=20日均量2倍；不可長上影；回踩須有近10日突破紀錄且不有效跌破頸線；距離頸線>5%禁止進場,45,C,等更安全位置,條件或風險不夠好，先不列入高關注。,False,2026-10-01,True,True,STOP,STOP 停止進場,觀察,取消新進場，只保留觀察,只看續抱 / 減碼 / 停利 / 停損，不新增部位。,停止新進場，先保留現金，等待大盤止跌。,停止新進場，禁止顯示今日可進場。,False,False
2026-10-01,2026-10-01,收盤確認價,臺灣證券交易所 / 證券櫃檯買賣中心正式收盤；yfinance 歷史資料,只使用完整收盤日K，不使用盤中未完成K,上市,1229,聯華,40.2,40.4,39.95,39.95,40.12,40.78,40.96,43.32,0.25,0.75,False,2550357,1935807,102524351,78723221,0.95,True,True,39.9,紅K突破,,False,False,False,False,0,False,只觀察,條件不足,接近成形,42.35,39.5,45.2,接近成形＋可觀察,43.2,42.35,43.2,44.49,41.08,4.9,中,-5.08,5.85,0.95,4.64,43.2,0.5,False,False,False,預備單，等待確認條件,頸線以當日前20日高點計算；收盤站上頸線 42.35 至少2%；成交量>=20日均量2倍；不可長上影；回踩須有近10日突破紀錄且不有效跌破頸線；距離頸線>5%禁止進場,45,C,等更安全位置,條件或風險不夠好，先不列入高關注。,False,2026-10-01,True,True,STOP,STOP 停止進場,觀察,取消新進場，只保留觀察,只看續抱 / 減碼 / 停利 / 停損，不新增部位。,停止新進場，先保留現金，等待大盤止跌。,停止新進場，禁止顯示今日可進場。,False,False
2026-10-01,2026-10-01,收盤確認價,臺灣證券交易所 / 證券櫃檯買賣中心正式收盤；yfinance 歷史資料,只使用完整收盤日K，不使用盤中未完成K,上櫃,2035,唐榮,26.9,26.9,26.9,26.68,26.87,26.79,27.02,27.97,-2.54,1.51,False,1025,5586,27572,151058,1.88,False,True,14.32,資料不足,,False,False,False,False,0,False,只觀察,條件不足,接近成形,27.85,26.0,29.7,接近成形＋可觀察,28.41,27.85,28.41,29.26,27.01,4.9,中,-3.41,3.41,0.93,4.55,28.41,0.0,False,False,False,預備單，等待確認條件,頸線以當日前20日高點計算；收盤站上頸線 27.85 至少2%；成交量>=20日均量2倍；不可長上影；回踩須有近10日突破紀錄且不有效跌破頸線；距離頸線>5%禁止進場,45,C,等更安全位置,條件或風險不夠好，先不列入高關注。,False,2026-10-01,True,True,STOP,STOP 停止進場,接近目標,取消新進場，只保留觀察,只看續抱 / 減碼 / 停利 / 停損，不新增部位。,停止新進場，先保留現金，等待大盤止跌。,停止新進場，禁止顯示今日可進場。,False,False
2026-10-01,2026-10-01,收盤確認價,臺灣證券交易所 / 證券櫃檯買賣中心正式收盤；yfinance 歷史資料,只使用完整收盤日K，不使用盤中未完成K,上櫃,5278,尚凡*,23.5,24.05,23.45,23.77,23.79,23.88,24.18,26.75,-3.69,-1.88,False,102575,67755,2410512,1613496,1.17,False,True,23.89,一般K,,False,False,False,False,0,False,只觀察,條件不足,三角收斂突破,24.65,23.05,26.25,接近成形＋可觀察,25.14,24.65,25.14,25.9,23.91,4.9,中,-4.67,6.56,0.9,4.4,25.14,0.21,False,False,False,預備單，等待確認條件,頸線以當日前20日高點計算；收盤站上頸線 24.65 至少2%；成交量>=20日均量2倍；不可長上影；回踩須有近10日突破紀錄且不有效跌破頸線；距離頸線>5%禁止進場,45,C,等更安全位置,條件或風險不夠好，先不列入高關注。,False,2026-10-01,True,True,STOP,STOP 停止進場,觀察,取消新進場，只保留觀察,只看續抱 / 減碼 / 停利 / 停損，不新增部位。,停止新進場，先保留現金，等待大盤止跌。,停止新進場，禁止顯示今日可進場。,False,False
2026-10-01,2026-10-01,收盤確認價,臺灣證券交易所 / 證券櫃檯買賣中心正式收盤；yfinance 歷史資料,只使用完整收盤日K，不使用盤中未完成K,上市,1463,強盛新,17.5,17.6,17.5,17.58,17.59,17.43,17.63,18.04,-1.69,0.0,False,12067,73066,211172,1277198,1.05,False,True,24.76,一般K,,False,False,False,False,0,False,只觀察,條件不足,接近成形,18.05,16.9,19.2,接近成形＋可觀察,18.41,18.05,18.41,18.96,17.51,4.9,中,-3.05,3.31,0.87,4.29,18.41,0.57,False,False,False,預備單，等待確認條件,頸線以當日前20日高點計算；收盤站上頸線 18.05 至少2%；成交量>=20日均量2倍；不可長上影；回踩須有近10日突破紀錄且不有效跌破頸線；距離頸線>5%禁止進場,45,C,等更安全位置,條件或風險不夠好，先不列入高關注。,False,2026-10-01,True,True,STOP,STOP 停止進場,接近目標,取消新進場，只保留觀察,只看續抱 / 減碼 / 停利 / 停損，不新增部位。,停止新進場，先保留現金，等待大盤止跌。,停止新進場，禁止顯示今日可進場。,False,False
2026-10-01,2026-10-01,收盤確認價,臺灣證券交易所 / 證券櫃檯買賣中心正式收盤；yfinance 歷史資料,只使用完整收盤日K，不使用盤中未完成K,上櫃,4538,大詠城,17.45,17.5,17.3,17.47,17.42,17.49,17.65,17.9,-6.68,0.58,False,11006,18162,192054,317960,0.82,False,True,24.63,一般K,,False,False,False,False,0,False,只觀察,條件不足,接近成形,18.1,17.1,19.25,接近成形＋可觀察,18.46,18.1,18.46,19.02,17.56,4.9,中,-3.59,6.68,0.87,4.27,18.46,0.0,False,False,False,預備單，等待確認條件,頸線以當日前20日高點計算；收盤站上頸線 18.1 至少2%；成交量>=20日均量2倍；不可長上影；回踩須有近10日突破紀錄且不有效跌破頸線；距離頸線>5%禁止進場,45,C,等更安全位置,條件或風險不夠好，先不列入高關注。,False,2026-10-01,True,True,STOP,STOP 停止進場,接近目標,取消新進場，只保留觀察,只看續抱 / 減碼 / 停利 / 停損，不新增部位。,停止新進場，先保留現金，等待大盤止跌。,停止新進場，禁止顯示今日可進場。,False,False
2026-10-01,2026-10-01,收盤確認價,臺灣證券交易所 / 證券櫃檯買賣中心正式收盤；yfinance 歷史資料,只使用完整收盤日K，不使用盤中未完成K,上櫃,6615,慧智,33.5,33.8,33.35,33.68,33.68,33.82,34.21,33.05,-8.84,0.0,False,7668,4893,256878,165560,0.63,False,True,20.08,紅K突破,,False,False,False,False,0,False,只觀察,條件不足,三角收斂突破,34.9,33.3,37.05,接近成形＋可觀察,35.6,34.9,35.6,36.67,33.85,4.9,中,-4.01,9.34,0.83,4.08,35.6,0.9,False,False,False,預備單，等待確認條件,頸線以當日前20日高點計算；收盤站上頸線 34.9 至少2%；成交量>=20日均量2倍；不可長上影；回踩須有近10日突破紀錄且不有效跌破頸線；距離頸線>5%禁止進場,45,C,等更安全位置,條件或風險不夠好，先不列入高關注。,False,2026-10-01,True,True,STOP,STOP 停止進場,接近目標,取消新進場，只保留觀察,只看續抱 / 減碼 / 停利 / 停損，不新增部位。,停止新進場，先保留現金，等待大盤止跌。,停止新進場，禁止顯示今日可進場。,False,False
2026-10-01,2026-10-01,收盤確認價,臺灣證券交易所 / 證券櫃檯買賣中心正式收盤；yfinance 歷史資料,只使用完整收盤日K，不使用盤中未完成K,上市,1104,環泥,26.7,26.75,26.55,26.68,26.69,26.99,26.81,28.9,-1.48,-0.0,False,520149,526997,13887978,14306213,0.86,False,True,22.2,紅K突破,,False,False,False,False,0,False,只觀察,條件不足,接近成形,27.9,26.55,29.55,接近成形＋可觀察,28.46,27.9,28.46,29.31,27.06,4.9,中,-4.3,4.3,0.78,3.84,28.46,0.19,False,False,False,預備單，等待確認條件,頸線以當日前20日高點計算；收盤站上頸線 27.9 至少2%；成交量>=20日均量2倍；不可長上影；回踩須有近10日突破紀錄且不有效跌破頸線；距離頸線>5%禁止進場,45,C,等更安全位置,條件或風險不夠好，先不列入高關注。,False,2026-10-01,True,True,STOP,STOP 停止進場,接近目標,取消新進場，只保留觀察,只看續抱 / 減碼 / 停利 / 停損，不新增部位。,停止新進場，先保留現金，等待大盤止跌。,停止新進場，禁止顯示今日可進場。,False,False
2026-10-01,2026-10-01,收盤確認價,臺灣證券交易所 / 證券櫃檯買賣中心正式收盤；yfinance 歷史資料,只使用完整收盤日K，不使用盤中未完成K,上櫃,5213,亞昕,20.65,20.9,20.55,20.8,20.66,20.75,21.28,24.02,-7.4,-1.2,False,156931,188251,3240625,3901954,0.91,False,True,22.85,一般K,,False,False,False,False,0,False,只觀察,條件不足,接近成形,21.45,20.2,22.7,接近成形＋可觀察,21.88,21.45,21.88,22.54,20.81,4.9,中,-3.73,8.43,0.77,3.75,21.88,0.0,False,False,False,預備單，等待確認條件,頸線以當日前20日高點計算；收盤站上頸線 21.45 至少2%；成交量>=20日均量2倍；不可長上影；回踩須有近10日突破紀錄且不有效跌破頸線；距離頸線>5%禁止進場,45,C,等更安全位置,條件或風險不夠好，先不列入高關注。,False,2026-10-01,True,True,STOP,STOP 停止進場,接近目標,取消新進場，只保留觀察,只看續抱 / 減碼 / 停利 / 停損，不新增部位。,停止新進場，先保留現金，等待大盤止跌。,停止新進場，禁止顯示今日可進場。,False,False
2026-10-01,2026-10-01,收盤確認價,臺灣證券交易所 / 證券櫃檯買賣中心正式收盤；yfinance 歷史資料,只使用完整收盤日K，不使用盤中未完成K,上櫃,4972,湯石照明,16.3,16.3,16.15,16.3,16.3,16.39,16.57,17.32,-3.83,0.0,False,25333,16580,412927,271404,0.51,False,True,18.35,紅K突破,,False,False,False,False,0,False,只觀察,條件不足,三角收斂突破,17.05,16.15,17.95,接近成形＋可觀察,17.39,17.05,17.39,17.91,16.54,4.9,中,-4.4,4.4,0.66,3.21,17.39,0.0,False,False,False,預備單，等待確認條件,頸線以當日前20日高點計算；收盤站上頸線 17.05 至少2%；成交量>=20日均量2倍；不可長上影；回踩須有近10日突破紀錄且不有效跌破頸線；距離頸線>5%禁止進場,45,C,等更安全位置,條件或風險不夠好，先不列入高關注。,False,2026-10-01,True,True,STOP,STOP 停止進場,接近目標,取消新進場，只保留觀察,只看續抱 / 減碼 / 停利 / 停損，不新增部位。,停止新進場，先保留現金，等待大盤止跌。,停止新進場，禁止顯示今日可進場。,False,False
2026-10-01,2026-10-01,收盤確認價,臺灣證券交易所 / 證券櫃檯買賣中心正式收盤；yfinance 歷史資料,只使用完整收盤日K，不使用盤中未完成K,上櫃,1813,寶利徠,11.3,11.3,11.3,11.31,11.33,11.36,11.57,12.6,-5.44,-0.0,False,6838,14055,77269,160022,0.85,False,True,30.99,資料不足,,False,False,False,False,0,False,只觀察,條件不足,接近成形,11.7,11.1,12.3,接近成形＋可觀察,11.93,11.7,11.93,12.29,11.35,4.9,中,-3.42,7.76,0.63,3.07,11.93,0.0,False,False,False,預備單，等待確認條件,頸線以當日前20日高點計算；收盤站上頸線 11.7 至少2%；成交量>=20日均量2倍；不可長上影；回踩須有近10日突破紀錄且不有效跌破頸線；距離頸線>5%禁止進場,45,C,等更安全位置,條件或風險不夠好，先不列入高關注。,False,2026-10-01,True,True,STOP,STOP 停止進場,接近目標,取消新進場，只保留觀察,只看續抱 / 減碼 / 停利 / 停損，不新增部位。,停止新進場，先保留現金，等待大盤止跌。,停止新進場，禁止顯示今日可進場。,False,False
2026-10-01,2026-10-01,收盤確認價,臺灣證券交易所 / 證券櫃檯買賣中心正式收盤；yfinance 歷史資料,只使用完整收盤日K，不使用盤中未完成K,上櫃,6721,信實,50.2,50.2,50.2,50.12,50.49,50.41,51.78,58.02,-8.23,0.4,False,1125,12481,56475,627946,1.03,False,True,39.08,資料不足,,False,False,False,False,0,False,只觀察,條件不足,接近成形,51.9,49.35,54.45,接近成形＋可觀察,52.94,51.9,52.94,54.53,50.34,4.9,中,-3.28,8.56,0.58,2.86,52.94,0.0,False,False,False,預備單，等待確認條件,頸線以當日前20日高點計算；收盤站上頸線 51.9 至少2%；成交量>=20日均量2倍；不可長上影；回踩須有近10日突破紀錄且不有效跌破頸線；距離頸線>5%禁止進場,45,C,等更安全位置,條件或風險不夠好，先不列入高關注。,False,2026-10-01,True,True,STOP,STOP 停止進場,接近目標,取消新進場，只保留觀察,只看續抱 / 減碼 / 停利 / 停損，不新增部位。,停止新進場，先保留現金，等待大盤止跌。,停止新進場，禁止顯示今日可進場。,False,False
2026-10-01,2026-10-01,收盤確認價,臺灣證券交易所 / 證券櫃檯買賣中心正式收盤；yfinance 歷史資料,只使用完整收盤日K，不使用盤中未完成K,上櫃,1264,德麥,245.0,245.5,244.5,244.6,244.45,247.0,254.37,274.01,-9.43,0.0,False,10419,19176,2552655,4728193,0.46,False,True,55.2,一般K,,False,False,False,False,0,False,只觀察,條件不足,接近成形,254.0,242.0,266.0,接近成形＋可觀察,259.08,254.0,259.08,266.85,246.38,4.9,中,-3.54,9.93,0.54,2.67,259.08,0.2,False,False,False,預備單，等待確認條件,頸線以當日前20日高點計算；收盤站上頸線 254.0 至少2%；成交量>=20日均量2倍；不可長上影；回踩須有近10日突破紀錄且不有效跌破頸線；距離頸線>5%禁止進場,45,C,等更安全位置,條件或風險不夠好，先不列入高關注。,False,2026-10-01,True,True,STOP,STOP 停止進場,接近目標,取消新進場，只保留觀察,只看續抱 / 減碼 / 停利 / 停損，不新增部位。,停止新進場，先保留現金，等待大盤止跌。,停止新進場，禁止顯示今日可進場。,False,False
2026-10-01,2026-10-01,收盤確認價,臺灣證券交易所 / 證券櫃檯買賣中心正式收盤；yfinance 歷史資料,只使用完整收盤日K，不使用盤中未完成K,上櫃,2754,亞洲藏壽司,68.0,68.0,67.8,68.18,68.56,68.72,69.23,75.6,-1.16,0.0,False,8239,19422,560252,1337104,0.84,False,True,16.99,紅K突破,,False,False,False,False,0,False,只觀察,條件不足,接近成形,70.3,67.2,73.5,接近成形＋可觀察,71.71,70.3,71.71,73.86,68.19,4.9,中,-3.27,7.23,0.51,2.5,71.71,0.0,False,False,False,預備單，等待確認條件,頸線以當日前20日高點計算；收盤站上頸線 70.3 至少2%；成交量>=20日均量2倍；不可長上影；回踩須有近10日突破紀錄且不有效跌破頸線；距離頸線>5%禁止進場,45,C,等更安全位置,條件或風險不夠好，先不列入高關注。,False,2026-10-01,True,True,STOP,STOP 停止進場,接近目標,取消新進場，只保留觀察,只看續抱 / 減碼 / 停利 / 停損，不新增部位。,停止新進場，先保留現金，等待大盤止跌。,停止新進場，禁止顯示今日可進場。,False,False
2026-10-01,2026-10-01,收盤確認價,臺灣證券交易所 / 證券櫃檯買賣中心正式收盤；yfinance 歷史資料,只使用完整收盤日K，不使用盤中未完成K,上櫃,4506,崇友,118.0,118.0,117.5,118.1,118.55,119.78,121.42,119.85,-3.67,0.0,False,30539,50867,3603602,6100833,0.46,False,True,33.89,一般K,,False,False,False,False,0,False,只觀察,條件不足,接近成形,123.0,117.5,128.5,接近成形＋可觀察,125.46,123.0,125.46,129.22,119.31,4.9,中,-4.07,6.35,0.49,2.42,125.46,0.0,False,False,False,預備單，等待確認條件,頸線以當日前20日高點計算；收盤站上頸線 123.0 至少2%；成交量>=20日均量2倍；不可長上影；回踩須有近10日突破紀錄且不有效跌破頸線；距離頸線>5%禁止進場,45,C,等更安全位置,條件或風險不夠好，先不列入高關注。,False,2026-10-01,True,True,STOP,STOP 停止進場,接近目標,取消新進場，只保留觀察,只看續抱 / 減碼 / 停利 / 停損，不新增部位。,停止新進場，先保留現金，等待大盤止跌。,停止新進場，禁止顯示今日可進場。,False,False
2026-10-01,2026-10-01,收盤確認價,臺灣證券交易所 / 證券櫃檯買賣中心正式收盤；yfinance 歷史資料,只使用完整收盤日K，不使用盤中未完成K,上市,1473,台南,19.25,19.3,19.25,19.35,19.5,19.75,19.94,23.0,-5.17,0.0,False,99306,55730,1911640,1094178,0.51,False,True,68.16,一般K,,False,False,False,False,0,False,只觀察,條件不足,三角收斂突破,20.15,19.25,21.05,接近成形＋可觀察,20.55,20.15,20.55,21.17,19.55,4.9,中,-4.47,7.0,0.49,2.42,20.55,0.0,False,False,False,預備單，等待確認條件,頸線以當日前20日高點計算；收盤站上頸線 20.15 至少2%；成交量>=20日均量2倍；不可長上影；回踩須有近10日突破紀錄且不有效跌破頸線；距離頸線>5%禁止進場,45,C,等更安全位置,條件或風險不夠好，先不列入高關注。,False,2026-10-01,True,True,STOP,STOP 停止進場,接近目標,取消新進場，只保留觀察,只看續抱 / 減碼 / 停利 / 停損，不新增部位。,停止新進場，先保留現金，等待大盤止跌。,停止新進場，禁止顯示今日可進場。,False,False
2026-10-01,2026-10-01,收盤確認價,臺灣證券交易所 / 證券櫃檯買賣中心正式收盤；yfinance 歷史資料,只使用完整收盤日K，不使用盤中未完成K,上櫃,6523,達爾膚,89.5,89.6,89.0,90.02,89.85,89.77,90.07,106.85,-1.21,-1.65,False,24418,23638,2185411,2127714,0.59,False,True,36.26,紅K突破,,False,False,False,False,0,False,只觀察,條件不足,接近成形,93.0,89.0,97.0,接近成形＋可觀察,94.86,93.0,94.86,97.71,90.21,4.9,中,-3.76,7.54,0.46,2.26,94.86,0.11,False,False,False,預備單，等待確認條件,頸線以當日前20日高點計算；收盤站上頸線 93.0 至少2%；成交量>=20日均量2倍；不可長上影；回踩須有近10日突破紀錄且不有效跌破頸線；距離頸線>5%禁止進場,45,C,等更安全位置,條件或風險不夠好，先不列入高關注。,False,2026-10-01,True,True,STOP,STOP 停止進場,接近目標,取消新進場，只保留觀察,只看續抱 / 減碼 / 停利 / 停損，不新增部位。,停止新進場，先保留現金，等待大盤止跌。,停止新進場，禁止顯示今日可進場。,False,False
2026-10-01,2026-10-01,收盤確認價,臺灣證券交易所 / 證券櫃檯買賣中心正式收盤；yfinance 歷史資料,只使用完整收盤日K，不使用盤中未完成K,上櫃,4432,銘旺實,15.35,15.45,15.35,15.44,15.51,15.58,15.85,15.98,-7.81,-0.32,False,5000,22609,76750,351975,0.95,False,True,30.46,一般K,,False,False,False,False,0,False,只觀察,條件不足,接近成形,15.9,15.25,16.55,接近成形＋可觀察,16.22,15.9,16.22,16.7,15.42,4.9,中,-3.46,8.9,0.42,2.05,16.22,0.0,False,False,False,預備單，等待確認條件,頸線以當日前20日高點計算；收盤站上頸線 15.9 至少2%；成交量>=20日均量2倍；不可長上影；回踩須有近10日突破紀錄且不有效跌破頸線；距離頸線>5%禁止進場,45,C,等更安全位置,條件或風險不夠好，先不列入高關注。,False,2026-10-01,True,True,STOP,STOP 停止進場,接近目標,取消新進場，只保留觀察,只看續抱 / 減碼 / 停利 / 停損，不新增部位。,停止新進場，先保留現金，等待大盤止跌。,停止新進場，禁止顯示今日可進場。,False,False
2026-10-01,2026-10-01,收盤確認價,臺灣證券交易所 / 證券櫃檯買賣中心正式收盤；yfinance 歷史資料,只使用完整收盤日K，不使用盤中未完成K,上櫃,7718,友鋮,46.0,46.05,45.8,46.06,45.97,46.23,46.94,46.46,-1.5,0.44,False,9240,21124,425040,975464,0.81,False,True,12.74,紅K突破,,False,False,False,False,0,False,只觀察,條件不足,接近成形,47.45,45.6,49.3,接近成形＋可觀察,48.4,47.45,48.4,49.85,46.03,4.9,中,-3.06,5.15,0.38,1.86,48.4,0.11,False,False,False,預備單，等待確認條件,頸線以當日前20日高點計算；收盤站上頸線 47.45 至少2%；成交量>=20日均量2倍；不可長上影；回踩須有近10日突破紀錄且不有效跌破頸線；距離頸線>5%禁止進場,45,C,等更安全位置,條件或風險不夠好，先不列入高關注。,False,2026-10-01,True,True,STOP,STOP 停止進場,接近目標,取消新進場，只保留觀察,只看續抱 / 減碼 / 停利 / 停損，不新增部位。,停止新進場，先保留現金，等待大盤止跌。,停止新進場，禁止顯示今日可進場。,False,False
2026-10-01,2026-10-01,收盤確認價,臺灣證券交易所 / 證券櫃檯買賣中心正式收盤；yfinance 歷史資料,只使用完整收盤日K，不使用盤中未完成K,上櫃,4107,邦特,110.5,110.5,110.0,110.4,110.85,111.7,114.17,118.55,-5.56,0.0,False,19432,35247,2147236,3938870,0.42,False,True,73.79,紅K突破,,False,False,False,False,0,False,只觀察,條件不足,接近成形,114.0,110.0,118.0,接近成形＋可觀察,116.28,114.0,116.28,119.77,110.58,4.9,中,-3.07,7.92,0.3,1.48,116.28,0.0,False,False,False,預備單，等待確認條件,頸線以當日前20日高點計算；收盤站上頸線 114.0 至少2%；成交量>=20日均量2倍；不可長上影；回踩須有近10日突破紀錄且不有效跌破頸線；距離頸線>5%禁止進場,45,C,等更安全位置,條件或風險不夠好，先不列入高關注。,False,2026-10-01,True,True,STOP,STOP 停止進場,接近目標,取消新進場，只保留觀察,只看續抱 / 減碼 / 停利 / 停損，不新增部位。,停止新進場，先保留現金，等待大盤止跌。,停止新進場，禁止顯示今日可進場。,False,False
2026-10-01,2026-10-01,收盤確認價,臺灣證券交易所 / 證券櫃檯買賣中心正式收盤；yfinance 歷史資料,只使用完整收盤日K，不使用盤中未完成K,上櫃,4580,捷流閥業,82.2,82.3,80.5,81.44,81.33,81.58,80.76,81.56,0.37,0.49,False,160240,110088,13171728,9058105,1.12,False,True,17.46,紅K突破,,True,False,False,False,1,False,只觀察,趨勢多頭,接近成形,87.0,80.1,96.0,接近成形＋可觀察,88.74,87.0,88.74,91.4,84.39,4.9,中,-5.52,5.52,1.67,8.18,88.74,0.12,False,False,False,預備單，等待確認條件,頸線以當日前20日高點計算；收盤站上頸線 87.0 至少2%；成交量>=20日均量2倍；不可長上影；回踩須有近10日突破紀錄且不有效跌破頸線；距離頸線>5%禁止進場,42,C,等更安全位置,條件或風險不夠好，先不列入高關注。,False,2026-10-01,True,True,STOP,STOP 停止進場,觀察,取消新進場，只保留觀察,只看續抱 / 減碼 / 停利 / 停損，不新增部位。,停止新進場，先保留現金，等待大盤止跌。,停止新進場，禁止顯示今日可進場。,False,False
2026-10-01,2026-10-01,收盤確認價,臺灣證券交易所 / 證券櫃檯買賣中心正式收盤；yfinance 歷史資料,只使用完整收盤日K，不使用盤中未完成K,上櫃,5324,士開,12.45,12.5,12.4,12.45,12.44,12.36,12.22,11.35,3.75,0.0,False,43971,153774,547438,1897214,1.0,False,True,57.98,紅K突破,,True,False,False,False,1,False,只觀察,趨勢多頭,接近成形,13.15,12.05,14.5,接近成形＋可觀察,13.41,13.15,13.41,13.82,12.76,4.9,中,-5.32,5.32,1.65,8.1,13.41,0.4,False,False,False,預備單，等待確認條件,頸線以當日前20日高點計算；收盤站上頸線 13.15 至少2%；成交量>=20日均量2倍；不可長上影；回踩須有近10日突破紀錄且不有效跌破頸線；距離頸線>5%禁止進場,42,C,等更安全位置,條件或風險不夠好，先不列入高關注。,False,2026-10-01,True,True,STOP,STOP 停止進場,觀察,取消新進場，只保留觀察,只看續抱 / 減碼 / 停利 / 停損，不新增部位。,停止新進場，先保留現金，等待大盤止跌。,停止新進場，禁止顯示今日可進場。,False,False
2026-10-01,2026-10-01,收盤確認價,臺灣證券交易所 / 證券櫃檯買賣中心正式收盤；yfinance 歷史資料,只使用完整收盤日K，不使用盤中未完成K,上櫃,3188,鑫龍騰,23.2,23.55,23.2,23.39,23.57,23.86,23.7,27.0,-2.11,-0.43,False,98680,123508,2289376,2964120,0.94,False,True,8.66,一般K,,False,False,False,False,0,False,只觀察,條件不足,接近成形,25.1,23.3,28.05,接近成形＋可觀察,25.6,25.1,25.6,26.37,24.35,4.9,中,-7.57,7.57,1.95,9.56,25.6,0.0,False,False,False,預備單，等待確認條件,頸線以當日前20日高點計算；收盤站上頸線 25.1 至少2%；成交量>=20日均量2倍；不可長上影；回踩須有近10日突破紀錄且不有效跌破頸線；距離頸線>5%禁止進場,42,C,等更安全位置,條件或風險不夠好，先不列入高關注。,False,2026-10-01,True,True,STOP,STOP 停止進場,觀察,取消新進場，只保留觀察,只看續抱 / 減碼 / 停利 / 停損，不新增部位。,停止新進場，先保留現金，等待大盤止跌。,停止新進場，禁止顯示今日可進場。,False,False
2026-10-01,2026-10-01,收盤確認價,臺灣證券交易所 / 證券櫃檯買賣中心正式收盤；yfinance 歷史資料,只使用完整收盤日K，不使用盤中未完成K,上櫃,5487,通泰,28.7,28.75,28.5,28.71,29.18,29.19,28.93,28.87,0.35,0.35,False,17041,51250,489076,1489088,1.79,False,True,22.24,紅K突破,,False,False,False,False,0,False,只觀察,條件不足,接近成形,30.4,28.0,33.8,接近成形＋可觀察,31.01,30.4,31.01,31.94,29.49,4.9,中,-5.59,8.01,1.84,9.0,31.01,0.17,False,False,False,預備單，等待確認條件,頸線以當日前20日高點計算；收盤站上頸線 30.4 至少2%；成交量>=20日均量2倍；不可長上影；回踩須有近10日突破紀錄且不有效跌破頸線；距離頸線>5%禁止進場,42,C,等更安全位置,條件或風險不夠好，先不列入高關注。,False,2026-10-01,True,True,STOP,STOP 停止進場,觀察,取消新進場，只保留觀察,只看續抱 / 減碼 / 停利 / 停損，不新增部位。,停止新進場，先保留現金，等待大盤止跌。,停止新進場，禁止顯示今日可進場。,False,False
2026-10-01,2026-10-01,收盤確認價,臺灣證券交易所 / 證券櫃檯買賣中心正式收盤；yfinance 歷史資料,只使用完整收盤日K，不使用盤中未完成K,上市,1521,大億,25.8,25.9,25.65,25.74,25.52,25.39,25.46,25.35,-1.15,0.78,False,5274,37795,136069,972094,1.65,False,True,48.46,一般K,,False,False,False,False,0,False,只觀察,條件不足,接近成形,27.3,24.3,30.3,接近成形＋可觀察,27.85,27.3,27.85,28.68,26.48,4.9,中,-5.49,5.49,1.8,8.81,27.85,0.19,False,False,False,預備單，等待確認條件,頸線以當日前20日高點計算；收盤站上頸線 27.3 至少2%；成交量>=20日均量2倍；不可長上影；回踩須有近10日突破紀錄且不有效跌破頸線；距離頸線>5%禁止進場,42,C,等更安全位置,條件或風險不夠好，先不列入高關注。,False,2026-10-01,True,True,STOP,STOP 停止進場,觀察,取消新進場，只保留觀察,只看續抱 / 減碼 / 停利 / 停損，不新增部位。,停止新進場，先保留現金，等待大盤止跌。,停止新進場，禁止顯示今日可進場。,False,False
2026-10-01,2026-10-01,收盤確認價,臺灣證券交易所 / 證券櫃檯買賣中心正式收盤；yfinance 歷史資料,只使用完整收盤日K，不使用盤中未完成K,上櫃,3158,嘉實,84.5,85.9,84.3,85.1,85.53,85.04,83.64,91.95,1.81,-0.47,False,29883,16450,2525113,1421373,1.52,False,True,75.86,一般K,,False,False,False,False,0,False,只觀察,條件不足,三角收斂突破,90.5,83.3,99.9,接近成形＋可觀察,92.31,90.5,92.31,95.08,87.78,4.9,中,-6.63,6.63,1.68,8.22,92.31,0.0,False,False,False,預備單，等待確認條件,頸線以當日前20日高點計算；收盤站上頸線 90.5 至少2%；成交量>=20日均量2倍；不可長上影；回踩須有近10日突破紀錄且不有效跌破頸線；距離頸線>5%禁止進場,42,C,等更安全位置,條件或風險不夠好，先不列入高關注。,False,2026-10-01,True,True,STOP,STOP 停止進場,觀察,取消新進場，只保留觀察,只看續抱 / 減碼 / 停利 / 停損，不新增部位。,停止新進場，先保留現金，等待大盤止跌。,停止新進場，禁止顯示今日可進場。,False,False
2026-10-01,2026-10-01,收盤確認價,臺灣證券交易所 / 證券櫃檯買賣中心正式收盤；yfinance 歷史資料,只使用完整收盤日K，不使用盤中未完成K,上市,1215,卜蜂,105.5,105.5,104.5,105.4,106.2,107.9,108.47,131.03,-5.38,0.48,False,322122,649466,33983871,69889293,1.27,False,True,18.21,紅K突破,,False,False,False,False,0,False,只觀察,條件不足,接近成形,112.0,104.0,123.5,接近成形＋可觀察,114.24,112.0,114.24,117.67,108.64,4.9,中,-5.8,7.05,1.65,8.11,114.24,0.0,False,False,False,預備單，等待確認條件,頸線以當日前20日高點計算；收盤站上頸線 112.0 至少2%；成交量>=20日均量2倍；不可長上影；回踩須有近10日突破紀錄且不有效跌破頸線；距離頸線>5%禁止進場,42,C,等更安全位置,條件或風險不夠好，先不列入高關注。,False,2026-10-01,True,True,STOP,STOP 停止進場,觀察,取消新進場，只保留觀察,只看續抱 / 減碼 / 停利 / 停損，不新增部位。,停止新進場，先保留現金，等待大盤止跌。,停止新進場，禁止顯示今日可進場。,False,False
2026-10-01,2026-10-01,收盤確認價,臺灣證券交易所 / 證券櫃檯買賣中心正式收盤；yfinance 歷史資料,只使用完整收盤日K，不使用盤中未完成K,上櫃,7782,光速火箭,25.15,25.15,25.15,25.19,25.39,25.66,25.94,28.17,-6.68,-0.4,False,1000,6351,25150,163903,1.05,False,True,11.01,資料不足,,False,False,False,False,0,False,只觀察,條件不足,接近成形,27.25,24.5,30.0,接近成形＋可觀察,27.8,27.25,27.8,28.63,26.43,4.9,中,-7.71,9.86,1.62,7.93,27.8,0.0,False,False,False,預備單，等待確認條件,頸線以當日前20日高點計算；收盤站上頸線 27.25 至少2%；成交量>=20日均量2倍；不可長上影；回踩須有近10日突破紀錄且不有效跌破頸線；距離頸線>5%禁止進場,42,C,等更安全位置,條件或風險不夠好，先不列入高關注。,False,2026-10-01,True,True,STOP,STOP 停止進場,觀察,取消新進場，只保留觀察,只看續抱 / 減碼 / 停利 / 停損，不新增部位。,停止新進場，先保留現金，等待大盤止跌。,停止新進場，禁止顯示今日可進場。,False,False
2026-10-01,2026-10-01,收盤確認價,臺灣證券交易所 / 證券櫃檯買賣中心正式收盤；yfinance 歷史資料,只使用完整收盤日K，不使用盤中未完成K,上櫃,3218,大學光,134.0,135.5,133.5,134.1,134.0,135.3,137.09,139.19,-4.96,-0.74,False,93827,131196,12572818,17770634,0.88,False,True,30.79,一般K,,False,False,False,False,0,False,只觀察,條件不足,接近成形,145.0,132.5,159.5,接近成形＋可觀察,147.9,145.0,147.9,152.34,140.65,4.9,中,-7.59,8.84,1.6,7.84,147.9,0.37,False,False,False,預備單，等待確認條件,頸線以當日前20日高點計算；收盤站上頸線 145.0 至少2%；成交量>=20日均量2倍；不可長上影；回踩須有近10日突破紀錄且不有效跌破頸線；距離頸線>5%禁止進場,42,C,等更安全位置,條件或風險不夠好，先不列入高關注。,False,2026-10-01,True,True,STOP,STOP 停止進場,觀察,取消新進場，只保留觀察,只看續抱 / 減碼 / 停利 / 停損，不新增部位。,停止新進場，先保留現金，等待大盤止跌。,停止新進場，禁止顯示今日可進場。,False,False
2026-10-01,2026-10-01,收盤確認價,臺灣證券交易所 / 證券櫃檯買賣中心正式收盤；yfinance 歷史資料,只使用完整收盤日K，不使用盤中未完成K,上市,1733,五鼎,29.85,29.9,29.5,29.85,30.05,30.68,31.26,30.61,-0.17,0.84,False,79199,109152,2364090,3371898,1.12,False,True,57.0,紅K突破,,False,False,False,False,0,False,只觀察,條件不足,接近成形,32.5,29.3,35.7,接近成形＋可觀察,33.15,32.5,33.15,34.14,31.52,4.9,中,-8.15,9.82,1.57,7.69,33.15,0.17,False,False,False,預備單，等待確認條件,頸線以當日前20日高點計算；收盤站上頸線 32.5 至少2%；成交量>=20日均量2倍；不可長上影；回踩須有近10日突破紀錄且不有效跌破頸線；距離頸線>5%禁止進場,42,C,等更安全位置,條件或風險不夠好，先不列入高關注。,False,2026-10-01,True,True,STOP,STOP 停止進場,觀察,取消新進場，只保留觀察,只看續抱 / 減碼 / 停利 / 停損，不新增部位。,停止新進場，先保留現金，等待大盤止跌。,停止新進場，禁止顯示今日可進場。,False,False
2026-10-01,2026-10-01,收盤確認價,臺灣證券交易所 / 證券櫃檯買賣中心正式收盤；yfinance 歷史資料,只使用完整收盤日K，不使用盤中未完成K,上市,1783,和康生,37.35,37.35,36.9,36.91,36.67,37.12,39.26,41.57,-8.23,0.27,False,43420,59779,1621737,2221947,0.86,False,True,59.17,紅K突破,,False,False,False,False,0,False,只觀察,條件不足,接近成形,39.95,36.1,43.8,接近成形＋可觀察,40.75,39.95,40.75,41.97,38.75,4.9,中,-6.51,10.0,1.53,7.49,40.75,0.0,False,False,False,預備單，等待確認條件,頸線以當日前20日高點計算；收盤站上頸線 39.95 至少2%；成交量>=20日均量2倍；不可長上影；回踩須有近10日突破紀錄且不有效跌破頸線；距離頸線>5%禁止進場,42,C,等更安全位置,條件或風險不夠好，先不列入高關注。,False,2026-10-01,True,True,STOP,STOP 停止進場,觀察,取消新進場，只保留觀察,只看續抱 / 減碼 / 停利 / 停損，不新增部位。,停止新進場，先保留現金，等待大盤止跌。,停止新進場，禁止顯示今日可進場。,False,False
2026-10-01,2026-10-01,收盤確認價,臺灣證券交易所 / 證券櫃檯買賣中心正式收盤；yfinance 歷史資料,只使用完整收盤日K，不使用盤中未完成K,上櫃,4502,健信,15.8,15.8,15.6,15.76,15.74,15.72,15.71,15.9,0.32,-0.63,False,11036,24281,174368,381789,0.43,False,True,52.41,紅K突破,,False,False,False,False,0,False,只觀察,條件不足,接近成形,16.65,15.4,18.25,接近成形＋可觀察,16.98,16.65,16.98,17.49,16.15,4.9,中,-5.11,5.11,1.52,7.46,16.98,0.0,False,False,False,預備單，等待確認條件,頸線以當日前20日高點計算；收盤站上頸線 16.65 至少2%；成交量>=20日均量2倍；不可長上影；回踩須有近10日突破紀錄且不有效跌破頸線；距離頸線>5%禁止進場,42,C,等更安全位置,條件或風險不夠好，先不列入高關注。,False,2026-10-01,True,True,STOP,STOP 停止進場,觀察,取消新進場，只保留觀察,只看續抱 / 減碼 / 停利 / 停損，不新增部位。,停止新進場，先保留現金，等待大盤止跌。,停止新進場，禁止顯示今日可進場。,False,False
2026-10-01,2026-10-01,收盤確認價,臺灣證券交易所 / 證券櫃檯買賣中心正式收盤；yfinance 歷史資料,只使用完整收盤日K，不使用盤中未完成K,上櫃,6182,合晶,130.0,139.5,127.5,124.0,119.25,113.58,118.6,65.67,-18.75,-2.26,False,181249653,64546977,23562454890,7628805278,4.1,True,True,31.06,長黑,,False,True,False,False,1,False,C級：已漲遠或接近目標，禁止追高,量能放大,旗型整理突破,125.0,107.9,167.9,突破第一根,127.5,125.0,127.5,131.33,121.25,6.73,低,4.0,33.16,4.33,29.15,130.0,2.69,True,False,True,距離頸線或前高過遠，禁止追高,頸線以當日前20日高點計算；收盤站上頸線 125.0 至少2%；成交量>=20日均量2倍；不可長上影；回踩須有近10日突破紀錄且不有效跌破頸線；距離頸線>5%禁止進場,40,C,禁止追高,已漲遠或接近目標，空手不追；持有者依策略分批處理。,False,2026-10-01,True,True,STOP,STOP 停止進場,突破買點,取消新進場，只保留觀察,只看續抱 / 減碼 / 停利 / 停損，不新增部位。,停止新進場，先保留現金，等待大盤止跌。,停止新進場，禁止顯示今日可進場。,False,False
2026-10-01,2026-10-01,收盤確認價,臺灣證券交易所 / 證券櫃檯買賣中心正式收盤；yfinance 歷史資料,只使用完整收盤日K，不使用盤中未完成K,上櫃,3537,堡達,58.6,58.6,54.0,54.12,53.6,53.5,55.24,53.3,-12.41,9.94,True,1661854,277477,97384644,15298166,2.97,False,True,27.25,紅K突破,,False,True,False,False,1,False,C級：已漲遠或接近目標，禁止追高,量能放大,箱型突破,57.0,51.1,70.45,突破第一根,58.14,57.0,58.14,59.88,55.29,5.65,低,2.81,17.23,3.58,20.22,58.6,0.0,False,False,True,距離頸線或前高過遠，禁止追高,頸線以當日前20日高點計算；收盤站上頸線 57.0 至少2%；成交量>=20日均量2倍；不可長上影；回踩須有近10日突破紀錄且不有效跌破頸線；距離頸線>5%禁止進場,40,C,禁止追高,已漲遠或接近目標，空手不追；持有者依策略分批處理。,False,2026-10-01,True,True,STOP,STOP 停止進場,突破買點,取消新進場，只保留觀察,只看續抱 / 減碼 / 停利 / 停損，不新增部位。,停止新進場，先保留現金，等待大盤止跌。,停止新進場，禁止顯示今日可進場。,False,False
2026-10-01,2026-10-01,收盤確認價,臺灣證券交易所 / 證券櫃檯買賣中心正式收盤；yfinance 歷史資料,只使用完整收盤日K，不使用盤中未完成K,上櫃,3615,安可,43.25,45.8,43.2,41.38,38.93,37.11,38.01,33.69,-9.71,-5.57,False,7169983,1260705,310101764,50718749,4.22,True,True,35.43,長黑,,False,True,False,False,1,False,C級：已漲遠或接近目標，禁止追高,量能放大,旗型整理突破,41.65,35.26,53.1,突破第一根,42.48,41.65,42.48,43.76,40.4,6.59,低,3.84,16.51,3.46,22.77,43.25,0.0,True,False,True,距離頸線或前高過遠，禁止追高,頸線以當日前20日高點計算；收盤站上頸線 41.65 至少2%；成交量>=20日均量2倍；不可長上影；回踩須有近10日突破紀錄且不有效跌破頸線；距離頸線>5%禁止進場,40,C,禁止追高,已漲遠或接近目標，空手不追；持有者依策略分批處理。,False,2026-10-01,True,True,STOP,STOP 停止進場,突破買點,取消新進場，只保留觀察,只看續抱 / 減碼 / 停利 / 停損，不新增部位。,停止新進場，先保留現金，等待大盤止跌。,停止新進場，禁止顯示今日可進場。,False,False
2026-10-01,2026-10-01,收盤確認價,臺灣證券交易所 / 證券櫃檯買賣中心正式收盤；yfinance 歷史資料,只使用完整收盤日K，不使用盤中未完成K,上櫃,8182,加高,44.25,45.0,41.45,41.55,40.41,39.46,40.69,34.46,-17.29,6.88,False,3733601,778115,165211844,31775455,2.51,True,True,30.6,紅K突破,,False,True,False,False,1,False,C級：已漲遠或接近目標，禁止追高,量能放大,三角收斂突破,42.6,37.49,51.7,突破第一根,43.45,42.6,43.45,44.76,41.32,6.62,低,3.87,21.96,2.54,16.84,44.25,1.69,False,False,True,距離頸線或前高過遠，禁止追高,頸線以當日前20日高點計算；收盤站上頸線 42.6 至少2%；成交量>=20日均量2倍；不可長上影；回踩須有近10日突破紀錄且不有效跌破頸線；距離頸線>5%禁止進場,40,C,禁止追高,已漲遠或接近目標，空手不追；持有者依策略分批處理。,False,2026-10-01,True,True,STOP,STOP 停止進場,突破買點,取消新進場，只保留觀察,只看續抱 / 減碼 / 停利 / 停損，不新增部位。,停止新進場，先保留現金，等待大盤止跌。,停止新進場，禁止顯示今日可進場。,False,False
2026-10-01,2026-10-01,收盤確認價,臺灣證券交易所 / 證券櫃檯買賣中心正式收盤；yfinance 歷史資料,只使用完整收盤日K，不使用盤中未完成K,上櫃,6234,高僑,39.55,40.75,39.25,38.85,38.36,36.42,36.52,33.6,-13.36,-0.5,False,1206439,782559,47714662,30329060,4.51,False,True,29.57,一般K,,False,False,False,False,0,False,C級：已漲遠或接近目標，禁止追高,條件不足,旗型整理突破,38.5,34.6,48.2,回踩頸線不破,39.27,38.5,39.27,40.45,37.34,5.58,低,2.73,18.29,3.92,21.87,39.55,2.15,True,False,True,距離頸線或前高過遠，禁止追高,頸線以當日前20日高點計算；收盤站上頸線 38.5 至少2%；成交量>=20日均量2倍；不可長上影；回踩須有近10日突破紀錄且不有效跌破頸線；距離頸線>5%禁止進場,40,C,禁止追高,已漲遠或接近目標，空手不追；持有者依策略分批處理。,False,2026-10-01,True,True,STOP,STOP 停止進場,回踩買點,取消新進場，只保留觀察,只看續抱 / 減碼 / 停利 / 停損，不新增部位。,停止新進場，先保留現金，等待大盤止跌。,停止新進場，禁止顯示今日可進場。,False,False
2026-10-01,2026-10-01,收盤確認價,臺灣證券交易所 / 證券櫃檯買賣中心正式收盤；yfinance 歷史資料,只使用完整收盤日K，不使用盤中未完成K,上市,2105,正新,30.55,30.85,30.5,30.3,30.16,30.37,31.1,31.41,-5.12,-0.33,False,3575667,3673409,109236626,111375932,0.68,True,True,31.7,一般K,,False,False,False,False,0,False,C級：已漲遠或接近目標，禁止追高,條件不足,箱型突破,31.15,29.8,32.5,接近成形＋可觀察,31.77,31.15,31.77,32.73,30.22,4.9,低,-1.93,11.71,0.47,2.29,31.77,0.82,False,False,True,距離頸線或前高過遠，禁止追高,頸線以當日前20日高點計算；收盤站上頸線 31.15 至少2%；成交量>=20日均量2倍；不可長上影；回踩須有近10日突破紀錄且不有效跌破頸線；距離頸線>5%禁止進場,40,C,禁止追高,已漲遠或接近目標，空手不追；持有者依策略分批處理。,False,2026-10-01,True,True,STOP,STOP 停止進場,接近目標,取消新進場，只保留觀察,只看續抱 / 減碼 / 停利 / 停損，不新增部位。,停止新進場，先保留現金，等待大盤止跌。,停止新進場，禁止顯示今日可進場。,False,False
2026-10-01,2026-10-01,收盤確認價,臺灣證券交易所 / 證券櫃檯買賣中心正式收盤；yfinance 歷史資料,只使用完整收盤日K，不使用盤中未完成K,上市,1210,大成,51.7,52.0,51.5,51.9,52.03,52.05,54.04,53.12,-9.14,-0.58,False,990702,991497,51219293,51612311,0.63,True,True,22.45,一般K,,False,False,False,False,0,False,C級：已漲遠或接近目標，禁止追高,條件不足,接近成形,52.8,51.4,54.2,接近成形＋可觀察,53.86,52.8,53.86,55.47,51.22,4.9,低,-2.08,12.67,0.13,0.64,53.86,0.39,False,True,True,接近目標區，只給持有者分批停利參考，空手不追高,頸線以當日前20日高點計算；收盤站上頸線 52.8 至少2%；成交量>=20日均量2倍；不可長上影；回踩須有近10日突破紀錄且不有效跌破頸線；距離頸線>5%禁止進場,40,C,禁止追高,已漲遠或接近目標，空手不追；持有者依策略分批處理。,False,2026-10-01,True,True,STOP,STOP 停止進場,接近目標,取消新進場，只保留觀察,只看續抱 / 減碼 / 停利 / 停損，不新增部位。,停止新進場，先保留現金，等待大盤止跌。,停止新進場，禁止顯示今日可進場。,False,False
2026-10-01,2026-10-01,收盤確認價,臺灣證券交易所 / 證券櫃檯買賣中心正式收盤；yfinance 歷史資料,只使用完整收盤日K，不使用盤中未完成K,上櫃,3558,神準,129.0,129.5,124.0,124.6,123.6,121.92,126.62,129.85,-5.84,3.2,False,218404,78635,28174116,9652490,1.92,False,True,16.18,紅K突破,,False,True,False,False,1,False,C級：已漲遠或接近目標，禁止追高,量能放大,箱型突破,129.5,116.5,145.0,接近成形＋可觀察,132.09,129.5,132.09,136.05,125.61,4.9,低,-0.39,11.95,1.99,9.77,132.09,0.39,False,False,True,距離頸線或前高過遠，禁止追高,頸線以當日前20日高點計算；收盤站上頸線 129.5 至少2%；成交量>=20日均量2倍；不可長上影；回踩須有近10日突破紀錄且不有效跌破頸線；距離頸線>5%禁止進場,37,C,禁止追高,已漲遠或接近目標，空手不追；持有者依策略分批處理。,False,2026-10-01,True,True,STOP,STOP 停止進場,觀察,取消新進場，只保留觀察,只看續抱 / 減碼 / 停利 / 停損，不新增部位。,停止新進場，先保留現金，等待大盤止跌。,停止新進場，禁止顯示今日可進場。,False,False
2026-10-01,2026-10-01,收盤確認價,臺灣證券交易所 / 證券櫃檯買賣中心正式收盤；yfinance 歷史資料,只使用完整收盤日K，不使用盤中未完成K,上市,1776,展宇,18.05,18.35,17.8,18.12,18.23,17.79,17.58,16.56,-9.07,-0.55,False,29014,47298,523702,850336,1.05,False,True,54.85,一般K,,True,False,False,False,1,False,C級：已漲遠或接近目標，禁止追高,趨勢多頭,箱型突破,17.85,16.95,19.7,接近成形＋可觀察,18.21,17.85,18.21,18.75,17.31,4.9,低,1.12,10.42,1.67,8.2,18.21,0.0,True,False,True,距離頸線或前高過遠，禁止追高,頸線以當日前20日高點計算；收盤站上頸線 17.85 至少2%；成交量>=20日均量2倍；不可長上影；回踩須有近10日突破紀錄且不有效跌破頸線；距離頸線>5%禁止進場,37,C,禁止追高,已漲遠或接近目標，空手不追；持有者依策略分批處理。,False,2026-10-01,True,True,STOP,STOP 停止進場,接近目標,取消新進場，只保留觀察,只看續抱 / 減碼 / 停利 / 停損，不新增部位。,停止新進場，先保留現金，等待大盤止跌。,停止新進場，禁止顯示今日可進場。,False,False
2026-10-01,2026-10-01,收盤確認價,臺灣證券交易所 / 證券櫃檯買賣中心正式收盤；yfinance 歷史資料,只使用完整收盤日K，不使用盤中未完成K,上櫃,4128,中天,15.15,15.45,15.1,15.04,14.83,14.74,15.04,17.44,-15.83,-1.3,False,1199642,926282,18174576,13684201,1.16,False,True,19.36,一般K,,False,False,False,False,0,False,C級：已漲遠或接近目標，禁止追高,條件不足,箱型突破,15.45,14.1,17.3,接近成形＋可觀察,15.76,15.45,15.76,16.23,14.99,4.9,低,-1.94,21.09,1.99,9.78,15.76,0.0,False,False,True,距離頸線或前高過遠，禁止追高,頸線以當日前20日高點計算；收盤站上頸線 15.45 至少2%；成交量>=20日均量2倍；不可長上影；回踩須有近10日突破紀錄且不有效跌破頸線；距離頸線>5%禁止進場,37,C,禁止追高,已漲遠或接近目標，空手不追；持有者依策略分批處理。,False,2026-10-01,True,True,STOP,STOP 停止進場,觀察,取消新進場，只保留觀察,只看續抱 / 減碼 / 停利 / 停損，不新增部位。,停止新進場，先保留現金，等待大盤止跌。,停止新進場，禁止顯示今日可進場。,False,False
2026-10-01,2026-10-01,收盤確認價,臺灣證券交易所 / 證券櫃檯買賣中心正式收盤；yfinance 歷史資料,只使用完整收盤日K，不使用盤中未完成K,上市,2332,友訊,20.15,20.6,20.15,20.27,20.03,19.53,21.27,17.2,-7.99,-2.18,False,5301945,9699476,106834191,190157563,2.53,True,True,49.25,一般K,,False,False,False,False,0,False,C級：已漲遠或接近目標，禁止追高,條件不足,接近成形,21.15,18.65,23.65,接近成形＋可觀察,21.57,21.15,21.57,22.22,20.52,4.9,低,-4.73,23.82,1.96,9.63,21.57,0.0,False,False,True,距離頸線或前高過遠，禁止追高,頸線以當日前20日高點計算；收盤站上頸線 21.15 至少2%；成交量>=20日均量2倍；不可長上影；回踩須有近10日突破紀錄且不有效跌破頸線；距離頸線>5%禁止進場,37,C,禁止追高,已漲遠或接近目標，空手不追；持有者依策略分批處理。,False,2026-10-01,True,True,STOP,STOP 停止進場,觀察,取消新進場，只保留觀察,只看續抱 / 減碼 / 停利 / 停損，不新增部位。,停止新進場，先保留現金，等待大盤止跌。,停止新進場，禁止顯示今日可進場。,False,False
2026-10-01,2026-10-01,收盤確認價,臺灣證券交易所 / 證券櫃檯買賣中心正式收盤；yfinance 歷史資料,只使用完整收盤日K，不使用盤中未完成K,上櫃,4534,慶騰,30.7,31.0,30.3,31.21,30.41,29.57,32.25,24.73,-6.69,-0.81,False,462907,735300,14211244,22168257,3.59,False,True,39.82,一般K,,False,False,False,False,0,False,C級：已漲遠或接近目標，禁止追高,條件不足,接近成形,30.8,28.09,34.4,接近成形＋可觀察,31.42,30.8,31.42,32.36,29.88,4.9,低,-0.32,31.01,1.94,9.5,31.42,0.16,True,False,True,距離頸線或前高過遠，禁止追高,頸線以當日前20日高點計算；收盤站上頸線 30.8 至少2%；成交量>=20日均量2倍；不可長上影；回踩須有近10日突破紀錄且不有效跌破頸線；距離頸線>5%禁止進場,37,C,禁止追高,已漲遠或接近目標，空手不追；持有者依策略分批處理。,False,2026-10-01,True,True,STOP,STOP 停止進場,觀察,取消新進場，只保留觀察,只看續抱 / 減碼 / 停利 / 停損，不新增部位。,停止新進場，先保留現金，等待大盤止跌。,停止新進場，禁止顯示今日可進場。,False,False
2026-10-01,2026-10-01,收盤確認價,臺灣證券交易所 / 證券櫃檯買賣中心正式收盤；yfinance 歷史資料,只使用完整收盤日K，不使用盤中未完成K,上市,2314,台揚,11.5,11.8,11.3,11.16,11.02,11.06,11.75,17.32,-15.44,2.68,False,212224,113456,2440576,1250918,3.23,False,True,22.85,一般K,,False,False,False,False,0,False,C級：已漲遠或接近目標，禁止追高,條件不足,箱型突破,11.7,10.51,13.05,接近成形＋可觀察,11.93,11.7,11.93,12.29,11.35,4.9,低,-1.71,17.86,1.91,9.35,11.93,2.61,False,False,True,距離頸線或前高過遠，禁止追高,頸線以當日前20日高點計算；收盤站上頸線 11.7 至少2%；成交量>=20日均量2倍；不可長上影；回踩須有近10日突破紀錄且不有效跌破頸線；距離頸線>5%禁止進場,37,C,禁止追高,已漲遠或接近目標，空手不追；持有者依策略分批處理。,False,2026-10-01,True,True,STOP,STOP 停止進場,觀察,取消新進場，只保留觀察,只看續抱 / 減碼 / 停利 / 停損，不新增部位。,停止新進場，先保留現金，等待大盤止跌。,停止新進場，禁止顯示今日可進場。,False,False
2026-10-01,2026-10-01,收盤確認價,臺灣證券交易所 / 證券櫃檯買賣中心正式收盤；yfinance 歷史資料,只使用完整收盤日K，不使用盤中未完成K,上市,2248,華勝-KY,61.4,61.9,61.4,61.42,61.15,60.8,60.93,53.68,5.5,0.16,False,5702,42835,350102,2602465,1.0,False,True,22.16,一般K,,False,False,False,False,0,False,C級：已漲遠或接近目標，禁止追高,條件不足,旗型整理突破,62.8,58.9,69.8,接近成形＋可觀察,64.06,62.8,64.06,65.98,60.92,4.9,低,-2.23,13.28,1.83,8.97,64.06,0.0,False,False,True,距離頸線或前高過遠，禁止追高,頸線以當日前20日高點計算；收盤站上頸線 62.8 至少2%；成交量>=20日均量2倍；不可長上影；回踩須有近10日突破紀錄且不有效跌破頸線；距離頸線>5%禁止進場,37,C,禁止追高,已漲遠或接近目標，空手不追；持有者依策略分批處理。,False,2026-10-01,True,True,STOP,STOP 停止進場,觀察,取消新進場，只保留觀察,只看續抱 / 減碼 / 停利 / 停損，不新增部位。,停止新進場，先保留現金，等待大盤止跌。,停止新進場，禁止顯示今日可進場。,False,False
2026-10-01,2026-10-01,收盤確認價,臺灣證券交易所 / 證券櫃檯買賣中心正式收盤；yfinance 歷史資料,只使用完整收盤日K，不使用盤中未完成K,上櫃,3360,尚立,15.25,15.55,15.2,15.16,14.98,14.82,16.35,14.95,-20.78,-0.65,False,210341,272807,3207700,4042897,1.43,False,True,34.41,一般K,,False,False,False,False,0,False,C級：已漲遠或接近目標，禁止追高,條件不足,接近成形,15.65,14.08,17.3,接近成形＋可觀察,15.96,15.65,15.96,16.44,15.18,4.9,低,-2.56,35.11,1.71,8.38,15.96,1.97,False,False,True,距離頸線或前高過遠，禁止追高,頸線以當日前20日高點計算；收盤站上頸線 15.65 至少2%；成交量>=20日均量2倍；不可長上影；回踩須有近10日突破紀錄且不有效跌破頸線；距離頸線>5%禁止進場,37,C,禁止追高,已漲遠或接近目標，空手不追；持有者依策略分批處理。,False,2026-10-01,True,True,STOP,STOP 停止進場,觀察,取消新進場，只保留觀察,只看續抱 / 減碼 / 停利 / 停損，不新增部位。,停止新進場，先保留現金，等待大盤止跌。,停止新進場，禁止顯示今日可進場。,False,False
2026-10-01,2026-10-01,收盤確認價,臺灣證券交易所 / 證券櫃檯買賣中心正式收盤；yfinance 歷史資料,只使用完整收盤日K，不使用盤中未完成K,上櫃,1295,生合,47.8,47.8,46.85,46.95,45.8,45.55,46.72,68.43,-2.45,0.84,False,20572,24185,983341,1110176,1.04,False,True,34.71,紅K突破,,False,False,False,False,0,False,C級：已漲遠或接近目標，禁止追高,條件不足,接近成形,49.25,44.05,54.45,接近成形＋可觀察,50.23,49.25,50.23,51.74,47.77,4.9,低,-2.94,11.97,1.71,8.39,50.23,0.0,False,False,True,距離頸線或前高過遠，禁止追高,頸線以當日前20日高點計算；收盤站上頸線 49.25 至少2%；成交量>=20日均量2倍；不可長上影；回踩須有近10日突破紀錄且不有效跌破頸線；距離頸線>5%禁止進場,37,C,禁止追高,已漲遠或接近目標，空手不追；持有者依策略分批處理。,False,2026-10-01,True,True,STOP,STOP 停止進場,觀察,取消新進場，只保留觀察,只看續抱 / 減碼 / 停利 / 停損，不新增部位。,停止新進場，先保留現金，等待大盤止跌。,停止新進場，禁止顯示今日可進場。,False,False
2026-10-01,2026-10-01,收盤確認價,臺灣證券交易所 / 證券櫃檯買賣中心正式收盤；yfinance 歷史資料,只使用完整收盤日K，不使用盤中未完成K,上櫃,3709,鑫聯大投控,65.9,66.8,65.5,64.3,63.77,63.65,69.6,66.79,-9.97,1.07,False,508932,332138,33538618,21127674,1.88,False,True,45.1,一般K,,False,False,False,False,0,False,C級：已漲遠或接近目標，禁止追高,條件不足,三角收斂突破,67.6,60.5,74.7,接近成形＋可觀察,68.95,67.6,68.95,71.02,65.57,4.9,低,-2.51,21.55,1.7,8.34,68.95,0.61,False,False,True,距離頸線或前高過遠，禁止追高,頸線以當日前20日高點計算；收盤站上頸線 67.6 至少2%；成交量>=20日均量2倍；不可長上影；回踩須有近10日突破紀錄且不有效跌破頸線；距離頸線>5%禁止進場,37,C,禁止追高,已漲遠或接近目標，空手不追；持有者依策略分批處理。,False,2026-10-01,True,True,STOP,STOP 停止進場,觀察,取消新進場，只保留觀察,只看續抱 / 減碼 / 停利 / 停損，不新增部位。,停止新進場，先保留現金，等待大盤止跌。,停止新進場，禁止顯示今日可進場。,False,False
2026-10-01,2026-10-01,收盤確認價,臺灣證券交易所 / 證券櫃檯買賣中心正式收盤；yfinance 歷史資料,只使用完整收盤日K，不使用盤中未完成K,上櫃,6556,勝品,61.6,62.1,60.7,61.74,61.55,61.31,62.92,67.95,-14.44,-0.81,False,7070,6013,435512,368586,0.7,False,True,25.95,紅K突破,,False,False,False,False,0,False,C級：已漲遠或接近目標，禁止追高,條件不足,箱型突破,62.2,59.5,68.4,接近成形＋可觀察,63.44,62.2,63.44,65.35,60.33,4.9,低,-0.96,14.44,1.59,7.81,63.44,0.81,False,False,True,距離頸線或前高過遠，禁止追高,頸線以當日前20日高點計算；收盤站上頸線 62.2 至少2%；成交量>=20日均量2倍；不可長上影；回踩須有近10日突破紀錄且不有效跌破頸線；距離頸線>5%禁止進場,37,C,禁止追高,已漲遠或接近目標，空手不追；持有者依策略分批處理。,False,2026-10-01,True,True,STOP,STOP 停止進場,接近目標,取消新進場，只保留觀察,只看續抱 / 減碼 / 停利 / 停損，不新增部位。,停止新進場，先保留現金，等待大盤止跌。,停止新進場，禁止顯示今日可進場。,False,False
2026-10-01,2026-10-01,收盤確認價,臺灣證券交易所 / 證券櫃檯買賣中心正式收盤；yfinance 歷史資料,只使用完整收盤日K，不使用盤中未完成K,上櫃,6560,欣普羅,32.6,32.8,32.3,32.61,33.39,32.14,32.54,38.43,-13.53,1.24,False,28899,39676,942107,1316989,2.78,False,True,43.59,紅K突破,,False,False,False,False,0,False,C級：已漲遠或接近目標，禁止追高,條件不足,接近成形,32.75,30.54,36.0,接近成形＋可觀察,33.41,32.75,33.41,34.41,31.77,4.9,低,-0.46,14.88,1.58,7.77,33.41,0.61,True,False,True,距離頸線或前高過遠，禁止追高,頸線以當日前20日高點計算；收盤站上頸線 32.75 至少2%；成交量>=20日均量2倍；不可長上影；回踩須有近10日突破紀錄且不有效跌破頸線；距離頸線>5%禁止進場,37,C,禁止追高,已漲遠或接近目標，空手不追；持有者依策略分批處理。,False,2026-10-01,True,True,STOP,STOP 停止進場,接近目標,取消新進場，只保留觀察,只看續抱 / 減碼 / 停利 / 停損，不新增部位。,停止新進場，先保留現金，等待大盤止跌。,停止新進場，禁止顯示今日可進場。,False,False
2026-10-01,2026-10-01,收盤確認價,臺灣證券交易所 / 證券櫃檯買賣中心正式收盤；yfinance 歷史資料,只使用完整收盤日K，不使用盤中未完成K,上市,1325,恆大,25.7,25.9,25.7,25.72,25.7,25.73,25.96,28.02,4.9,-0.77,False,97552,154041,2507086,3974633,1.14,False,True,12.06,一般K,,False,False,False,False,0,False,C級：已漲遠或接近目標，禁止追高,條件不足,接近成形,26.45,25.1,29.0,接近成形＋可觀察,26.98,26.45,26.98,27.79,25.66,4.9,低,-2.84,12.44,1.53,7.49,26.98,0.58,False,False,True,距離頸線或前高過遠，禁止追高,頸線以當日前20日高點計算；收盤站上頸線 26.45 至少2%；成交量>=20日均量2倍；不可長上影；回踩須有近10日突破紀錄且不有效跌破頸線；距離頸線>5%禁止進場,37,C,禁止追高,已漲遠或接近目標，空手不追；持有者依策略分批處理。,False,2026-10-01,True,True,STOP,STOP 停止進場,觀察,取消新進場，只保留觀察,只看續抱 / 減碼 / 停利 / 停損，不新增部位。,停止新進場，先保留現金，等待大盤止跌。,停止新進場，禁止顯示今日可進場。,False,False
2026-10-01,2026-10-01,收盤確認價,臺灣證券交易所 / 證券櫃檯買賣中心正式收盤；yfinance 歷史資料,只使用完整收盤日K，不使用盤中未完成K,上櫃,6532,瑞耘,122.5,127.0,115.5,109.08,102.91,99.72,85.71,74.54,51.99,3.38,False,5888125,1059488,721295312,113421136,3.68,True,True,30.07,下影線,半導體設備 先進製程 設備,True,True,True,True,4,False,C級：已漲遠或接近目標，禁止追高,趨勢多頭、量能放大、題材命中、價量條件足,旗型整理突破,103.5,94.73,148.3,接近成形＋可觀察,105.57,103.5,105.57,108.74,100.39,4.9,低,18.36,3.38,8.26,40.48,105.57,3.67,True,False,True,距離頸線或前高過遠，禁止追高,頸線以當日前20日高點計算；收盤站上頸線 103.5 至少2%；成交量>=20日均量2倍；不可長上影；回踩須有近10日突破紀錄且不有效跌破頸線；距離頸線>5%禁止進場,35,C,禁止追高,已漲遠或接近目標，空手不追；持有者依策略分批處理。,False,2026-10-01,True,True,STOP,STOP 停止進場,觀察,取消新進場，只保留觀察,只看續抱 / 減碼 / 停利 / 停損，不新增部位。,停止新進場，先保留現金，等待大盤止跌。,停止新進場，禁止顯示今日可進場。,False,False
2026-10-01,2026-10-01,收盤確認價,臺灣證券交易所 / 證券櫃檯買賣中心正式收盤；yfinance 歷史資料,只使用完整收盤日K，不使用盤中未完成K,上櫃,3324,雙鴻,1525.0,1535.0,1480.0,1598.0,1533.5,1456.75,1138.45,1038.27,64.86,-0.33,False,3094783,3865241,4719544075,5719202121,5.38,True,True,27.59,下影線,光通訊 網通 低軌,True,False,True,True,3,False,C級：已漲遠或接近目標，禁止追高,趨勢多頭、題材命中、價量條件足,接近成形,1750.0,1383.91,2690.0,接近成形＋可觀察,1785.0,1750.0,1785.0,1838.55,1697.5,4.9,低,-12.86,12.86,10.34,50.7,1785.0,0.33,False,False,True,距離頸線或前高過遠，禁止追高,頸線以當日前20日高點計算；收盤站上頸線 1750.0 至少2%；成交量>=20日均量2倍；不可長上影；回踩須有近10日突破紀錄且不有效跌破頸線；距離頸線>5%禁止進場,35,C,禁止追高,已漲遠或接近目標，空手不追；持有者依策略分批處理。,False,2026-10-01,True,True,STOP,STOP 停止進場,觀察,取消新進場，只保留觀察,只看續抱 / 減碼 / 停利 / 停損，不新增部位。,停止新進場，先保留現金，等待大盤止跌。,停止新進場，禁止顯示今日可進場。,False,False
2026-10-01,2026-10-01,收盤確認價,臺灣證券交易所 / 證券櫃檯買賣中心正式收盤；yfinance 歷史資料,只使用完整收盤日K，不使用盤中未完成K,上市,2030,彰源,37.65,40.0,36.05,33.16,28.9,26.07,21.6,17.32,112.11,2.59,False,70647596,9430660,2659881989,301148661,4.44,True,True,38.21,下影線,,True,True,False,True,3,False,C級：已漲遠或接近目標，禁止追高,趨勢多頭、量能放大、價量條件足,旗型整理突破,33.4,24.76,50.2,接近成形＋可觀察,34.07,33.4,34.07,35.09,32.4,4.9,低,12.72,2.59,9.66,47.35,34.07,6.24,True,False,True,距離頸線或前高過遠，禁止追高,頸線以當日前20日高點計算；收盤站上頸線 33.4 至少2%；成交量>=20日均量2倍；不可長上影；回踩須有近10日突破紀錄且不有效跌破頸線；距離頸線>5%禁止進場,35,C,禁止追高,已漲遠或接近目標，空手不追；持有者依策略分批處理。,False,2026-10-01,True,True,STOP,STOP 停止進場,觀察,取消新進場，只保留觀察,只看續抱 / 減碼 / 停利 / 停損，不新增部位。,停止新進場，先保留現金，等待大盤止跌。,停止新進場，禁止顯示今日可進場。,False,False
2026-10-01,2026-10-01,收盤確認價,臺灣證券交易所 / 證券櫃檯買賣中心正式收盤；yfinance 歷史資料,只使用完整收盤日K，不使用盤中未完成K,上櫃,5274,信驊,19040.0,19330.0,18740.0,19460.0,19384.0,18800.5,16389.75,11568.54,36.24,1.55,False,125910,272247,2397326400,5102947645,3.73,True,True,37.5,一般K,光學 低軌 車用,True,False,True,True,3,False,C級：已漲遠或接近目標，禁止追高,趨勢多頭、題材命中、價量條件足,接近成形,21800.0,17860.47,31720.0,接近成形＋可觀察,22236.0,21800.0,22236.0,22903.08,21146.0,4.9,低,-12.66,12.66,8.7,42.65,22236.0,1.52,False,False,True,距離頸線或前高過遠，禁止追高,頸線以當日前20日高點計算；收盤站上頸線 21800.0 至少2%；成交量>=20日均量2倍；不可長上影；回踩須有近10日突破紀錄且不有效跌破頸線；距離頸線>5%禁止進場,35,C,禁止追高,已漲遠或接近目標，空手不追；持有者依策略分批處理。,False,2026-10-01,True,True,STOP,STOP 停止進場,觀察,取消新進場，只保留觀察,只看續抱 / 減碼 / 停利 / 停損，不新增部位。,停止新進場，先保留現金，等待大盤止跌。,停止新進場，禁止顯示今日可進場。,False,False
2026-10-01,2026-10-01,收盤確認價,臺灣證券交易所 / 證券櫃檯買賣中心正式收盤；yfinance 歷史資料,只使用完整收盤日K，不使用盤中未完成K,上櫃,3162,精確,87.5,92.0,86.0,80.42,77.63,74.3,69.84,66.95,4.67,2.46,False,7506043,2147285,656778762,167588817,4.19,True,True,42.89,一般K,車用 電池 電動車,True,True,True,False,3,False,C級：已漲遠或接近目標，禁止追高,趨勢多頭、量能放大、題材命中,旗型整理突破,80.9,70.58,106.8,接近成形＋可觀察,82.52,80.9,82.52,84.99,78.47,4.9,低,8.16,0.46,6.0,29.43,82.52,5.14,True,False,True,距離頸線或前高過遠，禁止追高,頸線以當日前20日高點計算；收盤站上頸線 80.9 至少2%；成交量>=20日均量2倍；不可長上影；回踩須有近10日突破紀錄且不有效跌破頸線；距離頸線>5%禁止進場,35,C,禁止追高,已漲遠或接近目標，空手不追；持有者依策略分批處理。,False,2026-10-01,True,True,STOP,STOP 停止進場,觀察,取消新進場，只保留觀察,只看續抱 / 減碼 / 停利 / 停損，不新增部位。,停止新進場，先保留現金，等待大盤止跌。,停止新進場，禁止顯示今日可進場。,False,False
2026-10-01,2026-10-01,收盤確認價,臺灣證券交易所 / 證券櫃檯買賣中心正式收盤；yfinance 歷史資料,只使用完整收盤日K，不使用盤中未完成K,上櫃,6538,倉和,369.5,370.0,351.0,378.5,388.6,356.32,226.21,116.34,197.98,3.79,False,1611810,2180260,595563795,774013071,6.56,True,True,71.04,紅K突破,,True,False,False,True,2,False,C級：已漲遠或接近目標，禁止追高,趨勢多頭、價量條件足,接近成形,468.0,338.51,827.5,接近成形＋可觀察,477.36,468.0,477.36,491.68,453.96,4.9,低,-21.05,21.05,14.96,73.35,477.36,0.14,False,False,True,距離頸線或前高過遠，禁止追高,頸線以當日前20日高點計算；收盤站上頸線 468.0 至少2%；成交量>=20日均量2倍；不可長上影；回踩須有近10日突破紀錄且不有效跌破頸線；距離頸線>5%禁止進場,35,C,禁止追高,已漲遠或接近目標，空手不追；持有者依策略分批處理。,False,2026-10-01,True,True,STOP,STOP 停止進場,觀察,取消新進場，只保留觀察,只看續抱 / 減碼 / 停利 / 停損，不新增部位。,停止新進場，先保留現金，等待大盤止跌。,停止新進場，禁止顯示今日可進場。,False,False
2026-10-01,2026-10-01,收盤確認價,臺灣證券交易所 / 證券櫃檯買賣中心正式收盤；yfinance 歷史資料,只使用完整收盤日K，不使用盤中未完成K,上櫃,3441,聯一光,202.5,202.5,189.0,186.1,185.3,165.95,113.24,59.23,192.21,9.76,True,6283248,13341263,1272357720,2205883566,5.77,True,True,67.46,紅K突破,,True,False,False,True,2,False,C級：已漲遠或接近目標，禁止追高,趨勢多頭、價量條件足,旗型整理突破,186.0,157.65,309.8,接近成形＋可觀察,189.72,186.0,189.72,195.41,180.42,4.9,低,8.87,0.75,12.91,63.29,189.72,0.0,True,False,True,距離頸線或前高過遠，禁止追高,頸線以當日前20日高點計算；收盤站上頸線 186.0 至少2%；成交量>=20日均量2倍；不可長上影；回踩須有近10日突破紀錄且不有效跌破頸線；距離頸線>5%禁止進場,35,C,禁止追高,已漲遠或接近目標，空手不追；持有者依策略分批處理。,False,2026-10-01,True,True,STOP,STOP 停止進場,觀察,取消新進場，只保留觀察,只看續抱 / 減碼 / 停利 / 停損，不新增部位。,停止新進場，先保留現金，等待大盤止跌。,停止新進場，禁止顯示今日可進場。,False,False
2026-10-01,2026-10-01,收盤確認價,臺灣證券交易所 / 證券櫃檯買賣中心正式收盤；yfinance 歷史資料,只使用完整收盤日K，不使用盤中未完成K,上櫃,6217,中探針,174.5,181.0,174.0,172.3,171.35,174.35,171.45,148.86,-31.3,-1.13,False,2672984,4442817,466435708,807174550,3.57,True,True,15.47,一般K,半導體 探針卡 AI 先進封裝,True,False,True,False,2,False,C級：已漲遠或接近目標，禁止追高,趨勢多頭、題材命中,旗型整理突破,210.5,165.63,327.4,接近成形＋可觀察,214.71,210.5,214.71,221.15,204.19,4.9,低,-17.1,33.4,10.71,52.48,214.71,2.29,False,False,True,距離頸線或前高過遠，禁止追高,頸線以當日前20日高點計算；收盤站上頸線 210.5 至少2%；成交量>=20日均量2倍；不可長上影；回踩須有近10日突破紀錄且不有效跌破頸線；距離頸線>5%禁止進場,35,C,禁止追高,已漲遠或接近目標，空手不追；持有者依策略分批處理。,False,2026-10-01,True,True,STOP,STOP 停止進場,觀察,取消新進場，只保留觀察,只看續抱 / 減碼 / 停利 / 停損，不新增部位。,停止新進場，先保留現金，等待大盤止跌。,停止新進場，禁止顯示今日可進場。,False,False
2026-10-01,2026-10-01,收盤確認價,臺灣證券交易所 / 證券櫃檯買賣中心正式收盤；yfinance 歷史資料,只使用完整收盤日K，不使用盤中未完成K,上市,2033,佳大,46.55,46.55,44.0,40.3,36.55,31.42,22.76,17.68,192.77,9.92,True,1489009,2184305,69313368,73459616,5.22,True,True,54.71,紅K突破,,True,False,False,True,2,False,C級：已漲遠或接近目標，禁止追高,趨勢多頭、價量條件足,旗型整理突破,30.85,29.85,47.25,接近成形＋可觀察,31.47,30.85,31.47,32.41,29.92,4.9,低,50.89,9.92,10.23,50.16,31.47,0.0,True,True,True,接近目標區，只給持有者分批停利參考，空手不追高,頸線以當日前20日高點計算；收盤站上頸線 30.85 至少2%；成交量>=20日均量2倍；不可長上影；回踩須有近10日突破紀錄且不有效跌破頸線；距離頸線>5%禁止進場,35,C,禁止追高,已漲遠或接近目標，空手不追；持有者依策略分批處理。,False,2026-10-01,True,True,STOP,STOP 停止進場,接近目標,取消新進場，只保留觀察,只看續抱 / 減碼 / 停利 / 停損，不新增部位。,停止新進場，先保留現金，等待大盤止跌。,停止新進場，禁止顯示今日可進場。,False,False
2026-10-01,2026-10-01,收盤確認價,臺灣證券交易所 / 證券櫃檯買賣中心正式收盤；yfinance 歷史資料,只使用完整收盤日K，不使用盤中未完成K,上櫃,6218,豪勉,62.8,63.2,61.6,62.56,61.32,53.24,41.7,31.02,83.36,1.45,False,1155717,5437810,72579027,298829073,5.22,True,True,57.81,紅K突破,,True,False,False,True,2,False,C級：已漲遠或接近目標，禁止追高,趨勢多頭、價量條件足,旗型整理突破,58.9,50.58,89.3,接近成形＋可觀察,60.08,58.9,60.08,61.88,57.13,4.9,低,6.62,8.99,9.92,48.64,60.08,0.64,True,False,True,距離頸線或前高過遠，禁止追高,頸線以當日前20日高點計算；收盤站上頸線 58.9 至少2%；成交量>=20日均量2倍；不可長上影；回踩須有近10日突破紀錄且不有效跌破頸線；距離頸線>5%禁止進場,35,C,禁止追高,已漲遠或接近目標，空手不追；持有者依策略分批處理。,False,2026-10-01,True,True,STOP,STOP 停止進場,觀察,取消新進場，只保留觀察,只看續抱 / 減碼 / 停利 / 停損，不新增部位。,停止新進場，先保留現金，等待大盤止跌。,停止新進場，禁止顯示今日可進場。,False,False
2026-10-01,2026-10-01,收盤確認價,臺灣證券交易所 / 證券櫃檯買賣中心正式收盤；yfinance 歷史資料,只使用完整收盤日K，不使用盤中未完成K,上市,1709,和益,53.2,53.2,51.6,47.48,44.77,39.83,32.36,21.57,122.13,9.92,True,28453763,27995803,1513740191,1210252412,6.24,True,True,51.49,紅K突破,,True,False,False,True,2,False,C級：已漲遠或接近目標，禁止追高,趨勢多頭、價量條件足,旗型整理突破,43.1,37.84,63.65,接近成形＋可觀察,43.96,43.1,43.96,45.28,41.81,4.9,低,23.43,5.35,9.14,44.78,43.96,0.0,True,False,True,距離頸線或前高過遠，禁止追高,頸線以當日前20日高點計算；收盤站上頸線 43.1 至少2%；成交量>=20日均量2倍；不可長上影；回踩須有近10日突破紀錄且不有效跌破頸線；距離頸線>5%禁止進場,35,C,禁止追高,已漲遠或接近目標，空手不追；持有者依策略分批處理。,False,2026-10-01,True,True,STOP,STOP 停止進場,觀察,取消新進場，只保留觀察,只看續抱 / 減碼 / 停利 / 停損，不新增部位。,停止新進場，先保留現金，等待大盤止跌。,停止新進場，禁止顯示今日可進場。,False,False
2026-10-01,2026-10-01,收盤確認價,臺灣證券交易所 / 證券櫃檯買賣中心正式收盤；yfinance 歷史資料,只使用完整收盤日K，不使用盤中未完成K,上櫃,6179,亞通,35.95,37.0,35.8,36.28,37.16,35.15,29.5,27.9,34.14,-0.96,False,3451488,12555432,124080993,459509818,5.46,True,True,47.27,一般K,,True,False,False,True,2,False,C級：已漲遠或接近目標，禁止追高,趨勢多頭、價量條件足,接近成形,41.9,33.39,61.4,接近成形＋可觀察,42.74,41.9,42.74,44.02,40.64,4.9,低,-14.2,14.2,8.91,43.67,42.74,1.67,False,False,True,距離頸線或前高過遠，禁止追高,頸線以當日前20日高點計算；收盤站上頸線 41.9 至少2%；成交量>=20日均量2倍；不可長上影；回踩須有近10日突破紀錄且不有效跌破頸線；距離頸線>5%禁止進場,35,C,禁止追高,已漲遠或接近目標，空手不追；持有者依策略分批處理。,False,2026-10-01,True,True,STOP,STOP 停止進場,觀察,取消新進場，只保留觀察,只看續抱 / 減碼 / 停利 / 停損，不新增部位。,停止新進場，先保留現金，等待大盤止跌。,停止新進場，禁止顯示今日可進場。,False,False
2026-10-01,2026-10-01,收盤確認價,臺灣證券交易所 / 證券櫃檯買賣中心正式收盤；yfinance 歷史資料,只使用完整收盤日K，不使用盤中未完成K,上櫃,3529,力旺,3245.0,3345.0,3215.0,3278.0,3058.5,2826.75,2590.0,2573.19,21.08,-1.82,False,1121071,1535606,3637875395,4438219284,5.13,True,True,41.26,一般K,散熱 AI 伺服器,True,False,True,False,2,False,C級：已漲遠或接近目標，禁止追高,趨勢多頭、題材命中,旗型整理突破,3635.0,2685.41,5275.0,接近成形＋可觀察,3707.7,3635.0,3707.7,3818.93,3525.95,4.9,低,-10.73,10.73,8.62,42.27,3707.7,1.23,False,False,True,距離頸線或前高過遠，禁止追高,頸線以當日前20日高點計算；收盤站上頸線 3635.0 至少2%；成交量>=20日均量2倍；不可長上影；回踩須有近10日突破紀錄且不有效跌破頸線；距離頸線>5%禁止進場,35,C,禁止追高,已漲遠或接近目標，空手不追；持有者依策略分批處理。,False,2026-10-01,True,True,STOP,STOP 停止進場,觀察,取消新進場，只保留觀察,只看續抱 / 減碼 / 停利 / 停損，不新增部位。,停止新進場，先保留現金，等待大盤止跌。,停止新進場，禁止顯示今日可進場。,False,False
2026-10-01,2026-10-01,收盤確認價,臺灣證券交易所 / 證券櫃檯買賣中心正式收盤；yfinance 歷史資料,只使用完整收盤日K，不使用盤中未完成K,上市,2368,金像電,1095.0,1125.0,1085.0,1116.0,1062.7,1065.45,1007.87,913.55,-4.78,-2.23,False,9076956,8509911,9939266820,9120742340,4.55,True,True,19.96,一般K,半導體 記憶體 DRAM,True,False,True,False,2,False,C級：已漲遠或接近目標，禁止追高,趨勢多頭、題材命中,旗型整理突破,1245.0,1012.18,1785.0,接近成形＋可觀察,1269.9,1245.0,1269.9,1308.0,1207.65,4.9,低,-12.05,12.05,8.27,40.56,1269.9,0.46,False,False,True,距離頸線或前高過遠，禁止追高,頸線以當日前20日高點計算；收盤站上頸線 1245.0 至少2%；成交量>=20日均量2倍；不可長上影；回踩須有近10日突破紀錄且不有效跌破頸線；距離頸線>5%禁止進場,35,C,禁止追高,已漲遠或接近目標，空手不追；持有者依策略分批處理。,False,2026-10-01,True,True,STOP,STOP 停止進場,觀察,取消新進場，只保留觀察,只看續抱 / 減碼 / 停利 / 停損，不新增部位。,停止新進場，先保留現金，等待大盤止跌。,停止新進場，禁止顯示今日可進場。,False,False
2026-10-01,2026-10-01,收盤確認價,臺灣證券交易所 / 證券櫃檯買賣中心正式收盤；yfinance 歷史資料,只使用完整收盤日K，不使用盤中未完成K,上櫃,6547,高端疫苗,62.6,62.7,61.3,61.3,60.55,61.19,54.33,45.32,31.79,0.32,False,3079579,4432616,192781645,271747795,3.26,True,True,30.85,紅K突破,,True,False,False,True,2,False,C級：已漲遠或接近目標，禁止追高,趨勢多頭、價量條件足,旗型整理突破,72.2,58.13,100.3,接近成形＋可觀察,73.64,72.2,73.64,75.85,70.03,4.9,低,-13.3,13.3,7.38,36.2,73.64,0.16,False,False,True,距離頸線或前高過遠，禁止追高,頸線以當日前20日高點計算；收盤站上頸線 72.2 至少2%；成交量>=20日均量2倍；不可長上影；回踩須有近10日突破紀錄且不有效跌破頸線；距離頸線>5%禁止進場,35,C,禁止追高,已漲遠或接近目標，空手不追；持有者依策略分批處理。,False,2026-10-01,True,True,STOP,STOP 停止進場,觀察,取消新進場，只保留觀察,只看續抱 / 減碼 / 停利 / 停損，不新增部位。,停止新進場，先保留現金，等待大盤止跌。,停止新進場，禁止顯示今日可進場。,False,False
2026-10-01,2026-10-01,收盤確認價,臺灣證券交易所 / 證券櫃檯買賣中心正式收盤；yfinance 歷史資料,只使用完整收盤日K，不使用盤中未完成K,上櫃,8299,群聯,2110.0,2165.0,2105.0,2143.0,2114.5,2070.0,2011.17,1806.0,-1.4,-1.86,False,1963298,3260076,4142558780,6811308606,3.0,True,True,23.48,一般K,IC設計 半導體,True,False,True,False,2,False,C級：已漲遠或接近目標，禁止追高,趨勢多頭、題材命中,接近成形,2350.0,1966.5,3255.0,接近成形＋可觀察,2397.0,2350.0,2397.0,2468.91,2279.5,4.9,低,-10.21,10.21,7.3,35.79,2397.0,0.0,False,False,True,距離頸線或前高過遠，禁止追高,頸線以當日前20日高點計算；收盤站上頸線 2350.0 至少2%；成交量>=20日均量2倍；不可長上影；回踩須有近10日突破紀錄且不有效跌破頸線；距離頸線>5%禁止進場,35,C,禁止追高,已漲遠或接近目標，空手不追；持有者依策略分批處理。,False,2026-10-01,True,True,STOP,STOP 停止進場,觀察,取消新進場，只保留觀察,只看續抱 / 減碼 / 停利 / 停損，不新增部位。,停止新進場，先保留現金，等待大盤止跌。,停止新進場，禁止顯示今日可進場。,False,False
2026-10-01,2026-10-01,收盤確認價,臺灣證券交易所 / 證券櫃檯買賣中心正式收盤；yfinance 歷史資料,只使用完整收盤日K，不使用盤中未完成K,上櫃,6207,雷科,145.0,158.0,139.5,134.5,124.35,117.42,114.33,80.17,10.69,-3.97,False,38259593,9826204,5547640985,1245330469,4.85,True,True,34.45,長黑,,True,True,False,False,2,False,C級：已漲遠或接近目標，禁止追高,趨勢多頭、量能放大,旗型整理突破,137.5,111.55,190.1,接近成形＋可觀察,140.25,137.5,140.25,144.46,133.38,4.9,低,5.45,8.23,7.25,35.54,140.25,3.45,True,False,True,距離頸線或前高過遠，禁止追高,頸線以當日前20日高點計算；收盤站上頸線 137.5 至少2%；成交量>=20日均量2倍；不可長上影；回踩須有近10日突破紀錄且不有效跌破頸線；距離頸線>5%禁止進場,35,C,禁止追高,已漲遠或接近目標，空手不追；持有者依策略分批處理。,False,2026-10-01,True,True,STOP,STOP 停止進場,觀察,取消新進場，只保留觀察,只看續抱 / 減碼 / 停利 / 停損，不新增部位。,停止新進場，先保留現金，等待大盤止跌。,停止新進場，禁止顯示今日可進場。,False,False
2026-10-01,2026-10-01,收盤確認價,臺灣證券交易所 / 證券櫃檯買賣中心正式收盤；yfinance 歷史資料,只使用完整收盤日K，不使用盤中未完成K,上櫃,8240,華宏,60.2,63.0,60.1,55.2,52.99,52.1,46.16,46.84,23.61,5.06,False,8494126,1874205,511346385,102406170,3.97,True,True,47.44,一般K,,True,True,False,False,2,False,C級：已漲遠或接近目標，禁止追高,趨勢多頭、量能放大,三角收斂突破,57.3,49.5,79.1,接近成形＋可觀察,58.45,57.3,58.45,60.2,55.58,4.9,低,5.06,5.06,7.21,35.34,58.45,3.65,False,False,True,距離頸線或前高過遠，禁止追高,頸線以當日前20日高點計算；收盤站上頸線 57.3 至少2%；成交量>=20日均量2倍；不可長上影；回踩須有近10日突破紀錄且不有效跌破頸線；距離頸線>5%禁止進場,35,C,禁止追高,已漲遠或接近目標，空手不追；持有者依策略分批處理。,False,2026-10-01,True,True,STOP,STOP 停止進場,觀察,取消新進場，只保留觀察,只看續抱 / 減碼 / 停利 / 停損，不新增部位。,停止新進場，先保留現金，等待大盤止跌。,停止新進場，禁止顯示今日可進場。,False,False
2026-10-01,2026-10-01,收盤確認價,臺灣證券交易所 / 證券櫃檯買賣中心正式收盤；yfinance 歷史資料,只使用完整收盤日K，不使用盤中未完成K,上市,1560,中砂,1000.0,1015.0,963.0,969.0,916.1,822.95,732.03,539.54,43.27,3.84,False,1592741,2092254,1592741000,1799662987,4.26,True,True,66.7,紅K突破,,True,False,False,True,2,False,C級：已漲遠或接近目標，禁止追高,趨勢多頭、價量條件足,旗型整理突破,916.0,781.8,1264.0,接近成形＋可觀察,934.32,916.0,934.32,962.35,888.52,4.9,低,9.17,0.81,7.2,35.29,934.32,1.5,True,False,True,距離頸線或前高過遠，禁止追高,頸線以當日前20日高點計算；收盤站上頸線 916.0 至少2%；成交量>=20日均量2倍；不可長上影；回踩須有近10日突破紀錄且不有效跌破頸線；距離頸線>5%禁止進場,35,C,禁止追高,已漲遠或接近目標，空手不追；持有者依策略分批處理。,False,2026-10-01,True,True,STOP,STOP 停止進場,觀察,取消新進場，只保留觀察,只看續抱 / 減碼 / 停利 / 停損，不新增部位。,停止新進場，先保留現金，等待大盤止跌。,停止新進場，禁止顯示今日可進場。,False,False
2026-10-01,2026-10-01,收盤確認價,臺灣證券交易所 / 證券櫃檯買賣中心正式收盤；yfinance 歷史資料,只使用完整收盤日K，不使用盤中未完成K,上櫃,6425,易發,81.3,84.3,78.4,75.64,71.87,67.28,62.32,73.02,17.66,2.91,False,5313911,1389976,432020964,102869019,4.34,True,True,33.35,一般K,,True,True,False,False,2,False,C級：已漲遠或接近目標，禁止追高,趨勢多頭、量能放大,旗型整理突破,69.8,63.91,91.1,接近成形＋可觀察,71.2,69.8,71.2,73.33,67.71,4.9,低,16.48,1.88,5.7,27.96,71.2,3.69,True,False,True,距離頸線或前高過遠，禁止追高,頸線以當日前20日高點計算；收盤站上頸線 69.8 至少2%；成交量>=20日均量2倍；不可長上影；回踩須有近10日突破紀錄且不有效跌破頸線；距離頸線>5%禁止進場,35,C,禁止追高,已漲遠或接近目標，空手不追；持有者依策略分批處理。,False,2026-10-01,True,True,STOP,STOP 停止進場,觀察,取消新進場，只保留觀察,只看續抱 / 減碼 / 停利 / 停損，不新增部位。,停止新進場，先保留現金，等待大盤止跌。,停止新進場，禁止顯示今日可進場。,False,False
2026-10-01,2026-10-01,收盤確認價,臺灣證券交易所 / 證券櫃檯買賣中心正式收盤；yfinance 歷史資料,只使用完整收盤日K，不使用盤中未完成K,上市,1617,榮星,24.8,26.45,24.4,22.17,20.48,19.23,19.17,16.49,1.43,3.12,False,9152630,1458285,226985224,32160121,3.77,True,True,39.49,下影線,,True,True,False,False,2,False,C級：已漲遠或接近目標，禁止追高,趨勢多頭、量能放大,旗型整理突破,21.9,18.27,28.3,接近成形＋可觀察,22.34,21.9,22.34,23.01,21.24,4.9,低,13.24,2.75,5.44,26.69,22.34,6.25,True,False,True,距離頸線或前高過遠，禁止追高,頸線以當日前20日高點計算；收盤站上頸線 21.9 至少2%；成交量>=20日均量2倍；不可長上影；回踩須有近10日突破紀錄且不有效跌破頸線；距離頸線>5%禁止進場,35,C,禁止追高,已漲遠或接近目標，空手不追；持有者依策略分批處理。,False,2026-10-01,True,True,STOP,STOP 停止進場,觀察,取消新進場，只保留觀察,只看續抱 / 減碼 / 停利 / 停損，不新增部位。,停止新進場，先保留現金，等待大盤止跌。,停止新進場，禁止顯示今日可進場。,False,False
2026-10-01,2026-10-01,收盤確認價,臺灣證券交易所 / 證券櫃檯買賣中心正式收盤；yfinance 歷史資料,只使用完整收盤日K，不使用盤中未完成K,上櫃,4174,浩鼎,43.1,43.1,43.1,36.6,32.42,28.95,27.62,39.38,45.61,9.95,True,1181477,1083298,50921658,33488382,4.64,True,True,46.89,資料不足,,True,False,False,True,2,False,C級：已漲遠或接近目標，禁止追高,趨勢多頭、價量條件足,接近成形,31.05,27.5,37.8,接近成形＋可觀察,31.67,31.05,31.67,32.62,30.12,4.9,低,38.81,9.95,3.95,19.35,31.67,0.0,True,True,True,接近目標區，只給持有者分批停利參考，空手不追高,頸線以當日前20日高點計算；收盤站上頸線 31.05 至少2%；成交量>=20日均量2倍；不可長上影；回踩須有近10日突破紀錄且不有效跌破頸線；距離頸線>5%禁止進場,35,C,禁止追高,已漲遠或接近目標，空手不追；持有者依策略分批處理。,False,2026-10-01,True,True,STOP,STOP 停止進場,接近目標,取消新進場，只保留觀察,只看續抱 / 減碼 / 停利 / 停損，不新增部位。,停止新進場，先保留現金，等待大盤止跌。,停止新進場，禁止顯示今日可進場。,False,False
2026-10-01,2026-10-01,收盤確認價,臺灣證券交易所 / 證券櫃檯買賣中心正式收盤；yfinance 歷史資料,只使用完整收盤日K，不使用盤中未完成K,上櫃,5314,世紀*,30.6,31.65,29.2,27.86,28.35,32.92,23.46,21.87,88.73,6.07,False,81514554,30070988,2494345352,975959982,8.26,True,True,16.26,一般K,,False,True,False,False,1,False,C級：已漲遠或接近目標，禁止追高,量能放大,旗型整理突破,46.8,31.27,82.25,接近成形＋可觀察,47.74,46.8,47.74,49.17,45.4,4.9,低,-34.62,34.62,14.75,72.29,47.74,3.43,False,False,True,距離頸線或前高過遠，禁止追高,頸線以當日前20日高點計算；收盤站上頸線 46.8 至少2%；成交量>=20日均量2倍；不可長上影；回踩須有近10日突破紀錄且不有效跌破頸線；距離頸線>5%禁止進場,35,C,禁止追高,已漲遠或接近目標，空手不追；持有者依策略分批處理。,False,2026-10-01,True,True,STOP,STOP 停止進場,觀察,取消新進場，只保留觀察,只看續抱 / 減碼 / 停利 / 停損，不新增部位。,停止新進場，先保留現金，等待大盤止跌。,停止新進場，禁止顯示今日可進場。,False,False
2026-10-01,2026-10-01,收盤確認價,臺灣證券交易所 / 證券櫃檯買賣中心正式收盤；yfinance 歷史資料,只使用完整收盤日K，不使用盤中未完成K,上櫃,2221,大甲,179.0,193.0,178.0,175.8,152.2,121.29,76.2,44.36,265.31,-9.37,False,2318151,6335224,414949029,739634887,6.28,True,True,67.56,長黑,,True,False,False,False,1,False,C級：已漲遠或接近目標，禁止追高,趨勢多頭,旗型整理突破,154.0,115.22,265.9,接近成形＋可觀察,157.08,154.0,157.08,161.79,149.38,4.9,低,16.23,9.6,14.13,69.28,157.08,1.4,True,False,True,距離頸線或前高過遠，禁止追高,頸線以當日前20日高點計算；收盤站上頸線 154.0 至少2%；成交量>=20日均量2倍；不可長上影；回踩須有近10日突破紀錄且不有效跌破頸線；距離頸線>5%禁止進場,35,C,禁止追高,已漲遠或接近目標，空手不追；持有者依策略分批處理。,False,2026-10-01,True,True,STOP,STOP 停止進場,觀察,取消新進場，只保留觀察,只看續抱 / 減碼 / 停利 / 停損，不新增部位。,停止新進場，先保留現金，等待大盤止跌。,停止新進場，禁止顯示今日可進場。,False,False
2026-10-01,2026-10-01,收盤確認價,臺灣證券交易所 / 證券櫃檯買賣中心正式收盤；yfinance 歷史資料,只使用完整收盤日K，不使用盤中未完成K,上市,2305,全友,61.9,65.3,61.9,65.24,60.74,48.48,36.62,21.28,76.1,-9.9,False,9397489,18190763,581704569,821939598,5.36,True,True,94.79,長黑,,True,False,False,False,1,False,C級：已漲遠或接近目標，禁止追高,趨勢多頭,旗型整理突破,72.5,46.06,119.3,接近成形＋可觀察,73.95,72.5,73.95,76.17,70.33,4.9,低,-14.62,14.62,12.51,61.33,73.95,0.0,False,False,True,距離頸線或前高過遠，禁止追高,頸線以當日前20日高點計算；收盤站上頸線 72.5 至少2%；成交量>=20日均量2倍；不可長上影；回踩須有近10日突破紀錄且不有效跌破頸線；距離頸線>5%禁止進場,35,C,禁止追高,已漲遠或接近目標，空手不追；持有者依策略分批處理。,False,2026-10-01,True,True,STOP,STOP 停止進場,觀察,取消新進場，只保留觀察,只看續抱 / 減碼 / 停利 / 停損，不新增部位。,停止新進場，先保留現金，等待大盤止跌。,停止新進場，禁止顯示今日可進場。,False,False
2026-10-01,2026-10-01,收盤確認價,臺灣證券交易所 / 證券櫃檯買賣中心正式收盤；yfinance 歷史資料,只使用完整收盤日K，不使用盤中未完成K,上櫃,3081,聯亞,2660.0,2720.0,2605.0,2677.0,2749.0,2851.0,2460.07,1575.27,39.67,-1.3,False,1921571,3131120,5111378860,9026565040,3.35,True,True,36.02,下影線,,False,False,False,True,1,False,C級：已漲遠或接近目標，禁止追高,價量條件足,接近成形,3600.0,2708.45,5865.0,接近成形＋可觀察,3672.0,3600.0,3672.0,3782.16,3492.0,4.9,低,-26.11,26.11,12.18,59.72,3672.0,1.13,False,False,True,距離頸線或前高過遠，禁止追高,頸線以當日前20日高點計算；收盤站上頸線 3600.0 至少2%；成交量>=20日均量2倍；不可長上影；回踩須有近10日突破紀錄且不有效跌破頸線；距離頸線>5%禁止進場,35,C,禁止追高,已漲遠或接近目標，空手不追；持有者依策略分批處理。,False,2026-10-01,True,True,STOP,STOP 停止進場,觀察,取消新進場，只保留觀察,只看續抱 / 減碼 / 停利 / 停損，不新增部位。,停止新進場，先保留現金，等待大盤止跌。,停止新進場，禁止顯示今日可進場。,False,False
2026-10-01,2026-10-01,收盤確認價,臺灣證券交易所 / 證券櫃檯買賣中心正式收盤；yfinance 歷史資料,只使用完整收盤日K，不使用盤中未完成K,上櫃,3234,光環,172.0,173.0,169.0,173.5,175.35,184.07,146.54,93.79,33.33,-0.58,False,1489008,3329545,256109376,628996480,4.34,True,True,25.47,下影線,,False,False,False,True,1,False,C級：已漲遠或接近目標，禁止追高,價量條件足,接近成形,220.0,174.87,356.6,接近成形＋可觀察,224.4,220.0,224.4,231.13,213.4,4.9,低,-21.82,21.82,12.02,58.91,224.4,0.0,False,False,True,距離頸線或前高過遠，禁止追高,頸線以當日前20日高點計算；收盤站上頸線 220.0 至少2%；成交量>=20日均量2倍；不可長上影；回踩須有近10日突破紀錄且不有效跌破頸線；距離頸線>5%禁止進場,35,C,禁止追高,已漲遠或接近目標，空手不追；持有者依策略分批處理。,False,2026-10-01,True,True,STOP,STOP 停止進場,觀察,取消新進場，只保留觀察,只看續抱 / 減碼 / 停利 / 停損，不新增部位。,停止新進場，先保留現金，等待大盤止跌。,停止新進場，禁止顯示今日可進場。,False,False
2026-10-01,2026-10-01,收盤確認價,臺灣證券交易所 / 證券櫃檯買賣中心正式收盤；yfinance 歷史資料,只使用完整收盤日K，不使用盤中未完成K,上櫃,4908,前鼎,204.5,209.0,204.0,207.4,221.35,224.45,178.78,139.11,20.29,-1.21,False,1104000,5324095,225768000,1227624881,4.55,True,True,37.17,一般K,光通訊 CPO 網通,False,False,True,False,1,False,C級：已漲遠或接近目標，禁止追高,題材命中,接近成形,265.0,213.23,413.0,接近成形＋可觀察,270.3,265.0,270.3,278.41,257.05,4.9,低,-22.83,22.83,10.77,52.79,270.3,0.49,False,False,True,距離頸線或前高過遠，禁止追高,頸線以當日前20日高點計算；收盤站上頸線 265.0 至少2%；成交量>=20日均量2倍；不可長上影；回踩須有近10日突破紀錄且不有效跌破頸線；距離頸線>5%禁止進場,35,C,禁止追高,已漲遠或接近目標，空手不追；持有者依策略分批處理。,False,2026-10-01,True,True,STOP,STOP 停止進場,觀察,取消新進場，只保留觀察,只看續抱 / 減碼 / 停利 / 停損，不新增部位。,停止新進場，先保留現金，等待大盤止跌。,停止新進場，禁止顯示今日可進場。,False,False
2026-10-01,2026-10-01,收盤確認價,臺灣證券交易所 / 證券櫃檯買賣中心正式收盤；yfinance 歷史資料,只使用完整收盤日K，不使用盤中未完成K,上市,2059,川湖,11835.0,12270.0,11760.0,12149.0,12305.0,12571.75,11238.42,5930.69,46.2,-1.82,False,339243,411093,4014940905,5189435240,2.97,True,True,39.34,一般K,,False,False,False,True,1,False,C級：已漲遠或接近目標，禁止追高,價量條件足,接近成形,14740.0,11943.16,22640.0,接近成形＋可觀察,15034.8,14740.0,15034.8,15485.84,14297.8,4.9,低,-19.71,21.54,10.32,50.58,15034.8,0.0,False,False,True,距離頸線或前高過遠，禁止追高,頸線以當日前20日高點計算；收盤站上頸線 14740.0 至少2%；成交量>=20日均量2倍；不可長上影；回踩須有近10日突破紀錄且不有效跌破頸線；距離頸線>5%禁止進場,35,C,禁止追高,已漲遠或接近目標，空手不追；持有者依策略分批處理。,False,2026-10-01,True,True,STOP,STOP 停止進場,觀察,取消新進場，只保留觀察,只看續抱 / 減碼 / 停利 / 停損，不新增部位。,停止新進場，先保留現金，等待大盤止跌。,停止新進場，禁止顯示今日可進場。,False,False
2026-10-01,2026-10-01,收盤確認價,臺灣證券交易所 / 證券櫃檯買賣中心正式收盤；yfinance 歷史資料,只使用完整收盤日K，不使用盤中未完成K,上櫃,8358,金居,505.0,521.0,500.0,501.2,497.7,500.85,443.88,361.14,-3.44,2.02,False,17865456,10316276,9022055280,5136579556,4.42,True,True,18.91,一般K,,True,False,False,False,1,False,C級：已漲遠或接近目標，禁止追高,趨勢多頭,旗型整理突破,564.0,475.81,857.0,接近成形＋可觀察,575.28,564.0,575.28,592.54,547.08,4.9,低,-10.46,10.46,9.99,48.97,575.28,3.17,False,False,True,距離頸線或前高過遠，禁止追高,頸線以當日前20日高點計算；收盤站上頸線 564.0 至少2%；成交量>=20日均量2倍；不可長上影；回踩須有近10日突破紀錄且不有效跌破頸線；距離頸線>5%禁止進場,35,C,禁止追高,已漲遠或接近目標，空手不追；持有者依策略分批處理。,False,2026-10-01,True,True,STOP,STOP 停止進場,觀察,取消新進場，只保留觀察,只看續抱 / 減碼 / 停利 / 停損，不新增部位。,停止新進場，先保留現金，等待大盤止跌。,停止新進場，禁止顯示今日可進場。,False,False
2026-10-01,2026-10-01,收盤確認價,臺灣證券交易所 / 證券櫃檯買賣中心正式收盤；yfinance 歷史資料,只使用完整收盤日K，不使用盤中未完成K,上櫃,4939,亞電,78.9,84.0,78.3,77.08,77.88,81.72,69.92,46.04,36.98,-4.71,False,15752438,7635318,1242867358,623372653,5.09,True,True,33.38,長黑,,False,True,False,False,1,False,C級：已漲遠或接近目標，禁止追高,量能放大,旗型整理突破,94.5,77.63,143.1,接近成形＋可觀察,96.39,94.5,96.39,99.28,91.66,4.9,低,-16.51,17.12,9.89,48.46,96.39,0.0,False,False,True,距離頸線或前高過遠，禁止追高,頸線以當日前20日高點計算；收盤站上頸線 94.5 至少2%；成交量>=20日均量2倍；不可長上影；回踩須有近10日突破紀錄且不有效跌破頸線；距離頸線>5%禁止進場,35,C,禁止追高,已漲遠或接近目標，空手不追；持有者依策略分批處理。,False,2026-10-01,True,True,STOP,STOP 停止進場,觀察,取消新進場，只保留觀察,只看續抱 / 減碼 / 停利 / 停損，不新增部位。,停止新進場，先保留現金，等待大盤止跌。,停止新進場，禁止顯示今日可進場。,False,False
2026-10-01,2026-10-01,收盤確認價,臺灣證券交易所 / 證券櫃檯買賣中心正式收盤；yfinance 歷史資料,只使用完整收盤日K，不使用盤中未完成K,上櫃,3467,台灣精材,72.6,74.7,69.6,77.78,77.36,66.33,54.7,50.49,23.68,-1.49,False,806304,778395,58537670,57919275,5.06,True,True,80.88,下影線,,True,False,False,False,1,False,C級：已漲遠或接近目標，禁止追高,趨勢多頭,接近成形,78.7,63.02,115.15,接近成形＋可觀察,80.27,78.7,80.27,82.68,76.34,4.9,低,-7.75,18.24,8.86,43.45,80.27,1.52,True,False,True,距離頸線或前高過遠，禁止追高,頸線以當日前20日高點計算；收盤站上頸線 78.7 至少2%；成交量>=20日均量2倍；不可長上影；回踩須有近10日突破紀錄且不有效跌破頸線；距離頸線>5%禁止進場,35,C,禁止追高,已漲遠或接近目標，空手不追；持有者依策略分批處理。,False,2026-10-01,True,True,STOP,STOP 停止進場,觀察,取消新進場，只保留觀察,只看續抱 / 減碼 / 停利 / 停損，不新增部位。,停止新進場，先保留現金，等待大盤止跌。,停止新進場，禁止顯示今日可進場。,False,False
2026-10-01,2026-10-01,收盤確認價,臺灣證券交易所 / 證券櫃檯買賣中心正式收盤；yfinance 歷史資料,只使用完整收盤日K，不使用盤中未完成K,上櫃,8084,巨虹,24.2,24.2,24.2,30.14,35.69,40.22,44.18,48.91,-49.95,-9.87,False,2425000,811258,58685000,30419433,4.62,True,True,59.2,資料不足,,False,True,False,False,1,False,C級：已漲遠或接近目標，禁止追高,量能放大,接近成形,49.0,38.21,71.15,接近成形＋可觀察,49.98,49.0,49.98,51.48,47.53,4.9,低,-50.61,56.71,8.64,42.36,49.98,0.0,False,False,True,距離頸線或前高過遠，禁止追高,頸線以當日前20日高點計算；收盤站上頸線 49.0 至少2%；成交量>=20日均量2倍；不可長上影；回踩須有近10日突破紀錄且不有效跌破頸線；距離頸線>5%禁止進場,35,C,禁止追高,已漲遠或接近目標，空手不追；持有者依策略分批處理。,False,2026-10-01,True,True,STOP,STOP 停止進場,觀察,取消新進場，只保留觀察,只看續抱 / 減碼 / 停利 / 停損，不新增部位。,停止新進場，先保留現金，等待大盤止跌。,停止新進場，禁止顯示今日可進場。,False,False
2026-10-01,2026-10-01,收盤確認價,臺灣證券交易所 / 證券櫃檯買賣中心正式收盤；yfinance 歷史資料,只使用完整收盤日K，不使用盤中未完成K,上櫃,4991,環宇-KY,485.5,491.5,479.5,471.8,466.3,473.0,455.98,394.06,0.73,-0.51,False,2149156,4053203,1043415238,1917910983,4.62,True,True,18.92,一般K,,True,False,False,False,1,False,C級：已漲遠或接近目標，禁止追高,趨勢多頭,旗型整理突破,560.0,449.35,799.0,接近成形＋可觀察,571.2,560.0,571.2,588.34,543.2,4.9,低,-13.3,13.3,8.14,39.88,571.2,1.24,False,False,True,距離頸線或前高過遠，禁止追高,頸線以當日前20日高點計算；收盤站上頸線 560.0 至少2%；成交量>=20日均量2倍；不可長上影；回踩須有近10日突破紀錄且不有效跌破頸線；距離頸線>5%禁止進場,35,C,禁止追高,已漲遠或接近目標，空手不追；持有者依策略分批處理。,False,2026-10-01,True,True,STOP,STOP 停止進場,觀察,取消新進場，只保留觀察,只看續抱 / 減碼 / 停利 / 停損，不新增部位。,停止新進場，先保留現金，等待大盤止跌。,停止新進場，禁止顯示今日可進場。,False,False
2026-10-01,2026-10-01,收盤確認價,臺灣證券交易所 / 證券櫃檯買賣中心正式收盤；yfinance 歷史資料,只使用完整收盤日K，不使用盤中未完成K,上櫃,6187,萬潤,1275.0,1325.0,1260.0,1259.0,1242.5,1271.25,1170.93,805.49,33.51,-2.67,False,1700270,2005457,2167844250,2589162693,3.21,True,True,23.17,一般K,,True,False,False,False,1,False,C級：已漲遠或接近目標，禁止追高,趨勢多頭,旗型整理突破,1435.0,1207.69,2044.0,接近成形＋可觀察,1463.7,1435.0,1463.7,1507.61,1391.95,4.9,低,-11.15,12.37,8.09,39.65,1463.7,1.96,False,False,True,距離頸線或前高過遠，禁止追高,頸線以當日前20日高點計算；收盤站上頸線 1435.0 至少2%；成交量>=20日均量2倍；不可長上影；回踩須有近10日突破紀錄且不有效跌破頸線；距離頸線>5%禁止進場,35,C,禁止追高,已漲遠或接近目標，空手不追；持有者依策略分批處理。,False,2026-10-01,True,True,STOP,STOP 停止進場,觀察,取消新進場，只保留觀察,只看續抱 / 減碼 / 停利 / 停損，不新增部位。,停止新進場，先保留現金，等待大盤止跌。,停止新進場，禁止顯示今日可進場。,False,False
2026-10-01,2026-10-01,收盤確認價,臺灣證券交易所 / 證券櫃檯買賣中心正式收盤；yfinance 歷史資料,只使用完整收盤日K，不使用盤中未完成K,上櫃,6584,南俊國際,531.0,542.0,529.0,540.0,549.5,571.25,571.17,492.2,-21.57,-1.67,False,287527,444205,152676837,261241665,2.51,True,True,51.46,一般K,伺服器 滑軌 AI 伺服器,False,False,True,False,1,False,C級：已漲遠或接近目標，禁止追高,題材命中,接近成形,679.0,542.69,958.0,接近成形＋可觀察,692.58,679.0,692.58,713.36,658.63,4.9,低,-21.8,23.49,7.82,38.32,692.58,0.38,False,False,True,距離頸線或前高過遠，禁止追高,頸線以當日前20日高點計算；收盤站上頸線 679.0 至少2%；成交量>=20日均量2倍；不可長上影；回踩須有近10日突破紀錄且不有效跌破頸線；距離頸線>5%禁止進場,35,C,禁止追高,已漲遠或接近目標，空手不追；持有者依策略分批處理。,False,2026-10-01,True,True,STOP,STOP 停止進場,觀察,取消新進場，只保留觀察,只看續抱 / 減碼 / 停利 / 停損，不新增部位。,停止新進場，先保留現金，等待大盤止跌。,停止新進場，禁止顯示今日可進場。,False,False
2026-10-01,2026-10-01,收盤確認價,臺灣證券交易所 / 證券櫃檯買賣中心正式收盤；yfinance 歷史資料,只使用完整收盤日K，不使用盤中未完成K,上櫃,3264,欣銓,245.5,245.5,238.5,245.7,252.5,240.78,221.74,170.56,5.82,0.82,False,14994071,12987564,3681044430,3262842955,4.47,True,True,41.06,紅K突破,,True,False,False,False,1,False,C級：已漲遠或接近目標，禁止追高,趨勢多頭,接近成形,268.5,228.74,378.0,接近成形＋可觀察,273.87,268.5,273.87,282.09,260.44,4.9,低,-8.57,15.2,7.76,38.02,273.87,0.0,True,False,True,距離頸線或前高過遠，禁止追高,頸線以當日前20日高點計算；收盤站上頸線 268.5 至少2%；成交量>=20日均量2倍；不可長上影；回踩須有近10日突破紀錄且不有效跌破頸線；距離頸線>5%禁止進場,35,C,禁止追高,已漲遠或接近目標，空手不追；持有者依策略分批處理。,False,2026-10-01,True,True,STOP,STOP 停止進場,觀察,取消新進場，只保留觀察,只看續抱 / 減碼 / 停利 / 停損，不新增部位。,停止新進場，先保留現金，等待大盤止跌。,停止新進場，禁止顯示今日可進場。,False,False
2026-10-01,2026-10-01,收盤確認價,臺灣證券交易所 / 證券櫃檯買賣中心正式收盤；yfinance 歷史資料,只使用完整收盤日K，不使用盤中未完成K,上櫃,5386,青雲,288.5,290.0,286.0,286.1,286.8,283.75,260.97,187.57,4.91,-0.52,False,329443,1507643,95044305,445153389,4.44,True,True,29.72,一般K,,True,False,False,False,1,False,C級：已漲遠或接近目標，禁止追高,趨勢多頭,旗型整理突破,339.0,269.56,476.5,接近成形＋可觀察,345.78,339.0,345.78,356.15,328.83,4.9,低,-14.9,14.9,7.71,37.8,345.78,0.0,False,False,True,距離頸線或前高過遠，禁止追高,頸線以當日前20日高點計算；收盤站上頸線 339.0 至少2%；成交量>=20日均量2倍；不可長上影；回踩須有近10日突破紀錄且不有效跌破頸線；距離頸線>5%禁止進場,35,C,禁止追高,已漲遠或接近目標，空手不追；持有者依策略分批處理。,False,2026-10-01,True,True,STOP,STOP 停止進場,觀察,取消新進場，只保留觀察,只看續抱 / 減碼 / 停利 / 停損，不新增部位。,停止新進場，先保留現金，等待大盤止跌。,停止新進場，禁止顯示今日可進場。,False,False
2026-10-01,2026-10-01,收盤確認價,臺灣證券交易所 / 證券櫃檯買賣中心正式收盤；yfinance 歷史資料,只使用完整收盤日K，不使用盤中未完成K,上櫃,4931,新盛力,248.5,252.5,247.0,245.3,241.3,241.47,235.28,184.82,-8.64,-1.39,False,2893804,3700356,719110294,902052371,2.95,True,True,17.54,一般K,,True,False,False,False,1,False,C級：已漲遠或接近目標，禁止追高,趨勢多頭,旗型整理突破,266.0,229.4,372.0,接近成形＋可觀察,271.32,266.0,271.32,279.46,258.02,4.9,低,-6.58,13.72,7.57,37.11,271.32,0.4,False,False,True,距離頸線或前高過遠，禁止追高,頸線以當日前20日高點計算；收盤站上頸線 266.0 至少2%；成交量>=20日均量2倍；不可長上影；回踩須有近10日突破紀錄且不有效跌破頸線；距離頸線>5%禁止進場,35,C,禁止追高,已漲遠或接近目標，空手不追；持有者依策略分批處理。,False,2026-10-01,True,True,STOP,STOP 停止進場,觀察,取消新進場，只保留觀察,只看續抱 / 減碼 / 停利 / 停損，不新增部位。,停止新進場，先保留現金，等待大盤止跌。,停止新進場，禁止顯示今日可進場。,False,False
2026-10-01,2026-10-01,收盤確認價,臺灣證券交易所 / 證券櫃檯買賣中心正式收盤；yfinance 歷史資料,只使用完整收盤日K，不使用盤中未完成K,上市,2338,光罩,47.2,47.95,47.0,47.03,48.1,45.11,42.29,43.2,-1.67,-0.21,False,2741462,15981693,129397006,765937095,4.42,True,True,75.84,一般K,,True,False,False,False,1,False,C級：已漲遠或接近目標，禁止追高,趨勢多頭,接近成形,54.5,42.85,75.95,接近成形＋可觀察,55.59,54.5,55.59,57.26,52.87,4.9,低,-13.39,13.39,7.47,36.63,55.59,0.85,False,False,True,距離頸線或前高過遠，禁止追高,頸線以當日前20日高點計算；收盤站上頸線 54.5 至少2%；成交量>=20日均量2倍；不可長上影；回踩須有近10日突破紀錄且不有效跌破頸線；距離頸線>5%禁止進場,35,C,禁止追高,已漲遠或接近目標，空手不追；持有者依策略分批處理。,False,2026-10-01,True,True,STOP,STOP 停止進場,觀察,取消新進場，只保留觀察,只看續抱 / 減碼 / 停利 / 停損，不新增部位。,停止新進場，先保留現金，等待大盤止跌。,停止新進場，禁止顯示今日可進場。,False,False
2026-10-01,2026-10-01,收盤確認價,臺灣證券交易所 / 證券櫃檯買賣中心正式收盤；yfinance 歷史資料,只使用完整收盤日K，不使用盤中未完成K,上櫃,3163,波若威,651.0,676.0,647.0,651.2,657.0,685.05,671.68,581.36,-1.55,1.24,False,3136327,1671474,2041748877,1155657021,3.11,True,True,37.16,一般K,CPO 光通訊 AI 伺服器,False,False,True,False,1,False,C級：已漲遠或接近目標，禁止追高,題材命中,接近成形,790.0,650.8,1094.0,接近成形＋可觀察,805.8,790.0,805.8,829.97,766.3,4.9,低,-17.59,20.02,7.3,35.77,805.8,3.53,False,False,True,距離頸線或前高過遠，禁止追高,頸線以當日前20日高點計算；收盤站上頸線 790.0 至少2%；成交量>=20日均量2倍；不可長上影；回踩須有近10日突破紀錄且不有效跌破頸線；距離頸線>5%禁止進場,35,C,禁止追高,已漲遠或接近目標，空手不追；持有者依策略分批處理。,False,2026-10-01,True,True,STOP,STOP 停止進場,觀察,取消新進場，只保留觀察,只看續抱 / 減碼 / 停利 / 停損，不新增部位。,停止新進場，先保留現金，等待大盤止跌。,停止新進場，禁止顯示今日可進場。,False,False
2026-10-01,2026-10-01,收盤確認價,臺灣證券交易所 / 證券櫃檯買賣中心正式收盤；yfinance 歷史資料,只使用完整收盤日K，不使用盤中未完成K,上市,1717,長興,73.5,74.9,73.2,72.5,71.86,72.52,70.13,62.23,-4.17,-0.68,False,7328417,9274016,538638649,687471516,2.12,True,True,26.55,一般K,,True,False,False,False,1,False,C級：已漲遠或接近目標，禁止追高,趨勢多頭,旗型整理突破,85.5,68.89,118.2,接近成形＋可觀察,87.21,85.5,87.21,89.83,82.94,4.9,低,-14.04,14.04,7.25,35.53,87.21,0.41,False,False,True,距離頸線或前高過遠，禁止追高,頸線以當日前20日高點計算；收盤站上頸線 85.5 至少2%；成交量>=20日均量2倍；不可長上影；回踩須有近10日突破紀錄且不有效跌破頸線；距離頸線>5%禁止進場,35,C,禁止追高,已漲遠或接近目標，空手不追；持有者依策略分批處理。,False,2026-10-01,True,True,STOP,STOP 停止進場,觀察,取消新進場，只保留觀察,只看續抱 / 減碼 / 停利 / 停損，不新增部位。,停止新進場，先保留現金，等待大盤止跌。,停止新進場，禁止顯示今日可進場。,False,False
2026-10-01,2026-10-01,收盤確認價,臺灣證券交易所 / 證券櫃檯買賣中心正式收盤；yfinance 歷史資料,只使用完整收盤日K，不使用盤中未完成K,上櫃,3675,德微,359.0,360.0,328.0,338.0,316.0,295.1,284.84,225.79,-18.41,8.79,True,2918163,1571294,1047620517,483730748,4.75,True,True,38.57,紅K突破,,True,False,False,False,1,False,C級：已漲遠或接近目標，禁止追高,趨勢多頭,旗型整理突破,309.5,280.35,424.5,接近成形＋可觀察,315.69,309.5,315.69,325.16,300.21,4.9,低,15.99,18.41,7.03,34.47,315.69,0.28,True,False,True,距離頸線或前高過遠，禁止追高,頸線以當日前20日高點計算；收盤站上頸線 309.5 至少2%；成交量>=20日均量2倍；不可長上影；回踩須有近10日突破紀錄且不有效跌破頸線；距離頸線>5%禁止進場,35,C,禁止追高,已漲遠或接近目標，空手不追；持有者依策略分批處理。,False,2026-10-01,True,True,STOP,STOP 停止進場,觀察,取消新進場，只保留觀察,只看續抱 / 減碼 / 停利 / 停損，不新增部位。,停止新進場，先保留現金，等待大盤止跌。,停止新進場，禁止顯示今日可進場。,False,False
2026-10-01,2026-10-01,收盤確認價,臺灣證券交易所 / 證券櫃檯買賣中心正式收盤；yfinance 歷史資料,只使用完整收盤日K，不使用盤中未完成K,上市,2342,茂矽,49.35,50.5,49.0,48.86,44.86,42.02,40.84,36.57,-6.89,-1.89,False,7460322,7115249,368166890,330422296,3.58,True,True,38.74,一般K,,True,False,False,False,1,False,C級：已漲遠或接近目標，禁止追高,趨勢多頭,旗型整理突破,46.35,39.92,63.25,接近成形＋可觀察,47.28,46.35,47.28,48.7,44.96,4.9,低,6.47,12.5,6.89,33.79,47.28,0.41,True,False,True,距離頸線或前高過遠，禁止追高,頸線以當日前20日高點計算；收盤站上頸線 46.35 至少2%；成交量>=20日均量2倍；不可長上影；回踩須有近10日突破紀錄且不有效跌破頸線；距離頸線>5%禁止進場,35,C,禁止追高,已漲遠或接近目標，空手不追；持有者依策略分批處理。,False,2026-10-01,True,True,STOP,STOP 停止進場,觀察,取消新進場，只保留觀察,只看續抱 / 減碼 / 停利 / 停損，不新增部位。,停止新進場，先保留現金，等待大盤止跌。,停止新進場，禁止顯示今日可進場。,False,False
2026-10-01,2026-10-01,收盤確認價,臺灣證券交易所 / 證券櫃檯買賣中心正式收盤；yfinance 歷史資料,只使用完整收盤日K，不使用盤中未完成K,上市,1711,永光,40.55,41.1,39.85,39.9,39.59,39.85,39.09,33.83,-6.13,-0.86,False,2699361,3105127,109459088,124363303,2.21,True,True,27.34,一般K,,True,False,False,False,1,False,C級：已漲遠或接近目標，禁止追高,趨勢多頭,旗型整理突破,44.7,37.85,60.6,接近成形＋可觀察,45.59,44.7,45.59,46.96,43.36,4.9,低,-9.28,16.22,6.71,32.91,45.59,0.0,False,False,True,距離頸線或前高過遠，禁止追高,頸線以當日前20日高點計算；收盤站上頸線 44.7 至少2%；成交量>=20日均量2倍；不可長上影；回踩須有近10日突破紀錄且不有效跌破頸線；距離頸線>5%禁止進場,35,C,禁止追高,已漲遠或接近目標，空手不追；持有者依策略分批處理。,False,2026-10-01,True,True,STOP,STOP 停止進場,觀察,取消新進場，只保留觀察,只看續抱 / 減碼 / 停利 / 停損，不新增部位。,停止新進場，先保留現金，等待大盤止跌。,停止新進場，禁止顯示今日可進場。,False,False
2026-10-01,2026-10-01,收盤確認價,臺灣證券交易所 / 證券櫃檯買賣中心正式收盤；yfinance 歷史資料,只使用完整收盤日K，不使用盤中未完成K,上櫃,7714,創泓科技,169.5,173.5,169.0,166.3,170.4,168.07,168.07,145.98,7.96,-1.45,False,331188,382259,56136366,66245598,4.07,True,True,26.14,一般K,,True,False,False,False,1,False,C級：已漲遠或接近目標，禁止追高,趨勢多頭,接近成形,190.0,159.67,255.0,接近成形＋可觀察,193.8,190.0,193.8,199.61,184.3,4.9,低,-10.79,21.35,6.44,31.58,193.8,0.0,False,False,True,距離頸線或前高過遠，禁止追高,頸線以當日前20日高點計算；收盤站上頸線 190.0 至少2%；成交量>=20日均量2倍；不可長上影；回踩須有近10日突破紀錄且不有效跌破頸線；距離頸線>5%禁止進場,35,C,禁止追高,已漲遠或接近目標，空手不追；持有者依策略分批處理。,False,2026-10-01,True,True,STOP,STOP 停止進場,觀察,取消新進場，只保留觀察,只看續抱 / 減碼 / 停利 / 停損，不新增部位。,停止新進場，先保留現金，等待大盤止跌。,停止新進場，禁止顯示今日可進場。,False,False
2026-10-01,2026-10-01,收盤確認價,臺灣證券交易所 / 證券櫃檯買賣中心正式收盤；yfinance 歷史資料,只使用完整收盤日K，不使用盤中未完成K,上市,1714,和桐,16.2,16.6,16.2,16.0,15.94,16.07,16.02,11.57,-8.73,-1.82,False,6256321,11007069,101352400,180001647,3.12,True,True,15.11,一般K,,True,False,False,False,1,False,C級：已漲遠或接近目標，禁止追高,趨勢多頭,旗型整理突破,18.55,15.27,24.65,接近成形＋可觀察,18.92,18.55,18.92,19.49,17.99,4.9,低,-12.67,14.96,6.18,30.28,18.92,0.0,False,False,True,距離頸線或前高過遠，禁止追高,頸線以當日前20日高點計算；收盤站上頸線 18.55 至少2%；成交量>=20日均量2倍；不可長上影；回踩須有近10日突破紀錄且不有效跌破頸線；距離頸線>5%禁止進場,35,C,禁止追高,已漲遠或接近目標，空手不追；持有者依策略分批處理。,False,2026-10-01,True,True,STOP,STOP 停止進場,觀察,取消新進場，只保留觀察,只看續抱 / 減碼 / 停利 / 停損，不新增部位。,停止新進場，先保留現金，等待大盤止跌。,停止新進場，禁止顯示今日可進場。,False,False
2026-10-01,2026-10-01,收盤確認價,臺灣證券交易所 / 證券櫃檯買賣中心正式收盤；yfinance 歷史資料,只使用完整收盤日K，不使用盤中未完成K,上市,2383,台光電,4975.0,4975.0,4855.0,4980.0,4932.5,5144.25,5224.83,3430.35,-6.4,0.81,False,1363430,1825426,6783064250,9250706322,2.75,True,True,37.63,紅K突破,AI PCB CCL 伺服器 高速傳輸,False,False,True,False,1,False,C級：已漲遠或接近目標，禁止追高,題材命中,旗型整理突破,5735.0,4887.04,7540.0,接近成形＋可觀察,5849.7,5735.0,5849.7,6025.19,5562.95,4.9,低,-13.25,23.11,5.89,28.9,5849.7,0.0,False,False,True,距離頸線或前高過遠，禁止追高,頸線以當日前20日高點計算；收盤站上頸線 5735.0 至少2%；成交量>=20日均量2倍；不可長上影；回踩須有近10日突破紀錄且不有效跌破頸線；距離頸線>5%禁止進場,35,C,禁止追高,已漲遠或接近目標，空手不追；持有者依策略分批處理。,False,2026-10-01,True,True,STOP,STOP 停止進場,觀察,取消新進場，只保留觀察,只看續抱 / 減碼 / 停利 / 停損，不新增部位。,停止新進場，先保留現金，等待大盤止跌。,停止新進場，禁止顯示今日可進場。,False,False
2026-10-01,2026-10-01,收盤確認價,臺灣證券交易所 / 證券櫃檯買賣中心正式收盤；yfinance 歷史資料,只使用完整收盤日K，不使用盤中未完成K,上櫃,6419,京晨科,155.0,156.0,153.0,152.6,152.1,151.7,147.66,107.59,9.15,-0.64,False,68836,155731,10669580,23696560,3.12,False,True,22.44,一般K,,True,False,False,False,1,False,C級：已漲遠或接近目標，禁止追高,趨勢多頭,旗型整理突破,161.5,144.11,210.5,接近成形＋可觀察,164.73,161.5,164.73,169.67,156.66,4.9,低,-4.02,15.3,5.67,27.78,164.73,0.0,False,False,True,距離頸線或前高過遠，禁止追高,頸線以當日前20日高點計算；收盤站上頸線 161.5 至少2%；成交量>=20日均量2倍；不可長上影；回踩須有近10日突破紀錄且不有效跌破頸線；距離頸線>5%禁止進場,35,C,禁止追高,已漲遠或接近目標，空手不追；持有者依策略分批處理。,False,2026-10-01,True,True,STOP,STOP 停止進場,觀察,取消新進場，只保留觀察,只看續抱 / 減碼 / 停利 / 停損，不新增部位。,停止新進場，先保留現金，等待大盤止跌。,停止新進場，禁止顯示今日可進場。,False,False
2026-10-01,2026-10-01,收盤確認價,臺灣證券交易所 / 證券櫃檯買賣中心正式收盤；yfinance 歷史資料,只使用完整收盤日K，不使用盤中未完成K,上市,1809,中釉,45.75,47.75,45.55,45.04,41.8,39.74,39.6,31.23,-7.67,-4.39,False,5728368,4406559,262072836,193753178,3.48,True,True,31.42,一般K,,True,False,False,False,1,False,C級：已漲遠或接近目標，禁止追高,趨勢多頭,旗型整理突破,41.9,37.76,54.5,接近成形＋可觀察,42.74,41.9,42.74,44.02,40.64,4.9,低,9.19,9.94,5.61,27.52,42.74,1.64,True,False,True,距離頸線或前高過遠，禁止追高,頸線以當日前20日高點計算；收盤站上頸線 41.9 至少2%；成交量>=20日均量2倍；不可長上影；回踩須有近10日突破紀錄且不有效跌破頸線；距離頸線>5%禁止進場,35,C,禁止追高,已漲遠或接近目標，空手不追；持有者依策略分批處理。,False,2026-10-01,True,True,STOP,STOP 停止進場,觀察,取消新進場，只保留觀察,只看續抱 / 減碼 / 停利 / 停損，不新增部位。,停止新進場，先保留現金，等待大盤止跌。,停止新進場，禁止顯示今日可進場。,False,False
2026-10-01,2026-10-01,收盤確認價,臺灣證券交易所 / 證券櫃檯買賣中心正式收盤；yfinance 歷史資料,只使用完整收盤日K，不使用盤中未完成K,上櫃,4561,健椿,42.5,42.9,42.35,42.38,41.61,41.57,41.03,39.06,3.03,-1.62,False,70908,122281,3013590,5125982,1.62,False,True,38.31,一般K,,True,False,False,False,1,False,C級：已漲遠或接近目標，禁止追高,趨勢多頭,旗型整理突破,44.6,39.49,57.2,接近成形＋可觀察,45.49,44.6,45.49,46.86,43.26,4.9,低,-4.71,16.5,5.25,25.74,45.49,0.0,False,False,True,距離頸線或前高過遠，禁止追高,頸線以當日前20日高點計算；收盤站上頸線 44.6 至少2%；成交量>=20日均量2倍；不可長上影；回踩須有近10日突破紀錄且不有效跌破頸線；距離頸線>5%禁止進場,35,C,禁止追高,已漲遠或接近目標，空手不追；持有者依策略分批處理。,False,2026-10-01,True,True,STOP,STOP 停止進場,觀察,取消新進場，只保留觀察,只看續抱 / 減碼 / 停利 / 停損，不新增部位。,停止新進場，先保留現金，等待大盤止跌。,停止新進場，禁止顯示今日可進場。,False,False
2026-10-01,2026-10-01,收盤確認價,臺灣證券交易所 / 證券櫃檯買賣中心正式收盤；yfinance 歷史資料,只使用完整收盤日K，不使用盤中未完成K,上櫃,1591,駿吉-KY,41.4,42.85,41.25,41.45,40.85,39.11,36.73,44.96,32.91,-3.16,False,226600,412398,9381240,16292340,4.32,False,True,58.59,一般K,,False,False,False,True,1,False,C級：已漲遠或接近目標，禁止追高,價量條件足,旗型整理突破,43.3,37.15,55.45,接近成形＋可觀察,44.17,43.3,44.17,45.49,42.0,4.9,低,-4.39,13.57,5.21,25.55,44.17,0.24,False,False,True,距離頸線或前高過遠，禁止追高,頸線以當日前20日高點計算；收盤站上頸線 43.3 至少2%；成交量>=20日均量2倍；不可長上影；回踩須有近10日突破紀錄且不有效跌破頸線；距離頸線>5%禁止進場,35,C,禁止追高,已漲遠或接近目標，空手不追；持有者依策略分批處理。,False,2026-10-01,True,True,STOP,STOP 停止進場,觀察,取消新進場，只保留觀察,只看續抱 / 減碼 / 停利 / 停損，不新增部位。,停止新進場，先保留現金，等待大盤止跌。,停止新進場，禁止顯示今日可進場。,False,False
2026-10-01,2026-10-01,收盤確認價,臺灣證券交易所 / 證券櫃檯買賣中心正式收盤；yfinance 歷史資料,只使用完整收盤日K，不使用盤中未完成K,上櫃,3388,崇越電,84.4,86.9,84.2,82.88,82.31,83.92,81.69,76.43,5.9,-1.06,False,602026,547119,50810994,46524040,2.25,True,True,52.45,一般K,,True,False,False,False,1,False,C級：已漲遠或接近目標，禁止追高,趨勢多頭,旗型整理突破,92.5,79.8,118.0,接近成形＋可觀察,94.35,92.5,94.35,97.18,89.72,4.9,低,-8.76,16.44,5.11,25.07,94.35,1.9,False,False,True,距離頸線或前高過遠，禁止追高,頸線以當日前20日高點計算；收盤站上頸線 92.5 至少2%；成交量>=20日均量2倍；不可長上影；回踩須有近10日突破紀錄且不有效跌破頸線；距離頸線>5%禁止進場,35,C,禁止追高,已漲遠或接近目標，空手不追；持有者依策略分批處理。,False,2026-10-01,True,True,STOP,STOP 停止進場,觀察,取消新進場，只保留觀察,只看續抱 / 減碼 / 停利 / 停損，不新增部位。,停止新進場，先保留現金，等待大盤止跌。,停止新進場，禁止顯示今日可進場。,False,False
2026-10-01,2026-10-01,收盤確認價,臺灣證券交易所 / 證券櫃檯買賣中心正式收盤；yfinance 歷史資料,只使用完整收盤日K，不使用盤中未完成K,上櫃,3564,其陽,51.0,51.2,50.0,49.91,49.52,49.05,47.65,46.89,-9.09,0.79,False,210654,395055,10743354,19760066,3.53,False,True,14.45,紅K突破,,True,False,False,False,1,False,C級：已漲遠或接近目標，禁止追高,趨勢多頭,旗型整理突破,53.4,46.6,67.3,接近成形＋可觀察,54.47,53.4,54.47,56.1,51.8,4.9,低,-4.49,16.8,4.81,23.56,54.47,0.39,False,False,True,距離頸線或前高過遠，禁止追高,頸線以當日前20日高點計算；收盤站上頸線 53.4 至少2%；成交量>=20日均量2倍；不可長上影；回踩須有近10日突破紀錄且不有效跌破頸線；距離頸線>5%禁止進場,35,C,禁止追高,已漲遠或接近目標，空手不追；持有者依策略分批處理。,False,2026-10-01,True,True,STOP,STOP 停止進場,觀察,取消新進場，只保留觀察,只看續抱 / 減碼 / 停利 / 停損，不新增部位。,停止新進場，先保留現金，等待大盤止跌。,停止新進場，禁止顯示今日可進場。,False,False
2026-10-01,2026-10-01,收盤確認價,臺灣證券交易所 / 證券櫃檯買賣中心正式收盤；yfinance 歷史資料,只使用完整收盤日K，不使用盤中未完成K,上櫃,6134,萬旭,28.95,29.25,28.85,29.09,29.04,28.82,28.02,28.88,-7.95,-0.86,False,166599,147225,4823041,4255289,1.18,False,True,20.32,一般K,,True,False,False,False,1,False,C級：已漲遠或接近目標，禁止追高,趨勢多頭,接近成形,30.35,27.85,38.2,接近成形＋可觀察,30.96,30.35,30.96,31.89,29.44,4.9,低,-4.61,10.79,4.77,23.4,30.96,0.17,False,False,True,距離頸線或前高過遠，禁止追高,頸線以當日前20日高點計算；收盤站上頸線 30.35 至少2%；成交量>=20日均量2倍；不可長上影；回踩須有近10日突破紀錄且不有效跌破頸線；距離頸線>5%禁止進場,35,C,禁止追高,已漲遠或接近目標，空手不追；持有者依策略分批處理。,False,2026-10-01,True,True,STOP,STOP 停止進場,觀察,取消新進場，只保留觀察,只看續抱 / 減碼 / 停利 / 停損，不新增部位。,停止新進場，先保留現金，等待大盤止跌。,停止新進場，禁止顯示今日可進場。,False,False
2026-10-01,2026-10-01,收盤確認價,臺灣證券交易所 / 證券櫃檯買賣中心正式收盤；yfinance 歷史資料,只使用完整收盤日K，不使用盤中未完成K,上櫃,5309,系統電,62.8,66.5,62.0,57.98,54.64,52.65,53.69,61.57,-1.88,0.16,False,16427730,3300267,1031661444,196053068,3.1,True,True,35.39,一般K,,False,True,False,False,1,False,C級：已漲遠或接近目標，禁止追高,量能放大,旗型整理突破,59.1,50.02,74.1,接近成形＋可觀察,60.28,59.1,60.28,62.09,57.33,4.9,低,6.26,8.32,4.68,22.92,60.28,5.57,True,False,True,距離頸線或前高過遠，禁止追高,頸線以當日前20日高點計算；收盤站上頸線 59.1 至少2%；成交量>=20日均量2倍；不可長上影；回踩須有近10日突破紀錄且不有效跌破頸線；距離頸線>5%禁止進場,35,C,禁止追高,已漲遠或接近目標，空手不追；持有者依策略分批處理。,False,2026-10-01,True,True,STOP,STOP 停止進場,觀察,取消新進場，只保留觀察,只看續抱 / 減碼 / 停利 / 停損，不新增部位。,停止新進場，先保留現金，等待大盤止跌。,停止新進場，禁止顯示今日可進場。,False,False
2026-10-01,2026-10-01,收盤確認價,臺灣證券交易所 / 證券櫃檯買賣中心正式收盤；yfinance 歷史資料,只使用完整收盤日K，不使用盤中未完成K,上櫃,8043,蜜望實,138.5,142.0,132.0,133.0,132.35,135.2,140.54,105.98,-22.63,6.13,False,6320744,2064135,875423044,284594600,2.95,True,True,12.55,紅K突破,,False,True,False,False,1,False,C級：已漲遠或接近目標，禁止追高,量能放大,三角收斂突破,151.5,128.5,189.5,接近成形＋可觀察,154.53,151.5,154.53,159.17,146.95,4.9,低,-8.58,24.73,4.62,22.63,154.53,2.53,False,False,True,距離頸線或前高過遠，禁止追高,頸線以當日前20日高點計算；收盤站上頸線 151.5 至少2%；成交量>=20日均量2倍；不可長上影；回踩須有近10日突破紀錄且不有效跌破頸線；距離頸線>5%禁止進場,35,C,禁止追高,已漲遠或接近目標，空手不追；持有者依策略分批處理。,False,2026-10-01,True,True,STOP,STOP 停止進場,觀察,取消新進場，只保留觀察,只看續抱 / 減碼 / 停利 / 停損，不新增部位。,停止新進場，先保留現金，等待大盤止跌。,停止新進場，禁止顯示今日可進場。,False,False
2026-10-01,2026-10-01,收盤確認價,臺灣證券交易所 / 證券櫃檯買賣中心正式收盤；yfinance 歷史資料,只使用完整收盤日K，不使用盤中未完成K,上櫃,7734,印能科技,2795.0,2900.0,2680.0,2694.0,2635.5,2699.25,2963.75,2178.45,0.0,4.88,False,413356,250862,1155330020,676388736,4.02,True,True,18.23,一般K,半導體設備 先進封裝 設備,False,False,True,False,1,False,C級：已漲遠或接近目標，禁止追高,題材命中,接近成形,3130.0,2564.29,3855.0,接近成形＋可觀察,3192.6,3130.0,3192.6,3288.38,3036.1,4.9,低,-10.7,27.87,4.23,20.75,3192.6,3.76,False,False,True,距離頸線或前高過遠，禁止追高,頸線以當日前20日高點計算；收盤站上頸線 3130.0 至少2%；成交量>=20日均量2倍；不可長上影；回踩須有近10日突破紀錄且不有效跌破頸線；距離頸線>5%禁止進場,35,C,禁止追高,已漲遠或接近目標，空手不追；持有者依策略分批處理。,False,2026-10-01,True,True,STOP,STOP 停止進場,觀察,取消新進場，只保留觀察,只看續抱 / 減碼 / 停利 / 停損，不新增部位。,停止新進場，先保留現金，等待大盤止跌。,停止新進場，禁止顯示今日可進場。,False,False
2026-10-01,2026-10-01,收盤確認價,臺灣證券交易所 / 證券櫃檯買賣中心正式收盤；yfinance 歷史資料,只使用完整收盤日K，不使用盤中未完成K,上市,1590,亞德客-KY,1185.0,1200.0,1175.0,1207.0,1224.0,1279.0,1372.0,1179.96,-11.9,-1.25,False,668109,761463,791709165,962401855,1.53,True,True,65.94,一般K,機器人 自動化 氣動元件 工業自動化,False,False,True,False,1,False,C級：已漲遠或接近目標，禁止追高,題材命中,接近成形,1465.0,1215.05,1795.0,接近成形＋可觀察,1494.3,1465.0,1494.3,1539.13,1421.05,4.9,低,-19.11,26.63,4.11,20.12,1494.3,0.42,False,False,True,距離頸線或前高過遠，禁止追高,頸線以當日前20日高點計算；收盤站上頸線 1465.0 至少2%；成交量>=20日均量2倍；不可長上影；回踩須有近10日突破紀錄且不有效跌破頸線；距離頸線>5%禁止進場,35,C,禁止追高,已漲遠或接近目標，空手不追；持有者依策略分批處理。,False,2026-10-01,True,True,STOP,STOP 停止進場,觀察,取消新進場，只保留觀察,只看續抱 / 減碼 / 停利 / 停損，不新增部位。,停止新進場，先保留現金，等待大盤止跌。,停止新進場，禁止顯示今日可進場。,False,False
2026-10-01,2026-10-01,收盤確認價,臺灣證券交易所 / 證券櫃檯買賣中心正式收盤；yfinance 歷史資料,只使用完整收盤日K，不使用盤中未完成K,上市,2375,凱美,124.5,127.0,119.0,119.1,119.0,120.42,130.94,112.19,-35.16,5.51,False,8440304,2530358,1050817848,308228317,2.72,True,True,23.19,紅K突破,,False,True,False,False,1,False,C級：已漲遠或接近目標，禁止追高,量能放大,三角收斂突破,133.0,114.5,162.5,接近成形＋可觀察,135.66,133.0,135.66,139.73,129.01,4.9,低,-6.39,37.91,4.04,19.78,135.66,2.01,False,False,True,距離頸線或前高過遠，禁止追高,頸線以當日前20日高點計算；收盤站上頸線 133.0 至少2%；成交量>=20日均量2倍；不可長上影；回踩須有近10日突破紀錄且不有效跌破頸線；距離頸線>5%禁止進場,35,C,禁止追高,已漲遠或接近目標，空手不追；持有者依策略分批處理。,False,2026-10-01,True,True,STOP,STOP 停止進場,觀察,取消新進場，只保留觀察,只看續抱 / 減碼 / 停利 / 停損，不新增部位。,停止新進場，先保留現金，等待大盤止跌。,停止新進場，禁止顯示今日可進場。,False,False
2026-10-01,2026-10-01,收盤確認價,臺灣證券交易所 / 證券櫃檯買賣中心正式收盤；yfinance 歷史資料,只使用完整收盤日K，不使用盤中未完成K,上櫃,5328,華容,58.4,58.4,53.3,53.7,53.09,55.55,61.29,36.94,-18.66,9.98,True,13682903,3482621,799081535,196724996,3.24,True,True,37.51,紅K突破,,False,True,False,False,1,False,C級：已漲遠或接近目標，禁止追高,量能放大,接近成形,64.2,52.78,77.1,接近成形＋可觀察,65.48,64.2,65.48,67.45,62.27,4.9,低,-9.03,26.82,3.62,17.74,65.48,0.0,False,False,True,距離頸線或前高過遠，禁止追高,頸線以當日前20日高點計算；收盤站上頸線 64.2 至少2%；成交量>=20日均量2倍；不可長上影；回踩須有近10日突破紀錄且不有效跌破頸線；距離頸線>5%禁止進場,35,C,禁止追高,已漲遠或接近目標，空手不追；持有者依策略分批處理。,False,2026-10-01,True,True,STOP,STOP 停止進場,觀察,取消新進場，只保留觀察,只看續抱 / 減碼 / 停利 / 停損，不新增部位。,停止新進場，先保留現金，等待大盤止跌。,停止新進場，禁止顯示今日可進場。,False,False
2026-10-01,2026-10-01,收盤確認價,臺灣證券交易所 / 證券櫃檯買賣中心正式收盤；yfinance 歷史資料,只使用完整收盤日K，不使用盤中未完成K,上市,2377,微星,152.5,153.5,151.0,151.4,152.5,152.8,149.59,116.99,7.39,0.99,False,3015613,7876599,459880982,1212451555,2.66,True,True,22.77,紅K突破,AI 伺服器 電競 主機板,False,False,True,False,1,False,C級：已漲遠或接近目標，禁止追高,題材命中,接近成形,164.0,145.16,196.5,接近成形＋可觀察,167.28,164.0,167.28,172.3,159.08,4.9,低,-7.01,12.1,3.56,17.47,167.28,0.66,False,False,True,距離頸線或前高過遠，禁止追高,頸線以當日前20日高點計算；收盤站上頸線 164.0 至少2%；成交量>=20日均量2倍；不可長上影；回踩須有近10日突破紀錄且不有效跌破頸線；距離頸線>5%禁止進場,35,C,禁止追高,已漲遠或接近目標，空手不追；持有者依策略分批處理。,False,2026-10-01,True,True,STOP,STOP 停止進場,觀察,取消新進場，只保留觀察,只看續抱 / 減碼 / 停利 / 停損，不新增部位。,停止新進場，先保留現金，等待大盤止跌。,停止新進場，禁止顯示今日可進場。,False,False
2026-10-01,2026-10-01,收盤確認價,臺灣證券交易所 / 證券櫃檯買賣中心正式收盤；yfinance 歷史資料,只使用完整收盤日K，不使用盤中未完成K,上櫃,4721,美琪瑪,80.6,82.5,80.3,79.12,76.41,74.11,74.02,75.86,-7.14,-2.3,False,611093,406714,49254095,30913229,1.74,False,True,36.6,一般K,,True,False,False,False,1,False,C級：已漲遠或接近目標，禁止追高,趨勢多頭,旗型整理突破,77.6,70.4,92.8,接近成形＋可觀察,79.15,77.6,79.15,81.53,75.27,4.9,低,3.87,11.33,3.52,17.24,79.15,0.0,True,False,True,距離頸線或前高過遠，禁止追高,頸線以當日前20日高點計算；收盤站上頸線 77.6 至少2%；成交量>=20日均量2倍；不可長上影；回踩須有近10日突破紀錄且不有效跌破頸線；距離頸線>5%禁止進場,35,C,禁止追高,已漲遠或接近目標，空手不追；持有者依策略分批處理。,False,2026-10-01,True,True,STOP,STOP 停止進場,觀察,取消新進場，只保留觀察,只看續抱 / 減碼 / 停利 / 停損，不新增部位。,停止新進場，先保留現金，等待大盤止跌。,停止新進場，禁止顯示今日可進場。,False,False
2026-10-01,2026-10-01,收盤確認價,臺灣證券交易所 / 證券櫃檯買賣中心正式收盤；yfinance 歷史資料,只使用完整收盤日K，不使用盤中未完成K,上櫃,4903,聯光通,44.35,44.4,41.6,43.04,40.45,38.18,37.46,40.1,10.32,3.38,False,7006456,3534981,310736323,145503299,3.95,True,True,33.17,紅K突破,,True,False,False,False,1,False,C級：已漲遠或接近目標，禁止追高,趨勢多頭,接近成形,39.15,36.27,46.5,接近成形＋可觀察,39.93,39.15,39.93,41.13,37.98,4.9,低,13.28,0.11,3.35,16.45,39.93,0.11,True,True,True,接近目標區，只給持有者分批停利參考，空手不追高,頸線以當日前20日高點計算；收盤站上頸線 39.15 至少2%；成交量>=20日均量2倍；不可長上影；回踩須有近10日突破紀錄且不有效跌破頸線；距離頸線>5%禁止進場,35,C,禁止追高,已漲遠或接近目標，空手不追；持有者依策略分批處理。,False,2026-10-01,True,True,STOP,STOP 停止進場,接近目標,取消新進場，只保留觀察,只看續抱 / 減碼 / 停利 / 停損，不新增部位。,停止新進場，先保留現金，等待大盤止跌。,停止新進場，禁止顯示今日可進場。,False,False
2026-10-01,2026-10-01,收盤確認價,臺灣證券交易所 / 證券櫃檯買賣中心正式收盤；yfinance 歷史資料,只使用完整收盤日K，不使用盤中未完成K,上櫃,3294,英濟,33.05,34.9,32.5,33.15,31.68,30.58,31.26,36.36,-14.38,1.85,False,2051169,868436,67791135,28324767,2.67,False,True,36.22,一般K,,False,True,False,False,1,False,C級：已漲遠或接近目標，禁止追高,量能放大,旗型整理突破,31.95,29.05,37.7,接近成形＋可觀察,32.59,31.95,32.59,33.57,30.99,4.9,低,3.44,16.54,3.2,15.68,32.59,5.6,True,False,True,距離頸線或前高過遠，禁止追高,頸線以當日前20日高點計算；收盤站上頸線 31.95 至少2%；成交量>=20日均量2倍；不可長上影；回踩須有近10日突破紀錄且不有效跌破頸線；距離頸線>5%禁止進場,35,C,禁止追高,已漲遠或接近目標，空手不追；持有者依策略分批處理。,False,2026-10-01,True,True,STOP,STOP 停止進場,觀察,取消新進場，只保留觀察,只看續抱 / 減碼 / 停利 / 停損，不新增部位。,停止新進場，先保留現金，等待大盤止跌。,停止新進場，禁止顯示今日可進場。,False,False
2026-10-01,2026-10-01,收盤確認價,臺灣證券交易所 / 證券櫃檯買賣中心正式收盤；yfinance 歷史資料,只使用完整收盤日K，不使用盤中未完成K,上櫃,7777,能率亞洲,38.25,38.75,37.4,36.58,36.42,36.96,38.57,32.36,-6.71,0.66,False,2967705,1182198,113514716,43910618,2.32,True,True,26.52,下影線,,False,True,False,False,1,False,C級：已漲遠或接近目標，禁止追高,量能放大,三角收斂突破,40.85,35.35,48.2,接近成形＋可觀察,41.67,40.85,41.67,42.92,39.62,4.9,低,-6.36,11.97,3.2,15.68,41.67,1.31,False,False,True,距離頸線或前高過遠，禁止追高,頸線以當日前20日高點計算；收盤站上頸線 40.85 至少2%；成交量>=20日均量2倍；不可長上影；回踩須有近10日突破紀錄且不有效跌破頸線；距離頸線>5%禁止進場,35,C,禁止追高,已漲遠或接近目標，空手不追；持有者依策略分批處理。,False,2026-10-01,True,True,STOP,STOP 停止進場,觀察,取消新進場，只保留觀察,只看續抱 / 減碼 / 停利 / 停損，不新增部位。,停止新進場，先保留現金，等待大盤止跌。,停止新進場，禁止顯示今日可進場。,False,False
2026-10-01,2026-10-01,收盤確認價,臺灣證券交易所 / 證券櫃檯買賣中心正式收盤；yfinance 歷史資料,只使用完整收盤日K，不使用盤中未完成K,上櫃,6811,宏碁資訊,243.5,244.0,238.0,243.3,248.65,238.43,231.74,216.06,9.19,1.25,False,166263,391719,40485040,96898389,3.17,False,True,57.28,紅K突破,,True,False,False,False,1,False,C級：已漲遠或接近目標，禁止追高,趨勢多頭,接近成形,255.5,226.5,301.0,接近成形＋可觀察,260.61,255.5,260.61,268.43,247.83,4.9,低,-4.7,10.64,3.16,15.5,260.61,0.21,True,False,True,距離頸線或前高過遠，禁止追高,頸線以當日前20日高點計算；收盤站上頸線 255.5 至少2%；成交量>=20日均量2倍；不可長上影；回踩須有近10日突破紀錄且不有效跌破頸線；距離頸線>5%禁止進場,35,C,禁止追高,已漲遠或接近目標，空手不追；持有者依策略分批處理。,False,2026-10-01,True,True,STOP,STOP 停止進場,觀察,取消新進場，只保留觀察,只看續抱 / 減碼 / 停利 / 停損，不新增部位。,停止新進場，先保留現金，等待大盤止跌。,停止新進場，禁止顯示今日可進場。,False,False
2026-10-01,2026-10-01,收盤確認價,臺灣證券交易所 / 證券櫃檯買賣中心正式收盤；yfinance 歷史資料,只使用完整收盤日K，不使用盤中未完成K,上櫃,6609,瀧澤科,39.55,40.35,39.55,39.75,39.55,39.55,39.37,39.04,-0.88,-1.0,False,62091,98856,2455699,3919939,0.85,False,True,18.06,一般K,,True,False,False,False,1,False,C級：已漲遠或接近目標，禁止追高,趨勢多頭,旗型整理突破,41.35,38.4,47.95,接近成形＋可觀察,42.18,41.35,42.18,43.44,40.11,4.9,低,-4.35,14.58,2.79,13.69,42.18,0.0,False,False,True,距離頸線或前高過遠，禁止追高,頸線以當日前20日高點計算；收盤站上頸線 41.35 至少2%；成交量>=20日均量2倍；不可長上影；回踩須有近10日突破紀錄且不有效跌破頸線；距離頸線>5%禁止進場,35,C,禁止追高,已漲遠或接近目標，空手不追；持有者依策略分批處理。,False,2026-10-01,True,True,STOP,STOP 停止進場,觀察,取消新進場，只保留觀察,只看續抱 / 減碼 / 停利 / 停損，不新增部位。,停止新進場，先保留現金，等待大盤止跌。,停止新進場，禁止顯示今日可進場。,False,False
2026-10-01,2026-10-01,收盤確認價,臺灣證券交易所 / 證券櫃檯買賣中心正式收盤；yfinance 歷史資料,只使用完整收盤日K，不使用盤中未完成K,上櫃,6199,天品,128.0,128.5,127.0,125.5,117.9,107.7,101.43,99.58,22.49,0.39,False,6611386,3999604,846257408,455201611,1.8,True,True,47.04,紅K突破,,True,False,False,False,1,False,C級：已漲遠或接近目標，禁止追高,趨勢多頭,接近成形,106.0,102.31,122.2,接近成形＋可觀察,108.12,106.0,108.12,111.36,102.82,4.9,低,20.75,0.0,2.66,13.02,108.12,0.39,True,True,True,接近目標區，只給持有者分批停利參考，空手不追高,頸線以當日前20日高點計算；收盤站上頸線 106.0 至少2%；成交量>=20日均量2倍；不可長上影；回踩須有近10日突破紀錄且不有效跌破頸線；距離頸線>5%禁止進場,35,C,禁止追高,已漲遠或接近目標，空手不追；持有者依策略分批處理。,False,2026-10-01,True,True,STOP,STOP 停止進場,接近目標,取消新進場，只保留觀察,只看續抱 / 減碼 / 停利 / 停損，不新增部位。,停止新進場，先保留現金，等待大盤止跌。,停止新進場，禁止顯示今日可進場。,False,False
2026-10-01,2026-10-01,收盤確認價,臺灣證券交易所 / 證券櫃檯買賣中心正式收盤；yfinance 歷史資料,只使用完整收盤日K，不使用盤中未完成K,上櫃,6261,久元,79.1,79.8,78.5,78.68,78.35,77.89,80.05,79.09,-13.55,0.0,False,357691,464059,28293358,36186636,1.85,False,True,11.94,一般K,半導體 封測 測試,False,False,True,False,1,False,C級：已漲遠或接近目標，禁止追高,題材命中,接近成形,82.7,73.99,95.3,接近成形＋可觀察,84.35,82.7,84.35,86.88,80.22,4.9,低,-4.35,14.85,2.65,12.98,84.35,0.0,False,False,True,距離頸線或前高過遠，禁止追高,頸線以當日前20日高點計算；收盤站上頸線 82.7 至少2%；成交量>=20日均量2倍；不可長上影；回踩須有近10日突破紀錄且不有效跌破頸線；距離頸線>5%禁止進場,35,C,禁止追高,已漲遠或接近目標，空手不追；持有者依策略分批處理。,False,2026-10-01,True,True,STOP,STOP 停止進場,觀察,取消新進場，只保留觀察,只看續抱 / 減碼 / 停利 / 停損，不新增部位。,停止新進場，先保留現金，等待大盤止跌。,停止新進場，禁止顯示今日可進場。,False,False
2026-10-01,2026-10-01,收盤確認價,臺灣證券交易所 / 證券櫃檯買賣中心正式收盤；yfinance 歷史資料,只使用完整收盤日K，不使用盤中未完成K,上櫃,6208,日揚,79.5,80.5,76.8,75.88,75.17,75.47,80.58,64.78,-12.15,4.61,False,471849,206118,37511995,15678211,2.53,False,True,28.75,紅K突破,,False,True,False,False,1,False,C級：已漲遠或接近目標，禁止追高,量能放大,三角收斂突破,82.1,71.9,92.3,接近成形＋可觀察,83.74,82.1,83.74,86.25,79.64,4.9,低,-3.17,13.96,2.08,10.22,83.74,1.26,False,False,True,距離頸線或前高過遠，禁止追高,頸線以當日前20日高點計算；收盤站上頸線 82.1 至少2%；成交量>=20日均量2倍；不可長上影；回踩須有近10日突破紀錄且不有效跌破頸線；距離頸線>5%禁止進場,35,C,禁止追高,已漲遠或接近目標，空手不追；持有者依策略分批處理。,False,2026-10-01,True,True,STOP,STOP 停止進場,觀察,取消新進場，只保留觀察,只看續抱 / 減碼 / 停利 / 停損，不新增部位。,停止新進場，先保留現金，等待大盤止跌。,停止新進場，禁止顯示今日可進場。,False,False
2026-10-01,2026-10-01,收盤確認價,臺灣證券交易所 / 證券櫃檯買賣中心正式收盤；yfinance 歷史資料,只使用完整收盤日K，不使用盤中未完成K,上櫃,1815,富喬,116.0,119.5,113.5,116.8,117.7,119.76,97.91,92.35,26.09,0.0,False,31721995,60488207,3679751420,7302481205,4.27,True,True,20.03,下影線,,False,False,False,False,0,False,C級：已漲遠或接近目標，禁止追高,條件不足,接近成形,135.0,113.78,213.71,接近成形＋可觀察,137.7,135.0,137.7,141.83,130.95,4.9,低,-14.07,14.07,11.26,55.2,137.7,2.16,False,False,True,距離頸線或前高過遠，禁止追高,頸線以當日前20日高點計算；收盤站上頸線 135.0 至少2%；成交量>=20日均量2倍；不可長上影；回踩須有近10日突破紀錄且不有效跌破頸線；距離頸線>5%禁止進場,35,C,禁止追高,已漲遠或接近目標，空手不追；持有者依策略分批處理。,False,2026-10-01,True,True,STOP,STOP 停止進場,觀察,取消新進場，只保留觀察,只看續抱 / 減碼 / 停利 / 停損，不新增部位。,停止新進場，先保留現金，等待大盤止跌。,停止新進場，禁止顯示今日可進場。,False,False
2026-10-01,2026-10-01,收盤確認價,臺灣證券交易所 / 證券櫃檯買賣中心正式收盤；yfinance 歷史資料,只使用完整收盤日K，不使用盤中未完成K,上櫃,4971,IET-KY,534.0,549.0,527.0,542.0,558.0,576.15,502.43,450.07,22.06,-0.93,False,712474,2405158,380461116,1446865320,4.34,True,True,19.19,一般K,,False,False,False,False,0,False,C級：已漲遠或接近目標，禁止追高,條件不足,接近成形,726.0,547.34,1136.0,接近成形＋可觀察,740.52,726.0,740.52,762.74,704.22,4.9,低,-26.45,26.45,10.89,53.41,740.52,2.06,False,False,True,距離頸線或前高過遠，禁止追高,頸線以當日前20日高點計算；收盤站上頸線 726.0 至少2%；成交量>=20日均量2倍；不可長上影；回踩須有近10日突破紀錄且不有效跌破頸線；距離頸線>5%禁止進場,35,C,禁止追高,已漲遠或接近目標，空手不追；持有者依策略分批處理。,False,2026-10-01,True,True,STOP,STOP 停止進場,觀察,取消新進場，只保留觀察,只看續抱 / 減碼 / 停利 / 停損，不新增部位。,停止新進場，先保留現金，等待大盤止跌。,停止新進場，禁止顯示今日可進場。,False,False
2026-10-01,2026-10-01,收盤確認價,臺灣證券交易所 / 證券櫃檯買賣中心正式收盤；yfinance 歷史資料,只使用完整收盤日K，不使用盤中未完成K,上櫃,6727,亞泰金屬,488.0,496.5,481.5,485.2,481.35,502.07,446.82,328.32,-10.29,0.62,False,654633,1306172,319460904,667870108,3.2,True,True,28.07,一般K,,False,False,False,False,0,False,C級：已漲遠或接近目標，禁止追高,條件不足,旗型整理突破,605.0,476.97,931.5,接近成形＋可觀察,617.1,605.0,617.1,635.61,586.85,4.9,低,-19.34,19.34,10.39,50.95,617.1,1.74,False,False,True,距離頸線或前高過遠，禁止追高,頸線以當日前20日高點計算；收盤站上頸線 605.0 至少2%；成交量>=20日均量2倍；不可長上影；回踩須有近10日突破紀錄且不有效跌破頸線；距離頸線>5%禁止進場,35,C,禁止追高,已漲遠或接近目標，空手不追；持有者依策略分批處理。,False,2026-10-01,True,True,STOP,STOP 停止進場,觀察,取消新進場，只保留觀察,只看續抱 / 減碼 / 停利 / 停損，不新增部位。,停止新進場，先保留現金，等待大盤止跌。,停止新進場，禁止顯示今日可進場。,False,False
2026-10-01,2026-10-01,收盤確認價,臺灣證券交易所 / 證券櫃檯買賣中心正式收盤；yfinance 歷史資料,只使用完整收盤日K，不使用盤中未完成K,上櫃,5475,德宏,178.0,181.0,176.0,179.2,178.85,181.68,166.24,174.11,-16.63,-0.84,False,2279798,4798042,405804044,870915693,3.54,True,True,14.05,一般K,,False,False,False,False,0,False,C級：已漲遠或接近目標，禁止追高,條件不足,接近成形,212.5,172.59,325.0,接近成形＋可觀察,216.75,212.5,216.75,223.25,206.12,4.9,低,-16.24,21.59,10.19,49.94,216.75,1.12,False,False,True,距離頸線或前高過遠，禁止追高,頸線以當日前20日高點計算；收盤站上頸線 212.5 至少2%；成交量>=20日均量2倍；不可長上影；回踩須有近10日突破紀錄且不有效跌破頸線；距離頸線>5%禁止進場,35,C,禁止追高,已漲遠或接近目標，空手不追；持有者依策略分批處理。,False,2026-10-01,True,True,STOP,STOP 停止進場,觀察,取消新進場，只保留觀察,只看續抱 / 減碼 / 停利 / 停損，不新增部位。,停止新進場，先保留現金，等待大盤止跌。,停止新進場，禁止顯示今日可進場。,False,False
2026-10-01,2026-10-01,收盤確認價,臺灣證券交易所 / 證券櫃檯買賣中心正式收盤；yfinance 歷史資料,只使用完整收盤日K，不使用盤中未完成K,上市,2351,順德,212.5,214.5,207.0,216.5,227.3,232.05,198.03,137.41,4.42,1.67,False,3449076,6260188,732928650,1472322010,3.93,True,True,26.01,紅K突破,,False,False,False,False,0,False,C級：已漲遠或接近目標，禁止追高,條件不足,接近成形,257.0,220.45,390.0,接近成形＋可觀察,262.14,257.0,262.14,270.0,249.29,4.9,低,-17.32,17.32,9.95,48.78,262.14,0.94,False,False,True,距離頸線或前高過遠，禁止追高,頸線以當日前20日高點計算；收盤站上頸線 257.0 至少2%；成交量>=20日均量2倍；不可長上影；回踩須有近10日突破紀錄且不有效跌破頸線；距離頸線>5%禁止進場,35,C,禁止追高,已漲遠或接近目標，空手不追；持有者依策略分批處理。,False,2026-10-01,True,True,STOP,STOP 停止進場,觀察,取消新進場，只保留觀察,只看續抱 / 減碼 / 停利 / 停損，不新增部位。,停止新進場，先保留現金，等待大盤止跌。,停止新進場，禁止顯示今日可進場。,False,False
2026-10-01,2026-10-01,收盤確認價,臺灣證券交易所 / 證券櫃檯買賣中心正式收盤；yfinance 歷史資料,只使用完整收盤日K，不使用盤中未完成K,上櫃,4979,華星光,557.0,572.0,545.0,569.2,578.3,578.55,511.39,415.31,28.19,-2.11,False,1104246,6811921,615065022,4080004135,5.48,True,True,14.67,一般K,,False,False,False,False,0,False,C級：已漲遠或接近目標，禁止追高,條件不足,接近成形,658.0,549.62,995.5,接近成形＋可觀察,671.16,658.0,671.16,691.29,638.26,4.9,低,-15.35,15.35,9.86,48.33,671.16,0.36,False,False,True,距離頸線或前高過遠，禁止追高,頸線以當日前20日高點計算；收盤站上頸線 658.0 至少2%；成交量>=20日均量2倍；不可長上影；回踩須有近10日突破紀錄且不有效跌破頸線；距離頸線>5%禁止進場,35,C,禁止追高,已漲遠或接近目標，空手不追；持有者依策略分批處理。,False,2026-10-01,True,True,STOP,STOP 停止進場,觀察,取消新進場，只保留觀察,只看續抱 / 減碼 / 停利 / 停損，不新增部位。,停止新進場，先保留現金，等待大盤止跌。,停止新進場，禁止顯示今日可進場。,False,False
2026-10-01,2026-10-01,收盤確認價,臺灣證券交易所 / 證券櫃檯買賣中心正式收盤；yfinance 歷史資料,只使用完整收盤日K，不使用盤中未完成K,上櫃,6617,共信-KY,132.0,141.0,132.0,136.5,138.85,132.88,111.53,86.09,12.34,-4.69,False,807612,1072077,106604784,143341354,4.53,True,True,49.25,長黑,,False,False,False,False,0,False,C級：已漲遠或接近目標，禁止追高,條件不足,接近成形,149.0,126.23,224.6,接近成形＋可觀察,151.98,149.0,151.98,156.54,144.53,4.9,低,-11.41,11.41,9.75,47.78,151.98,1.89,False,False,True,距離頸線或前高過遠，禁止追高,頸線以當日前20日高點計算；收盤站上頸線 149.0 至少2%；成交量>=20日均量2倍；不可長上影；回踩須有近10日突破紀錄且不有效跌破頸線；距離頸線>5%禁止進場,35,C,禁止追高,已漲遠或接近目標，空手不追；持有者依策略分批處理。,False,2026-10-01,True,True,STOP,STOP 停止進場,觀察,取消新進場，只保留觀察,只看續抱 / 減碼 / 停利 / 停損，不新增部位。,停止新進場，先保留現金，等待大盤止跌。,停止新進場，禁止顯示今日可進場。,False,False
2026-10-01,2026-10-01,收盤確認價,臺灣證券交易所 / 證券櫃檯買賣中心正式收盤；yfinance 歷史資料,只使用完整收盤日K，不使用盤中未完成K,上櫃,3363,上詮,641.0,655.0,641.0,647.4,658.0,686.45,624.03,577.91,0.16,-1.23,False,1137038,3633640,728841358,2571839469,2.71,True,True,31.34,一般K,,False,False,False,False,0,False,C級：已漲遠或接近目標，禁止追高,條件不足,接近成形,850.0,652.13,1263.0,接近成形＋可觀察,867.0,850.0,867.0,893.01,824.5,4.9,低,-24.59,24.59,9.32,45.67,867.0,1.25,False,False,True,距離頸線或前高過遠，禁止追高,頸線以當日前20日高點計算；收盤站上頸線 850.0 至少2%；成交量>=20日均量2倍；不可長上影；回踩須有近10日突破紀錄且不有效跌破頸線；距離頸線>5%禁止進場,35,C,禁止追高,已漲遠或接近目標，空手不追；持有者依策略分批處理。,False,2026-10-01,True,True,STOP,STOP 停止進場,觀察,取消新進場，只保留觀察,只看續抱 / 減碼 / 停利 / 停損，不新增部位。,停止新進場，先保留現金，等待大盤止跌。,停止新進場，禁止顯示今日可進場。,False,False
2026-10-01,2026-10-01,收盤確認價,臺灣證券交易所 / 證券櫃檯買賣中心正式收盤；yfinance 歷史資料,只使用完整收盤日K，不使用盤中未完成K,上櫃,3141,晶宏,84.5,86.8,84.1,85.06,88.82,92.25,78.43,59.39,13.12,-0.94,False,1474892,5841724,124628374,562839077,3.32,True,True,34.89,一般K,,False,False,False,False,0,False,C級：已漲遠或接近目標，禁止追高,條件不足,接近成形,110.0,87.64,163.2,接近成形＋可觀察,112.2,110.0,112.2,115.57,106.7,4.9,低,-23.18,23.18,9.27,45.45,112.2,1.54,False,False,True,距離頸線或前高過遠，禁止追高,頸線以當日前20日高點計算；收盤站上頸線 110.0 至少2%；成交量>=20日均量2倍；不可長上影；回踩須有近10日突破紀錄且不有效跌破頸線；距離頸線>5%禁止進場,35,C,禁止追高,已漲遠或接近目標，空手不追；持有者依策略分批處理。,False,2026-10-01,True,True,STOP,STOP 停止進場,觀察,取消新進場，只保留觀察,只看續抱 / 減碼 / 停利 / 停損，不新增部位。,停止新進場，先保留現金，等待大盤止跌。,停止新進場，禁止顯示今日可進場。,False,False
2026-10-01,2026-10-01,收盤確認價,臺灣證券交易所 / 證券櫃檯買賣中心正式收盤；yfinance 歷史資料,只使用完整收盤日K，不使用盤中未完成K,上櫃,5351,鈺創,109.5,109.5,107.0,109.4,108.75,110.65,105.35,72.54,22.62,-0.9,False,5488609,10102998,601002685,1131025254,3.47,True,True,11.89,下影線,,False,False,False,False,0,False,C級：已漲遠或接近目標，禁止追高,條件不足,旗型整理突破,127.0,105.12,188.3,接近成形＋可觀察,129.54,127.0,129.54,133.43,123.19,4.9,低,-13.78,22.34,9.25,45.36,129.54,0.0,False,False,True,距離頸線或前高過遠，禁止追高,頸線以當日前20日高點計算；收盤站上頸線 127.0 至少2%；成交量>=20日均量2倍；不可長上影；回踩須有近10日突破紀錄且不有效跌破頸線；距離頸線>5%禁止進場,35,C,禁止追高,已漲遠或接近目標，空手不追；持有者依策略分批處理。,False,2026-10-01,True,True,STOP,STOP 停止進場,觀察,取消新進場，只保留觀察,只看續抱 / 減碼 / 停利 / 停損，不新增部位。,停止新進場，先保留現金，等待大盤止跌。,停止新進場，禁止顯示今日可進場。,False,False
2026-10-01,2026-10-01,收盤確認價,臺灣證券交易所 / 證券櫃檯買賣中心正式收盤；yfinance 歷史資料,只使用完整收盤日K，不使用盤中未完成K,上櫃,6588,東典光電,110.0,112.0,108.0,110.0,112.15,110.7,97.16,84.08,35.97,1.85,False,1016300,2290454,111793000,259505949,4.6,True,True,19.37,一般K,,False,False,False,False,0,False,C級：已漲遠或接近目標，禁止追高,條件不足,接近成形,127.0,105.16,187.4,接近成形＋可觀察,129.54,127.0,129.54,133.43,123.19,4.9,低,-13.39,13.39,9.11,44.67,129.54,1.82,False,False,True,距離頸線或前高過遠，禁止追高,頸線以當日前20日高點計算；收盤站上頸線 127.0 至少2%；成交量>=20日均量2倍；不可長上影；回踩須有近10日突破紀錄且不有效跌破頸線；距離頸線>5%禁止進場,35,C,禁止追高,已漲遠或接近目標，空手不追；持有者依策略分批處理。,False,2026-10-01,True,True,STOP,STOP 停止進場,觀察,取消新進場，只保留觀察,只看續抱 / 減碼 / 停利 / 停損，不新增部位。,停止新進場，先保留現金，等待大盤止跌。,停止新進場，禁止顯示今日可進場。,False,False
2026-10-01,2026-10-01,收盤確認價,臺灣證券交易所 / 證券櫃檯買賣中心正式收盤；yfinance 歷史資料,只使用完整收盤日K，不使用盤中未完成K,上櫃,3693,營邦,664.0,691.0,643.0,702.8,699.8,685.5,567.26,464.62,27.69,-3.35,False,2839027,2056246,1885113928,1405933461,2.81,True,True,27.28,一般K,,False,False,False,False,0,False,C級：已漲遠或接近目標，禁止追高,條件不足,接近成形,748.0,651.23,1094.0,接近成形＋可觀察,762.96,748.0,762.96,785.85,725.56,4.9,低,-11.23,11.23,8.85,43.39,762.96,0.45,False,False,True,距離頸線或前高過遠，禁止追高,頸線以當日前20日高點計算；收盤站上頸線 748.0 至少2%；成交量>=20日均量2倍；不可長上影；回踩須有近10日突破紀錄且不有效跌破頸線；距離頸線>5%禁止進場,35,C,禁止追高,已漲遠或接近目標，空手不追；持有者依策略分批處理。,False,2026-10-01,True,True,STOP,STOP 停止進場,觀察,取消新進場，只保留觀察,只看續抱 / 減碼 / 停利 / 停損，不新增部位。,停止新進場，先保留現金，等待大盤止跌。,停止新進場，禁止顯示今日可進場。,False,False
2026-10-01,2026-10-01,收盤確認價,臺灣證券交易所 / 證券櫃檯買賣中心正式收盤；yfinance 歷史資料,只使用完整收盤日K，不使用盤中未完成K,上市,2301,光寶科,284.5,285.0,278.0,283.1,282.55,287.48,258.58,197.81,32.94,1.79,False,9330365,18667576,2654488842,5441310558,2.49,True,True,13.97,紅K突破,,False,False,False,False,0,False,C級：已漲遠或接近目標，禁止追高,條件不足,旗型整理突破,328.0,273.1,479.5,接近成形＋可觀察,334.56,328.0,334.56,344.6,318.16,4.9,低,-13.26,13.26,8.84,43.32,334.56,0.18,False,False,True,距離頸線或前高過遠，禁止追高,頸線以當日前20日高點計算；收盤站上頸線 328.0 至少2%；成交量>=20日均量2倍；不可長上影；回踩須有近10日突破紀錄且不有效跌破頸線；距離頸線>5%禁止進場,35,C,禁止追高,已漲遠或接近目標，空手不追；持有者依策略分批處理。,False,2026-10-01,True,True,STOP,STOP 停止進場,觀察,取消新進場，只保留觀察,只看續抱 / 減碼 / 停利 / 停損，不新增部位。,停止新進場，先保留現金，等待大盤止跌。,停止新進場，禁止顯示今日可進場。,False,False
2026-10-01,2026-10-01,收盤確認價,臺灣證券交易所 / 證券櫃檯買賣中心正式收盤；yfinance 歷史資料,只使用完整收盤日K，不使用盤中未完成K,上櫃,6739,竹陞科技,1105.0,1140.0,1100.0,1107.0,1099.5,1129.0,1070.38,1024.64,-0.45,-2.64,False,153698,329311,169836290,384320524,4.93,True,True,15.85,一般K,,False,False,False,False,0,False,C級：已漲遠或接近目標，禁止追高,條件不足,旗型整理突破,1370.0,1072.55,1976.0,接近成形＋可觀察,1397.4,1370.0,1397.4,1439.32,1328.9,4.9,低,-19.34,19.34,8.45,41.41,1397.4,0.9,False,False,True,距離頸線或前高過遠，禁止追高,頸線以當日前20日高點計算；收盤站上頸線 1370.0 至少2%；成交量>=20日均量2倍；不可長上影；回踩須有近10日突破紀錄且不有效跌破頸線；距離頸線>5%禁止進場,35,C,禁止追高,已漲遠或接近目標，空手不追；持有者依策略分批處理。,False,2026-10-01,True,True,STOP,STOP 停止進場,觀察,取消新進場，只保留觀察,只看續抱 / 減碼 / 停利 / 停損，不新增部位。,停止新進場，先保留現金，等待大盤止跌。,停止新進場，禁止顯示今日可進場。,False,False
2026-10-01,2026-10-01,收盤確認價,臺灣證券交易所 / 證券櫃檯買賣中心正式收盤；yfinance 歷史資料,只使用完整收盤日K，不使用盤中未完成K,上櫃,6640,均華,1110.0,1140.0,1075.0,1050.0,1081.0,1139.0,1023.82,968.5,13.03,6.73,False,718766,549749,797830260,642892519,4.42,True,True,30.74,一般K,,False,False,False,False,0,False,C級：已漲遠或接近目標，禁止追高,條件不足,旗型整理突破,1320.0,1082.05,1903.0,接近成形＋可觀察,1346.4,1320.0,1346.4,1386.79,1280.4,4.9,低,-15.91,15.91,8.43,41.34,1346.4,2.7,False,False,True,距離頸線或前高過遠，禁止追高,頸線以當日前20日高點計算；收盤站上頸線 1320.0 至少2%；成交量>=20日均量2倍；不可長上影；回踩須有近10日突破紀錄且不有效跌破頸線；距離頸線>5%禁止進場,35,C,禁止追高,已漲遠或接近目標，空手不追；持有者依策略分批處理。,False,2026-10-01,True,True,STOP,STOP 停止進場,觀察,取消新進場，只保留觀察,只看續抱 / 減碼 / 停利 / 停損，不新增部位。,停止新進場，先保留現金，等待大盤止跌。,停止新進場，禁止顯示今日可進場。,False,False
2026-10-01,2026-10-01,收盤確認價,臺灣證券交易所 / 證券櫃檯買賣中心正式收盤；yfinance 歷史資料,只使用完整收盤日K，不使用盤中未完成K,上櫃,6510,精測,3000.0,3155.0,2960.0,3198.0,3312.5,3387.0,2940.92,2894.1,5.63,-2.12,False,1063100,1143115,3189300000,3904696698,4.72,True,True,44.85,一般K,,False,False,False,False,0,False,C級：已漲遠或接近目標，禁止追高,條件不足,接近成形,3935.0,3217.65,5635.0,接近成形＋可觀察,4013.7,3935.0,4013.7,4134.11,3816.95,4.9,低,-23.76,23.76,8.24,40.39,4013.7,3.0,False,False,True,距離頸線或前高過遠，禁止追高,頸線以當日前20日高點計算；收盤站上頸線 3935.0 至少2%；成交量>=20日均量2倍；不可長上影；回踩須有近10日突破紀錄且不有效跌破頸線；距離頸線>5%禁止進場,35,C,禁止追高,已漲遠或接近目標，空手不追；持有者依策略分批處理。,False,2026-10-01,True,True,STOP,STOP 停止進場,觀察,取消新進場，只保留觀察,只看續抱 / 減碼 / 停利 / 停損，不新增部位。,停止新進場，先保留現金，等待大盤止跌。,停止新進場，禁止顯示今日可進場。,False,False
2026-10-01,2026-10-01,收盤確認價,臺灣證券交易所 / 證券櫃檯買賣中心正式收盤；yfinance 歷史資料,只使用完整收盤日K，不使用盤中未完成K,上櫃,6829,千附精密,205.0,208.0,204.0,207.7,211.45,223.62,215.85,164.09,-5.09,-1.68,False,498553,925686,102203365,212272312,4.28,True,True,25.01,一般K,,False,False,False,False,0,False,C級：已漲遠或接近目標，禁止追高,條件不足,接近成形,265.0,212.44,373.0,接近成形＋可觀察,270.3,265.0,270.3,278.41,257.05,4.9,低,-22.64,22.93,7.75,37.99,270.3,0.0,False,False,True,距離頸線或前高過遠，禁止追高,頸線以當日前20日高點計算；收盤站上頸線 265.0 至少2%；成交量>=20日均量2倍；不可長上影；回踩須有近10日突破紀錄且不有效跌破頸線；距離頸線>5%禁止進場,35,C,禁止追高,已漲遠或接近目標，空手不追；持有者依策略分批處理。,False,2026-10-01,True,True,STOP,STOP 停止進場,觀察,取消新進場，只保留觀察,只看續抱 / 減碼 / 停利 / 停損，不新增部位。,停止新進場，先保留現金，等待大盤止跌。,停止新進場，禁止顯示今日可進場。,False,False
2026-10-01,2026-10-01,收盤確認價,臺灣證券交易所 / 證券櫃檯買賣中心正式收盤；yfinance 歷史資料,只使用完整收盤日K，不使用盤中未完成K,上市,2313,華通,224.5,228.0,223.0,224.7,223.95,227.97,218.09,187.79,0.22,-0.88,False,6854303,21188947,1538791023,4916323553,2.74,True,True,24.08,一般K,,False,False,False,False,0,False,C級：已漲遠或接近目標，禁止追高,條件不足,旗型整理突破,259.5,216.58,365.0,接近成形＋可觀察,264.69,259.5,264.69,272.63,251.72,4.9,低,-13.49,13.65,7.73,37.9,264.69,0.45,False,False,True,距離頸線或前高過遠，禁止追高,頸線以當日前20日高點計算；收盤站上頸線 259.5 至少2%；成交量>=20日均量2倍；不可長上影；回踩須有近10日突破紀錄且不有效跌破頸線；距離頸線>5%禁止進場,35,C,禁止追高,已漲遠或接近目標，空手不追；持有者依策略分批處理。,False,2026-10-01,True,True,STOP,STOP 停止進場,觀察,取消新進場，只保留觀察,只看續抱 / 減碼 / 停利 / 停損，不新增部位。,停止新進場，先保留現金，等待大盤止跌。,停止新進場，禁止顯示今日可進場。,False,False
2026-10-01,2026-10-01,收盤確認價,臺灣證券交易所 / 證券櫃檯買賣中心正式收盤；yfinance 歷史資料,只使用完整收盤日K，不使用盤中未完成K,上櫃,4707,磐亞,28.7,30.85,28.7,29.58,28.83,28.46,31.11,17.33,-22.48,-5.44,False,1899137,2371368,54505231,67636941,2.93,True,True,38.93,長黑,,False,False,False,False,0,False,C級：已漲遠或接近目標，禁止追高,條件不足,接近成形,34.35,27.03,47.38,接近成形＋可觀察,35.04,34.35,35.04,36.09,33.32,4.9,低,-16.45,34.63,7.19,35.24,35.04,1.74,False,False,True,距離頸線或前高過遠，禁止追高,頸線以當日前20日高點計算；收盤站上頸線 34.35 至少2%；成交量>=20日均量2倍；不可長上影；回踩須有近10日突破紀錄且不有效跌破頸線；距離頸線>5%禁止進場,35,C,禁止追高,已漲遠或接近目標，空手不追；持有者依策略分批處理。,False,2026-10-01,True,True,STOP,STOP 停止進場,觀察,取消新進場，只保留觀察,只看續抱 / 減碼 / 停利 / 停損，不新增部位。,停止新進場，先保留現金，等待大盤止跌。,停止新進場，禁止顯示今日可進場。,False,False
2026-10-01,2026-10-01,收盤確認價,臺灣證券交易所 / 證券櫃檯買賣中心正式收盤；yfinance 歷史資料,只使用完整收盤日K，不使用盤中未完成K,上櫃,8155,博智,313.5,327.0,310.0,323.7,325.35,332.5,322.08,274.39,-11.06,-0.79,False,786262,621524,246493137,204849106,3.26,True,True,32.49,一般K,,False,False,False,False,0,False,C級：已漲遠或接近目標，禁止追高,條件不足,接近成形,374.5,315.88,504.5,接近成形＋可觀察,381.99,374.5,381.99,393.45,363.26,4.9,低,-16.29,16.4,6.54,32.07,381.99,3.51,False,False,True,距離頸線或前高過遠，禁止追高,頸線以當日前20日高點計算；收盤站上頸線 374.5 至少2%；成交量>=20日均量2倍；不可長上影；回踩須有近10日突破紀錄且不有效跌破頸線；距離頸線>5%禁止進場,35,C,禁止追高,已漲遠或接近目標，空手不追；持有者依策略分批處理。,False,2026-10-01,True,True,STOP,STOP 停止進場,觀察,取消新進場，只保留觀察,只看續抱 / 減碼 / 停利 / 停損，不新增部位。,停止新進場，先保留現金，等待大盤止跌。,停止新進場，禁止顯示今日可進場。,False,False
2026-10-01,2026-10-01,收盤確認價,臺灣證券交易所 / 證券櫃檯買賣中心正式收盤；yfinance 歷史資料,只使用完整收盤日K，不使用盤中未完成K,上櫃,5439,高技,251.0,256.0,249.5,252.8,249.15,252.97,252.27,308.3,-25.74,-1.18,False,1581049,1370608,396843299,349444020,2.18,True,True,27.99,一般K,,False,False,False,False,0,False,C級：已漲遠或接近目標，禁止追高,條件不足,旗型整理突破,280.5,240.33,377.5,接近成形＋可觀察,286.11,280.5,286.11,294.69,272.08,4.9,低,-10.52,27.87,6.52,31.94,286.11,0.4,False,False,True,距離頸線或前高過遠，禁止追高,頸線以當日前20日高點計算；收盤站上頸線 280.5 至少2%；成交量>=20日均量2倍；不可長上影；回踩須有近10日突破紀錄且不有效跌破頸線；距離頸線>5%禁止進場,35,C,禁止追高,已漲遠或接近目標，空手不追；持有者依策略分批處理。,False,2026-10-01,True,True,STOP,STOP 停止進場,觀察,取消新進場，只保留觀察,只看續抱 / 減碼 / 停利 / 停損，不新增部位。,停止新進場，先保留現金，等待大盤止跌。,停止新進場，禁止顯示今日可進場。,False,False
2026-10-01,2026-10-01,收盤確認價,臺灣證券交易所 / 證券櫃檯買賣中心正式收盤；yfinance 歷史資料,只使用完整收盤日K，不使用盤中未完成K,上市,1312,國喬,14.6,15.15,14.6,14.65,14.7,14.63,13.28,12.52,6.96,-2.67,False,8517813,19464578,124360069,286381346,2.47,True,True,42.65,一般K,,False,False,False,False,0,False,C級：已漲遠或接近目標，禁止追高,條件不足,接近成形,16.5,13.89,22.2,接近成形＋可觀察,16.83,16.5,16.83,17.33,16.0,4.9,低,-11.52,11.52,6.51,31.91,16.83,1.03,False,False,True,距離頸線或前高過遠，禁止追高,頸線以當日前20日高點計算；收盤站上頸線 16.5 至少2%；成交量>=20日均量2倍；不可長上影；回踩須有近10日突破紀錄且不有效跌破頸線；距離頸線>5%禁止進場,35,C,禁止追高,已漲遠或接近目標，空手不追；持有者依策略分批處理。,False,2026-10-01,True,True,STOP,STOP 停止進場,觀察,取消新進場，只保留觀察,只看續抱 / 減碼 / 停利 / 停損，不新增部位。,停止新進場，先保留現金，等待大盤止跌。,停止新進場，禁止顯示今日可進場。,False,False
2026-10-01,2026-10-01,收盤確認價,臺灣證券交易所 / 證券櫃檯買賣中心正式收盤；yfinance 歷史資料,只使用完整收盤日K，不使用盤中未完成K,上市,1802,台玻,58.8,60.0,58.3,58.46,58.7,58.89,57.2,52.4,-10.91,-1.84,False,15496264,19167422,911180323,1132517808,2.26,True,True,11.7,一般K,,False,False,False,False,0,False,C級：已漲遠或接近目標，禁止追高,條件不足,旗型整理突破,64.0,56.0,85.95,接近成形＋可觀察,65.28,64.0,65.28,67.24,62.08,4.9,低,-8.13,15.27,6.46,31.66,65.28,0.0,False,False,True,距離頸線或前高過遠，禁止追高,頸線以當日前20日高點計算；收盤站上頸線 64.0 至少2%；成交量>=20日均量2倍；不可長上影；回踩須有近10日突破紀錄且不有效跌破頸線；距離頸線>5%禁止進場,35,C,禁止追高,已漲遠或接近目標，空手不追；持有者依策略分批處理。,False,2026-10-01,True,True,STOP,STOP 停止進場,觀察,取消新進場，只保留觀察,只看續抱 / 減碼 / 停利 / 停損，不新增部位。,停止新進場，先保留現金，等待大盤止跌。,停止新進場，禁止顯示今日可進場。,False,False
2026-10-01,2026-10-01,收盤確認價,臺灣證券交易所 / 證券櫃檯買賣中心正式收盤；yfinance 歷史資料,只使用完整收盤日K，不使用盤中未完成K,上櫃,6265,方土昶,49.25,50.9,48.4,48.27,48.37,50.43,52.08,39.94,-3.43,1.23,False,3073675,1991806,151378493,101282291,2.9,True,True,63.43,一般K,,False,False,False,False,0,False,C級：已漲遠或接近目標，禁止追高,條件不足,旗型整理突破,58.0,47.91,77.65,接近成形＋可觀察,59.16,58.0,59.16,60.93,56.26,4.9,低,-15.09,28.31,6.38,31.25,59.16,3.35,False,False,True,距離頸線或前高過遠，禁止追高,頸線以當日前20日高點計算；收盤站上頸線 58.0 至少2%；成交量>=20日均量2倍；不可長上影；回踩須有近10日突破紀錄且不有效跌破頸線；距離頸線>5%禁止進場,35,C,禁止追高,已漲遠或接近目標，空手不追；持有者依策略分批處理。,False,2026-10-01,True,True,STOP,STOP 停止進場,觀察,取消新進場，只保留觀察,只看續抱 / 減碼 / 停利 / 停損，不新增部位。,停止新進場，先保留現金，等待大盤止跌。,停止新進場，禁止顯示今日可進場。,False,False
2026-10-01,2026-10-01,收盤確認價,臺灣證券交易所 / 證券櫃檯買賣中心正式收盤；yfinance 歷史資料,只使用完整收盤日K，不使用盤中未完成K,上櫃,3362,先進光,175.5,178.5,172.0,172.1,173.8,181.07,177.95,128.45,4.46,2.63,False,1962595,3142757,344435422,571699006,3.9,True,True,44.34,一般K,,False,False,False,False,0,False,C級：已漲遠或接近目標，禁止追高,條件不足,旗型整理突破,213.0,172.02,281.5,接近成形＋可觀察,217.26,213.0,217.26,223.78,206.61,4.9,低,-17.61,18.18,6.03,29.57,217.26,1.71,False,False,True,距離頸線或前高過遠，禁止追高,頸線以當日前20日高點計算；收盤站上頸線 213.0 至少2%；成交量>=20日均量2倍；不可長上影；回踩須有近10日突破紀錄且不有效跌破頸線；距離頸線>5%禁止進場,35,C,禁止追高,已漲遠或接近目標，空手不追；持有者依策略分批處理。,False,2026-10-01,True,True,STOP,STOP 停止進場,觀察,取消新進場，只保留觀察,只看續抱 / 減碼 / 停利 / 停損，不新增部位。,停止新進場，先保留現金，等待大盤止跌。,停止新進場，禁止顯示今日可進場。,False,False
2026-10-01,2026-10-01,收盤確認價,臺灣證券交易所 / 證券櫃檯買賣中心正式收盤；yfinance 歷史資料,只使用完整收盤日K，不使用盤中未完成K,上市,2360,致茂,2080.0,2150.0,2025.0,2204.0,2230.0,2185.5,2073.75,1581.52,12.13,-2.58,False,2619905,2253195,5449402400,5010325643,4.3,True,True,36.42,一般K,,False,False,False,False,0,False,C級：已漲遠或接近目標，禁止追高,條件不足,接近成形,2540.0,2076.22,3350.0,接近成形＋可觀察,2590.8,2540.0,2590.8,2668.52,2463.8,4.9,低,-18.11,18.11,5.98,29.3,2590.8,1.2,False,False,True,距離頸線或前高過遠，禁止追高,頸線以當日前20日高點計算；收盤站上頸線 2540.0 至少2%；成交量>=20日均量2倍；不可長上影；回踩須有近10日突破紀錄且不有效跌破頸線；距離頸線>5%禁止進場,35,C,禁止追高,已漲遠或接近目標，空手不追；持有者依策略分批處理。,False,2026-10-01,True,True,STOP,STOP 停止進場,觀察,取消新進場，只保留觀察,只看續抱 / 減碼 / 停利 / 停損，不新增部位。,停止新進場，先保留現金，等待大盤止跌。,停止新進場，禁止顯示今日可進場。,False,False
2026-10-01,2026-10-01,收盤確認價,臺灣證券交易所 / 證券櫃檯買賣中心正式收盤；yfinance 歷史資料,只使用完整收盤日K，不使用盤中未完成K,上櫃,6907,雅特力-KY,198.5,202.0,190.0,186.7,185.1,186.22,189.14,0.0,15.41,5.59,False,2990191,1659453,593552913,319753628,4.06,True,True,11.56,紅K突破,,False,False,False,False,0,False,C級：已漲遠或接近目標，禁止追高,條件不足,旗型整理突破,210.5,176.91,276.0,接近成形＋可觀察,214.71,210.5,214.71,221.15,204.19,4.9,低,-5.7,19.31,5.82,28.55,214.71,1.76,False,False,True,距離頸線或前高過遠，禁止追高,頸線以當日前20日高點計算；收盤站上頸線 210.5 至少2%；成交量>=20日均量2倍；不可長上影；回踩須有近10日突破紀錄且不有效跌破頸線；距離頸線>5%禁止進場,35,C,禁止追高,已漲遠或接近目標，空手不追；持有者依策略分批處理。,False,2026-10-01,True,True,STOP,STOP 停止進場,觀察,取消新進場，只保留觀察,只看續抱 / 減碼 / 停利 / 停損，不新增部位。,停止新進場，先保留現金，等待大盤止跌。,停止新進場，禁止顯示今日可進場。,False,False
2026-10-01,2026-10-01,收盤確認價,臺灣證券交易所 / 證券櫃檯買賣中心正式收盤；yfinance 歷史資料,只使用完整收盤日K，不使用盤中未完成K,上櫃,8096,擎亞,87.5,90.9,87.1,86.6,86.99,92.41,115.4,88.7,-48.38,-0.91,False,2981792,3563051,260906800,325118811,3.0,True,True,61.24,一般K,,False,False,False,False,0,False,C級：已漲遠或接近目標，禁止追高,條件不足,接近成形,115.5,87.79,149.6,接近成形＋可觀察,117.81,115.5,117.81,121.34,112.03,4.9,低,-24.24,50.56,5.5,26.98,117.81,1.03,False,False,True,距離頸線或前高過遠，禁止追高,頸線以當日前20日高點計算；收盤站上頸線 115.5 至少2%；成交量>=20日均量2倍；不可長上影；回踩須有近10日突破紀錄且不有效跌破頸線；距離頸線>5%禁止進場,35,C,禁止追高,已漲遠或接近目標，空手不追；持有者依策略分批處理。,False,2026-10-01,True,True,STOP,STOP 停止進場,觀察,取消新進場，只保留觀察,只看續抱 / 減碼 / 停利 / 停損，不新增部位。,停止新進場，先保留現金，等待大盤止跌。,停止新進場，禁止顯示今日可進場。,False,False
2026-10-01,2026-10-01,收盤確認價,臺灣證券交易所 / 證券櫃檯買賣中心正式收盤；yfinance 歷史資料,只使用完整收盤日K，不使用盤中未完成K,上市,2337,旺宏,121.0,122.5,119.5,119.6,119.25,120.15,124.02,102.95,-12.64,-1.22,False,16468161,27856253,1992647481,3361728429,2.61,True,True,10.74,一般K,,False,False,False,False,0,False,C級：已漲遠或接近目標，禁止追高,條件不足,旗型整理突破,130.0,114.14,168.2,接近成形＋可觀察,132.6,130.0,132.6,136.58,126.1,4.9,低,-6.92,19.6,5.48,26.85,132.6,1.24,False,False,True,距離頸線或前高過遠，禁止追高,頸線以當日前20日高點計算；收盤站上頸線 130.0 至少2%；成交量>=20日均量2倍；不可長上影；回踩須有近10日突破紀錄且不有效跌破頸線；距離頸線>5%禁止進場,35,C,禁止追高,已漲遠或接近目標，空手不追；持有者依策略分批處理。,False,2026-10-01,True,True,STOP,STOP 停止進場,觀察,取消新進場，只保留觀察,只看續抱 / 減碼 / 停利 / 停損，不新增部位。,停止新進場，先保留現金，等待大盤止跌。,停止新進場，禁止顯示今日可進場。,False,False
2026-10-01,2026-10-01,收盤確認價,臺灣證券交易所 / 證券櫃檯買賣中心正式收盤；yfinance 歷史資料,只使用完整收盤日K，不使用盤中未完成K,上市,1326,台化,67.7,70.9,67.5,67.46,67.41,68.78,64.38,47.11,4.64,-2.87,False,18698939,29921635,1265918170,2080511832,2.38,True,True,35.38,一般K,,False,False,False,False,0,False,C級：已漲遠或接近目標，禁止追高,條件不足,旗型整理突破,78.2,65.34,100.9,接近成形＋可觀察,79.76,78.2,79.76,82.16,75.85,4.9,低,-13.43,13.43,5.41,26.5,79.76,2.22,False,False,True,距離頸線或前高過遠，禁止追高,頸線以當日前20日高點計算；收盤站上頸線 78.2 至少2%；成交量>=20日均量2倍；不可長上影；回踩須有近10日突破紀錄且不有效跌破頸線；距離頸線>5%禁止進場,35,C,禁止追高,已漲遠或接近目標，空手不追；持有者依策略分批處理。,False,2026-10-01,True,True,STOP,STOP 停止進場,觀察,取消新進場，只保留觀察,只看續抱 / 減碼 / 停利 / 停損，不新增部位。,停止新進場，先保留現金，等待大盤止跌。,停止新進場，禁止顯示今日可進場。,False,False
2026-10-01,2026-10-01,收盤確認價,臺灣證券交易所 / 證券櫃檯買賣中心正式收盤；yfinance 歷史資料,只使用完整收盤日K，不使用盤中未完成K,上櫃,6548,長科*,71.5,74.0,70.4,71.76,72.47,72.29,72.58,58.01,-14.37,-0.97,False,3840024,2555477,274561716,185856270,2.35,True,True,18.52,一般K,,False,False,False,False,0,False,C級：已漲遠或接近目標，禁止追高,條件不足,三角收斂突破,78.0,68.68,100.2,接近成形＋可觀察,79.56,78.0,79.56,81.95,75.66,4.9,低,-8.33,20.2,5.29,25.94,79.56,1.82,False,False,True,距離頸線或前高過遠，禁止追高,頸線以當日前20日高點計算；收盤站上頸線 78.0 至少2%；成交量>=20日均量2倍；不可長上影；回踩須有近10日突破紀錄且不有效跌破頸線；距離頸線>5%禁止進場,35,C,禁止追高,已漲遠或接近目標，空手不追；持有者依策略分批處理。,False,2026-10-01,True,True,STOP,STOP 停止進場,觀察,取消新進場，只保留觀察,只看續抱 / 減碼 / 停利 / 停損，不新增部位。,停止新進場，先保留現金，等待大盤止跌。,停止新進場，禁止顯示今日可進場。,False,False
2026-10-01,2026-10-01,收盤確認價,臺灣證券交易所 / 證券櫃檯買賣中心正式收盤；yfinance 歷史資料,只使用完整收盤日K，不使用盤中未完成K,上市,1718,中纖,10.65,10.9,10.55,10.63,10.66,10.62,11.09,8.35,-25.26,-1.84,False,10229352,12001535,108942598,127942767,2.09,True,True,21.51,一般K,,False,False,False,False,0,False,C級：已漲遠或接近目標，禁止追高,條件不足,接近成形,11.95,10.2,15.31,接近成形＋可觀察,12.19,11.95,12.19,12.55,11.59,4.9,低,-10.88,28.76,5.22,25.61,12.19,0.94,False,False,True,距離頸線或前高過遠，禁止追高,頸線以當日前20日高點計算；收盤站上頸線 11.95 至少2%；成交量>=20日均量2倍；不可長上影；回踩須有近10日突破紀錄且不有效跌破頸線；距離頸線>5%禁止進場,35,C,禁止追高,已漲遠或接近目標，空手不追；持有者依策略分批處理。,False,2026-10-01,True,True,STOP,STOP 停止進場,觀察,取消新進場，只保留觀察,只看續抱 / 減碼 / 停利 / 停損，不新增部位。,停止新進場，先保留現金，等待大盤止跌。,停止新進場，禁止顯示今日可進場。,False,False
2026-10-01,2026-10-01,收盤確認價,臺灣證券交易所 / 證券櫃檯買賣中心正式收盤；yfinance 歷史資料,只使用完整收盤日K，不使用盤中未完成K,上櫃,5289,宜鼎,1290.0,1295.0,1280.0,1294.0,1293.0,1316.75,1377.01,1060.42,-13.16,0.0,False,487689,1163428,629118810,1539477717,2.36,True,True,42.42,一般K,,False,False,False,False,0,False,C級：已漲遠或接近目標，禁止追高,條件不足,接近成形,1475.0,1250.91,1881.29,接近成形＋可觀察,1504.5,1475.0,1504.5,1549.63,1430.75,4.9,低,-12.54,21.68,5.11,25.04,1504.5,0.0,False,False,True,距離頸線或前高過遠，禁止追高,頸線以當日前20日高點計算；收盤站上頸線 1475.0 至少2%；成交量>=20日均量2倍；不可長上影；回踩須有近10日突破紀錄且不有效跌破頸線；距離頸線>5%禁止進場,35,C,禁止追高,已漲遠或接近目標，空手不追；持有者依策略分批處理。,False,2026-10-01,True,True,STOP,STOP 停止進場,觀察,取消新進場，只保留觀察,只看續抱 / 減碼 / 停利 / 停損，不新增部位。,停止新進場，先保留現金，等待大盤止跌。,停止新進場，禁止顯示今日可進場。,False,False
2026-10-01,2026-10-01,收盤確認價,臺灣證券交易所 / 證券櫃檯買賣中心正式收盤；yfinance 歷史資料,只使用完整收盤日K，不使用盤中未完成K,上櫃,3317,尼克森,65.2,66.4,64.3,66.12,61.41,59.77,68.85,60.04,-34.14,0.0,False,2075147,2121549,135299584,138287057,4.08,True,True,51.56,一般K,,False,False,False,False,0,False,C級：已漲遠或接近目標，禁止追高,條件不足,接近成形,73.0,56.79,92.7,接近成形＋可觀察,74.46,73.0,74.46,76.69,70.81,4.9,低,-10.68,35.12,5.0,24.5,74.46,1.84,False,False,True,距離頸線或前高過遠，禁止追高,頸線以當日前20日高點計算；收盤站上頸線 73.0 至少2%；成交量>=20日均量2倍；不可長上影；回踩須有近10日突破紀錄且不有效跌破頸線；距離頸線>5%禁止進場,35,C,禁止追高,已漲遠或接近目標，空手不追；持有者依策略分批處理。,False,2026-10-01,True,True,STOP,STOP 停止進場,觀察,取消新進場，只保留觀察,只看續抱 / 減碼 / 停利 / 停損，不新增部位。,停止新進場，先保留現金，等待大盤止跌。,停止新進場，禁止顯示今日可進場。,False,False
2026-10-01,2026-10-01,收盤確認價,臺灣證券交易所 / 證券櫃檯買賣中心正式收盤；yfinance 歷史資料,只使用完整收盤日K，不使用盤中未完成K,上市,2049,上銀,335.0,337.5,332.5,330.9,332.15,342.02,341.07,278.01,-1.47,0.0,False,1302617,3588340,436376695,1243223667,3.33,True,True,21.61,一般K,,False,False,False,False,0,False,C級：已漲遠或接近目標，禁止追高,條件不足,旗型整理突破,381.5,324.92,484.0,接近成形＋可觀察,389.13,381.5,389.13,400.8,370.06,4.9,低,-12.19,17.18,4.97,24.38,389.13,0.45,False,False,True,距離頸線或前高過遠，禁止追高,頸線以當日前20日高點計算；收盤站上頸線 381.5 至少2%；成交量>=20日均量2倍；不可長上影；回踩須有近10日突破紀錄且不有效跌破頸線；距離頸線>5%禁止進場,35,C,禁止追高,已漲遠或接近目標，空手不追；持有者依策略分批處理。,False,2026-10-01,True,True,STOP,STOP 停止進場,觀察,取消新進場，只保留觀察,只看續抱 / 減碼 / 停利 / 停損，不新增部位。,停止新進場，先保留現金，等待大盤止跌。,停止新進場，禁止顯示今日可進場。,False,False
2026-10-01,2026-10-01,收盤確認價,臺灣證券交易所 / 證券櫃檯買賣中心正式收盤；yfinance 歷史資料,只使用完整收盤日K，不使用盤中未完成K,上市,1409,新纖,24.4,24.75,24.3,24.41,24.39,24.59,24.31,18.98,-16.58,-2.01,False,8727863,17253154,212959857,435753817,3.11,True,True,19.0,一般K,,False,False,False,False,0,False,C級：已漲遠或接近目標，禁止追高,條件不足,旗型整理突破,27.05,23.8,34.25,接近成形＋可觀察,27.59,27.05,27.59,28.42,26.24,4.9,低,-9.8,25.84,4.92,24.13,27.59,0.61,False,False,True,距離頸線或前高過遠，禁止追高,頸線以當日前20日高點計算；收盤站上頸線 27.05 至少2%；成交量>=20日均量2倍；不可長上影；回踩須有近10日突破紀錄且不有效跌破頸線；距離頸線>5%禁止進場,35,C,禁止追高,已漲遠或接近目標，空手不追；持有者依策略分批處理。,False,2026-10-01,True,True,STOP,STOP 停止進場,觀察,取消新進場，只保留觀察,只看續抱 / 減碼 / 停利 / 停損，不新增部位。,停止新進場，先保留現金，等待大盤止跌。,停止新進場，禁止顯示今日可進場。,False,False
2026-10-01,2026-10-01,收盤確認價,臺灣證券交易所 / 證券櫃檯買賣中心正式收盤；yfinance 歷史資料,只使用完整收盤日K，不使用盤中未完成K,上市,1519,華城,688.0,696.0,687.0,694.4,703.4,713.3,687.18,731.03,2.27,-0.72,False,849523,1152446,584471824,827951735,1.6,True,True,10.44,一般K,,False,False,False,False,0,False,C級：已漲遠或接近目標，禁止追高,條件不足,接近成形,786.0,688.0,993.82,接近成形＋可觀察,801.72,786.0,801.72,825.77,762.42,4.9,低,-12.47,12.47,4.89,23.96,801.72,0.29,False,False,True,距離頸線或前高過遠，禁止追高,頸線以當日前20日高點計算；收盤站上頸線 786.0 至少2%；成交量>=20日均量2倍；不可長上影；回踩須有近10日突破紀錄且不有效跌破頸線；距離頸線>5%禁止進場,35,C,禁止追高,已漲遠或接近目標，空手不追；持有者依策略分批處理。,False,2026-10-01,True,True,STOP,STOP 停止進場,觀察,取消新進場，只保留觀察,只看續抱 / 減碼 / 停利 / 停損，不新增部位。,停止新進場，先保留現金，等待大盤止跌。,停止新進場，禁止顯示今日可進場。,False,False
2026-10-01,2026-10-01,收盤確認價,臺灣證券交易所 / 證券櫃檯買賣中心正式收盤；yfinance 歷史資料,只使用完整收盤日K，不使用盤中未完成K,上櫃,3707,漢磊,77.5,78.5,75.6,73.82,68.98,64.8,64.84,62.44,-4.91,2.38,False,21346510,11807404,1654354525,826672520,3.36,True,True,35.91,紅K突破,,False,False,False,False,0,False,C級：已漲遠或接近目標，禁止追高,條件不足,旗型整理突破,65.7,61.56,83.05,接近成形＋可觀察,67.01,65.7,67.01,69.02,63.73,4.9,低,17.96,11.33,4.88,23.93,67.01,1.29,True,False,True,距離頸線或前高過遠，禁止追高,頸線以當日前20日高點計算；收盤站上頸線 65.7 至少2%；成交量>=20日均量2倍；不可長上影；回踩須有近10日突破紀錄且不有效跌破頸線；距離頸線>5%禁止進場,35,C,禁止追高,已漲遠或接近目標，空手不追；持有者依策略分批處理。,False,2026-10-01,True,True,STOP,STOP 停止進場,接近目標,取消新進場，只保留觀察,只看續抱 / 減碼 / 停利 / 停損，不新增部位。,停止新進場，先保留現金，等待大盤止跌。,停止新進場，禁止顯示今日可進場。,False,False
2026-10-01,2026-10-01,收盤確認價,臺灣證券交易所 / 證券櫃檯買賣中心正式收盤；yfinance 歷史資料,只使用完整收盤日K，不使用盤中未完成K,上櫃,3587,閎康,241.0,242.5,237.0,238.7,238.45,242.32,249.28,244.65,-16.03,1.05,False,292717,407221,70544797,100927237,2.42,True,True,18.67,紅K突破,,False,False,False,False,0,False,C級：已漲遠或接近目標，禁止追高,條件不足,旗型整理突破,278.5,230.21,351.0,接近成形＋可觀察,284.07,278.5,284.07,292.59,270.14,4.9,低,-13.46,20.72,4.81,23.56,284.07,0.62,False,False,True,距離頸線或前高過遠，禁止追高,頸線以當日前20日高點計算；收盤站上頸線 278.5 至少2%；成交量>=20日均量2倍；不可長上影；回踩須有近10日突破紀錄且不有效跌破頸線；距離頸線>5%禁止進場,35,C,禁止追高,已漲遠或接近目標，空手不追；持有者依策略分批處理。,False,2026-10-01,True,True,STOP,STOP 停止進場,觀察,取消新進場，只保留觀察,只看續抱 / 減碼 / 停利 / 停損，不新增部位。,停止新進場，先保留現金，等待大盤止跌。,停止新進場，禁止顯示今日可進場。,False,False
2026-10-01,2026-10-01,收盤確認價,臺灣證券交易所 / 證券櫃檯買賣中心正式收盤；yfinance 歷史資料,只使用完整收盤日K，不使用盤中未完成K,上櫃,6788,華景電,346.5,353.0,344.5,343.0,338.55,340.93,351.61,345.19,-15.07,-0.72,False,161999,219397,56132653,75468938,2.26,True,True,19.48,一般K,,False,False,False,False,0,False,C級：已漲遠或接近目標，禁止追高,條件不足,旗型整理突破,393.0,323.88,495.0,接近成形＋可觀察,400.86,393.0,400.86,412.89,381.21,4.9,低,-11.83,18.09,4.79,23.48,400.86,0.58,False,False,True,距離頸線或前高過遠，禁止追高,頸線以當日前20日高點計算；收盤站上頸線 393.0 至少2%；成交量>=20日均量2倍；不可長上影；回踩須有近10日突破紀錄且不有效跌破頸線；距離頸線>5%禁止進場,35,C,禁止追高,已漲遠或接近目標，空手不追；持有者依策略分批處理。,False,2026-10-01,True,True,STOP,STOP 停止進場,觀察,取消新進場，只保留觀察,只看續抱 / 減碼 / 停利 / 停損，不新增部位。,停止新進場，先保留現金，等待大盤止跌。,停止新進場，禁止顯示今日可進場。,False,False
2026-10-01,2026-10-01,收盤確認價,臺灣證券交易所 / 證券櫃檯買賣中心正式收盤；yfinance 歷史資料,只使用完整收盤日K，不使用盤中未完成K,上櫃,3131,弘塑,2380.0,2530.0,2370.0,2431.0,2419.5,2425.5,2572.08,2320.65,-23.47,-5.74,False,680884,393022,1620503920,968986922,3.22,True,True,17.68,長黑,,False,False,False,False,0,False,C級：已漲遠或接近目標，禁止追高,條件不足,接近成形,2745.0,2304.22,3435.0,接近成形＋可觀察,2799.9,2745.0,2799.9,2883.9,2662.65,4.9,低,-13.3,30.41,4.63,22.68,2799.9,1.26,False,False,True,距離頸線或前高過遠，禁止追高,頸線以當日前20日高點計算；收盤站上頸線 2745.0 至少2%；成交量>=20日均量2倍；不可長上影；回踩須有近10日突破紀錄且不有效跌破頸線；距離頸線>5%禁止進場,35,C,禁止追高,已漲遠或接近目標，空手不追；持有者依策略分批處理。,False,2026-10-01,True,True,STOP,STOP 停止進場,觀察,取消新進場，只保留觀察,只看續抱 / 減碼 / 停利 / 停損，不新增部位。,停止新進場，先保留現金，等待大盤止跌。,停止新進場，禁止顯示今日可進場。,False,False
2026-10-01,2026-10-01,收盤確認價,臺灣證券交易所 / 證券櫃檯買賣中心正式收盤；yfinance 歷史資料,只使用完整收盤日K，不使用盤中未完成K,上櫃,5202,力新,14.15,14.4,14.05,14.26,14.43,13.28,12.77,14.68,-2.41,0.0,False,270930,1086726,3833659,15680502,4.11,False,True,64.56,一般K,,False,False,False,False,0,False,C級：已漲遠或接近目標，禁止追高,條件不足,接近成形,14.85,12.62,18.5,接近成形＋可觀察,15.15,14.85,15.15,15.6,14.4,4.9,低,-4.71,11.01,4.52,22.14,15.15,0.0,True,False,True,距離頸線或前高過遠，禁止追高,頸線以當日前20日高點計算；收盤站上頸線 14.85 至少2%；成交量>=20日均量2倍；不可長上影；回踩須有近10日突破紀錄且不有效跌破頸線；距離頸線>5%禁止進場,35,C,禁止追高,已漲遠或接近目標，空手不追；持有者依策略分批處理。,False,2026-10-01,True,True,STOP,STOP 停止進場,觀察,取消新進場，只保留觀察,只看續抱 / 減碼 / 停利 / 停損，不新增部位。,停止新進場，先保留現金，等待大盤止跌。,停止新進場，禁止顯示今日可進場。,False,False
2026-10-01,2026-10-01,收盤確認價,臺灣證券交易所 / 證券櫃檯買賣中心正式收盤；yfinance 歷史資料,只使用完整收盤日K，不使用盤中未完成K,上市,2388,威盛,73.3,75.3,72.8,71.68,70.99,73.45,73.8,63.1,-1.35,0.41,False,3772346,4495314,276512961,336526609,3.18,True,True,14.32,一般K,,False,False,False,False,0,False,C級：已漲遠或接近目標，禁止追高,條件不足,旗型整理突破,83.0,69.78,103.4,接近成形＋可觀察,84.66,83.0,84.66,87.2,80.51,4.9,低,-11.69,13.46,4.52,22.14,84.66,2.73,False,False,True,距離頸線或前高過遠，禁止追高,頸線以當日前20日高點計算；收盤站上頸線 83.0 至少2%；成交量>=20日均量2倍；不可長上影；回踩須有近10日突破紀錄且不有效跌破頸線；距離頸線>5%禁止進場,35,C,禁止追高,已漲遠或接近目標，空手不追；持有者依策略分批處理。,False,2026-10-01,True,True,STOP,STOP 停止進場,觀察,取消新進場，只保留觀察,只看續抱 / 減碼 / 停利 / 停損，不新增部位。,停止新進場，先保留現金，等待大盤止跌。,停止新進場，禁止顯示今日可進場。,False,False
2026-10-01,2026-10-01,收盤確認價,臺灣證券交易所 / 證券櫃檯買賣中心正式收盤；yfinance 歷史資料,只使用完整收盤日K，不使用盤中未完成K,上市,1310,台苯,9.02,9.32,9.02,8.98,8.87,8.79,8.8,9.16,-18.37,-2.49,False,2511718,2823263,22655696,25012994,2.34,False,True,46.01,一般K,,False,False,False,False,0,False,C級：已漲遠或接近目標，禁止追高,條件不足,旗型整理突破,9.33,8.45,11.62,接近成形＋可觀察,9.52,9.33,9.52,9.8,9.05,4.9,低,-3.32,23.23,4.51,22.1,9.52,0.78,False,False,True,距離頸線或前高過遠，禁止追高,頸線以當日前20日高點計算；收盤站上頸線 9.33 至少2%；成交量>=20日均量2倍；不可長上影；回踩須有近10日突破紀錄且不有效跌破頸線；距離頸線>5%禁止進場,35,C,禁止追高,已漲遠或接近目標，空手不追；持有者依策略分批處理。,False,2026-10-01,True,True,STOP,STOP 停止進場,觀察,取消新進場，只保留觀察,只看續抱 / 減碼 / 停利 / 停損，不新增部位。,停止新進場，先保留現金，等待大盤止跌。,停止新進場，禁止顯示今日可進場。,False,False
2026-10-01,2026-10-01,收盤確認價,臺灣證券交易所 / 證券櫃檯買賣中心正式收盤；yfinance 歷史資料,只使用完整收盤日K，不使用盤中未完成K,上市,2355,敬鵬,41.3,42.0,41.25,41.6,41.36,41.68,42.39,42.89,-19.34,-1.2,False,1319934,1258280,54513274,52463481,1.54,True,True,25.42,一般K,,False,False,False,False,0,False,C級：已漲遠或接近目標，禁止追高,條件不足,接近成形,44.75,40.25,55.2,接近成形＋可觀察,45.65,44.75,45.65,47.01,43.41,4.9,低,-7.71,20.88,4.27,20.93,45.65,0.36,False,False,True,距離頸線或前高過遠，禁止追高,頸線以當日前20日高點計算；收盤站上頸線 44.75 至少2%；成交量>=20日均量2倍；不可長上影；回踩須有近10日突破紀錄且不有效跌破頸線；距離頸線>5%禁止進場,35,C,禁止追高,已漲遠或接近目標，空手不追；持有者依策略分批處理。,False,2026-10-01,True,True,STOP,STOP 停止進場,觀察,取消新進場，只保留觀察,只看續抱 / 減碼 / 停利 / 停損，不新增部位。,停止新進場，先保留現金，等待大盤止跌。,停止新進場，禁止顯示今日可進場。,False,False
2026-10-01,2026-10-01,收盤確認價,臺灣證券交易所 / 證券櫃檯買賣中心正式收盤；yfinance 歷史資料,只使用完整收盤日K，不使用盤中未完成K,上櫃,6223,旺矽,5030.0,5185.0,4995.0,5275.0,5411.5,5439.0,5705.0,4129.58,-22.14,-1.85,False,1122181,933993,5644570430,5069544841,3.69,True,True,28.45,一般K,,False,False,False,False,0,False,C級：已漲遠或接近目標，禁止追高,條件不足,接近成形,6060.0,5167.05,7470.0,接近成形＋可觀察,6181.2,6060.0,6181.2,6366.64,5878.2,4.9,低,-17.0,33.82,4.25,20.85,6181.2,1.09,False,False,True,距離頸線或前高過遠，禁止追高,頸線以當日前20日高點計算；收盤站上頸線 6060.0 至少2%；成交量>=20日均量2倍；不可長上影；回踩須有近10日突破紀錄且不有效跌破頸線；距離頸線>5%禁止進場,35,C,禁止追高,已漲遠或接近目標，空手不追；持有者依策略分批處理。,False,2026-10-01,True,True,STOP,STOP 停止進場,觀察,取消新進場，只保留觀察,只看續抱 / 減碼 / 停利 / 停損，不新增部位。,停止新進場，先保留現金，等待大盤止跌。,停止新進場，禁止顯示今日可進場。,False,False
2026-10-01,2026-10-01,收盤確認價,臺灣證券交易所 / 證券櫃檯買賣中心正式收盤；yfinance 歷史資料,只使用完整收盤日K，不使用盤中未完成K,上櫃,3430,奇鈦科,111.5,113.0,111.0,110.9,107.5,106.4,113.04,97.64,-13.9,0.0,False,147046,258444,16395629,27880305,2.68,False,True,30.23,一般K,,False,False,False,False,0,False,C級：已漲遠或接近目標，禁止追高,條件不足,旗型整理突破,116.5,101.08,143.5,接近成形＋可觀察,118.83,116.5,118.83,122.39,113.0,4.9,低,-4.29,24.66,4.24,20.76,118.83,0.9,False,False,True,距離頸線或前高過遠，禁止追高,頸線以當日前20日高點計算；收盤站上頸線 116.5 至少2%；成交量>=20日均量2倍；不可長上影；回踩須有近10日突破紀錄且不有效跌破頸線；距離頸線>5%禁止進場,35,C,禁止追高,已漲遠或接近目標，空手不追；持有者依策略分批處理。,False,2026-10-01,True,True,STOP,STOP 停止進場,觀察,取消新進場，只保留觀察,只看續抱 / 減碼 / 停利 / 停損，不新增部位。,停止新進場，先保留現金，等待大盤止跌。,停止新進場，禁止顯示今日可進場。,False,False
2026-10-01,2026-10-01,收盤確認價,臺灣證券交易所 / 證券櫃檯買賣中心正式收盤；yfinance 歷史資料,只使用完整收盤日K，不使用盤中未完成K,上市,2359,所羅門,128.0,129.0,128.0,128.1,129.3,132.03,140.44,130.85,-5.54,-0.39,False,889565,2523254,113864320,339133233,1.78,True,True,31.52,一般K,,False,False,False,False,0,False,C級：已漲遠或接近目標，禁止追高,條件不足,接近成形,151.5,125.42,186.0,接近成形＋可觀察,154.53,151.5,154.53,159.17,146.95,4.9,低,-15.51,30.05,4.15,20.36,154.53,0.0,False,False,True,距離頸線或前高過遠，禁止追高,頸線以當日前20日高點計算；收盤站上頸線 151.5 至少2%；成交量>=20日均量2倍；不可長上影；回踩須有近10日突破紀錄且不有效跌破頸線；距離頸線>5%禁止進場,35,C,禁止追高,已漲遠或接近目標，空手不追；持有者依策略分批處理。,False,2026-10-01,True,True,STOP,STOP 停止進場,觀察,取消新進場，只保留觀察,只看續抱 / 減碼 / 停利 / 停損，不新增部位。,停止新進場，先保留現金，等待大盤止跌。,停止新進場，禁止顯示今日可進場。,False,False
2026-10-01,2026-10-01,收盤確認價,臺灣證券交易所 / 證券櫃檯買賣中心正式收盤；yfinance 歷史資料,只使用完整收盤日K，不使用盤中未完成K,上櫃,6231,系微,237.0,240.0,235.0,234.6,226.7,220.93,224.66,240.39,-12.22,0.85,False,189194,359912,44838978,80678534,3.52,False,True,18.98,一般K,,False,False,False,False,0,False,C級：已漲遠或接近目標，禁止追高,條件不足,旗型整理突破,244.5,209.88,299.0,接近成形＋可觀察,249.39,244.5,249.39,256.87,237.16,4.9,低,-3.07,14.59,4.06,19.89,249.39,1.27,False,False,True,距離頸線或前高過遠，禁止追高,頸線以當日前20日高點計算；收盤站上頸線 244.5 至少2%；成交量>=20日均量2倍；不可長上影；回踩須有近10日突破紀錄且不有效跌破頸線；距離頸線>5%禁止進場,35,C,禁止追高,已漲遠或接近目標，空手不追；持有者依策略分批處理。,False,2026-10-01,True,True,STOP,STOP 停止進場,觀察,取消新進場，只保留觀察,只看續抱 / 減碼 / 停利 / 停損，不新增部位。,停止新進場，先保留現金，等待大盤止跌。,停止新進場，禁止顯示今日可進場。,False,False
2026-10-01,2026-10-01,收盤確認價,臺灣證券交易所 / 證券櫃檯買賣中心正式收盤；yfinance 歷史資料,只使用完整收盤日K，不使用盤中未完成K,上櫃,3260,威剛,380.0,382.0,376.5,379.1,385.95,395.2,398.38,336.12,-5.94,0.66,False,2640284,5182102,1003307920,2063741793,1.68,True,True,30.22,紅K突破,,False,False,False,False,0,False,C級：已漲遠或接近目標，禁止追高,條件不足,接近成形,428.0,375.44,522.0,接近成形＋可觀察,436.56,428.0,436.56,449.66,415.16,4.9,低,-11.21,17.3,3.99,19.57,436.56,0.53,False,False,True,距離頸線或前高過遠，禁止追高,頸線以當日前20日高點計算；收盤站上頸線 428.0 至少2%；成交量>=20日均量2倍；不可長上影；回踩須有近10日突破紀錄且不有效跌破頸線；距離頸線>5%禁止進場,35,C,禁止追高,已漲遠或接近目標，空手不追；持有者依策略分批處理。,False,2026-10-01,True,True,STOP,STOP 停止進場,觀察,取消新進場，只保留觀察,只看續抱 / 減碼 / 停利 / 停損，不新增部位。,停止新進場，先保留現金，等待大盤止跌。,停止新進場，禁止顯示今日可進場。,False,False
2026-10-01,2026-10-01,收盤確認價,臺灣證券交易所 / 證券櫃檯買賣中心正式收盤；yfinance 歷史資料,只使用完整收盤日K，不使用盤中未完成K,上櫃,4749,新應材,757.0,786.0,756.0,748.2,740.1,747.6,775.6,870.16,-13.68,-1.17,False,699213,628602,529304241,474503769,2.21,True,True,18.97,一般K,,False,False,False,False,0,False,C級：已漲遠或接近目標，禁止追高,條件不足,旗型整理突破,825.0,710.22,1003.0,接近成形＋可觀察,841.5,825.0,841.5,866.75,800.25,4.9,低,-8.24,16.45,3.92,19.19,841.5,1.19,False,False,True,距離頸線或前高過遠，禁止追高,頸線以當日前20日高點計算；收盤站上頸線 825.0 至少2%；成交量>=20日均量2倍；不可長上影；回踩須有近10日突破紀錄且不有效跌破頸線；距離頸線>5%禁止進場,35,C,禁止追高,已漲遠或接近目標，空手不追；持有者依策略分批處理。,False,2026-10-01,True,True,STOP,STOP 停止進場,觀察,取消新進場，只保留觀察,只看續抱 / 減碼 / 停利 / 停損，不新增部位。,停止新進場，先保留現金，等待大盤止跌。,停止新進場，禁止顯示今日可進場。,False,False
2026-10-01,2026-10-01,收盤確認價,臺灣證券交易所 / 證券櫃檯買賣中心正式收盤；yfinance 歷史資料,只使用完整收盤日K，不使用盤中未完成K,上市,2369,菱生,31.75,32.2,31.65,31.68,31.28,30.74,32.77,29.18,-25.64,-1.24,False,3071153,5381363,97509107,167762722,2.05,True,True,24.59,一般K,,False,False,False,False,0,False,C級：已漲遠或接近目標，禁止追高,條件不足,旗型整理突破,33.6,29.2,40.75,接近成形＋可觀察,34.27,33.6,34.27,35.3,32.59,4.9,低,-5.51,29.99,3.86,18.9,34.27,0.16,False,False,True,距離頸線或前高過遠，禁止追高,頸線以當日前20日高點計算；收盤站上頸線 33.6 至少2%；成交量>=20日均量2倍；不可長上影；回踩須有近10日突破紀錄且不有效跌破頸線；距離頸線>5%禁止進場,35,C,禁止追高,已漲遠或接近目標，空手不追；持有者依策略分批處理。,False,2026-10-01,True,True,STOP,STOP 停止進場,觀察,取消新進場，只保留觀察,只看續抱 / 減碼 / 停利 / 停損，不新增部位。,停止新進場，先保留現金，等待大盤止跌。,停止新進場，禁止顯示今日可進場。,False,False
2026-10-01,2026-10-01,收盤確認價,臺灣證券交易所 / 證券櫃檯買賣中心正式收盤；yfinance 歷史資料,只使用完整收盤日K，不使用盤中未完成K,上市,2324,仁寶,36.65,37.3,36.65,36.62,37.02,37.98,37.78,33.35,3.24,-1.21,False,25328443,48295442,928287435,1871824998,2.36,True,True,22.44,一般K,,False,False,False,False,0,False,C級：已漲遠或接近目標，禁止追高,條件不足,接近成形,42.1,36.08,51.0,接近成形＋可觀察,42.94,42.1,42.94,44.23,40.84,4.9,低,-12.95,18.46,3.83,18.76,42.94,0.27,False,False,True,距離頸線或前高過遠，禁止追高,頸線以當日前20日高點計算；收盤站上頸線 42.1 至少2%；成交量>=20日均量2倍；不可長上影；回踩須有近10日突破紀錄且不有效跌破頸線；距離頸線>5%禁止進場,35,C,禁止追高,已漲遠或接近目標，空手不追；持有者依策略分批處理。,False,2026-10-01,True,True,STOP,STOP 停止進場,觀察,取消新進場，只保留觀察,只看續抱 / 減碼 / 停利 / 停損，不新增部位。,停止新進場，先保留現金，等待大盤止跌。,停止新進場，禁止顯示今日可進場。,False,False
2026-10-01,2026-10-01,收盤確認價,臺灣證券交易所 / 證券櫃檯買賣中心正式收盤；yfinance 歷史資料,只使用完整收盤日K，不使用盤中未完成K,上櫃,5452,佶優,27.45,27.6,27.05,27.48,27.34,26.94,27.15,28.94,-14.62,0.18,False,216408,322288,5940399,8714498,1.72,False,True,21.85,紅K突破,,False,False,False,False,0,False,C級：已漲遠或接近目標，禁止追高,條件不足,旗型整理突破,28.35,25.59,34.3,接近成形＋可觀察,28.92,28.35,28.92,29.78,27.5,4.9,低,-3.17,16.06,3.8,18.62,28.92,0.55,False,False,True,距離頸線或前高過遠，禁止追高,頸線以當日前20日高點計算；收盤站上頸線 28.35 至少2%；成交量>=20日均量2倍；不可長上影；回踩須有近10日突破紀錄且不有效跌破頸線；距離頸線>5%禁止進場,35,C,禁止追高,已漲遠或接近目標，空手不追；持有者依策略分批處理。,False,2026-10-01,True,True,STOP,STOP 停止進場,觀察,取消新進場，只保留觀察,只看續抱 / 減碼 / 停利 / 停損，不新增部位。,停止新進場，先保留現金，等待大盤止跌。,停止新進場，禁止顯示今日可進場。,False,False
2026-10-01,2026-10-01,收盤確認價,臺灣證券交易所 / 證券櫃檯買賣中心正式收盤；yfinance 歷史資料,只使用完整收盤日K，不使用盤中未完成K,上市,2345,智邦,1900.0,1910.0,1785.0,1854.0,1852.0,1924.25,2113.42,1732.86,-21.33,7.04,False,5872368,3557183,11157499200,6786109977,3.2,True,True,42.47,紅K突破,,False,False,False,False,0,False,C級：已漲遠或接近目標，禁止追高,條件不足,接近成形,2235.0,1828.04,2700.0,接近成形＋可觀察,2279.7,2235.0,2279.7,2348.09,2167.95,4.9,低,-14.99,26.78,3.76,18.44,2279.7,0.53,False,False,True,距離頸線或前高過遠，禁止追高,頸線以當日前20日高點計算；收盤站上頸線 2235.0 至少2%；成交量>=20日均量2倍；不可長上影；回踩須有近10日突破紀錄且不有效跌破頸線；距離頸線>5%禁止進場,35,C,禁止追高,已漲遠或接近目標，空手不追；持有者依策略分批處理。,False,2026-10-01,True,True,STOP,STOP 停止進場,觀察,取消新進場，只保留觀察,只看續抱 / 減碼 / 停利 / 停損，不新增部位。,停止新進場，先保留現金，等待大盤止跌。,停止新進場，禁止顯示今日可進場。,False,False
2026-10-01,2026-10-01,收盤確認價,臺灣證券交易所 / 證券櫃檯買賣中心正式收盤；yfinance 歷史資料,只使用完整收盤日K，不使用盤中未完成K,上櫃,8086,宏捷科,115.0,116.5,111.5,111.8,110.5,110.47,116.53,124.77,-17.27,0.44,False,3870958,2501301,445160170,278633027,2.41,True,True,22.12,下影線,,False,False,False,False,0,False,C級：已漲遠或接近目標，禁止追高,條件不足,接近成形,126.0,104.95,151.5,接近成形＋可觀察,128.52,126.0,128.52,132.38,122.22,4.9,低,-8.73,18.73,3.65,17.88,128.52,1.3,False,False,True,距離頸線或前高過遠，禁止追高,頸線以當日前20日高點計算；收盤站上頸線 126.0 至少2%；成交量>=20日均量2倍；不可長上影；回踩須有近10日突破紀錄且不有效跌破頸線；距離頸線>5%禁止進場,35,C,禁止追高,已漲遠或接近目標，空手不追；持有者依策略分批處理。,False,2026-10-01,True,True,STOP,STOP 停止進場,觀察,取消新進場，只保留觀察,只看續抱 / 減碼 / 停利 / 停損，不新增部位。,停止新進場，先保留現金，等待大盤止跌。,停止新進場，禁止顯示今日可進場。,False,False
2026-10-01,2026-10-01,收盤確認價,臺灣證券交易所 / 證券櫃檯買賣中心正式收盤；yfinance 歷史資料,只使用完整收盤日K，不使用盤中未完成K,上櫃,5904,寶雅,69.1,69.7,68.7,69.54,70.8,71.5,71.87,55.38,-3.63,-0.86,False,3338375,5260686,230681712,376032014,1.42,True,True,25.63,一般K,,False,False,False,False,0,False,C級：已漲遠或接近目標，禁止追高,條件不足,接近成形,75.0,68.6,89.9,接近成形＋可觀察,76.5,75.0,76.5,78.8,72.75,4.9,低,-7.87,25.14,3.57,17.52,76.5,0.0,False,False,True,距離頸線或前高過遠，禁止追高,頸線以當日前20日高點計算；收盤站上頸線 75.0 至少2%；成交量>=20日均量2倍；不可長上影；回踩須有近10日突破紀錄且不有效跌破頸線；距離頸線>5%禁止進場,35,C,禁止追高,已漲遠或接近目標，空手不追；持有者依策略分批處理。,False,2026-10-01,True,True,STOP,STOP 停止進場,觀察,取消新進場，只保留觀察,只看續抱 / 減碼 / 停利 / 停損，不新增部位。,停止新進場，先保留現金，等待大盤止跌。,停止新進場，禁止顯示今日可進場。,False,False
2026-10-01,2026-10-01,收盤確認價,臺灣證券交易所 / 證券櫃檯買賣中心正式收盤；yfinance 歷史資料,只使用完整收盤日K，不使用盤中未完成K,上櫃,6163,華電網,41.4,42.8,41.2,41.42,41.47,40.92,41.79,47.78,-10.97,-0.72,False,683903,662282,28313584,27115727,1.81,False,True,17.09,一般K,,False,False,False,False,0,False,C級：已漲遠或接近目標，禁止追高,條件不足,接近成形,43.5,38.87,51.95,接近成形＋可觀察,44.37,43.5,44.37,45.7,42.2,4.9,低,-4.83,12.84,3.49,17.08,44.37,1.93,False,False,True,距離頸線或前高過遠，禁止追高,頸線以當日前20日高點計算；收盤站上頸線 43.5 至少2%；成交量>=20日均量2倍；不可長上影；回踩須有近10日突破紀錄且不有效跌破頸線；距離頸線>5%禁止進場,35,C,禁止追高,已漲遠或接近目標，空手不追；持有者依策略分批處理。,False,2026-10-01,True,True,STOP,STOP 停止進場,觀察,取消新進場，只保留觀察,只看續抱 / 減碼 / 停利 / 停損，不新增部位。,停止新進場，先保留現金，等待大盤止跌。,停止新進場，禁止顯示今日可進場。,False,False
2026-10-01,2026-10-01,收盤確認價,臺灣證券交易所 / 證券櫃檯買賣中心正式收盤；yfinance 歷史資料,只使用完整收盤日K，不使用盤中未完成K,上市,2312,金寶,31.0,31.35,30.7,30.84,30.95,31.31,31.88,27.9,-9.22,-0.8,False,4886792,7442446,151490552,234185624,1.78,True,True,18.56,一般K,,False,False,False,False,0,False,C級：已漲遠或接近目標，禁止追高,條件不足,旗型整理突破,33.7,30.0,40.1,接近成形＋可觀察,34.37,33.7,34.37,35.41,32.69,4.9,低,-8.01,13.65,3.4,16.66,34.37,0.16,False,False,True,距離頸線或前高過遠，禁止追高,頸線以當日前20日高點計算；收盤站上頸線 33.7 至少2%；成交量>=20日均量2倍；不可長上影；回踩須有近10日突破紀錄且不有效跌破頸線；距離頸線>5%禁止進場,35,C,禁止追高,已漲遠或接近目標，空手不追；持有者依策略分批處理。,False,2026-10-01,True,True,STOP,STOP 停止進場,觀察,取消新進場，只保留觀察,只看續抱 / 減碼 / 停利 / 停損，不新增部位。,停止新進場，先保留現金，等待大盤止跌。,停止新進場，禁止顯示今日可進場。,False,False
2026-10-01,2026-10-01,收盤確認價,臺灣證券交易所 / 證券櫃檯買賣中心正式收盤；yfinance 歷史資料,只使用完整收盤日K，不使用盤中未完成K,上櫃,4533,協易機,25.55,25.75,25.25,25.4,25.19,25.22,25.92,27.54,-13.83,-0.39,False,338722,493113,8654347,12453169,1.52,False,True,31.75,一般K,,False,False,False,False,0,False,C級：已漲遠或接近目標，禁止追高,條件不足,旗型整理突破,26.8,24.05,31.6,接近成形＋可觀察,27.34,26.8,27.34,28.16,26.0,4.9,低,-4.66,17.18,3.18,15.6,27.34,0.0,False,False,True,距離頸線或前高過遠，禁止追高,頸線以當日前20日高點計算；收盤站上頸線 26.8 至少2%；成交量>=20日均量2倍；不可長上影；回踩須有近10日突破紀錄且不有效跌破頸線；距離頸線>5%禁止進場,35,C,禁止追高,已漲遠或接近目標，空手不追；持有者依策略分批處理。,False,2026-10-01,True,True,STOP,STOP 停止進場,觀察,取消新進場，只保留觀察,只看續抱 / 減碼 / 停利 / 停損，不新增部位。,停止新進場，先保留現金，等待大盤止跌。,停止新進場，禁止顯示今日可進場。,False,False
2026-10-01,2026-10-01,收盤確認價,臺灣證券交易所 / 證券櫃檯買賣中心正式收盤；yfinance 歷史資料,只使用完整收盤日K，不使用盤中未完成K,上櫃,4147,中裕,62.0,63.9,61.4,63.14,63.12,62.65,62.26,59.91,-12.43,-2.67,False,1040859,908553,64533258,57304165,2.27,True,True,15.4,一般K,,False,False,False,False,0,False,C級：已漲遠或接近目標，禁止追高,條件不足,接近成形,66.5,59.52,78.4,接近成形＋可觀察,67.83,66.5,67.83,69.86,64.5,4.9,低,-6.77,16.1,3.18,15.58,67.83,0.32,False,False,True,距離頸線或前高過遠，禁止追高,頸線以當日前20日高點計算；收盤站上頸線 66.5 至少2%；成交量>=20日均量2倍；不可長上影；回踩須有近10日突破紀錄且不有效跌破頸線；距離頸線>5%禁止進場,35,C,禁止追高,已漲遠或接近目標，空手不追；持有者依策略分批處理。,False,2026-10-01,True,True,STOP,STOP 停止進場,觀察,取消新進場，只保留觀察,只看續抱 / 減碼 / 停利 / 停損，不新增部位。,停止新進場，先保留現金，等待大盤止跌。,停止新進場，禁止顯示今日可進場。,False,False
2026-10-01,2026-10-01,收盤確認價,臺灣證券交易所 / 證券櫃檯買賣中心正式收盤；yfinance 歷史資料,只使用完整收盤日K，不使用盤中未完成K,上市,2374,佳能,66.7,67.5,66.5,66.5,66.73,67.16,68.41,75.8,-11.07,-0.74,False,1221265,1965588,81458375,132664819,1.19,True,True,20.08,一般K,,False,False,False,False,0,False,C級：已漲遠或接近目標，禁止追高,條件不足,接近成形,71.8,65.7,84.6,接近成形＋可觀察,73.24,71.8,73.24,75.43,69.65,4.9,低,-7.1,14.71,3.17,15.52,73.24,0.0,False,False,True,距離頸線或前高過遠，禁止追高,頸線以當日前20日高點計算；收盤站上頸線 71.8 至少2%；成交量>=20日均量2倍；不可長上影；回踩須有近10日突破紀錄且不有效跌破頸線；距離頸線>5%禁止進場,35,C,禁止追高,已漲遠或接近目標，空手不追；持有者依策略分批處理。,False,2026-10-01,True,True,STOP,STOP 停止進場,觀察,取消新進場，只保留觀察,只看續抱 / 減碼 / 停利 / 停損，不新增部位。,停止新進場，先保留現金，等待大盤止跌。,停止新進場，禁止顯示今日可進場。,False,False
2026-10-01,2026-10-01,收盤確認價,臺灣證券交易所 / 證券櫃檯買賣中心正式收盤；yfinance 歷史資料,只使用完整收盤日K，不使用盤中未完成K,上櫃,6121,新普,379.5,381.0,377.0,377.7,376.1,380.77,387.57,370.1,-14.62,0.66,False,298568,490272,113306556,186031709,1.18,True,True,48.15,紅K突破,,False,False,False,False,0,False,C級：已漲遠或接近目標，禁止追高,條件不足,旗型整理突破,411.0,370.0,482.0,接近成形＋可觀察,419.22,411.0,419.22,431.8,398.67,4.9,低,-7.66,18.91,3.05,14.98,419.22,0.4,False,False,True,距離頸線或前高過遠，禁止追高,頸線以當日前20日高點計算；收盤站上頸線 411.0 至少2%；成交量>=20日均量2倍；不可長上影；回踩須有近10日突破紀錄且不有效跌破頸線；距離頸線>5%禁止進場,35,C,禁止追高,已漲遠或接近目標，空手不追；持有者依策略分批處理。,False,2026-10-01,True,True,STOP,STOP 停止進場,觀察,取消新進場，只保留觀察,只看續抱 / 減碼 / 停利 / 停損，不新增部位。,停止新進場，先保留現金，等待大盤止跌。,停止新進場，禁止顯示今日可進場。,False,False
2026-10-01,2026-10-01,收盤確認價,臺灣證券交易所 / 證券櫃檯買賣中心正式收盤；yfinance 歷史資料,只使用完整收盤日K，不使用盤中未完成K,上市,2356,英業達,59.7,59.8,59.0,59.86,60.72,62.38,63.73,52.59,-9.82,0.34,False,8414140,14490880,502324158,916854823,1.65,True,True,61.06,紅K突破,,False,False,False,False,0,False,C級：已漲遠或接近目標，禁止追高,條件不足,接近成形,68.4,59.26,80.0,接近成形＋可觀察,69.77,68.4,69.77,71.86,66.35,4.9,低,-12.72,18.78,2.99,14.67,69.77,0.17,False,False,True,距離頸線或前高過遠，禁止追高,頸線以當日前20日高點計算；收盤站上頸線 68.4 至少2%；成交量>=20日均量2倍；不可長上影；回踩須有近10日突破紀錄且不有效跌破頸線；距離頸線>5%禁止進場,35,C,禁止追高,已漲遠或接近目標，空手不追；持有者依策略分批處理。,False,2026-10-01,True,True,STOP,STOP 停止進場,觀察,取消新進場，只保留觀察,只看續抱 / 減碼 / 停利 / 停損，不新增部位。,停止新進場，先保留現金，等待大盤止跌。,停止新進場，禁止顯示今日可進場。,False,False
2026-10-01,2026-10-01,收盤確認價,臺灣證券交易所 / 證券櫃檯買賣中心正式收盤；yfinance 歷史資料,只使用完整收盤日K，不使用盤中未完成K,上櫃,8091,翔名,215.5,217.0,214.0,217.0,215.55,213.68,229.32,178.2,-22.62,-0.69,False,148155,265093,31927402,56531349,1.35,False,True,19.76,一般K,,False,False,False,False,0,False,C級：已漲遠或接近目標，禁止追高,條件不足,接近成形,226.5,203.0,264.0,接近成形＋可觀察,231.03,226.5,231.03,237.96,219.7,4.9,低,-4.86,29.0,2.91,14.27,231.03,0.0,False,False,True,距離頸線或前高過遠，禁止追高,頸線以當日前20日高點計算；收盤站上頸線 226.5 至少2%；成交量>=20日均量2倍；不可長上影；回踩須有近10日突破紀錄且不有效跌破頸線；距離頸線>5%禁止進場,35,C,禁止追高,已漲遠或接近目標，空手不追；持有者依策略分批處理。,False,2026-10-01,True,True,STOP,STOP 停止進場,觀察,取消新進場，只保留觀察,只看續抱 / 減碼 / 停利 / 停損，不新增部位。,停止新進場，先保留現金，等待大盤止跌。,停止新進場，禁止顯示今日可進場。,False,False
2026-10-01,2026-10-01,收盤確認價,臺灣證券交易所 / 證券櫃檯買賣中心正式收盤；yfinance 歷史資料,只使用完整收盤日K，不使用盤中未完成K,上櫃,4541,晟田,60.1,61.7,60.0,59.92,59.67,59.62,64.55,49.91,-0.5,-2.44,False,1338184,1091762,80424858,65664545,2.59,True,True,43.06,一般K,,False,False,False,False,0,False,C級：已漲遠或接近目標，禁止追高,條件不足,接近成形,66.77,56.64,77.65,接近成形＋可觀察,68.11,66.77,68.11,70.15,64.77,4.9,低,-9.99,26.35,2.86,14.0,68.11,0.0,False,False,True,距離頸線或前高過遠，禁止追高,頸線以當日前20日高點計算；收盤站上頸線 66.77 至少2%；成交量>=20日均量2倍；不可長上影；回踩須有近10日突破紀錄且不有效跌破頸線；距離頸線>5%禁止進場,35,C,禁止追高,已漲遠或接近目標，空手不追；持有者依策略分批處理。,False,2026-10-01,True,True,STOP,STOP 停止進場,觀察,取消新進場，只保留觀察,只看續抱 / 減碼 / 停利 / 停損，不新增部位。,停止新進場，先保留現金，等待大盤止跌。,停止新進場，禁止顯示今日可進場。,False,False
2026-10-01,2026-10-01,收盤確認價,臺灣證券交易所 / 證券櫃檯買賣中心正式收盤；yfinance 歷史資料,只使用完整收盤日K，不使用盤中未完成K,上市,1503,士電,197.5,198.0,196.0,196.3,196.95,200.05,201.58,198.01,-12.42,0.0,False,346701,1083171,68473447,218083333,1.38,True,True,27.23,一般K,,False,False,False,False,0,False,C級：已漲遠或接近目標，禁止追高,條件不足,旗型整理突破,215.0,194.0,249.0,接近成形＋可觀察,219.3,215.0,219.3,225.88,208.55,4.9,低,-8.14,14.5,2.76,13.54,219.3,0.25,False,False,True,距離頸線或前高過遠，禁止追高,頸線以當日前20日高點計算；收盤站上頸線 215.0 至少2%；成交量>=20日均量2倍；不可長上影；回踩須有近10日突破紀錄且不有效跌破頸線；距離頸線>5%禁止進場,35,C,禁止追高,已漲遠或接近目標，空手不追；持有者依策略分批處理。,False,2026-10-01,True,True,STOP,STOP 停止進場,觀察,取消新進場，只保留觀察,只看續抱 / 減碼 / 停利 / 停損，不新增部位。,停止新進場，先保留現金，等待大盤止跌。,停止新進場，禁止顯示今日可進場。,False,False
2026-10-01,2026-10-01,收盤確認價,臺灣證券交易所 / 證券櫃檯買賣中心正式收盤；yfinance 歷史資料,只使用完整收盤日K，不使用盤中未完成K,上櫃,3323,加百裕,29.3,30.0,29.3,28.83,28.12,27.95,29.76,35.64,-17.23,-1.35,False,256716,289803,7521778,8196463,1.88,False,True,44.76,一般K,,False,False,False,False,0,False,C級：已漲遠或接近目標，禁止追高,條件不足,接近成形,30.25,26.55,35.0,接近成形＋可觀察,30.86,30.25,30.86,31.78,29.34,4.9,低,-3.14,22.49,2.74,13.43,30.86,0.34,False,False,True,距離頸線或前高過遠，禁止追高,頸線以當日前20日高點計算；收盤站上頸線 30.25 至少2%；成交量>=20日均量2倍；不可長上影；回踩須有近10日突破紀錄且不有效跌破頸線；距離頸線>5%禁止進場,35,C,禁止追高,已漲遠或接近目標，空手不追；持有者依策略分批處理。,False,2026-10-01,True,True,STOP,STOP 停止進場,觀察,取消新進場，只保留觀察,只看續抱 / 減碼 / 停利 / 停損，不新增部位。,停止新進場，先保留現金，等待大盤止跌。,停止新進場，禁止顯示今日可進場。,False,False
2026-10-01,2026-10-01,收盤確認價,臺灣證券交易所 / 證券櫃檯買賣中心正式收盤；yfinance 歷史資料,只使用完整收盤日K，不使用盤中未完成K,上市,1476,儒鴻,274.5,276.5,273.5,275.8,278.2,288.77,317.57,364.9,-18.3,0.18,False,831703,1199534,228302473,346005713,1.1,True,True,76.59,一般K,,False,False,False,False,0,False,C級：已漲遠或接近目標，禁止追高,條件不足,接近成形,317.0,274.34,363.5,接近成形＋可觀察,323.34,317.0,323.34,333.04,307.49,4.9,低,-13.41,25.41,2.53,12.42,323.34,0.55,False,False,True,距離頸線或前高過遠，禁止追高,頸線以當日前20日高點計算；收盤站上頸線 317.0 至少2%；成交量>=20日均量2倍；不可長上影；回踩須有近10日突破紀錄且不有效跌破頸線；距離頸線>5%禁止進場,35,C,禁止追高,已漲遠或接近目標，空手不追；持有者依策略分批處理。,False,2026-10-01,True,True,STOP,STOP 停止進場,觀察,取消新進場，只保留觀察,只看續抱 / 減碼 / 停利 / 停損，不新增部位。,停止新進場，先保留現金，等待大盤止跌。,停止新進場，禁止顯示今日可進場。,False,False
2026-10-01,2026-10-01,收盤確認價,臺灣證券交易所 / 證券櫃檯買賣中心正式收盤；yfinance 歷史資料,只使用完整收盤日K，不使用盤中未完成K,上櫃,5438,東友,17.25,17.55,17.25,17.09,16.76,16.7,17.18,20.01,-10.16,-0.58,False,47709,49395,822980,830406,0.99,False,True,34.13,一般K,,False,False,False,False,0,False,C級：已漲遠或接近目標，禁止追高,條件不足,旗型整理突破,17.8,16.2,20.35,接近成形＋可觀察,18.16,17.8,18.16,18.7,17.27,4.9,低,-3.09,11.54,2.47,12.08,18.16,1.16,False,False,True,距離頸線或前高過遠，禁止追高,頸線以當日前20日高點計算；收盤站上頸線 17.8 至少2%；成交量>=20日均量2倍；不可長上影；回踩須有近10日突破紀錄且不有效跌破頸線；距離頸線>5%禁止進場,35,C,禁止追高,已漲遠或接近目標，空手不追；持有者依策略分批處理。,False,2026-10-01,True,True,STOP,STOP 停止進場,觀察,取消新進場，只保留觀察,只看續抱 / 減碼 / 停利 / 停損，不新增部位。,停止新進場，先保留現金，等待大盤止跌。,停止新進場，禁止顯示今日可進場。,False,False
2026-10-01,2026-10-01,收盤確認價,臺灣證券交易所 / 證券櫃檯買賣中心正式收盤；yfinance 歷史資料,只使用完整收盤日K，不使用盤中未完成K,上櫃,3289,宜特,141.5,142.0,140.0,139.4,137.35,137.2,141.9,139.06,-13.19,1.43,False,338047,567677,47833650,78095275,1.86,False,True,19.79,一般K,,False,False,False,False,0,False,C級：已漲遠或接近目標，禁止追高,條件不足,接近成形,147.0,130.34,167.5,接近成形＋可觀察,149.94,147.0,149.94,154.44,142.59,4.9,低,-3.74,14.5,2.39,11.71,149.94,0.35,False,False,True,距離頸線或前高過遠，禁止追高,頸線以當日前20日高點計算；收盤站上頸線 147.0 至少2%；成交量>=20日均量2倍；不可長上影；回踩須有近10日突破紀錄且不有效跌破頸線；距離頸線>5%禁止進場,35,C,禁止追高,已漲遠或接近目標，空手不追；持有者依策略分批處理。,False,2026-10-01,True,True,STOP,STOP 停止進場,觀察,取消新進場，只保留觀察,只看續抱 / 減碼 / 停利 / 停損，不新增部位。,停止新進場，先保留現金，等待大盤止跌。,停止新進場，禁止顯示今日可進場。,False,False
2026-10-01,2026-10-01,收盤確認價,臺灣證券交易所 / 證券櫃檯買賣中心正式收盤；yfinance 歷史資料,只使用完整收盤日K，不使用盤中未完成K,上櫃,1784,訊聯,60.4,60.7,59.9,61.34,60.09,59.67,60.85,80.76,-14.08,-1.31,False,45934,62859,2774413,3780179,1.57,False,True,39.24,一般K,,False,False,False,False,0,False,C級：已漲遠或接近目標，禁止追高,條件不足,旗型整理突破,62.7,57.5,71.4,接近成形＋可觀察,63.95,62.7,63.95,65.87,60.82,4.9,低,-3.67,18.16,2.38,11.64,63.95,0.17,False,False,True,距離頸線或前高過遠，禁止追高,頸線以當日前20日高點計算；收盤站上頸線 62.7 至少2%；成交量>=20日均量2倍；不可長上影；回踩須有近10日突破紀錄且不有效跌破頸線；距離頸線>5%禁止進場,35,C,禁止追高,已漲遠或接近目標，空手不追；持有者依策略分批處理。,False,2026-10-01,True,True,STOP,STOP 停止進場,觀察,取消新進場，只保留觀察,只看續抱 / 減碼 / 停利 / 停損，不新增部位。,停止新進場，先保留現金，等待大盤止跌。,停止新進場，禁止顯示今日可進場。,False,False
2026-10-01,2026-10-01,收盤確認價,臺灣證券交易所 / 證券櫃檯買賣中心正式收盤；yfinance 歷史資料,只使用完整收盤日K，不使用盤中未完成K,上櫃,6101,寬魚國際,37.75,38.2,37.4,37.75,38.06,37.85,37.63,38.47,-7.7,0.94,False,197393,197026,7451585,7444858,1.17,False,True,16.15,一般K,,False,False,False,False,0,False,C級：已漲遠或接近目標，禁止追高,條件不足,接近成形,39.5,36.0,45.0,接近成形＋可觀察,40.29,39.5,40.29,41.5,38.31,4.9,低,-4.43,10.55,2.38,11.69,40.29,0.0,False,False,True,距離頸線或前高過遠，禁止追高,頸線以當日前20日高點計算；收盤站上頸線 39.5 至少2%；成交量>=20日均量2倍；不可長上影；回踩須有近10日突破紀錄且不有效跌破頸線；距離頸線>5%禁止進場,35,C,禁止追高,已漲遠或接近目標，空手不追；持有者依策略分批處理。,False,2026-10-01,True,True,STOP,STOP 停止進場,觀察,取消新進場，只保留觀察,只看續抱 / 減碼 / 停利 / 停損，不新增部位。,停止新進場，先保留現金，等待大盤止跌。,停止新進場，禁止顯示今日可進場。,False,False
2026-10-01,2026-10-01,收盤確認價,臺灣證券交易所 / 證券櫃檯買賣中心正式收盤；yfinance 歷史資料,只使用完整收盤日K，不使用盤中未完成K,上市,2207,和泰車,515.0,515.0,508.0,512.0,519.3,525.0,513.02,524.81,7.18,1.18,False,239429,246504,123305935,129559929,1.48,True,True,21.01,紅K突破,,False,False,False,False,0,False,C級：已漲遠或接近目標，禁止追高,條件不足,接近成形,548.0,505.0,623.0,接近成形＋可觀察,558.96,548.0,558.96,575.73,531.56,4.9,低,-6.02,10.12,2.34,11.46,558.96,0.0,False,False,True,距離頸線或前高過遠，禁止追高,頸線以當日前20日高點計算；收盤站上頸線 548.0 至少2%；成交量>=20日均量2倍；不可長上影；回踩須有近10日突破紀錄且不有效跌破頸線；距離頸線>5%禁止進場,35,C,禁止追高,已漲遠或接近目標，空手不追；持有者依策略分批處理。,False,2026-10-01,True,True,STOP,STOP 停止進場,觀察,取消新進場，只保留觀察,只看續抱 / 減碼 / 停利 / 停損，不新增部位。,停止新進場，先保留現金，等待大盤止跌。,停止新進場，禁止顯示今日可進場。,False,False
2026-10-01,2026-10-01,收盤確認價,臺灣證券交易所 / 證券櫃檯買賣中心正式收盤；yfinance 歷史資料,只使用完整收盤日K，不使用盤中未完成K,上櫃,3206,志豐,34.6,35.15,34.2,34.73,34.83,34.76,34.69,35.1,-10.48,-1.0,False,14389,37197,497859,1297665,1.16,False,True,19.67,一般K,,False,False,False,False,0,False,C級：已漲遠或接近目標，禁止追高,條件不足,接近成形,35.9,33.02,40.8,接近成形＋可觀察,36.62,35.9,36.62,37.72,34.82,4.9,低,-3.62,11.28,2.33,11.42,36.62,0.0,False,False,True,距離頸線或前高過遠，禁止追高,頸線以當日前20日高點計算；收盤站上頸線 35.9 至少2%；成交量>=20日均量2倍；不可長上影；回踩須有近10日突破紀錄且不有效跌破頸線；距離頸線>5%禁止進場,35,C,禁止追高,已漲遠或接近目標，空手不追；持有者依策略分批處理。,False,2026-10-01,True,True,STOP,STOP 停止進場,觀察,取消新進場，只保留觀察,只看續抱 / 減碼 / 停利 / 停損，不新增部位。,停止新進場，先保留現金，等待大盤止跌。,停止新進場，禁止顯示今日可進場。,False,False
2026-10-01,2026-10-01,收盤確認價,臺灣證券交易所 / 證券櫃檯買賣中心正式收盤；yfinance 歷史資料,只使用完整收盤日K，不使用盤中未完成K,上櫃,5011,久陽,18.6,18.9,18.45,18.53,18.28,18.28,18.82,15.11,-21.02,-1.06,False,115556,169575,2149341,3101900,1.02,False,True,26.75,一般K,,False,False,False,False,0,False,C級：已漲遠或接近目標，禁止追高,條件不足,旗型整理突破,19.25,17.85,21.85,接近成形＋可觀察,19.64,19.25,19.64,20.22,18.67,4.9,低,-3.38,23.77,2.3,11.28,19.64,0.0,False,False,True,距離頸線或前高過遠，禁止追高,頸線以當日前20日高點計算；收盤站上頸線 19.25 至少2%；成交量>=20日均量2倍；不可長上影；回踩須有近10日突破紀錄且不有效跌破頸線；距離頸線>5%禁止進場,35,C,禁止追高,已漲遠或接近目標，空手不追；持有者依策略分批處理。,False,2026-10-01,True,True,STOP,STOP 停止進場,觀察,取消新進場，只保留觀察,只看續抱 / 減碼 / 停利 / 停損，不新增部位。,停止新進場，先保留現金，等待大盤止跌。,停止新進場，禁止顯示今日可進場。,False,False
2026-10-01,2026-10-01,收盤確認價,臺灣證券交易所 / 證券櫃檯買賣中心正式收盤；yfinance 歷史資料,只使用完整收盤日K，不使用盤中未完成K,上櫃,8069,元太,144.0,145.0,143.5,144.1,145.0,146.57,167.7,180.7,-27.64,0.0,False,4088561,5436902,588752784,796194823,1.71,True,True,52.93,一般K,,False,False,False,False,0,False,C級：已漲遠或接近目標，禁止追高,條件不足,接近成形,160.0,139.25,181.5,接近成形＋可觀察,163.2,160.0,163.2,168.1,155.2,4.9,低,-10.0,30.94,2.29,11.21,163.2,0.69,False,False,True,距離頸線或前高過遠，禁止追高,頸線以當日前20日高點計算；收盤站上頸線 160.0 至少2%；成交量>=20日均量2倍；不可長上影；回踩須有近10日突破紀錄且不有效跌破頸線；距離頸線>5%禁止進場,35,C,禁止追高,已漲遠或接近目標，空手不追；持有者依策略分批處理。,False,2026-10-01,True,True,STOP,STOP 停止進場,觀察,取消新進場，只保留觀察,只看續抱 / 減碼 / 停利 / 停損，不新增部位。,停止新進場，先保留現金，等待大盤止跌。,停止新進場，禁止顯示今日可進場。,False,False
2026-10-01,2026-10-01,收盤確認價,臺灣證券交易所 / 證券櫃檯買賣中心正式收盤；yfinance 歷史資料,只使用完整收盤日K，不使用盤中未完成K,上櫃,8383,千附,67.9,68.5,67.7,67.58,67.15,66.14,70.8,53.58,7.1,-0.73,False,484317,980029,32885124,65140760,2.27,False,True,25.82,一般K,,False,False,False,False,0,False,C級：已漲遠或接近目標，禁止追高,條件不足,接近成形,70.2,63.2,79.4,接近成形＋可觀察,71.6,70.2,71.6,73.75,68.09,4.9,低,-3.28,28.53,2.22,10.89,71.6,0.0,False,False,True,距離頸線或前高過遠，禁止追高,頸線以當日前20日高點計算；收盤站上頸線 70.2 至少2%；成交量>=20日均量2倍；不可長上影；回踩須有近10日突破紀錄且不有效跌破頸線；距離頸線>5%禁止進場,35,C,禁止追高,已漲遠或接近目標，空手不追；持有者依策略分批處理。,False,2026-10-01,True,True,STOP,STOP 停止進場,觀察,取消新進場，只保留觀察,只看續抱 / 減碼 / 停利 / 停損，不新增部位。,停止新進場，先保留現金，等待大盤止跌。,停止新進場，禁止顯示今日可進場。,False,False
2026-10-01,2026-10-01,收盤確認價,臺灣證券交易所 / 證券櫃檯買賣中心正式收盤；yfinance 歷史資料,只使用完整收盤日K，不使用盤中未完成K,上市,2233,宇隆,168.5,169.5,165.0,166.2,163.35,163.57,189.47,227.21,-34.18,0.9,False,224485,422756,37825722,69213176,2.21,False,True,29.17,紅K突破,,False,False,False,False,0,False,C級：已漲遠或接近目標，禁止追高,條件不足,接近成形,177.0,155.4,200.0,接近成形＋可觀察,180.54,177.0,180.54,185.96,171.69,4.9,低,-4.8,36.17,2.2,10.78,180.54,0.59,False,False,True,距離頸線或前高過遠，禁止追高,頸線以當日前20日高點計算；收盤站上頸線 177.0 至少2%；成交量>=20日均量2倍；不可長上影；回踩須有近10日突破紀錄且不有效跌破頸線；距離頸線>5%禁止進場,35,C,禁止追高,已漲遠或接近目標，空手不追；持有者依策略分批處理。,False,2026-10-01,True,True,STOP,STOP 停止進場,觀察,取消新進場，只保留觀察,只看續抱 / 減碼 / 停利 / 停損，不新增部位。,停止新進場，先保留現金，等待大盤止跌。,停止新進場，禁止顯示今日可進場。,False,False
2026-10-01,2026-10-01,收盤確認價,臺灣證券交易所 / 證券櫃檯買賣中心正式收盤；yfinance 歷史資料,只使用完整收盤日K，不使用盤中未完成K,上櫃,3520,華盈,17.0,17.3,16.95,17.17,17.28,17.34,17.46,16.46,1.19,-2.02,False,160730,100179,2732410,1736422,0.99,False,True,12.76,一般K,,False,False,False,False,0,False,C級：已漲遠或接近目標，禁止追高,條件不足,三角收斂突破,17.8,17.0,20.05,接近成形＋可觀察,18.16,17.8,18.16,18.7,17.27,4.9,低,-4.49,13.71,2.13,10.43,18.16,0.59,False,False,True,距離頸線或前高過遠，禁止追高,頸線以當日前20日高點計算；收盤站上頸線 17.8 至少2%；成交量>=20日均量2倍；不可長上影；回踩須有近10日突破紀錄且不有效跌破頸線；距離頸線>5%禁止進場,35,C,禁止追高,已漲遠或接近目標，空手不追；持有者依策略分批處理。,False,2026-10-01,True,True,STOP,STOP 停止進場,觀察,取消新進場，只保留觀察,只看續抱 / 減碼 / 停利 / 停損，不新增部位。,停止新進場，先保留現金，等待大盤止跌。,停止新進場，禁止顯示今日可進場。,False,False
2026-10-01,2026-10-01,收盤確認價,臺灣證券交易所 / 證券櫃檯買賣中心正式收盤；yfinance 歷史資料,只使用完整收盤日K，不使用盤中未完成K,上櫃,3227,原相,185.5,186.0,184.0,185.0,184.55,185.65,194.57,207.53,-18.64,0.27,False,616469,579722,114354999,107582032,1.14,True,True,36.74,紅K突破,,False,False,False,False,0,False,C級：已漲遠或接近目標，禁止追高,條件不足,接近成形,199.5,179.5,224.5,接近成形＋可觀察,203.49,199.5,203.49,209.59,193.51,4.9,低,-7.02,21.4,2.11,10.32,203.49,0.27,False,False,True,距離頸線或前高過遠，禁止追高,頸線以當日前20日高點計算；收盤站上頸線 199.5 至少2%；成交量>=20日均量2倍；不可長上影；回踩須有近10日突破紀錄且不有效跌破頸線；距離頸線>5%禁止進場,35,C,禁止追高,已漲遠或接近目標，空手不追；持有者依策略分批處理。,False,2026-10-01,True,True,STOP,STOP 停止進場,觀察,取消新進場，只保留觀察,只看續抱 / 減碼 / 停利 / 停損，不新增部位。,停止新進場，先保留現金，等待大盤止跌。,停止新進場，禁止顯示今日可進場。,False,False
2026-10-01,2026-10-01,收盤確認價,臺灣證券交易所 / 證券櫃檯買賣中心正式收盤；yfinance 歷史資料,只使用完整收盤日K，不使用盤中未完成K,上櫃,1584,精剛,18.6,18.95,18.5,18.32,18.24,18.08,18.34,21.03,-3.88,-1.33,False,379736,377649,7063089,6887481,1.23,False,True,24.1,一般K,,False,False,False,False,0,False,C級：已漲遠或接近目標，禁止追高,條件不足,接近成形,19.2,17.55,21.6,接近成形＋可觀察,19.58,19.2,19.58,20.17,18.62,4.9,低,-3.13,12.68,2.1,10.29,19.58,0.0,False,False,True,距離頸線或前高過遠，禁止追高,頸線以當日前20日高點計算；收盤站上頸線 19.2 至少2%；成交量>=20日均量2倍；不可長上影；回踩須有近10日突破紀錄且不有效跌破頸線；距離頸線>5%禁止進場,35,C,禁止追高,已漲遠或接近目標，空手不追；持有者依策略分批處理。,False,2026-10-01,True,True,STOP,STOP 停止進場,觀察,取消新進場，只保留觀察,只看續抱 / 減碼 / 停利 / 停損，不新增部位。,停止新進場，先保留現金，等待大盤止跌。,停止新進場，禁止顯示今日可進場。,False,False
2026-10-01,2026-10-01,收盤確認價,臺灣證券交易所 / 證券櫃檯買賣中心正式收盤；yfinance 歷史資料,只使用完整收盤日K，不使用盤中未完成K,上櫃,8088,品安,43.65,44.9,43.65,42.87,42.62,42.7,45.92,50.41,-22.05,-1.69,False,753829,379257,32904635,16293513,1.94,False,True,20.03,一般K,,False,False,False,False,0,False,C級：已漲遠或接近目標，禁止追高,條件不足,三角收斂突破,45.4,40.8,51.0,接近成形＋可觀察,46.31,45.4,46.31,47.7,44.04,4.9,低,-3.85,25.64,2.07,10.13,46.31,0.0,False,False,True,距離頸線或前高過遠，禁止追高,頸線以當日前20日高點計算；收盤站上頸線 45.4 至少2%；成交量>=20日均量2倍；不可長上影；回踩須有近10日突破紀錄且不有效跌破頸線；距離頸線>5%禁止進場,35,C,禁止追高,已漲遠或接近目標，空手不追；持有者依策略分批處理。,False,2026-10-01,True,True,STOP,STOP 停止進場,觀察,取消新進場，只保留觀察,只看續抱 / 減碼 / 停利 / 停損，不新增部位。,停止新進場，先保留現金，等待大盤止跌。,停止新進場，禁止顯示今日可進場。,False,False
2026-10-01,2026-10-01,收盤確認價,臺灣證券交易所 / 證券櫃檯買賣中心正式收盤；yfinance 歷史資料,只使用完整收盤日K，不使用盤中未完成K,上櫃,4535,至興,27.0,27.0,26.65,26.94,27.01,27.34,27.99,28.15,-7.06,0.0,False,9110,15242,245970,414380,0.85,False,True,45.87,紅K突破,,False,False,False,False,0,False,只觀察,條件不足,接近成形,28.9,26.2,31.6,接近成形＋可觀察,29.48,28.9,29.48,30.36,28.03,4.9,中,-6.57,9.55,1.47,7.2,29.48,0.0,False,False,False,預備單，等待確認條件,頸線以當日前20日高點計算；收盤站上頸線 28.9 至少2%；成交量>=20日均量2倍；不可長上影；回踩須有近10日突破紀錄且不有效跌破頸線；距離頸線>5%禁止進場,30,C,等更安全位置,條件或風險不夠好，先不列入高關注。,False,2026-10-01,True,True,STOP,STOP 停止進場,觀察,取消新進場，只保留觀察,只看續抱 / 減碼 / 停利 / 停損，不新增部位。,停止新進場，先保留現金，等待大盤止跌。,停止新進場，禁止顯示今日可進場。,False,False
2026-10-01,2026-10-01,收盤確認價,臺灣證券交易所 / 證券櫃檯買賣中心正式收盤；yfinance 歷史資料,只使用完整收盤日K，不使用盤中未完成K,上櫃,8415,大國鋼,35.55,35.75,35.3,35.3,35.03,35.74,36.74,34.8,3.19,0.99,False,471105,663878,16747782,23374137,1.02,False,True,53.35,紅K突破,,False,False,False,False,0,False,只觀察,條件不足,接近成形,37.8,34.35,41.25,接近成形＋可觀察,38.56,37.8,38.56,39.71,36.67,4.9,中,-5.95,9.77,1.43,6.99,38.56,0.56,False,False,False,預備單，等待確認條件,頸線以當日前20日高點計算；收盤站上頸線 37.8 至少2%；成交量>=20日均量2倍；不可長上影；回踩須有近10日突破紀錄且不有效跌破頸線；距離頸線>5%禁止進場,30,C,等更安全位置,條件或風險不夠好，先不列入高關注。,False,2026-10-01,True,True,STOP,STOP 停止進場,觀察,取消新進場，只保留觀察,只看續抱 / 減碼 / 停利 / 停損，不新增部位。,停止新進場，先保留現金，等待大盤止跌。,停止新進場，禁止顯示今日可進場。,False,False
2026-10-01,2026-10-01,收盤確認價,臺灣證券交易所 / 證券櫃檯買賣中心正式收盤；yfinance 歷史資料,只使用完整收盤日K，不使用盤中未完成K,上櫃,4584,君帆,37.5,39.6,37.5,37.2,37.2,37.74,38.92,43.94,-5.78,1.35,False,6000,3814,225000,143781,0.75,False,True,41.67,長黑,,False,False,False,False,0,False,只觀察,條件不足,三角收斂突破,39.85,36.35,43.35,接近成形＋可觀察,40.65,39.85,40.65,41.87,38.65,4.9,中,-5.9,8.54,1.36,6.65,40.65,0.0,False,False,False,預備單，等待確認條件,頸線以當日前20日高點計算；收盤站上頸線 39.85 至少2%；成交量>=20日均量2倍；不可長上影；回踩須有近10日突破紀錄且不有效跌破頸線；距離頸線>5%禁止進場,30,C,等更安全位置,條件或風險不夠好，先不列入高關注。,False,2026-10-01,True,True,STOP,STOP 停止進場,觀察,取消新進場，只保留觀察,只看續抱 / 減碼 / 停利 / 停損，不新增部位。,停止新進場，先保留現金，等待大盤止跌。,停止新進場，禁止顯示今日可進場。,False,False
2026-10-01,2026-10-01,收盤確認價,臺灣證券交易所 / 證券櫃檯買賣中心正式收盤；yfinance 歷史資料,只使用完整收盤日K，不使用盤中未完成K,上市,1541,錩泰,20.75,20.85,20.65,21.09,21.02,21.13,21.53,23.31,-3.49,-0.72,False,6283,8388,130372,176794,1.09,False,True,25.98,紅K突破,,False,False,False,False,0,False,只觀察,條件不足,接近成形,22.3,20.5,24.2,接近成形＋可觀察,22.75,22.3,22.75,23.43,21.63,4.9,中,-6.95,9.59,1.3,6.39,22.75,0.48,False,False,False,預備單，等待確認條件,頸線以當日前20日高點計算；收盤站上頸線 22.3 至少2%；成交量>=20日均量2倍；不可長上影；回踩須有近10日突破紀錄且不有效跌破頸線；距離頸線>5%禁止進場,30,C,等更安全位置,條件或風險不夠好，先不列入高關注。,False,2026-10-01,True,True,STOP,STOP 停止進場,觀察,取消新進場，只保留觀察,只看續抱 / 減碼 / 停利 / 停損，不新增部位。,停止新進場，先保留現金，等待大盤止跌。,停止新進場，禁止顯示今日可進場。,False,False
2026-10-01,2026-10-01,收盤確認價,臺灣證券交易所 / 證券櫃檯買賣中心正式收盤；yfinance 歷史資料,只使用完整收盤日K，不使用盤中未完成K,上市,1474,弘裕,10.05,10.1,9.93,10.03,10.01,9.98,10.13,10.45,-3.83,-0.0,False,80621,77609,810241,775532,0.78,False,True,35.95,一般K,,False,False,False,False,0,False,只觀察,條件不足,接近成形,10.6,9.71,11.49,接近成形＋可觀察,10.81,10.6,10.81,11.14,10.28,4.9,中,-5.19,7.37,1.28,6.27,10.81,0.5,False,False,False,預備單，等待確認條件,頸線以當日前20日高點計算；收盤站上頸線 10.6 至少2%；成交量>=20日均量2倍；不可長上影；回踩須有近10日突破紀錄且不有效跌破頸線；距離頸線>5%禁止進場,30,C,等更安全位置,條件或風險不夠好，先不列入高關注。,False,2026-10-01,True,True,STOP,STOP 停止進場,觀察,取消新進場，只保留觀察,只看續抱 / 減碼 / 停利 / 停損，不新增部位。,停止新進場，先保留現金，等待大盤止跌。,停止新進場，禁止顯示今日可進場。,False,False
2026-10-01,2026-10-01,收盤確認價,臺灣證券交易所 / 證券櫃檯買賣中心正式收盤；yfinance 歷史資料,只使用完整收盤日K，不使用盤中未完成K,上櫃,4207,環泰,19.4,19.45,19.3,19.49,19.45,19.69,20.03,19.27,-3.0,0.26,False,100991,85139,1959225,1672952,0.86,False,True,37.59,紅K突破,,False,False,False,False,0,False,只觀察,條件不足,接近成形,20.85,19.1,22.6,接近成形＋可觀察,21.27,20.85,21.27,21.91,20.22,4.9,中,-6.95,8.49,1.28,6.27,21.27,0.26,False,False,False,預備單，等待確認條件,頸線以當日前20日高點計算；收盤站上頸線 20.85 至少2%；成交量>=20日均量2倍；不可長上影；回踩須有近10日突破紀錄且不有效跌破頸線；距離頸線>5%禁止進場,30,C,等更安全位置,條件或風險不夠好，先不列入高關注。,False,2026-10-01,True,True,STOP,STOP 停止進場,觀察,取消新進場，只保留觀察,只看續抱 / 減碼 / 停利 / 停損，不新增部位。,停止新進場，先保留現金，等待大盤止跌。,停止新進場，禁止顯示今日可進場。,False,False
2026-10-01,2026-10-01,收盤確認價,臺灣證券交易所 / 證券櫃檯買賣中心正式收盤；yfinance 歷史資料,只使用完整收盤日K，不使用盤中未完成K,上市,2062,橋椿,18.0,18.2,18.0,18.04,18.07,18.46,18.78,20.25,-6.98,-0.28,False,111204,181795,2001672,3393446,1.62,False,True,50.51,一般K,,False,False,False,False,0,False,只觀察,條件不足,接近成形,19.6,17.95,21.25,接近成形＋可觀察,19.99,19.6,19.99,20.59,19.01,4.9,中,-8.16,8.16,1.28,6.29,19.99,0.83,False,False,False,預備單，等待確認條件,頸線以當日前20日高點計算；收盤站上頸線 19.6 至少2%；成交量>=20日均量2倍；不可長上影；回踩須有近10日突破紀錄且不有效跌破頸線；距離頸線>5%禁止進場,30,C,等更安全位置,條件或風險不夠好，先不列入高關注。,False,2026-10-01,True,True,STOP,STOP 停止進場,觀察,取消新進場，只保留觀察,只看續抱 / 減碼 / 停利 / 停損，不新增部位。,停止新進場，先保留現金，等待大盤止跌。,停止新進場，禁止顯示今日可進場。,False,False
2026-10-01,2026-10-01,收盤確認價,臺灣證券交易所 / 證券櫃檯買賣中心正式收盤；yfinance 歷史資料,只使用完整收盤日K，不使用盤中未完成K,上櫃,6576,逸達,79.1,80.0,79.0,79.88,80.8,81.08,80.7,79.9,-5.95,-0.5,False,101765,122469,8049611,9944705,1.37,False,True,21.42,一般K,,False,False,False,False,0,False,只觀察,條件不足,接近成形,83.5,78.7,90.3,接近成形＋可觀察,85.17,83.5,85.17,87.73,81.0,4.9,中,-5.27,8.66,1.23,6.02,85.17,0.88,False,False,False,預備單，等待確認條件,頸線以當日前20日高點計算；收盤站上頸線 83.5 至少2%；成交量>=20日均量2倍；不可長上影；回踩須有近10日突破紀錄且不有效跌破頸線；距離頸線>5%禁止進場,30,C,等更安全位置,條件或風險不夠好，先不列入高關注。,False,2026-10-01,True,True,STOP,STOP 停止進場,觀察,取消新進場，只保留觀察,只看續抱 / 減碼 / 停利 / 停損，不新增部位。,停止新進場，先保留現金，等待大盤止跌。,停止新進場，禁止顯示今日可進場。,False,False
2026-10-01,2026-10-01,收盤確認價,臺灣證券交易所 / 證券櫃檯買賣中心正式收盤；yfinance 歷史資料,只使用完整收盤日K，不使用盤中未完成K,上櫃,7757,金色三麥,89.2,90.3,89.1,90.02,89.52,89.09,90.07,107.69,-5.51,-1.11,False,16324,15223,1456100,1363746,1.14,False,True,24.77,一般K,,False,False,False,False,0,False,只觀察,條件不足,接近成形,94.3,86.9,101.9,接近成形＋可觀察,96.19,94.3,96.19,99.07,91.47,4.9,中,-5.41,6.01,1.21,5.94,96.19,0.0,False,False,False,預備單，等待確認條件,頸線以當日前20日高點計算；收盤站上頸線 94.3 至少2%；成交量>=20日均量2倍；不可長上影；回踩須有近10日突破紀錄且不有效跌破頸線；距離頸線>5%禁止進場,30,C,等更安全位置,條件或風險不夠好，先不列入高關注。,False,2026-10-01,True,True,STOP,STOP 停止進場,觀察,取消新進場，只保留觀察,只看續抱 / 減碼 / 停利 / 停損，不新增部位。,停止新進場，先保留現金，等待大盤止跌。,停止新進場，禁止顯示今日可進場。,False,False
2026-10-01,2026-10-01,收盤確認價,臺灣證券交易所 / 證券櫃檯買賣中心正式收盤；yfinance 歷史資料,只使用完整收盤日K，不使用盤中未完成K,上櫃,8342,益張,83.5,83.5,82.0,83.9,83.25,84.83,87.47,86.8,-8.24,0.0,False,4001,3364,334083,282745,1.31,False,True,42.41,紅K突破,,False,False,False,False,0,False,只觀察,條件不足,接近成形,88.0,81.0,95.0,接近成形＋可觀察,89.76,88.0,89.76,92.45,85.36,4.9,中,-5.11,8.74,1.19,5.84,89.76,0.0,False,False,False,預備單，等待確認條件,頸線以當日前20日高點計算；收盤站上頸線 88.0 至少2%；成交量>=20日均量2倍；不可長上影；回踩須有近10日突破紀錄且不有效跌破頸線；距離頸線>5%禁止進場,30,C,等更安全位置,條件或風險不夠好，先不列入高關注。,False,2026-10-01,True,True,STOP,STOP 停止進場,觀察,取消新進場，只保留觀察,只看續抱 / 減碼 / 停利 / 停損，不新增部位。,停止新進場，先保留現金，等待大盤止跌。,停止新進場，禁止顯示今日可進場。,False,False
2026-10-01,2026-10-01,收盤確認價,臺灣證券交易所 / 證券櫃檯買賣中心正式收盤；yfinance 歷史資料,只使用完整收盤日K，不使用盤中未完成K,上櫃,4161,聿新科,21.75,21.8,21.7,22.0,22.11,22.32,22.6,24.41,-6.25,0.0,False,34598,19809,752506,439963,0.5,False,True,87.28,紅K突破,,False,False,False,False,0,False,只觀察,條件不足,三角收斂突破,23.0,21.75,24.8,接近成形＋可觀察,23.46,23.0,23.46,24.16,22.31,4.9,中,-5.43,8.23,1.17,5.71,23.46,0.23,False,False,False,預備單，等待確認條件,頸線以當日前20日高點計算；收盤站上頸線 23.0 至少2%；成交量>=20日均量2倍；不可長上影；回踩須有近10日突破紀錄且不有效跌破頸線；距離頸線>5%禁止進場,30,C,等更安全位置,條件或風險不夠好，先不列入高關注。,False,2026-10-01,True,True,STOP,STOP 停止進場,觀察,取消新進場，只保留觀察,只看續抱 / 減碼 / 停利 / 停損，不新增部位。,停止新進場，先保留現金，等待大盤止跌。,停止新進場，禁止顯示今日可進場。,False,False
2026-10-01,2026-10-01,收盤確認價,臺灣證券交易所 / 證券櫃檯買賣中心正式收盤；yfinance 歷史資料,只使用完整收盤日K，不使用盤中未完成K,上櫃,2736,富野,11.3,11.35,11.3,11.3,11.33,11.42,11.63,13.23,-4.64,-0.44,False,17082,34086,193026,389582,0.57,False,True,47.41,一般K,,False,False,False,False,0,False,只觀察,條件不足,接近成形,12.2,11.25,13.15,接近成形＋可觀察,12.44,12.2,12.44,12.82,11.83,4.9,中,-7.38,8.87,1.16,5.67,12.44,0.44,False,False,False,預備單，等待確認條件,頸線以當日前20日高點計算；收盤站上頸線 12.2 至少2%；成交量>=20日均量2倍；不可長上影；回踩須有近10日突破紀錄且不有效跌破頸線；距離頸線>5%禁止進場,30,C,等更安全位置,條件或風險不夠好，先不列入高關注。,False,2026-10-01,True,True,STOP,STOP 停止進場,觀察,取消新進場，只保留觀察,只看續抱 / 減碼 / 停利 / 停損，不新增部位。,停止新進場，先保留現金，等待大盤止跌。,停止新進場，禁止顯示今日可進場。,False,False
2026-10-01,2026-10-01,收盤確認價,臺灣證券交易所 / 證券櫃檯買賣中心正式收盤；yfinance 歷史資料,只使用完整收盤日K，不使用盤中未完成K,上櫃,4702,中美實,9.28,9.45,9.25,9.32,9.33,9.36,9.53,9.85,-6.83,-0.32,False,70985,69815,658740,654233,0.68,False,True,24.96,一般K,,False,False,False,False,0,False,只觀察,條件不足,接近成形,9.8,9.15,10.54,接近成形＋可觀察,10.0,9.8,10.0,10.3,9.51,4.9,中,-5.31,8.12,1.11,5.44,10.0,0.0,False,False,False,預備單，等待確認條件,頸線以當日前20日高點計算；收盤站上頸線 9.8 至少2%；成交量>=20日均量2倍；不可長上影；回踩須有近10日突破紀錄且不有效跌破頸線；距離頸線>5%禁止進場,30,C,等更安全位置,條件或風險不夠好，先不列入高關注。,False,2026-10-01,True,True,STOP,STOP 停止進場,觀察,取消新進場，只保留觀察,只看續抱 / 減碼 / 停利 / 停損，不新增部位。,停止新進場，先保留現金，等待大盤止跌。,停止新進場，禁止顯示今日可進場。,False,False
2026-10-01,2026-10-01,收盤確認價,臺灣證券交易所 / 證券櫃檯買賣中心正式收盤；yfinance 歷史資料,只使用完整收盤日K，不使用盤中未完成K,上市,1707,葡萄王,85.5,85.6,85.1,86.24,86.62,88.29,89.71,110.83,-6.04,-0.23,False,291489,315520,24922309,27873540,0.95,False,True,30.84,一般K,,False,False,False,False,0,False,只觀察,條件不足,接近成形,92.6,85.7,99.5,接近成形＋可觀察,94.45,92.6,94.45,97.29,89.82,4.9,中,-7.67,8.56,1.09,5.34,94.45,0.0,False,False,False,預備單，等待確認條件,頸線以當日前20日高點計算；收盤站上頸線 92.6 至少2%；成交量>=20日均量2倍；不可長上影；回踩須有近10日突破紀錄且不有效跌破頸線；距離頸線>5%禁止進場,30,C,等更安全位置,條件或風險不夠好，先不列入高關注。,False,2026-10-01,True,True,STOP,STOP 停止進場,觀察,取消新進場，只保留觀察,只看續抱 / 減碼 / 停利 / 停損，不新增部位。,停止新進場，先保留現金，等待大盤止跌。,停止新進場，禁止顯示今日可進場。,False,False
2026-10-01,2026-10-01,收盤確認價,臺灣證券交易所 / 證券櫃檯買賣中心正式收盤；yfinance 歷史資料,只使用完整收盤日K，不使用盤中未完成K,上櫃,2732,六角,62.8,63.0,62.2,63.7,63.25,63.14,63.86,67.24,-4.41,-0.48,False,43809,26499,2751205,1684198,1.53,False,True,19.58,一般K,,False,False,False,False,0,False,只觀察,條件不足,三角收斂突破,66.5,61.8,71.2,接近成形＋可觀察,67.83,66.5,67.83,69.86,64.5,4.9,中,-5.56,5.56,1.01,4.97,67.83,0.0,False,False,False,預備單，等待確認條件,頸線以當日前20日高點計算；收盤站上頸線 66.5 至少2%；成交量>=20日均量2倍；不可長上影；回踩須有近10日突破紀錄且不有效跌破頸線；距離頸線>5%禁止進場,30,C,等更安全位置,條件或風險不夠好，先不列入高關注。,False,2026-10-01,True,True,STOP,STOP 停止進場,觀察,取消新進場，只保留觀察,只看續抱 / 減碼 / 停利 / 停損，不新增部位。,停止新進場，先保留現金，等待大盤止跌。,停止新進場，禁止顯示今日可進場。,False,False
2026-10-01,2026-10-01,收盤確認價,臺灣證券交易所 / 證券櫃檯買賣中心正式收盤；yfinance 歷史資料,只使用完整收盤日K，不使用盤中未完成K,上市,1454,台富,12.15,12.35,12.15,12.23,12.4,12.38,12.57,13.08,-4.71,-0.41,False,11668,30362,141766,378219,1.51,False,True,35.78,一般K,,False,False,False,False,0,False,只觀察,條件不足,接近成形,12.95,12.05,13.85,接近成形＋可觀察,13.21,12.95,13.21,13.61,12.56,4.9,中,-6.18,7.6,0.99,4.85,13.21,0.0,False,False,False,預備單，等待確認條件,頸線以當日前20日高點計算；收盤站上頸線 12.95 至少2%；成交量>=20日均量2倍；不可長上影；回踩須有近10日突破紀錄且不有效跌破頸線；距離頸線>5%禁止進場,30,C,等更安全位置,條件或風險不夠好，先不列入高關注。,False,2026-10-01,True,True,STOP,STOP 停止進場,觀察,取消新進場，只保留觀察,只看續抱 / 減碼 / 停利 / 停損，不新增部位。,停止新進場，先保留現金，等待大盤止跌。,停止新進場，禁止顯示今日可進場。,False,False
2026-10-01,2026-10-01,收盤確認價,臺灣證券交易所 / 證券櫃檯買賣中心正式收盤；yfinance 歷史資料,只使用完整收盤日K，不使用盤中未完成K,上櫃,4305,世坤,41.55,41.6,41.55,41.83,42.09,42.46,42.5,42.76,-2.12,-0.48,False,4004,3800,166366,159890,0.81,False,True,28.61,一般K,,False,False,False,False,0,False,只觀察,條件不足,接近成形,43.95,41.55,46.95,接近成形＋可觀察,44.83,43.95,44.83,46.17,42.63,4.9,中,-5.46,7.67,0.97,4.73,44.83,0.12,False,False,False,預備單，等待確認條件,頸線以當日前20日高點計算；收盤站上頸線 43.95 至少2%；成交量>=20日均量2倍；不可長上影；回踩須有近10日突破紀錄且不有效跌破頸線；距離頸線>5%禁止進場,30,C,等更安全位置,條件或風險不夠好，先不列入高關注。,False,2026-10-01,True,True,STOP,STOP 停止進場,觀察,取消新進場，只保留觀察,只看續抱 / 減碼 / 停利 / 停損，不新增部位。,停止新進場，先保留現金，等待大盤止跌。,停止新進場，禁止顯示今日可進場。,False,False
2026-10-01,2026-10-01,收盤確認價,臺灣證券交易所 / 證券櫃檯買賣中心正式收盤；yfinance 歷史資料,只使用完整收盤日K，不使用盤中未完成K,上櫃,6561,是方,310.5,310.5,307.5,308.8,311.85,315.07,321.06,346.56,-6.33,1.14,False,54501,55162,16922560,17290870,0.83,False,True,46.19,紅K突破,,False,False,False,False,0,False,只觀察,條件不足,接近成形,327.0,305.0,349.0,接近成形＋可觀察,333.54,327.0,333.54,343.55,317.19,4.9,中,-5.05,8.14,0.95,4.64,333.54,0.0,False,False,False,預備單，等待確認條件,頸線以當日前20日高點計算；收盤站上頸線 327.0 至少2%；成交量>=20日均量2倍；不可長上影；回踩須有近10日突破紀錄且不有效跌破頸線；距離頸線>5%禁止進場,30,C,等更安全位置,條件或風險不夠好，先不列入高關注。,False,2026-10-01,True,True,STOP,STOP 停止進場,觀察,取消新進場，只保留觀察,只看續抱 / 減碼 / 停利 / 停損，不新增部位。,停止新進場，先保留現金，等待大盤止跌。,停止新進場，禁止顯示今日可進場。,False,False
2026-10-01,2026-10-01,收盤確認價,臺灣證券交易所 / 證券櫃檯買賣中心正式收盤；yfinance 歷史資料,只使用完整收盤日K，不使用盤中未完成K,上市,1452,宏益,10.8,10.8,10.75,10.78,10.8,11.02,11.33,11.47,-8.47,-0.0,False,19052,55300,205761,610993,0.7,False,True,39.8,一般K,,False,False,False,False,0,False,只觀察,條件不足,接近成形,11.45,10.7,12.2,接近成形＋可觀察,11.68,11.45,11.68,12.03,11.11,4.9,中,-5.68,10.0,0.91,4.46,11.68,0.0,False,False,False,預備單，等待確認條件,頸線以當日前20日高點計算；收盤站上頸線 11.45 至少2%；成交量>=20日均量2倍；不可長上影；回踩須有近10日突破紀錄且不有效跌破頸線；距離頸線>5%禁止進場,30,C,等更安全位置,條件或風險不夠好，先不列入高關注。,False,2026-10-01,True,True,STOP,STOP 停止進場,觀察,取消新進場，只保留觀察,只看續抱 / 減碼 / 停利 / 停損，不新增部位。,停止新進場，先保留現金，等待大盤止跌。,停止新進場，禁止顯示今日可進場。,False,False
2026-10-01,2026-10-01,收盤確認價,臺灣證券交易所 / 證券櫃檯買賣中心正式收盤；yfinance 歷史資料,只使用完整收盤日K，不使用盤中未完成K,上市,1525,江申,63.7,63.8,63.7,64.02,64.43,65.09,66.66,64.44,-4.78,-0.0,False,10199,8745,649676,571000,0.55,False,True,32.77,一般K,,False,False,False,False,0,False,只觀察,條件不足,接近成形,67.7,63.6,71.8,接近成形＋可觀察,69.05,67.7,69.05,71.13,65.67,4.9,中,-5.91,7.95,0.81,3.98,69.05,0.0,False,False,False,預備單，等待確認條件,頸線以當日前20日高點計算；收盤站上頸線 67.7 至少2%；成交量>=20日均量2倍；不可長上影；回踩須有近10日突破紀錄且不有效跌破頸線；距離頸線>5%禁止進場,30,C,等更安全位置,條件或風險不夠好，先不列入高關注。,False,2026-10-01,True,True,STOP,STOP 停止進場,觀察,取消新進場，只保留觀察,只看續抱 / 減碼 / 停利 / 停損，不新增部位。,停止新進場，先保留現金，等待大盤止跌。,停止新進場，禁止顯示今日可進場。,False,False
2026-10-01,2026-10-01,收盤確認價,臺灣證券交易所 / 證券櫃檯買賣中心正式收盤；yfinance 歷史資料,只使用完整收盤日K，不使用盤中未完成K,上櫃,3322,建舜電,11.6,11.7,11.3,11.27,11.08,11.03,11.53,13.49,-13.75,2.65,False,468828,213972,5438404,2360244,1.61,False,True,12.21,紅K突破,,False,True,False,False,1,False,C級：已漲遠或接近目標，禁止追高,量能放大,箱型突破,11.4,10.48,12.45,接近成形＋可觀察,11.63,11.4,11.63,11.98,11.06,4.9,低,1.75,16.55,1.44,7.07,11.63,0.86,False,False,True,距離頸線或前高過遠，禁止追高,頸線以當日前20日高點計算；收盤站上頸線 11.4 至少2%；成交量>=20日均量2倍；不可長上影；回踩須有近10日突破紀錄且不有效跌破頸線；距離頸線>5%禁止進場,25,C,禁止追高,已漲遠或接近目標，空手不追；持有者依策略分批處理。,False,2026-10-01,True,True,STOP,STOP 停止進場,接近目標,取消新進場，只保留觀察,只看續抱 / 減碼 / 停利 / 停損，不新增部位。,停止新進場，先保留現金，等待大盤止跌。,停止新進場，禁止顯示今日可進場。,False,False
2026-10-01,2026-10-01,收盤確認價,臺灣證券交易所 / 證券櫃檯買賣中心正式收盤；yfinance 歷史資料,只使用完整收盤日K，不使用盤中未完成K,上市,2231,為升,92.9,97.5,92.2,92.26,91.86,90.94,97.15,101.38,-19.57,-1.9,False,329706,146143,30629687,13339556,1.38,False,True,28.83,長黑,,False,True,False,False,1,False,C級：已漲遠或接近目標，禁止追高,量能放大,三角收斂突破,95.0,88.5,103.7,接近成形＋可觀察,96.9,95.0,96.9,99.81,92.15,4.9,低,-2.21,27.42,1.43,7.02,96.9,0.54,False,False,True,距離頸線或前高過遠，禁止追高,頸線以當日前20日高點計算；收盤站上頸線 95.0 至少2%；成交量>=20日均量2倍；不可長上影；回踩須有近10日突破紀錄且不有效跌破頸線；距離頸線>5%禁止進場,25,C,禁止追高,已漲遠或接近目標，空手不追；持有者依策略分批處理。,False,2026-10-01,True,True,STOP,STOP 停止進場,觀察,取消新進場，只保留觀察,只看續抱 / 減碼 / 停利 / 停損，不新增部位。,停止新進場，先保留現金，等待大盤止跌。,停止新進場，禁止顯示今日可進場。,False,False
2026-10-01,2026-10-01,收盤確認價,臺灣證券交易所 / 證券櫃檯買賣中心正式收盤；yfinance 歷史資料,只使用完整收盤日K，不使用盤中未完成K,上櫃,1796,金穎生技,30.3,30.4,29.05,29.55,29.54,29.68,30.58,39.4,-20.68,3.95,False,61035,8957,1849360,267224,1.5,False,True,15.95,紅K突破,,False,True,False,False,1,False,C級：已漲遠或接近目標，禁止追高,量能放大,箱型突破,30.3,28.8,32.35,接近成形＋可觀察,30.91,30.3,30.91,31.83,29.39,4.9,低,0.0,20.78,0.95,4.67,30.91,0.33,False,False,True,距離頸線或前高過遠，禁止追高,頸線以當日前20日高點計算；收盤站上頸線 30.3 至少2%；成交量>=20日均量2倍；不可長上影；回踩須有近10日突破紀錄且不有效跌破頸線；距離頸線>5%禁止進場,25,C,禁止追高,已漲遠或接近目標，空手不追；持有者依策略分批處理。,False,2026-10-01,True,True,STOP,STOP 停止進場,接近目標,取消新進場，只保留觀察,只看續抱 / 減碼 / 停利 / 停損，不新增部位。,停止新進場，先保留現金，等待大盤止跌。,停止新進場，禁止顯示今日可進場。,False,False
2026-10-01,2026-10-01,收盤確認價,臺灣證券交易所 / 證券櫃檯買賣中心正式收盤；yfinance 歷史資料,只使用完整收盤日K，不使用盤中未完成K,上櫃,3521,台鋼建設,12.0,12.0,11.8,11.84,11.92,12.03,12.26,13.22,-3.23,1.27,False,97713,41275,1172556,497591,1.09,False,True,13.35,紅K突破,,False,True,False,False,1,False,C級：已漲遠或接近目標，禁止追高,量能放大,三角收斂突破,12.3,11.65,12.95,接近成形＋可觀察,12.55,12.3,12.55,12.92,11.93,4.9,低,-2.44,11.76,0.66,3.22,12.55,0.0,False,False,True,距離頸線或前高過遠，禁止追高,頸線以當日前20日高點計算；收盤站上頸線 12.3 至少2%；成交量>=20日均量2倍；不可長上影；回踩須有近10日突破紀錄且不有效跌破頸線；距離頸線>5%禁止進場,25,C,禁止追高,已漲遠或接近目標，空手不追；持有者依策略分批處理。,False,2026-10-01,True,True,STOP,STOP 停止進場,接近目標,取消新進場，只保留觀察,只看續抱 / 減碼 / 停利 / 停損，不新增部位。,停止新進場，先保留現金，等待大盤止跌。,停止新進場，禁止顯示今日可進場。,False,False
2026-10-01,2026-10-01,收盤確認價,臺灣證券交易所 / 證券櫃檯買賣中心正式收盤；yfinance 歷史資料,只使用完整收盤日K，不使用盤中未完成K,上櫃,5523,豐謙,30.35,30.35,30.15,30.35,30.35,30.35,30.36,30.25,-0.16,-0.0,False,67099,17901,2036454,543296,0.0,False,True,100.0,紅K突破,,False,True,False,False,1,False,C級：已漲遠或接近目標，禁止追高,量能放大,箱型突破,30.35,30.15,31.7,接近成形＋可觀察,30.96,30.35,30.96,31.89,29.44,4.9,低,-0.0,0.16,0.49,2.4,30.96,0.0,False,True,True,接近目標區，只給持有者分批停利參考，空手不追高,頸線以當日前20日高點計算；收盤站上頸線 30.35 至少2%；成交量>=20日均量2倍；不可長上影；回踩須有近10日突破紀錄且不有效跌破頸線；距離頸線>5%禁止進場,25,C,禁止追高,已漲遠或接近目標，空手不追；持有者依策略分批處理。,False,2026-10-01,True,True,STOP,STOP 停止進場,接近目標,取消新進場，只保留觀察,只看續抱 / 減碼 / 停利 / 停損，不新增部位。,停止新進場，先保留現金，等待大盤止跌。,停止新進場，禁止顯示今日可進場。,False,False
2026-10-01,2026-10-01,收盤確認價,臺灣證券交易所 / 證券櫃檯買賣中心正式收盤；yfinance 歷史資料,只使用完整收盤日K，不使用盤中未完成K,上市,2114,鑫永銓,90.0,90.0,89.3,89.9,89.61,89.43,88.69,89.37,0.56,0.11,False,9392,19972,845280,1787021,0.44,False,True,16.73,紅K突破,,True,False,False,False,1,False,C級：已漲遠或接近目標，禁止追高,趨勢多頭,箱型突破,90.4,88.2,94.4,接近成形＋可觀察,92.21,90.4,92.21,94.97,87.69,4.9,低,-0.44,1.53,0.48,2.38,92.21,0.0,False,True,True,接近目標區，只給持有者分批停利參考，空手不追高,頸線以當日前20日高點計算；收盤站上頸線 90.4 至少2%；成交量>=20日均量2倍；不可長上影；回踩須有近10日突破紀錄且不有效跌破頸線；距離頸線>5%禁止進場,25,C,禁止追高,已漲遠或接近目標，空手不追；持有者依策略分批處理。,False,2026-10-01,True,True,STOP,STOP 停止進場,接近目標,取消新進場，只保留觀察,只看續抱 / 減碼 / 停利 / 停損，不新增部位。,停止新進場，先保留現金，等待大盤止跌。,停止新進場，禁止顯示今日可進場。,False,False
2026-10-01,2026-10-01,收盤確認價,臺灣證券交易所 / 證券櫃檯買賣中心正式收盤；yfinance 歷史資料,只使用完整收盤日K，不使用盤中未完成K,上市,1451,年興,17.0,17.0,16.8,17.02,17.06,17.12,17.29,17.35,-0.87,0.0,False,199338,77125,3388746,1316664,0.51,False,True,22.3,紅K突破,,False,True,False,False,1,False,C級：已漲遠或接近目標，禁止追高,量能放大,三角收斂突破,17.35,16.85,17.85,接近成形＋可觀察,17.7,17.35,17.7,18.23,16.83,4.9,低,-2.02,4.76,0.18,0.86,17.7,0.0,False,True,True,接近目標區，只給持有者分批停利參考，空手不追高,頸線以當日前20日高點計算；收盤站上頸線 17.35 至少2%；成交量>=20日均量2倍；不可長上影；回踩須有近10日突破紀錄且不有效跌破頸線；距離頸線>5%禁止進場,25,C,禁止追高,已漲遠或接近目標，空手不追；持有者依策略分批處理。,False,2026-10-01,True,True,STOP,STOP 停止進場,接近目標,取消新進場，只保留觀察,只看續抱 / 減碼 / 停利 / 停損，不新增部位。,停止新進場，先保留現金，等待大盤止跌。,停止新進場，禁止顯示今日可進場。,False,False
2026-10-01,2026-10-01,收盤確認價,臺灣證券交易所 / 證券櫃檯買賣中心正式收盤；yfinance 歷史資料,只使用完整收盤日K，不使用盤中未完成K,上櫃,5548,安倉,20.0,20.1,20.0,20.19,20.2,20.31,20.68,21.32,-8.49,-0.74,False,77825,19098,1556500,386127,0.49,False,True,66.4,一般K,,False,True,False,False,1,False,C級：已漲遠或接近目標，禁止追高,量能放大,三角收斂突破,20.6,20.0,21.2,接近成形＋可觀察,21.01,20.6,21.01,21.64,19.98,4.9,低,-2.91,10.0,0.18,0.89,21.01,0.0,False,False,True,距離頸線或前高過遠，禁止追高,頸線以當日前20日高點計算；收盤站上頸線 20.6 至少2%；成交量>=20日均量2倍；不可長上影；回踩須有近10日突破紀錄且不有效跌破頸線；距離頸線>5%禁止進場,25,C,禁止追高,已漲遠或接近目標，空手不追；持有者依策略分批處理。,False,2026-10-01,True,True,STOP,STOP 停止進場,接近目標,取消新進場，只保留觀察,只看續抱 / 減碼 / 停利 / 停損，不新增部位。,停止新進場，先保留現金，等待大盤止跌。,停止新進場，禁止顯示今日可進場。,False,False
2026-10-01,2026-10-01,收盤確認價,臺灣證券交易所 / 證券櫃檯買賣中心正式收盤；yfinance 歷史資料,只使用完整收盤日K，不使用盤中未完成K,上櫃,4933,友輝,54.2,54.8,54.1,53.68,52.87,52.8,55.11,60.55,-16.87,-0.37,False,51696,58300,2801923,3069629,1.08,False,True,21.27,一般K,,False,False,False,False,0,False,C級：已漲遠或接近目標，禁止追高,條件不足,接近成形,55.8,50.7,60.9,接近成形＋可觀察,56.92,55.8,56.92,58.62,54.13,4.9,低,-2.87,18.37,1.43,7.0,56.92,1.11,False,False,True,距離頸線或前高過遠，禁止追高,頸線以當日前20日高點計算；收盤站上頸線 55.8 至少2%；成交量>=20日均量2倍；不可長上影；回踩須有近10日突破紀錄且不有效跌破頸線；距離頸線>5%禁止進場,25,C,禁止追高,已漲遠或接近目標，空手不追；持有者依策略分批處理。,False,2026-10-01,True,True,STOP,STOP 停止進場,觀察,取消新進場，只保留觀察,只看續抱 / 減碼 / 停利 / 停損，不新增部位。,停止新進場，先保留現金，等待大盤止跌。,停止新進場，禁止顯示今日可進場。,False,False
2026-10-01,2026-10-01,收盤確認價,臺灣證券交易所 / 證券櫃檯買賣中心正式收盤；yfinance 歷史資料,只使用完整收盤日K，不使用盤中未完成K,上櫃,4609,唐鋒,4.49,4.49,4.15,4.28,4.23,4.23,4.67,5.34,-7.99,8.19,True,2000,9069,8980,38725,3.77,False,True,23.01,紅K突破,,False,False,False,False,0,False,C級：已漲遠或接近目標，禁止追高,條件不足,箱型突破,4.45,4.05,4.85,接近成形＋可觀察,4.54,4.45,4.54,4.68,4.32,4.9,低,0.9,15.44,1.4,6.85,4.54,0.0,False,False,True,距離頸線或前高過遠，禁止追高,頸線以當日前20日高點計算；收盤站上頸線 4.45 至少2%；成交量>=20日均量2倍；不可長上影；回踩須有近10日突破紀錄且不有效跌破頸線；距離頸線>5%禁止進場,25,C,禁止追高,已漲遠或接近目標，空手不追；持有者依策略分批處理。,False,2026-10-01,True,True,STOP,STOP 停止進場,接近目標,取消新進場，只保留觀察,只看續抱 / 減碼 / 停利 / 停損，不新增部位。,停止新進場，先保留現金，等待大盤止跌。,停止新進場，禁止顯示今日可進場。,False,False
2026-10-01,2026-10-01,收盤確認價,臺灣證券交易所 / 證券櫃檯買賣中心正式收盤；yfinance 歷史資料,只使用完整收盤日K，不使用盤中未完成K,上櫃,5489,彩富,42.35,43.95,42.2,42.77,42.5,41.67,43.85,42.3,-34.85,-0.47,False,36286,63429,1536712,2714538,3.0,False,True,38.96,一般K,,False,False,False,False,0,False,C級：已漲遠或接近目標，禁止追高,條件不足,接近成形,42.9,39.59,46.75,接近成形＋可觀察,43.76,42.9,43.76,45.07,41.61,4.9,低,-1.28,35.83,1.39,6.84,43.76,3.31,True,False,True,距離頸線或前高過遠，禁止追高,頸線以當日前20日高點計算；收盤站上頸線 42.9 至少2%；成交量>=20日均量2倍；不可長上影；回踩須有近10日突破紀錄且不有效跌破頸線；距離頸線>5%禁止進場,25,C,禁止追高,已漲遠或接近目標，空手不追；持有者依策略分批處理。,False,2026-10-01,True,True,STOP,STOP 停止進場,接近目標,取消新進場，只保留觀察,只看續抱 / 減碼 / 停利 / 停損，不新增部位。,停止新進場，先保留現金，等待大盤止跌。,停止新進場，禁止顯示今日可進場。,False,False
2026-10-01,2026-10-01,收盤確認價,臺灣證券交易所 / 證券櫃檯買賣中心正式收盤；yfinance 歷史資料,只使用完整收盤日K，不使用盤中未完成K,上櫃,6577,勁豐,80.5,80.9,79.6,79.9,79.63,79.54,80.06,75.27,0.75,0.63,False,50651,31708,4077405,2516222,0.74,False,True,28.09,紅K突破,,False,False,False,False,0,False,C級：已漲遠或接近目標，禁止追高,條件不足,箱型突破,81.2,77.5,88.4,接近成形＋可觀察,82.82,81.2,82.82,85.31,78.76,4.9,低,-0.86,16.84,1.37,6.73,82.82,0.5,False,False,True,距離頸線或前高過遠，禁止追高,頸線以當日前20日高點計算；收盤站上頸線 81.2 至少2%；成交量>=20日均量2倍；不可長上影；回踩須有近10日突破紀錄且不有效跌破頸線；距離頸線>5%禁止進場,25,C,禁止追高,已漲遠或接近目標，空手不追；持有者依策略分批處理。,False,2026-10-01,True,True,STOP,STOP 停止進場,接近目標,取消新進場，只保留觀察,只看續抱 / 減碼 / 停利 / 停損，不新增部位。,停止新進場，先保留現金，等待大盤止跌。,停止新進場，禁止顯示今日可進場。,False,False
2026-10-01,2026-10-01,收盤確認價,臺灣證券交易所 / 證券櫃檯買賣中心正式收盤；yfinance 歷史資料,只使用完整收盤日K，不使用盤中未完成K,上櫃,9949,琉園,24.3,24.3,24.25,24.17,24.09,24.08,24.24,25.42,-15.62,0.0,False,8733,27011,212211,650004,0.73,False,True,77.52,一般K,,False,False,False,False,0,False,C級：已漲遠或接近目標，禁止追高,條件不足,旗型整理突破,24.8,23.9,27.0,接近成形＋可觀察,25.3,24.8,25.3,26.05,24.06,4.9,低,-2.02,22.12,1.37,6.74,25.3,0.0,False,False,True,距離頸線或前高過遠，禁止追高,頸線以當日前20日高點計算；收盤站上頸線 24.8 至少2%；成交量>=20日均量2倍；不可長上影；回踩須有近10日突破紀錄且不有效跌破頸線；距離頸線>5%禁止進場,25,C,禁止追高,已漲遠或接近目標，空手不追；持有者依策略分批處理。,False,2026-10-01,True,True,STOP,STOP 停止進場,接近目標,取消新進場，只保留觀察,只看續抱 / 減碼 / 停利 / 停損，不新增部位。,停止新進場，先保留現金，等待大盤止跌。,停止新進場，禁止顯示今日可進場。,False,False
2026-10-01,2026-10-01,收盤確認價,臺灣證券交易所 / 證券櫃檯買賣中心正式收盤；yfinance 歷史資料,只使用完整收盤日K，不使用盤中未完成K,上櫃,4744,皇將,28.7,29.95,28.6,28.5,28.98,28.04,28.71,30.36,-1.88,-1.71,False,55751,86749,1600053,2505658,2.69,False,True,43.2,長黑,,False,False,False,False,0,False,C級：已漲遠或接近目標，禁止追高,條件不足,接近成形,28.9,26.64,31.4,接近成形＋可觀察,29.48,28.9,29.48,30.36,28.03,4.9,低,-0.69,16.08,1.33,6.52,29.48,0.0,True,False,True,距離頸線或前高過遠，禁止追高,頸線以當日前20日高點計算；收盤站上頸線 28.9 至少2%；成交量>=20日均量2倍；不可長上影；回踩須有近10日突破紀錄且不有效跌破頸線；距離頸線>5%禁止進場,25,C,禁止追高,已漲遠或接近目標，空手不追；持有者依策略分批處理。,False,2026-10-01,True,True,STOP,STOP 停止進場,接近目標,取消新進場，只保留觀察,只看續抱 / 減碼 / 停利 / 停損，不新增部位。,停止新進場，先保留現金，等待大盤止跌。,停止新進場，禁止顯示今日可進場。,False,False
2026-10-01,2026-10-01,收盤確認價,臺灣證券交易所 / 證券櫃檯買賣中心正式收盤；yfinance 歷史資料,只使用完整收盤日K，不使用盤中未完成K,上市,2208,台船,18.85,19.15,18.85,19.22,19.16,19.02,19.38,20.17,-6.91,-1.57,False,3315980,1997733,62506223,38102524,1.07,True,True,21.71,一般K,,False,False,False,False,0,False,C級：已漲遠或接近目標，禁止追高,條件不足,三角收斂突破,19.7,18.7,21.4,接近成形＋可觀察,20.09,19.7,20.09,20.7,19.11,4.9,低,-4.31,17.51,1.33,6.5,20.09,0.0,False,False,True,距離頸線或前高過遠，禁止追高,頸線以當日前20日高點計算；收盤站上頸線 19.7 至少2%；成交量>=20日均量2倍；不可長上影；回踩須有近10日突破紀錄且不有效跌破頸線；距離頸線>5%禁止進場,25,C,禁止追高,已漲遠或接近目標，空手不追；持有者依策略分批處理。,False,2026-10-01,True,True,STOP,STOP 停止進場,觀察,取消新進場，只保留觀察,只看續抱 / 減碼 / 停利 / 停損，不新增部位。,停止新進場，先保留現金，等待大盤止跌。,停止新進場，禁止顯示今日可進場。,False,False
2026-10-01,2026-10-01,收盤確認價,臺灣證券交易所 / 證券櫃檯買賣中心正式收盤；yfinance 歷史資料,只使用完整收盤日K，不使用盤中未完成K,上櫃,6210,慶生,17.9,18.5,17.9,17.75,17.54,17.56,18.09,19.64,-6.53,0.0,False,12216,10833,218666,190385,1.66,False,True,53.6,一般K,,False,False,False,False,0,False,C級：已漲遠或接近目標，禁止追高,條件不足,箱型突破,18.0,16.68,19.55,接近成形＋可觀察,18.36,18.0,18.36,18.91,17.46,4.9,低,-0.56,10.28,1.32,6.48,18.36,3.35,False,False,True,距離頸線或前高過遠，禁止追高,頸線以當日前20日高點計算；收盤站上頸線 18.0 至少2%；成交量>=20日均量2倍；不可長上影；回踩須有近10日突破紀錄且不有效跌破頸線；距離頸線>5%禁止進場,25,C,禁止追高,已漲遠或接近目標，空手不追；持有者依策略分批處理。,False,2026-10-01,True,True,STOP,STOP 停止進場,接近目標,取消新進場，只保留觀察,只看續抱 / 減碼 / 停利 / 停損，不新增部位。,停止新進場，先保留現金，等待大盤止跌。,停止新進場，禁止顯示今日可進場。,False,False
2026-10-01,2026-10-01,收盤確認價,臺灣證券交易所 / 證券櫃檯買賣中心正式收盤；yfinance 歷史資料,只使用完整收盤日K，不使用盤中未完成K,上市,1232,大統益,153.0,154.5,153.0,153.9,154.25,155.15,154.99,148.9,5.15,-0.33,False,107013,83904,16372989,13028686,0.56,False,True,39.92,一般K,,False,False,False,False,0,False,C級：已漲遠或接近目標，禁止追高,條件不足,接近成形,157.5,153.5,171.0,接近成形＋可觀察,160.65,157.5,160.65,165.47,152.78,4.9,低,-2.86,14.04,1.31,6.44,160.65,0.65,False,False,True,距離頸線或前高過遠，禁止追高,頸線以當日前20日高點計算；收盤站上頸線 157.5 至少2%；成交量>=20日均量2倍；不可長上影；回踩須有近10日突破紀錄且不有效跌破頸線；距離頸線>5%禁止進場,25,C,禁止追高,已漲遠或接近目標，空手不追；持有者依策略分批處理。,False,2026-10-01,True,True,STOP,STOP 停止進場,觀察,取消新進場，只保留觀察,只看續抱 / 減碼 / 停利 / 停損，不新增部位。,停止新進場，先保留現金，等待大盤止跌。,停止新進場，禁止顯示今日可進場。,False,False
2026-10-01,2026-10-01,收盤確認價,臺灣證券交易所 / 證券櫃檯買賣中心正式收盤；yfinance 歷史資料,只使用完整收盤日K，不使用盤中未完成K,上市,1540,喬福,19.5,19.5,19.2,19.42,19.47,19.47,20.1,22.01,-12.56,1.04,False,51011,102528,994714,1996117,0.77,False,True,24.63,紅K突破,,False,False,False,False,0,False,C級：已漲遠或接近目標，禁止追高,條件不足,接近成形,20.0,19.05,21.7,接近成形＋可觀察,20.4,20.0,20.4,21.01,19.4,4.9,低,-2.5,17.55,1.3,6.37,20.4,0.0,False,False,True,距離頸線或前高過遠，禁止追高,頸線以當日前20日高點計算；收盤站上頸線 20.0 至少2%；成交量>=20日均量2倍；不可長上影；回踩須有近10日突破紀錄且不有效跌破頸線；距離頸線>5%禁止進場,25,C,禁止追高,已漲遠或接近目標，空手不追；持有者依策略分批處理。,False,2026-10-01,True,True,STOP,STOP 停止進場,觀察,取消新進場，只保留觀察,只看續抱 / 減碼 / 停利 / 停損，不新增部位。,停止新進場，先保留現金，等待大盤止跌。,停止新進場，禁止顯示今日可進場。,False,False
2026-10-01,2026-10-01,收盤確認價,臺灣證券交易所 / 證券櫃檯買賣中心正式收盤；yfinance 歷史資料,只使用完整收盤日K，不使用盤中未完成K,上櫃,6023,元大期,84.8,85.5,83.8,85.96,86.61,85.76,86.08,83.97,-8.43,-0.24,False,1014757,873302,86051393,74334542,1.58,True,True,33.9,一般K,,False,False,False,False,0,False,C級：已漲遠或接近目標，禁止追高,條件不足,接近成形,88.7,82.6,96.2,接近成形＋可觀察,90.47,88.7,90.47,93.19,86.04,4.9,低,-4.4,10.53,1.29,6.33,90.47,0.0,False,False,True,距離頸線或前高過遠，禁止追高,頸線以當日前20日高點計算；收盤站上頸線 88.7 至少2%；成交量>=20日均量2倍；不可長上影；回踩須有近10日突破紀錄且不有效跌破頸線；距離頸線>5%禁止進場,25,C,禁止追高,已漲遠或接近目標，空手不追；持有者依策略分批處理。,False,2026-10-01,True,True,STOP,STOP 停止進場,觀察,取消新進場，只保留觀察,只看續抱 / 減碼 / 停利 / 停損，不新增部位。,停止新進場，先保留現金，等待大盤止跌。,停止新進場，禁止顯示今日可進場。,False,False
2026-10-01,2026-10-01,收盤確認價,臺灣證券交易所 / 證券櫃檯買賣中心正式收盤；yfinance 歷史資料,只使用完整收盤日K，不使用盤中未完成K,上櫃,8044,網家,24.2,24.55,23.95,24.09,23.96,23.8,25.4,27.45,-10.37,-0.41,False,286988,503291,6945109,11932083,1.59,False,True,34.63,一般K,,False,False,False,False,0,False,C級：已漲遠或接近目標，禁止追高,條件不足,接近成形,24.85,22.9,26.8,接近成形＋可觀察,25.35,24.85,25.35,26.11,24.1,4.9,低,-2.62,16.12,1.17,5.73,25.35,0.83,False,False,True,距離頸線或前高過遠，禁止追高,頸線以當日前20日高點計算；收盤站上頸線 24.85 至少2%；成交量>=20日均量2倍；不可長上影；回踩須有近10日突破紀錄且不有效跌破頸線；距離頸線>5%禁止進場,25,C,禁止追高,已漲遠或接近目標，空手不追；持有者依策略分批處理。,False,2026-10-01,True,True,STOP,STOP 停止進場,接近目標,取消新進場，只保留觀察,只看續抱 / 減碼 / 停利 / 停損，不新增部位。,停止新進場，先保留現金，等待大盤止跌。,停止新進場，禁止顯示今日可進場。,False,False
2026-10-01,2026-10-01,收盤確認價,臺灣證券交易所 / 證券櫃檯買賣中心正式收盤；yfinance 歷史資料,只使用完整收盤日K，不使用盤中未完成K,上櫃,6126,信音,30.8,31.0,30.8,30.78,30.8,29.92,30.58,32.79,-13.36,-0.32,False,189534,492739,5837647,14940030,2.02,False,True,33.49,一般K,,False,False,False,False,0,False,C級：已漲遠或接近目標，禁止追高,條件不足,箱型突破,30.5,28.45,32.85,接近成形＋可觀察,31.11,30.5,31.11,32.04,29.59,4.9,低,0.98,17.76,1.14,5.59,31.11,0.0,True,False,True,距離頸線或前高過遠，禁止追高,頸線以當日前20日高點計算；收盤站上頸線 30.5 至少2%；成交量>=20日均量2倍；不可長上影；回踩須有近10日突破紀錄且不有效跌破頸線；距離頸線>5%禁止進場,25,C,禁止追高,已漲遠或接近目標，空手不追；持有者依策略分批處理。,False,2026-10-01,True,True,STOP,STOP 停止進場,接近目標,取消新進場，只保留觀察,只看續抱 / 減碼 / 停利 / 停損，不新增部位。,停止新進場，先保留現金，等待大盤止跌。,停止新進場，禁止顯示今日可進場。,False,False
2026-10-01,2026-10-01,收盤確認價,臺灣證券交易所 / 證券櫃檯買賣中心正式收盤；yfinance 歷史資料,只使用完整收盤日K，不使用盤中未完成K,上櫃,3390,旭軟,22.35,22.7,22.35,22.2,22.02,21.92,22.8,23.76,-16.6,-1.11,False,116957,138556,2613988,3040924,1.23,False,True,29.19,一般K,,False,False,False,False,0,False,C級：已漲遠或接近目標，禁止追高,條件不足,箱型突破,22.8,21.2,24.55,接近成形＋可觀察,23.26,22.8,23.26,23.95,22.12,4.9,低,-1.97,19.02,1.14,5.56,23.26,0.0,False,False,True,距離頸線或前高過遠，禁止追高,頸線以當日前20日高點計算；收盤站上頸線 22.8 至少2%；成交量>=20日均量2倍；不可長上影；回踩須有近10日突破紀錄且不有效跌破頸線；距離頸線>5%禁止進場,25,C,禁止追高,已漲遠或接近目標，空手不追；持有者依策略分批處理。,False,2026-10-01,True,True,STOP,STOP 停止進場,接近目標,取消新進場，只保留觀察,只看續抱 / 減碼 / 停利 / 停損，不新增部位。,停止新進場，先保留現金，等待大盤止跌。,停止新進場，禁止顯示今日可進場。,False,False
2026-10-01,2026-10-01,收盤確認價,臺灣證券交易所 / 證券櫃檯買賣中心正式收盤；yfinance 歷史資料,只使用完整收盤日K，不使用盤中未完成K,上櫃,6732,昇佳電子,152.0,152.5,151.5,150.5,149.85,148.53,161.27,170.08,-23.43,0.33,False,56236,76983,8547872,11439258,1.06,False,True,28.84,紅K突破,,False,False,False,False,0,False,C級：已漲遠或接近目標，禁止追高,條件不足,箱型突破,154.5,143.0,166.0,接近成形＋可觀察,157.59,154.5,157.59,162.32,149.87,4.9,低,-1.62,29.95,1.09,5.34,157.59,0.33,False,False,True,距離頸線或前高過遠，禁止追高,頸線以當日前20日高點計算；收盤站上頸線 154.5 至少2%；成交量>=20日均量2倍；不可長上影；回踩須有近10日突破紀錄且不有效跌破頸線；距離頸線>5%禁止進場,25,C,禁止追高,已漲遠或接近目標，空手不追；持有者依策略分批處理。,False,2026-10-01,True,True,STOP,STOP 停止進場,接近目標,取消新進場，只保留觀察,只看續抱 / 減碼 / 停利 / 停損，不新增部位。,停止新進場，先保留現金，等待大盤止跌。,停止新進場，禁止顯示今日可進場。,False,False
2026-10-01,2026-10-01,收盤確認價,臺灣證券交易所 / 證券櫃檯買賣中心正式收盤；yfinance 歷史資料,只使用完整收盤日K，不使用盤中未完成K,上櫃,5014,建錩,10.3,10.3,10.05,10.13,9.99,9.98,10.43,10.57,-5.94,0.49,False,168838,169731,1739031,1702410,0.86,False,True,30.86,紅K突破,,False,False,False,False,0,False,C級：已漲遠或接近目標，禁止追高,條件不足,箱型突破,10.4,9.63,11.17,接近成形＋可觀察,10.61,10.4,10.61,10.93,10.09,4.9,低,-0.96,10.43,1.08,5.3,10.61,0.0,False,False,True,距離頸線或前高過遠，禁止追高,頸線以當日前20日高點計算；收盤站上頸線 10.4 至少2%；成交量>=20日均量2倍；不可長上影；回踩須有近10日突破紀錄且不有效跌破頸線；距離頸線>5%禁止進場,25,C,禁止追高,已漲遠或接近目標，空手不追；持有者依策略分批處理。,False,2026-10-01,True,True,STOP,STOP 停止進場,接近目標,取消新進場，只保留觀察,只看續抱 / 減碼 / 停利 / 停損，不新增部位。,停止新進場，先保留現金，等待大盤止跌。,停止新進場，禁止顯示今日可進場。,False,False
2026-10-01,2026-10-01,收盤確認價,臺灣證券交易所 / 證券櫃檯買賣中心正式收盤；yfinance 歷史資料,只使用完整收盤日K，不使用盤中未完成K,上櫃,6180,橘子,41.65,42.05,41.25,41.08,40.89,41.13,42.16,47.37,-10.24,0.6,False,354929,243709,14782792,10077951,1.31,False,True,13.37,紅K突破,,False,False,False,False,0,False,C級：已漲遠或接近目標，禁止追高,條件不足,接近成形,42.85,40.4,46.0,接近成形＋可觀察,43.71,42.85,43.71,45.02,41.56,4.9,低,-2.8,12.87,1.07,5.25,43.71,0.96,False,False,True,距離頸線或前高過遠，禁止追高,頸線以當日前20日高點計算；收盤站上頸線 42.85 至少2%；成交量>=20日均量2倍；不可長上影；回踩須有近10日突破紀錄且不有效跌破頸線；距離頸線>5%禁止進場,25,C,禁止追高,已漲遠或接近目標，空手不追；持有者依策略分批處理。,False,2026-10-01,True,True,STOP,STOP 停止進場,接近目標,取消新進場，只保留觀察,只看續抱 / 減碼 / 停利 / 停損，不新增部位。,停止新進場，先保留現金，等待大盤止跌。,停止新進場，禁止顯示今日可進場。,False,False
2026-10-01,2026-10-01,收盤確認價,臺灣證券交易所 / 證券櫃檯買賣中心正式收盤；yfinance 歷史資料,只使用完整收盤日K，不使用盤中未完成K,上櫃,3567,逸昌,26.15,26.45,25.8,25.88,25.57,25.47,26.2,26.89,-13.84,-0.19,False,46473,57124,1215268,1467411,0.62,False,True,12.93,一般K,,False,False,False,False,0,False,C級：已漲遠或接近目標，禁止追高,條件不足,箱型突破,26.4,24.8,28.3,接近成形＋可觀察,26.93,26.4,26.93,27.74,25.61,4.9,低,-0.95,14.68,1.04,5.1,26.93,0.0,False,False,True,距離頸線或前高過遠，禁止追高,頸線以當日前20日高點計算；收盤站上頸線 26.4 至少2%；成交量>=20日均量2倍；不可長上影；回踩須有近10日突破紀錄且不有效跌破頸線；距離頸線>5%禁止進場,25,C,禁止追高,已漲遠或接近目標，空手不追；持有者依策略分批處理。,False,2026-10-01,True,True,STOP,STOP 停止進場,接近目標,取消新進場，只保留觀察,只看續抱 / 減碼 / 停利 / 停損，不新增部位。,停止新進場，先保留現金，等待大盤止跌。,停止新進場，禁止顯示今日可進場。,False,False
2026-10-01,2026-10-01,收盤確認價,臺灣證券交易所 / 證券櫃檯買賣中心正式收盤；yfinance 歷史資料,只使用完整收盤日K，不使用盤中未完成K,上櫃,6846,綠茵,58.4,59.2,58.0,58.5,58.62,58.49,60.02,68.84,-7.59,-0.17,False,6000,5634,350400,329897,1.53,False,True,12.29,一般K,,False,False,False,False,0,False,C級：已漲遠或接近目標，禁止追高,條件不足,接近成形,59.9,55.6,64.2,接近成形＋可觀察,61.1,59.9,61.1,62.93,58.1,4.9,低,-2.5,12.84,1.04,5.08,61.1,0.0,False,False,True,距離頸線或前高過遠，禁止追高,頸線以當日前20日高點計算；收盤站上頸線 59.9 至少2%；成交量>=20日均量2倍；不可長上影；回踩須有近10日突破紀錄且不有效跌破頸線；距離頸線>5%禁止進場,25,C,禁止追高,已漲遠或接近目標，空手不追；持有者依策略分批處理。,False,2026-10-01,True,True,STOP,STOP 停止進場,接近目標,取消新進場，只保留觀察,只看續抱 / 減碼 / 停利 / 停損，不新增部位。,停止新進場，先保留現金，等待大盤止跌。,停止新進場，禁止顯示今日可進場。,False,False
2026-10-01,2026-10-01,收盤確認價,臺灣證券交易所 / 證券櫃檯買賣中心正式收盤；yfinance 歷史資料,只使用完整收盤日K，不使用盤中未完成K,上櫃,5488,松普,12.15,12.25,11.95,11.97,11.89,11.86,13.09,11.11,-17.63,0.41,False,156752,224613,1904536,2666388,1.65,False,True,26.79,紅K突破,,False,False,False,False,0,False,C級：已漲遠或接近目標，禁止追高,條件不足,箱型突破,12.3,11.45,13.15,接近成形＋可觀察,12.55,12.3,12.55,12.92,11.93,4.9,低,-1.22,37.05,0.98,4.81,12.55,0.82,False,False,True,距離頸線或前高過遠，禁止追高,頸線以當日前20日高點計算；收盤站上頸線 12.3 至少2%；成交量>=20日均量2倍；不可長上影；回踩須有近10日突破紀錄且不有效跌破頸線；距離頸線>5%禁止進場,25,C,禁止追高,已漲遠或接近目標，空手不追；持有者依策略分批處理。,False,2026-10-01,True,True,STOP,STOP 停止進場,接近目標,取消新進場，只保留觀察,只看續抱 / 減碼 / 停利 / 停損，不新增部位。,停止新進場，先保留現金，等待大盤止跌。,停止新進場，禁止顯示今日可進場。,False,False
2026-10-01,2026-10-01,收盤確認價,臺灣證券交易所 / 證券櫃檯買賣中心正式收盤；yfinance 歷史資料,只使用完整收盤日K，不使用盤中未完成K,上櫃,4123,晟德,31.3,31.3,30.9,31.2,31.02,30.68,33.5,36.22,-16.49,0.16,False,902289,1430544,28241645,43778202,1.15,False,True,38.51,紅K突破,,False,False,False,False,0,False,C級：已漲遠或接近目標，禁止追高,條件不足,箱型突破,31.5,29.35,33.65,接近成形＋可觀察,32.13,31.5,32.13,33.09,30.55,4.9,低,-0.63,18.05,0.97,4.73,32.13,0.0,False,False,True,距離頸線或前高過遠，禁止追高,頸線以當日前20日高點計算；收盤站上頸線 31.5 至少2%；成交量>=20日均量2倍；不可長上影；回踩須有近10日突破紀錄且不有效跌破頸線；距離頸線>5%禁止進場,25,C,禁止追高,已漲遠或接近目標，空手不追；持有者依策略分批處理。,False,2026-10-01,True,True,STOP,STOP 停止進場,接近目標,取消新進場，只保留觀察,只看續抱 / 減碼 / 停利 / 停損，不新增部位。,停止新進場，先保留現金，等待大盤止跌。,停止新進場，禁止顯示今日可進場。,False,False
2026-10-01,2026-10-01,收盤確認價,臺灣證券交易所 / 證券櫃檯買賣中心正式收盤；yfinance 歷史資料,只使用完整收盤日K，不使用盤中未完成K,上櫃,6470,宇智,42.7,42.7,42.45,42.82,42.96,42.71,43.72,46.0,-11.69,-0.0,False,13902,28638,593615,1225350,1.12,False,True,49.97,紅K突破,,False,False,False,False,0,False,C級：已漲遠或接近目標，禁止追高,條件不足,接近成形,43.9,41.15,46.85,接近成形＋可觀察,44.78,43.9,44.78,46.12,42.58,4.9,低,-2.73,12.23,0.94,4.63,44.78,0.0,False,False,True,距離頸線或前高過遠，禁止追高,頸線以當日前20日高點計算；收盤站上頸線 43.9 至少2%；成交量>=20日均量2倍；不可長上影；回踩須有近10日突破紀錄且不有效跌破頸線；距離頸線>5%禁止進場,25,C,禁止追高,已漲遠或接近目標，空手不追；持有者依策略分批處理。,False,2026-10-01,True,True,STOP,STOP 停止進場,接近目標,取消新進場，只保留觀察,只看續抱 / 減碼 / 停利 / 停損，不新增部位。,停止新進場，先保留現金，等待大盤止跌。,停止新進場，禁止顯示今日可進場。,False,False
2026-10-01,2026-10-01,收盤確認價,臺灣證券交易所 / 證券櫃檯買賣中心正式收盤；yfinance 歷史資料,只使用完整收盤日K，不使用盤中未完成K,上櫃,4168,醣聯,22.15,22.65,22.1,21.92,21.83,21.87,22.7,24.1,-13.65,-0.89,False,83384,92324,1846955,2022710,1.18,False,True,27.79,一般K,,False,False,False,False,0,False,C級：已漲遠或接近目標，禁止追高,條件不足,箱型突破,22.55,21.05,24.05,接近成形＋可觀察,23.0,22.55,23.0,23.69,21.87,4.9,低,-1.77,14.81,0.93,4.56,23.0,0.0,False,False,True,距離頸線或前高過遠，禁止追高,頸線以當日前20日高點計算；收盤站上頸線 22.55 至少2%；成交量>=20日均量2倍；不可長上影；回踩須有近10日突破紀錄且不有效跌破頸線；距離頸線>5%禁止進場,25,C,禁止追高,已漲遠或接近目標，空手不追；持有者依策略分批處理。,False,2026-10-01,True,True,STOP,STOP 停止進場,接近目標,取消新進場，只保留觀察,只看續抱 / 減碼 / 停利 / 停損，不新增部位。,停止新進場，先保留現金，等待大盤止跌。,停止新進場，禁止顯示今日可進場。,False,False
2026-10-01,2026-10-01,收盤確認價,臺灣證券交易所 / 證券櫃檯買賣中心正式收盤；yfinance 歷史資料,只使用完整收盤日K，不使用盤中未完成K,上市,2012,春雨,14.35,14.4,14.2,14.25,14.18,14.26,14.99,15.54,-10.87,-0.35,False,29406,53042,421976,757066,0.87,False,True,36.54,一般K,,False,False,False,False,0,False,C級：已漲遠或接近目標，禁止追高,條件不足,接近成形,14.75,13.8,15.7,接近成形＋可觀察,15.04,14.75,15.04,15.5,14.31,4.9,低,-2.71,13.03,0.89,4.35,15.04,0.0,False,False,True,距離頸線或前高過遠，禁止追高,頸線以當日前20日高點計算；收盤站上頸線 14.75 至少2%；成交量>=20日均量2倍；不可長上影；回踩須有近10日突破紀錄且不有效跌破頸線；距離頸線>5%禁止進場,25,C,禁止追高,已漲遠或接近目標，空手不追；持有者依策略分批處理。,False,2026-10-01,True,True,STOP,STOP 停止進場,接近目標,取消新進場，只保留觀察,只看續抱 / 減碼 / 停利 / 停損，不新增部位。,停止新進場，先保留現金，等待大盤止跌。,停止新進場，禁止顯示今日可進場。,False,False
2026-10-01,2026-10-01,收盤確認價,臺灣證券交易所 / 證券櫃檯買賣中心正式收盤；yfinance 歷史資料,只使用完整收盤日K，不使用盤中未完成K,上市,2390,云辰,10.15,10.3,10.1,10.18,10.17,10.12,10.61,10.4,-20.08,-1.46,False,247599,371322,2513129,3753039,1.13,False,True,17.37,一般K,,False,False,False,False,0,False,C級：已漲遠或接近目標，禁止追高,條件不足,接近成形,10.45,9.81,11.09,接近成形＋可觀察,10.66,10.45,10.66,10.98,10.14,4.9,低,-2.87,22.81,0.82,4.04,10.66,0.0,False,False,True,距離頸線或前高過遠，禁止追高,頸線以當日前20日高點計算；收盤站上頸線 10.45 至少2%；成交量>=20日均量2倍；不可長上影；回踩須有近10日突破紀錄且不有效跌破頸線；距離頸線>5%禁止進場,25,C,禁止追高,已漲遠或接近目標，空手不追；持有者依策略分批處理。,False,2026-10-01,True,True,STOP,STOP 停止進場,接近目標,取消新進場，只保留觀察,只看續抱 / 減碼 / 停利 / 停損，不新增部位。,停止新進場，先保留現金，等待大盤止跌。,停止新進場，禁止顯示今日可進場。,False,False
2026-10-01,2026-10-01,收盤確認價,臺灣證券交易所 / 證券櫃檯買賣中心正式收盤；yfinance 歷史資料,只使用完整收盤日K，不使用盤中未完成K,上市,1587,吉茂,23.85,24.6,23.85,23.82,23.78,23.79,24.43,35.44,-13.59,-2.45,False,99688,110681,2377558,2638003,1.12,False,True,20.17,一般K,,False,False,False,False,0,False,C級：已漲遠或接近目標，禁止追高,條件不足,接近成形,24.45,23.15,25.9,接近成形＋可觀察,24.94,24.45,24.94,25.69,23.72,4.9,低,-2.45,15.58,0.79,3.85,24.94,0.0,False,False,True,距離頸線或前高過遠，禁止追高,頸線以當日前20日高點計算；收盤站上頸線 24.45 至少2%；成交量>=20日均量2倍；不可長上影；回踩須有近10日突破紀錄且不有效跌破頸線；距離頸線>5%禁止進場,25,C,禁止追高,已漲遠或接近目標，空手不追；持有者依策略分批處理。,False,2026-10-01,True,True,STOP,STOP 停止進場,接近目標,取消新進場，只保留觀察,只看續抱 / 減碼 / 停利 / 停損，不新增部位。,停止新進場，先保留現金，等待大盤止跌。,停止新進場，禁止顯示今日可進場。,False,False
2026-10-01,2026-10-01,收盤確認價,臺灣證券交易所 / 證券櫃檯買賣中心正式收盤；yfinance 歷史資料,只使用完整收盤日K，不使用盤中未完成K,上市,1626,艾美特-KY,9.72,9.8,9.7,9.65,9.69,9.68,9.81,10.74,-10.83,1.25,False,13550,51696,131706,500238,1.09,False,True,19.91,一般K,,False,False,False,False,0,False,C級：已漲遠或接近目標，禁止追高,條件不足,接近成形,9.99,9.41,10.57,接近成形＋可觀察,10.19,9.99,10.19,10.5,9.69,4.9,低,-2.7,12.83,0.76,3.73,10.19,0.0,False,False,True,距離頸線或前高過遠，禁止追高,頸線以當日前20日高點計算；收盤站上頸線 9.99 至少2%；成交量>=20日均量2倍；不可長上影；回踩須有近10日突破紀錄且不有效跌破頸線；距離頸線>5%禁止進場,25,C,禁止追高,已漲遠或接近目標，空手不追；持有者依策略分批處理。,False,2026-10-01,True,True,STOP,STOP 停止進場,接近目標,取消新進場，只保留觀察,只看續抱 / 減碼 / 停利 / 停損，不新增部位。,停止新進場，先保留現金，等待大盤止跌。,停止新進場，禁止顯示今日可進場。,False,False
2026-10-01,2026-10-01,收盤確認價,臺灣證券交易所 / 證券櫃檯買賣中心正式收盤；yfinance 歷史資料,只使用完整收盤日K，不使用盤中未完成K,上櫃,3465,進泰電子,30.0,30.0,29.85,29.72,29.44,29.29,30.03,37.89,-11.1,1.01,False,26141,19707,784230,578751,0.74,False,True,13.49,紅K突破,,False,False,False,False,0,False,C級：已漲遠或接近目標，禁止追高,條件不足,箱型突破,29.95,28.25,31.65,接近成形＋可觀察,30.55,29.95,30.55,31.47,29.05,4.9,低,0.17,12.5,0.74,3.6,30.55,0.0,False,False,True,距離頸線或前高過遠，禁止追高,頸線以當日前20日高點計算；收盤站上頸線 29.95 至少2%；成交量>=20日均量2倍；不可長上影；回踩須有近10日突破紀錄且不有效跌破頸線；距離頸線>5%禁止進場,25,C,禁止追高,已漲遠或接近目標，空手不追；持有者依策略分批處理。,False,2026-10-01,True,True,STOP,STOP 停止進場,接近目標,取消新進場，只保留觀察,只看續抱 / 減碼 / 停利 / 停損，不新增部位。,停止新進場，先保留現金，等待大盤止跌。,停止新進場，禁止顯示今日可進場。,False,False
2026-10-01,2026-10-01,收盤確認價,臺灣證券交易所 / 證券櫃檯買賣中心正式收盤；yfinance 歷史資料,只使用完整收盤日K，不使用盤中未完成K,上市,1477,聚陽,190.5,192.0,189.5,191.2,191.7,193.72,206.78,253.35,-14.96,-0.78,False,912315,1156808,173796007,224101679,0.94,True,True,30.47,一般K,,False,False,False,False,0,False,C級：已漲遠或接近目標，禁止追高,條件不足,接近成形,199.5,188.5,210.5,接近成形＋可觀察,203.49,199.5,203.49,209.59,193.51,4.9,低,-4.51,18.59,0.7,3.44,203.49,0.0,False,False,True,距離頸線或前高過遠，禁止追高,頸線以當日前20日高點計算；收盤站上頸線 199.5 至少2%；成交量>=20日均量2倍；不可長上影；回踩須有近10日突破紀錄且不有效跌破頸線；距離頸線>5%禁止進場,25,C,禁止追高,已漲遠或接近目標，空手不追；持有者依策略分批處理。,False,2026-10-01,True,True,STOP,STOP 停止進場,接近目標,取消新進場，只保留觀察,只看續抱 / 減碼 / 停利 / 停損，不新增部位。,停止新進場，先保留現金，等待大盤止跌。,停止新進場，禁止顯示今日可進場。,False,False
2026-10-01,2026-10-01,收盤確認價,臺灣證券交易所 / 證券櫃檯買賣中心正式收盤；yfinance 歷史資料,只使用完整收盤日K，不使用盤中未完成K,上櫃,3325,旭品,11.7,11.9,11.6,11.82,11.71,11.45,11.79,14.18,-9.65,-1.68,False,70295,113932,822451,1333218,2.63,False,True,25.95,一般K,,False,False,False,False,0,False,C級：已漲遠或接近目標，禁止追高,條件不足,接近成形,11.55,11.0,12.15,接近成形＋可觀察,11.78,11.55,11.78,12.13,11.2,4.9,低,1.3,13.97,0.64,3.13,11.78,1.71,True,True,True,接近目標區，只給持有者分批停利參考，空手不追高,頸線以當日前20日高點計算；收盤站上頸線 11.55 至少2%；成交量>=20日均量2倍；不可長上影；回踩須有近10日突破紀錄且不有效跌破頸線；距離頸線>5%禁止進場,25,C,禁止追高,已漲遠或接近目標，空手不追；持有者依策略分批處理。,False,2026-10-01,True,True,STOP,STOP 停止進場,接近目標,取消新進場，只保留觀察,只看續抱 / 減碼 / 停利 / 停損，不新增部位。,停止新進場，先保留現金，等待大盤止跌。,停止新進場，禁止顯示今日可進場。,False,False
2026-10-01,2026-10-01,收盤確認價,臺灣證券交易所 / 證券櫃檯買賣中心正式收盤；yfinance 歷史資料,只使用完整收盤日K，不使用盤中未完成K,上櫃,6492,生華科,34.6,34.95,34.1,34.34,34.19,34.02,37.57,44.67,-22.94,0.73,False,145359,185623,5029421,6318875,1.05,False,True,27.32,一般K,,False,False,False,False,0,False,C級：已漲遠或接近目標，禁止追高,條件不足,箱型突破,34.95,33.15,36.75,接近成形＋可觀察,35.65,34.95,35.65,36.72,33.9,4.9,低,-1.0,23.45,0.63,3.09,35.65,1.01,False,False,True,距離頸線或前高過遠，禁止追高,頸線以當日前20日高點計算；收盤站上頸線 34.95 至少2%；成交量>=20日均量2倍；不可長上影；回踩須有近10日突破紀錄且不有效跌破頸線；距離頸線>5%禁止進場,25,C,禁止追高,已漲遠或接近目標，空手不追；持有者依策略分批處理。,False,2026-10-01,True,True,STOP,STOP 停止進場,接近目標,取消新進場，只保留觀察,只看續抱 / 減碼 / 停利 / 停損，不新增部位。,停止新進場，先保留現金，等待大盤止跌。,停止新進場，禁止顯示今日可進場。,False,False
2026-10-01,2026-10-01,收盤確認價,臺灣證券交易所 / 證券櫃檯買賣中心正式收盤；yfinance 歷史資料,只使用完整收盤日K，不使用盤中未完成K,上市,1307,三芳,31.45,31.55,31.3,31.03,30.82,30.66,31.16,32.32,-1.72,-0.16,False,531905,421196,16728412,12935967,0.71,False,True,18.5,一般K,,False,False,False,False,0,False,C級：已漲遠或接近目標，禁止追高,條件不足,箱型突破,31.55,30.05,33.1,接近成形＋可觀察,32.18,31.55,32.18,33.15,30.6,4.9,低,-0.32,5.56,0.58,2.86,32.18,0.16,False,True,True,接近目標區，只給持有者分批停利參考，空手不追高,頸線以當日前20日高點計算；收盤站上頸線 31.55 至少2%；成交量>=20日均量2倍；不可長上影；回踩須有近10日突破紀錄且不有效跌破頸線；距離頸線>5%禁止進場,25,C,禁止追高,已漲遠或接近目標，空手不追；持有者依策略分批處理。,False,2026-10-01,True,True,STOP,STOP 停止進場,接近目標,取消新進場，只保留觀察,只看續抱 / 減碼 / 停利 / 停損，不新增部位。,停止新進場，先保留現金，等待大盤止跌。,停止新進場，禁止顯示今日可進場。,False,False
2026-10-01,2026-10-01,收盤確認價,臺灣證券交易所 / 證券櫃檯買賣中心正式收盤；yfinance 歷史資料,只使用完整收盤日K，不使用盤中未完成K,上市,1417,嘉裕,8.13,8.15,8.05,8.1,8.06,8.12,8.32,8.6,-8.03,-0.12,False,168685,158882,1371409,1287538,0.55,False,True,59.41,紅K突破,,False,False,False,False,0,False,C級：已漲遠或接近目標，禁止追高,條件不足,接近成形,8.34,7.94,8.74,接近成形＋可觀察,8.51,8.34,8.51,8.76,8.09,4.9,低,-2.52,10.46,0.56,2.74,8.51,0.25,False,False,True,距離頸線或前高過遠，禁止追高,頸線以當日前20日高點計算；收盤站上頸線 8.34 至少2%；成交量>=20日均量2倍；不可長上影；回踩須有近10日突破紀錄且不有效跌破頸線；距離頸線>5%禁止進場,25,C,禁止追高,已漲遠或接近目標，空手不追；持有者依策略分批處理。,False,2026-10-01,True,True,STOP,STOP 停止進場,接近目標,取消新進場，只保留觀察,只看續抱 / 減碼 / 停利 / 停損，不新增部位。,停止新進場，先保留現金，等待大盤止跌。,停止新進場，禁止顯示今日可進場。,False,False
2026-10-01,2026-10-01,收盤確認價,臺灣證券交易所 / 證券櫃檯買賣中心正式收盤；yfinance 歷史資料,只使用完整收盤日K，不使用盤中未完成K,上櫃,3205,佰研,46.7,46.9,46.5,46.77,46.7,46.74,48.24,51.16,-10.36,-0.21,False,18714,26075,873943,1217065,0.82,False,True,30.43,一般K,,False,False,False,False,0,False,C級：已漲遠或接近目標，禁止追高,條件不足,接近成形,48.0,45.8,50.2,接近成形＋可觀察,48.96,48.0,48.96,50.43,46.56,4.9,低,-2.71,11.55,0.52,2.53,48.96,0.21,False,False,True,距離頸線或前高過遠，禁止追高,頸線以當日前20日高點計算；收盤站上頸線 48.0 至少2%；成交量>=20日均量2倍；不可長上影；回踩須有近10日突破紀錄且不有效跌破頸線；距離頸線>5%禁止進場,25,C,禁止追高,已漲遠或接近目標，空手不追；持有者依策略分批處理。,False,2026-10-01,True,True,STOP,STOP 停止進場,接近目標,取消新進場，只保留觀察,只看續抱 / 減碼 / 停利 / 停損，不新增部位。,停止新進場，先保留現金，等待大盤止跌。,停止新進場，禁止顯示今日可進場。,False,False
2026-10-01,2026-10-01,收盤確認價,臺灣證券交易所 / 證券櫃檯買賣中心正式收盤；yfinance 歷史資料,只使用完整收盤日K，不使用盤中未完成K,上市,1535,中宇,45.85,45.9,45.3,45.71,45.56,45.4,46.38,50.68,-7.84,0.11,False,15847,37716,726584,1710113,0.78,False,True,20.89,紅K突破,,False,False,False,False,0,False,C級：已漲遠或接近目標，禁止追高,條件不足,箱型突破,46.2,44.1,48.3,接近成形＋可觀察,47.12,46.2,47.12,48.54,44.81,4.9,低,-0.76,10.62,0.51,2.5,47.12,0.11,False,False,True,距離頸線或前高過遠，禁止追高,頸線以當日前20日高點計算；收盤站上頸線 46.2 至少2%；成交量>=20日均量2倍；不可長上影；回踩須有近10日突破紀錄且不有效跌破頸線；距離頸線>5%禁止進場,25,C,禁止追高,已漲遠或接近目標，空手不追；持有者依策略分批處理。,False,2026-10-01,True,True,STOP,STOP 停止進場,接近目標,取消新進場，只保留觀察,只看續抱 / 減碼 / 停利 / 停損，不新增部位。,停止新進場，先保留現金，等待大盤止跌。,停止新進場，禁止顯示今日可進場。,False,False
2026-10-01,2026-10-01,收盤確認價,臺灣證券交易所 / 證券櫃檯買賣中心正式收盤；yfinance 歷史資料,只使用完整收盤日K，不使用盤中未完成K,上櫃,6730,常廣,32.2,32.4,31.8,32.12,32.06,32.14,33.73,37.62,-12.97,0.63,False,7050,7971,227010,256726,0.69,False,True,48.97,一般K,,False,False,False,False,0,False,C級：已漲遠或接近目標，禁止追高,條件不足,接近成形,33.0,31.5,34.5,接近成形＋可觀察,33.66,33.0,33.66,34.67,32.01,4.9,低,-2.42,15.71,0.51,2.5,33.66,0.0,False,False,True,距離頸線或前高過遠，禁止追高,頸線以當日前20日高點計算；收盤站上頸線 33.0 至少2%；成交量>=20日均量2倍；不可長上影；回踩須有近10日突破紀錄且不有效跌破頸線；距離頸線>5%禁止進場,25,C,禁止追高,已漲遠或接近目標，空手不追；持有者依策略分批處理。,False,2026-10-01,True,True,STOP,STOP 停止進場,接近目標,取消新進場，只保留觀察,只看續抱 / 減碼 / 停利 / 停損，不新增部位。,停止新進場，先保留現金，等待大盤止跌。,停止新進場，禁止顯示今日可進場。,False,False
2026-10-01,2026-10-01,收盤確認價,臺灣證券交易所 / 證券櫃檯買賣中心正式收盤；yfinance 歷史資料,只使用完整收盤日K，不使用盤中未完成K,上市,1702,南僑,33.45,34.0,32.85,33.09,32.99,32.74,33.01,35.51,0.9,1.21,False,227316,143665,7603720,4715251,0.62,False,True,35.18,一般K,,False,False,False,False,0,False,C級：已漲遠或接近目標，禁止追高,條件不足,箱型突破,33.45,32.1,34.9,接近成形＋可觀察,34.12,33.45,34.12,35.14,32.45,4.9,低,-0.0,3.04,0.47,2.29,34.12,1.64,False,True,True,接近目標區，只給持有者分批停利參考，空手不追高,頸線以當日前20日高點計算；收盤站上頸線 33.45 至少2%；成交量>=20日均量2倍；不可長上影；回踩須有近10日突破紀錄且不有效跌破頸線；距離頸線>5%禁止進場,25,C,禁止追高,已漲遠或接近目標，空手不追；持有者依策略分批處理。,False,2026-10-01,True,True,STOP,STOP 停止進場,接近目標,取消新進場，只保留觀察,只看續抱 / 減碼 / 停利 / 停損，不新增部位。,停止新進場，先保留現金，等待大盤止跌。,停止新進場，禁止顯示今日可進場。,False,False
2026-10-01,2026-10-01,收盤確認價,臺灣證券交易所 / 證券櫃檯買賣中心正式收盤；yfinance 歷史資料,只使用完整收盤日K，不使用盤中未完成K,上櫃,2916,滿心,40.5,40.55,40.4,40.51,40.51,40.34,40.22,45.16,0.12,-0.12,False,12148,24907,491994,1003804,0.53,False,True,45.31,一般K,,False,False,False,False,0,False,C級：已漲遠或接近目標，禁止追高,條件不足,箱型突破,40.75,39.9,42.5,接近成形＋可觀察,41.56,40.75,41.56,42.81,39.53,4.9,低,-0.61,2.17,0.46,2.25,41.56,0.12,False,True,True,接近目標區，只給持有者分批停利參考，空手不追高,頸線以當日前20日高點計算；收盤站上頸線 40.75 至少2%；成交量>=20日均量2倍；不可長上影；回踩須有近10日突破紀錄且不有效跌破頸線；距離頸線>5%禁止進場,25,C,禁止追高,已漲遠或接近目標，空手不追；持有者依策略分批處理。,False,2026-10-01,True,True,STOP,STOP 停止進場,接近目標,取消新進場，只保留觀察,只看續抱 / 減碼 / 停利 / 停損，不新增部位。,停止新進場，先保留現金，等待大盤止跌。,停止新進場，禁止顯示今日可進場。,False,False
2026-10-01,2026-10-01,收盤確認價,臺灣證券交易所 / 證券櫃檯買賣中心正式收盤；yfinance 歷史資料,只使用完整收盤日K，不使用盤中未完成K,上櫃,8435,鉅邁,53.3,53.4,53.1,53.08,53.04,53.19,53.12,54.28,1.33,-0.19,False,10367,17725,552561,942069,0.48,False,True,23.86,紅K突破,,False,False,False,False,0,False,C級：已漲遠或接近目標，禁止追高,條件不足,箱型突破,53.8,52.7,56.1,接近成形＋可觀察,54.88,53.8,54.88,56.52,52.19,4.9,低,-0.93,2.56,0.46,2.23,54.88,0.19,False,True,True,接近目標區，只給持有者分批停利參考，空手不追高,頸線以當日前20日高點計算；收盤站上頸線 53.8 至少2%；成交量>=20日均量2倍；不可長上影；回踩須有近10日突破紀錄且不有效跌破頸線；距離頸線>5%禁止進場,25,C,禁止追高,已漲遠或接近目標，空手不追；持有者依策略分批處理。,False,2026-10-01,True,True,STOP,STOP 停止進場,接近目標,取消新進場，只保留觀察,只看續抱 / 減碼 / 停利 / 停損，不新增部位。,停止新進場，先保留現金，等待大盤止跌。,停止新進場，禁止顯示今日可進場。,False,False
2026-10-01,2026-10-01,收盤確認價,臺灣證券交易所 / 證券櫃檯買賣中心正式收盤；yfinance 歷史資料,只使用完整收盤日K，不使用盤中未完成K,上櫃,6569,醫揚,91.3,91.6,91.2,91.96,91.59,91.17,95.22,103.85,-13.46,-0.98,False,9470,26114,864611,2378260,0.83,False,True,20.64,紅K突破,,False,False,False,False,0,False,C級：已漲遠或接近目標，禁止追高,條件不足,箱型突破,93.0,89.0,97.0,接近成形＋可觀察,94.86,93.0,94.86,97.71,90.21,4.9,低,-1.83,18.48,0.46,2.26,94.86,0.33,False,False,True,距離頸線或前高過遠，禁止追高,頸線以當日前20日高點計算；收盤站上頸線 93.0 至少2%；成交量>=20日均量2倍；不可長上影；回踩須有近10日突破紀錄且不有效跌破頸線；距離頸線>5%禁止進場,25,C,禁止追高,已漲遠或接近目標，空手不追；持有者依策略分批處理。,False,2026-10-01,True,True,STOP,STOP 停止進場,接近目標,取消新進場，只保留觀察,只看續抱 / 減碼 / 停利 / 停損，不新增部位。,停止新進場，先保留現金，等待大盤止跌。,停止新進場，禁止顯示今日可進場。,False,False
2026-10-01,2026-10-01,收盤確認價,臺灣證券交易所 / 證券櫃檯買賣中心正式收盤；yfinance 歷史資料,只使用完整收盤日K，不使用盤中未完成K,上市,1903,士紙,47.65,47.8,47.25,47.41,47.16,47.36,47.84,51.21,-3.15,-0.31,False,24918,64378,1187342,3042251,0.9,False,True,49.44,一般K,,False,False,False,False,0,False,C級：已漲遠或接近目標，禁止追高,條件不足,箱型突破,48.05,46.15,50.1,接近成形＋可觀察,49.01,48.05,49.01,50.48,46.61,4.9,低,-0.83,4.89,0.45,2.22,49.01,0.21,False,True,True,接近目標區，只給持有者分批停利參考，空手不追高,頸線以當日前20日高點計算；收盤站上頸線 48.05 至少2%；成交量>=20日均量2倍；不可長上影；回踩須有近10日突破紀錄且不有效跌破頸線；距離頸線>5%禁止進場,25,C,禁止追高,已漲遠或接近目標，空手不追；持有者依策略分批處理。,False,2026-10-01,True,True,STOP,STOP 停止進場,接近目標,取消新進場，只保留觀察,只看續抱 / 減碼 / 停利 / 停損，不新增部位。,停止新進場，先保留現金，等待大盤止跌。,停止新進場，禁止顯示今日可進場。,False,False
2026-10-01,2026-10-01,收盤確認價,臺灣證券交易所 / 證券櫃檯買賣中心正式收盤；yfinance 歷史資料,只使用完整收盤日K，不使用盤中未完成K,上櫃,4121,優盛,12.75,12.75,12.7,12.73,12.71,12.75,13.0,14.94,-5.2,0.0,False,16290,32052,207697,408934,0.74,False,True,54.22,一般K,,False,False,False,False,0,False,C級：已漲遠或接近目標，禁止追高,條件不足,接近成形,13.1,12.55,13.65,接近成形＋可觀察,13.36,13.1,13.36,13.76,12.71,4.9,低,-2.67,12.07,0.44,2.16,13.36,0.0,False,False,True,距離頸線或前高過遠，禁止追高,頸線以當日前20日高點計算；收盤站上頸線 13.1 至少2%；成交量>=20日均量2倍；不可長上影；回踩須有近10日突破紀錄且不有效跌破頸線；距離頸線>5%禁止進場,25,C,禁止追高,已漲遠或接近目標，空手不追；持有者依策略分批處理。,False,2026-10-01,True,True,STOP,STOP 停止進場,接近目標,取消新進場，只保留觀察,只看續抱 / 減碼 / 停利 / 停損，不新增部位。,停止新進場，先保留現金，等待大盤止跌。,停止新進場，禁止顯示今日可進場。,False,False
2026-10-01,2026-10-01,收盤確認價,臺灣證券交易所 / 證券櫃檯買賣中心正式收盤；yfinance 歷史資料,只使用完整收盤日K，不使用盤中未完成K,上櫃,7716,昱臺國際,23.95,24.05,23.5,23.93,23.77,23.69,24.13,25.52,-4.2,0.21,False,6000,5900,143700,139459,0.84,False,True,23.26,下影線,,False,False,False,False,0,False,C級：已漲遠或接近目標，禁止追高,條件不足,箱型突破,24.0,23.0,25.0,接近成形＋可觀察,24.48,24.0,24.48,25.21,23.28,4.9,低,-0.21,4.2,0.43,2.12,24.48,0.0,False,True,True,接近目標區，只給持有者分批停利參考，空手不追高,頸線以當日前20日高點計算；收盤站上頸線 24.0 至少2%；成交量>=20日均量2倍；不可長上影；回踩須有近10日突破紀錄且不有效跌破頸線；距離頸線>5%禁止進場,25,C,禁止追高,已漲遠或接近目標，空手不追；持有者依策略分批處理。,False,2026-10-01,True,True,STOP,STOP 停止進場,接近目標,取消新進場，只保留觀察,只看續抱 / 減碼 / 停利 / 停損，不新增部位。,停止新進場，先保留現金，等待大盤止跌。,停止新進場，禁止顯示今日可進場。,False,False
2026-10-01,2026-10-01,收盤確認價,臺灣證券交易所 / 證券櫃檯買賣中心正式收盤；yfinance 歷史資料,只使用完整收盤日K，不使用盤中未完成K,上櫃,3492,長盛,19.15,19.15,19.0,19.14,19.08,19.11,20.78,23.3,-15.64,0.0,False,36050,30203,690357,575543,0.61,False,True,15.08,一般K,,False,False,False,False,0,False,C級：已漲遠或接近目標，禁止追高,條件不足,箱型突破,19.45,18.65,20.25,接近成形＋可觀察,19.84,19.45,19.84,20.43,18.87,4.9,低,-1.54,19.03,0.42,2.07,19.84,0.0,False,False,True,距離頸線或前高過遠，禁止追高,頸線以當日前20日高點計算；收盤站上頸線 19.45 至少2%；成交量>=20日均量2倍；不可長上影；回踩須有近10日突破紀錄且不有效跌破頸線；距離頸線>5%禁止進場,25,C,禁止追高,已漲遠或接近目標，空手不追；持有者依策略分批處理。,False,2026-10-01,True,True,STOP,STOP 停止進場,接近目標,取消新進場，只保留觀察,只看續抱 / 減碼 / 停利 / 停損，不新增部位。,停止新進場，先保留現金，等待大盤止跌。,停止新進場，禁止顯示今日可進場。,False,False
2026-10-01,2026-10-01,收盤確認價,臺灣證券交易所 / 證券櫃檯買賣中心正式收盤；yfinance 歷史資料,只使用完整收盤日K，不使用盤中未完成K,上櫃,8279,生展,80.8,81.6,77.6,78.76,78.81,78.84,84.13,106.71,-8.18,3.59,False,45559,30237,3681167,2392134,1.04,False,True,47.12,紅K突破,,False,False,False,False,0,False,C級：已漲遠或接近目標，禁止追高,條件不足,箱型突破,80.8,77.6,84.0,接近成形＋可觀察,82.42,80.8,82.42,84.89,78.38,4.9,低,-0.0,11.5,0.39,1.92,82.42,0.99,False,True,True,接近目標區，只給持有者分批停利參考，空手不追高,頸線以當日前20日高點計算；收盤站上頸線 80.8 至少2%；成交量>=20日均量2倍；不可長上影；回踩須有近10日突破紀錄且不有效跌破頸線；距離頸線>5%禁止進場,25,C,禁止追高,已漲遠或接近目標，空手不追；持有者依策略分批處理。,False,2026-10-01,True,True,STOP,STOP 停止進場,接近目標,取消新進場，只保留觀察,只看續抱 / 減碼 / 停利 / 停損，不新增部位。,停止新進場，先保留現金，等待大盤止跌。,停止新進場，禁止顯示今日可進場。,False,False
2026-10-01,2026-10-01,收盤確認價,臺灣證券交易所 / 證券櫃檯買賣中心正式收盤；yfinance 歷史資料,只使用完整收盤日K，不使用盤中未完成K,上櫃,4126,太醫,78.0,78.2,78.0,77.94,77.82,77.78,77.6,81.6,-4.06,-0.13,False,25288,23782,1972464,1849865,0.3,False,True,16.55,一般K,,False,False,False,False,0,False,C級：已漲遠或接近目標，禁止追高,條件不足,箱型突破,78.3,76.8,81.4,接近成形＋可觀察,79.87,78.3,79.87,82.26,75.95,4.9,低,-0.38,5.91,0.39,1.92,79.87,0.0,False,True,True,接近目標區，只給持有者分批停利參考，空手不追高,頸線以當日前20日高點計算；收盤站上頸線 78.3 至少2%；成交量>=20日均量2倍；不可長上影；回踩須有近10日突破紀錄且不有效跌破頸線；距離頸線>5%禁止進場,25,C,禁止追高,已漲遠或接近目標，空手不追；持有者依策略分批處理。,False,2026-10-01,True,True,STOP,STOP 停止進場,接近目標,取消新進場，只保留觀察,只看續抱 / 減碼 / 停利 / 停損，不新增部位。,停止新進場，先保留現金，等待大盤止跌。,停止新進場，禁止顯示今日可進場。,False,False
2026-10-01,2026-10-01,收盤確認價,臺灣證券交易所 / 證券櫃檯買賣中心正式收盤；yfinance 歷史資料,只使用完整收盤日K，不使用盤中未完成K,上櫃,6248,沛波,17.25,17.35,17.2,16.96,16.88,16.89,17.45,19.15,-4.7,0.58,False,75101,67804,1295492,1146360,0.57,False,True,45.93,一般K,,False,False,False,False,0,False,C級：已漲遠或接近目標，禁止追高,條件不足,箱型突破,17.2,16.55,17.85,接近成形＋可觀察,17.54,17.2,17.54,18.07,16.68,4.9,低,0.29,6.76,0.36,1.74,17.54,0.0,False,True,True,接近目標區，只給持有者分批停利參考，空手不追高,頸線以當日前20日高點計算；收盤站上頸線 17.2 至少2%；成交量>=20日均量2倍；不可長上影；回踩須有近10日突破紀錄且不有效跌破頸線；距離頸線>5%禁止進場,25,C,禁止追高,已漲遠或接近目標，空手不追；持有者依策略分批處理。,False,2026-10-01,True,True,STOP,STOP 停止進場,接近目標,取消新進場，只保留觀察,只看續抱 / 減碼 / 停利 / 停損，不新增部位。,停止新進場，先保留現金，等待大盤止跌。,停止新進場，禁止顯示今日可進場。,False,False
2026-10-01,2026-10-01,收盤確認價,臺灣證券交易所 / 證券櫃檯買賣中心正式收盤；yfinance 歷史資料,只使用完整收盤日K，不使用盤中未完成K,上櫃,5520,力泰,83.5,83.5,83.5,83.22,82.62,82.49,82.59,86.01,1.21,0.36,False,1000,3300,83500,271995,0.32,False,True,36.05,資料不足,,False,False,False,False,0,False,C級：已漲遠或接近目標，禁止追高,條件不足,箱型突破,84.0,81.5,87.2,接近成形＋可觀察,85.68,84.0,85.68,88.25,81.48,4.9,低,-0.6,2.91,0.36,1.77,85.68,0.0,False,True,True,接近目標區，只給持有者分批停利參考，空手不追高,頸線以當日前20日高點計算；收盤站上頸線 84.0 至少2%；成交量>=20日均量2倍；不可長上影；回踩須有近10日突破紀錄且不有效跌破頸線；距離頸線>5%禁止進場,25,C,禁止追高,已漲遠或接近目標，空手不追；持有者依策略分批處理。,False,2026-10-01,True,True,STOP,STOP 停止進場,接近目標,取消新進場，只保留觀察,只看續抱 / 減碼 / 停利 / 停損，不新增部位。,停止新進場，先保留現金，等待大盤止跌。,停止新進場，禁止顯示今日可進場。,False,False
2026-10-01,2026-10-01,收盤確認價,臺灣證券交易所 / 證券櫃檯買賣中心正式收盤；yfinance 歷史資料,只使用完整收盤日K，不使用盤中未完成K,上市,1537,廣隆,115.0,115.0,114.0,115.1,115.4,115.38,121.62,123.72,-8.37,0.0,False,143652,99778,16519980,11533075,0.76,False,True,40.98,紅K突破,,False,False,False,False,0,False,C級：已漲遠或接近目標，禁止追高,條件不足,接近成形,118.5,114.0,123.0,接近成形＋可觀察,120.87,118.5,120.87,124.5,114.94,4.9,低,-2.95,11.2,0.36,1.76,120.87,0.0,False,False,True,距離頸線或前高過遠，禁止追高,頸線以當日前20日高點計算；收盤站上頸線 118.5 至少2%；成交量>=20日均量2倍；不可長上影；回踩須有近10日突破紀錄且不有效跌破頸線；距離頸線>5%禁止進場,25,C,禁止追高,已漲遠或接近目標，空手不追；持有者依策略分批處理。,False,2026-10-01,True,True,STOP,STOP 停止進場,接近目標,取消新進場，只保留觀察,只看續抱 / 減碼 / 停利 / 停損，不新增部位。,停止新進場，先保留現金，等待大盤止跌。,停止新進場，禁止顯示今日可進場。,False,False
2026-10-01,2026-10-01,收盤確認價,臺灣證券交易所 / 證券櫃檯買賣中心正式收盤；yfinance 歷史資料,只使用完整收盤日K，不使用盤中未完成K,上櫃,8929,富堡,13.1,13.1,13.05,12.99,12.97,12.99,13.4,15.25,-9.66,-0.76,False,8698,9319,113943,120951,0.83,False,True,22.28,紅K突破,,False,False,False,False,0,False,C級：已漲遠或接近目標，禁止追高,條件不足,箱型突破,13.25,12.75,13.75,接近成形＋可觀察,13.52,13.25,13.52,13.92,12.85,4.9,低,-1.13,17.61,0.35,1.74,13.52,0.0,False,True,True,接近目標區，只給持有者分批停利參考，空手不追高,頸線以當日前20日高點計算；收盤站上頸線 13.25 至少2%；成交量>=20日均量2倍；不可長上影；回踩須有近10日突破紀錄且不有效跌破頸線；距離頸線>5%禁止進場,25,C,禁止追高,已漲遠或接近目標，空手不追；持有者依策略分批處理。,False,2026-10-01,True,True,STOP,STOP 停止進場,接近目標,取消新進場，只保留觀察,只看續抱 / 減碼 / 停利 / 停損，不新增部位。,停止新進場，先保留現金，等待大盤止跌。,停止新進場，禁止顯示今日可進場。,False,False
2026-10-01,2026-10-01,收盤確認價,臺灣證券交易所 / 證券櫃檯買賣中心正式收盤；yfinance 歷史資料,只使用完整收盤日K，不使用盤中未完成K,上市,1218,泰山,14.5,14.6,14.45,14.47,14.47,14.43,15.19,17.69,-15.2,-0.68,False,260576,514883,3778352,7431133,0.83,False,True,33.39,一般K,,False,False,False,False,0,False,C級：已漲遠或接近目標，禁止追高,條件不足,箱型突破,14.7,14.15,15.25,接近成形＋可觀察,14.99,14.7,14.99,15.44,14.26,4.9,低,-1.36,16.18,0.35,1.71,14.99,0.0,False,True,True,接近目標區，只給持有者分批停利參考，空手不追高,頸線以當日前20日高點計算；收盤站上頸線 14.7 至少2%；成交量>=20日均量2倍；不可長上影；回踩須有近10日突破紀錄且不有效跌破頸線；距離頸線>5%禁止進場,25,C,禁止追高,已漲遠或接近目標，空手不追；持有者依策略分批處理。,False,2026-10-01,True,True,STOP,STOP 停止進場,接近目標,取消新進場，只保留觀察,只看續抱 / 減碼 / 停利 / 停損，不新增部位。,停止新進場，先保留現金，等待大盤止跌。,停止新進場，禁止顯示今日可進場。,False,False
2026-10-01,2026-10-01,收盤確認價,臺灣證券交易所 / 證券櫃檯買賣中心正式收盤；yfinance 歷史資料,只使用完整收盤日K，不使用盤中未完成K,上市,1614,三洋電,31.25,31.25,30.9,31.15,31.12,30.96,31.07,32.72,-1.88,0.32,False,55732,60559,1741625,1878066,0.54,False,True,53.41,紅K突破,,False,False,False,False,0,False,C級：已漲遠或接近目標，禁止追高,條件不足,箱型突破,31.55,30.45,32.65,接近成形＋可觀察,32.18,31.55,32.18,33.15,30.6,4.9,低,-0.95,3.7,0.3,1.46,32.18,0.0,False,True,True,接近目標區，只給持有者分批停利參考，空手不追高,頸線以當日前20日高點計算；收盤站上頸線 31.55 至少2%；成交量>=20日均量2倍；不可長上影；回踩須有近10日突破紀錄且不有效跌破頸線；距離頸線>5%禁止進場,25,C,禁止追高,已漲遠或接近目標，空手不追；持有者依策略分批處理。,False,2026-10-01,True,True,STOP,STOP 停止進場,接近目標,取消新進場，只保留觀察,只看續抱 / 減碼 / 停利 / 停損，不新增部位。,停止新進場，先保留現金，等待大盤止跌。,停止新進場，禁止顯示今日可進場。,False,False
2026-10-01,2026-10-01,收盤確認價,臺灣證券交易所 / 證券櫃檯買賣中心正式收盤；yfinance 歷史資料,只使用完整收盤日K，不使用盤中未完成K,上市,1527,鑽全,32.8,32.9,32.65,32.67,32.55,32.56,32.96,33.15,-2.53,0.31,False,137401,123080,4506752,4007360,0.32,False,True,10.92,紅K突破,,False,False,False,False,0,False,C級：已漲遠或接近目標，禁止追高,條件不足,箱型突破,33.1,32.1,34.25,接近成形＋可觀察,33.76,33.1,33.76,34.77,32.11,4.9,低,-0.91,4.93,0.29,1.45,33.76,0.3,False,True,True,接近目標區，只給持有者分批停利參考，空手不追高,頸線以當日前20日高點計算；收盤站上頸線 33.1 至少2%；成交量>=20日均量2倍；不可長上影；回踩須有近10日突破紀錄且不有效跌破頸線；距離頸線>5%禁止進場,25,C,禁止追高,已漲遠或接近目標，空手不追；持有者依策略分批處理。,False,2026-10-01,True,True,STOP,STOP 停止進場,接近目標,取消新進場，只保留觀察,只看續抱 / 減碼 / 停利 / 停損，不新增部位。,停止新進場，先保留現金，等待大盤止跌。,停止新進場，禁止顯示今日可進場。,False,False
2026-10-01,2026-10-01,收盤確認價,臺灣證券交易所 / 證券櫃檯買賣中心正式收盤；yfinance 歷史資料,只使用完整收盤日K，不使用盤中未完成K,上櫃,4173,久裕,17.25,17.35,17.0,17.19,17.21,17.19,17.5,19.87,-4.96,-0.29,False,53364,34249,920529,588063,0.68,False,True,29.86,一般K,,False,False,False,False,0,False,C級：已漲遠或接近目標，禁止追高,條件不足,箱型突破,17.5,16.9,18.1,接近成形＋可觀察,17.85,17.5,17.85,18.39,16.97,4.9,低,-1.43,5.22,0.29,1.4,17.85,0.58,False,True,True,接近目標區，只給持有者分批停利參考，空手不追高,頸線以當日前20日高點計算；收盤站上頸線 17.5 至少2%；成交量>=20日均量2倍；不可長上影；回踩須有近10日突破紀錄且不有效跌破頸線；距離頸線>5%禁止進場,25,C,禁止追高,已漲遠或接近目標，空手不追；持有者依策略分批處理。,False,2026-10-01,True,True,STOP,STOP 停止進場,接近目標,取消新進場，只保留觀察,只看續抱 / 減碼 / 停利 / 停損，不新增部位。,停止新進場，先保留現金，等待大盤止跌。,停止新進場，禁止顯示今日可進場。,False,False
2026-10-01,2026-10-01,收盤確認價,臺灣證券交易所 / 證券櫃檯買賣中心正式收盤；yfinance 歷史資料,只使用完整收盤日K，不使用盤中未完成K,上市,1732,毛寶,26.0,26.15,25.95,26.08,26.05,26.03,26.38,27.15,-2.62,-0.57,False,34514,65667,897364,1710553,0.55,False,True,18.21,一般K,,False,False,False,False,0,False,C級：已漲遠或接近目標，禁止追高,條件不足,箱型突破,26.3,25.7,27.2,接近成形＋可觀察,26.83,26.3,26.83,27.63,25.51,4.9,低,-1.14,12.16,0.28,1.39,26.83,0.0,False,True,True,接近目標區，只給持有者分批停利參考，空手不追高,頸線以當日前20日高點計算；收盤站上頸線 26.3 至少2%；成交量>=20日均量2倍；不可長上影；回踩須有近10日突破紀錄且不有效跌破頸線；距離頸線>5%禁止進場,25,C,禁止追高,已漲遠或接近目標，空手不追；持有者依策略分批處理。,False,2026-10-01,True,True,STOP,STOP 停止進場,接近目標,取消新進場，只保留觀察,只看續抱 / 減碼 / 停利 / 停損，不新增部位。,停止新進場，先保留現金，等待大盤止跌。,停止新進場，禁止顯示今日可進場。,False,False
2026-10-01,2026-10-01,收盤確認價,臺灣證券交易所 / 證券櫃檯買賣中心正式收盤；yfinance 歷史資料,只使用完整收盤日K，不使用盤中未完成K,上櫃,4129,聯合,82.6,83.2,82.3,82.82,82.63,82.44,85.58,101.97,-11.18,-0.96,False,72224,130879,5965702,10784944,0.81,False,True,19.57,一般K,,False,False,False,False,0,False,C級：已漲遠或接近目標，禁止追高,條件不足,箱型突破,83.8,81.1,86.6,接近成形＋可觀察,85.48,83.8,85.48,88.04,81.29,4.9,低,-1.43,12.03,0.27,1.31,85.48,0.0,False,True,True,接近目標區，只給持有者分批停利參考，空手不追高,頸線以當日前20日高點計算；收盤站上頸線 83.8 至少2%；成交量>=20日均量2倍；不可長上影；回踩須有近10日突破紀錄且不有效跌破頸線；距離頸線>5%禁止進場,25,C,禁止追高,已漲遠或接近目標，空手不追；持有者依策略分批處理。,False,2026-10-01,True,True,STOP,STOP 停止進場,接近目標,取消新進場，只保留觀察,只看續抱 / 減碼 / 停利 / 停損，不新增部位。,停止新進場，先保留現金，等待大盤止跌。,停止新進場，禁止顯示今日可進場。,False,False
2026-10-01,2026-10-01,收盤確認價,臺灣證券交易所 / 證券櫃檯買賣中心正式收盤；yfinance 歷史資料,只使用完整收盤日K，不使用盤中未完成K,上市,1731,美吾華,20.85,20.9,20.75,20.9,20.9,20.9,20.81,21.52,0.97,-0.24,False,67690,83094,1411336,1736969,0.39,False,True,15.3,一般K,,False,False,False,False,0,False,C級：已漲遠或接近目標，禁止追高,條件不足,箱型突破,21.1,20.7,21.8,接近成形＋可觀察,21.52,21.1,21.52,22.17,20.47,4.9,低,-1.18,4.14,0.26,1.29,21.52,0.0,False,True,True,接近目標區，只給持有者分批停利參考，空手不追高,頸線以當日前20日高點計算；收盤站上頸線 21.1 至少2%；成交量>=20日均量2倍；不可長上影；回踩須有近10日突破紀錄且不有效跌破頸線；距離頸線>5%禁止進場,25,C,禁止追高,已漲遠或接近目標，空手不追；持有者依策略分批處理。,False,2026-10-01,True,True,STOP,STOP 停止進場,接近目標,取消新進場，只保留觀察,只看續抱 / 減碼 / 停利 / 停損，不新增部位。,停止新進場，先保留現金，等待大盤止跌。,停止新進場，禁止顯示今日可進場。,False,False
2026-10-01,2026-10-01,收盤確認價,臺灣證券交易所 / 證券櫃檯買賣中心正式收盤；yfinance 歷史資料,只使用完整收盤日K，不使用盤中未完成K,上櫃,5609,中菲行,77.9,78.2,77.9,78.3,78.5,78.47,78.49,79.15,-1.89,-0.26,False,65052,91433,5067550,7182391,0.38,False,True,25.63,一般K,,False,False,False,False,0,False,C級：已漲遠或接近目標，禁止追高,條件不足,箱型突破,79.4,77.7,82.0,接近成形＋可觀察,80.99,79.4,80.99,83.42,77.02,4.9,低,-1.89,3.47,0.25,1.25,80.99,0.13,False,True,True,接近目標區，只給持有者分批停利參考，空手不追高,頸線以當日前20日高點計算；收盤站上頸線 79.4 至少2%；成交量>=20日均量2倍；不可長上影；回踩須有近10日突破紀錄且不有效跌破頸線；距離頸線>5%禁止進場,25,C,禁止追高,已漲遠或接近目標，空手不追；持有者依策略分批處理。,False,2026-10-01,True,True,STOP,STOP 停止進場,接近目標,取消新進場，只保留觀察,只看續抱 / 減碼 / 停利 / 停損，不新增部位。,停止新進場，先保留現金，等待大盤止跌。,停止新進場，禁止顯示今日可進場。,False,False
2026-10-01,2026-10-01,收盤確認價,臺灣證券交易所 / 證券櫃檯買賣中心正式收盤；yfinance 歷史資料,只使用完整收盤日K，不使用盤中未完成K,上市,1604,聲寶,23.35,23.5,23.3,23.42,23.46,23.48,23.35,23.94,-0.0,-0.43,False,155413,180272,3628893,4232455,0.38,False,True,20.04,一般K,,False,False,False,False,0,False,C級：已漲遠或接近目標，禁止追高,條件不足,箱型突破,23.7,23.1,24.45,接近成形＋可觀察,24.17,23.7,24.17,24.9,22.99,4.9,低,-1.48,1.48,0.23,1.14,24.17,0.21,False,True,True,接近目標區，只給持有者分批停利參考，空手不追高,頸線以當日前20日高點計算；收盤站上頸線 23.7 至少2%；成交量>=20日均量2倍；不可長上影；回踩須有近10日突破紀錄且不有效跌破頸線；距離頸線>5%禁止進場,25,C,禁止追高,已漲遠或接近目標，空手不追；持有者依策略分批處理。,False,2026-10-01,True,True,STOP,STOP 停止進場,接近目標,取消新進場，只保留觀察,只看續抱 / 減碼 / 停利 / 停損，不新增部位。,停止新進場，先保留現金，等待大盤止跌。,停止新進場，禁止顯示今日可進場。,False,False
2026-10-01,2026-10-01,收盤確認價,臺灣證券交易所 / 證券櫃檯買賣中心正式收盤；yfinance 歷史資料,只使用完整收盤日K，不使用盤中未完成K,上櫃,5903,全家,186.0,186.0,185.5,186.3,185.35,185.05,186.3,189.62,-1.59,0.0,False,16667,17065,3100062,3162330,0.35,False,True,34.86,一般K,,False,False,False,False,0,False,C級：已漲遠或接近目標，禁止追高,條件不足,箱型突破,187.0,183.5,192.5,接近成形＋可觀察,190.74,187.0,190.74,196.46,181.39,4.9,低,-0.53,2.36,0.19,0.92,190.74,0.0,False,True,True,接近目標區，只給持有者分批停利參考，空手不追高,頸線以當日前20日高點計算；收盤站上頸線 187.0 至少2%；成交量>=20日均量2倍；不可長上影；回踩須有近10日突破紀錄且不有效跌破頸線；距離頸線>5%禁止進場,25,C,禁止追高,已漲遠或接近目標，空手不追；持有者依策略分批處理。,False,2026-10-01,True,True,STOP,STOP 停止進場,接近目標,取消新進場，只保留觀察,只看續抱 / 減碼 / 停利 / 停損，不新增部位。,停止新進場，先保留現金，等待大盤止跌。,停止新進場，禁止顯示今日可進場。,False,False
2026-10-01,2026-10-01,收盤確認價,臺灣證券交易所 / 證券櫃檯買賣中心正式收盤；yfinance 歷史資料,只使用完整收盤日K，不使用盤中未完成K,上櫃,6264,富裔,6.03,6.06,6.0,6.02,6.02,6.02,6.04,6.59,-2.27,-0.0,False,12091,44084,72908,265217,0.31,False,True,58.26,一般K,,False,False,False,False,0,False,C級：已漲遠或接近目標，禁止追高,條件不足,箱型突破,6.08,5.9,6.26,接近成形＋可觀察,6.2,6.08,6.2,6.39,5.9,4.9,低,-0.82,2.43,0.19,0.94,6.2,0.0,False,True,True,接近目標區，只給持有者分批停利參考，空手不追高,頸線以當日前20日高點計算；收盤站上頸線 6.08 至少2%；成交量>=20日均量2倍；不可長上影；回踩須有近10日突破紀錄且不有效跌破頸線；距離頸線>5%禁止進場,25,C,禁止追高,已漲遠或接近目標，空手不追；持有者依策略分批處理。,False,2026-10-01,True,True,STOP,STOP 停止進場,接近目標,取消新進場，只保留觀察,只看續抱 / 減碼 / 停利 / 停損，不新增部位。,停止新進場，先保留現金，等待大盤止跌。,停止新進場，禁止顯示今日可進場。,False,False
2026-10-01,2026-10-01,收盤確認價,臺灣證券交易所 / 證券櫃檯買賣中心正式收盤；yfinance 歷史資料,只使用完整收盤日K，不使用盤中未完成K,上櫃,6203,海韻電,60.3,60.3,59.9,59.94,59.79,59.97,61.88,67.4,-10.0,0.5,False,57687,50925,3478526,3056095,0.6,False,True,15.02,紅K突破,,False,False,False,False,0,False,C級：已漲遠或接近目標，禁止追高,條件不足,箱型突破,61.0,59.2,62.8,接近成形＋可觀察,62.22,61.0,62.22,64.09,59.17,4.9,低,-1.15,10.8,0.19,0.93,62.22,0.0,False,True,True,接近目標區，只給持有者分批停利參考，空手不追高,頸線以當日前20日高點計算；收盤站上頸線 61.0 至少2%；成交量>=20日均量2倍；不可長上影；回踩須有近10日突破紀錄且不有效跌破頸線；距離頸線>5%禁止進場,25,C,禁止追高,已漲遠或接近目標，空手不追；持有者依策略分批處理。,False,2026-10-01,True,True,STOP,STOP 停止進場,接近目標,取消新進場，只保留觀察,只看續抱 / 減碼 / 停利 / 停損，不新增部位。,停止新進場，先保留現金，等待大盤止跌。,停止新進場，禁止顯示今日可進場。,False,False
2026-10-01,2026-10-01,收盤確認價,臺灣證券交易所 / 證券櫃檯買賣中心正式收盤；yfinance 歷史資料,只使用完整收盤日K，不使用盤中未完成K,上市,1730,花仙子,51.3,51.3,51.2,51.22,51.25,51.35,51.37,52.44,0.0,0.2,False,29960,18929,1536948,971974,0.29,False,True,18.86,紅K突破,,False,False,False,False,0,False,C級：已漲遠或接近目標，禁止追高,條件不足,箱型突破,52.0,50.9,53.5,接近成形＋可觀察,53.04,52.0,53.04,54.63,50.44,4.9,低,-1.35,2.29,0.18,0.87,53.04,0.0,False,True,True,接近目標區，只給持有者分批停利參考，空手不追高,頸線以當日前20日高點計算；收盤站上頸線 52.0 至少2%；成交量>=20日均量2倍；不可長上影；回踩須有近10日突破紀錄且不有效跌破頸線；距離頸線>5%禁止進場,25,C,禁止追高,已漲遠或接近目標，空手不追；持有者依策略分批處理。,False,2026-10-01,True,True,STOP,STOP 停止進場,接近目標,取消新進場，只保留觀察,只看續抱 / 減碼 / 停利 / 停損，不新增部位。,停止新進場，先保留現金，等待大盤止跌。,停止新進場，禁止顯示今日可進場。,False,False
2026-10-01,2026-10-01,收盤確認價,臺灣證券交易所 / 證券櫃檯買賣中心正式收盤；yfinance 歷史資料,只使用完整收盤日K，不使用盤中未完成K,上櫃,8446,華研,84.9,85.0,84.6,84.58,84.65,85.1,85.49,91.0,-3.74,0.12,False,12158,32763,1032214,2793842,0.48,False,True,20.6,紅K突破,,False,False,False,False,0,False,C級：已漲遠或接近目標，禁止追高,條件不足,箱型突破,86.3,84.1,88.8,接近成形＋可觀察,88.03,86.3,88.03,90.67,83.71,4.9,低,-1.62,4.07,0.18,0.88,88.03,0.12,False,True,True,接近目標區，只給持有者分批停利參考，空手不追高,頸線以當日前20日高點計算；收盤站上頸線 86.3 至少2%；成交量>=20日均量2倍；不可長上影；回踩須有近10日突破紀錄且不有效跌破頸線；距離頸線>5%禁止進場,25,C,禁止追高,已漲遠或接近目標，空手不追；持有者依策略分批處理。,False,2026-10-01,True,True,STOP,STOP 停止進場,接近目標,取消新進場，只保留觀察,只看續抱 / 減碼 / 停利 / 停損，不新增部位。,停止新進場，先保留現金，等待大盤止跌。,停止新進場，禁止顯示今日可進場。,False,False
2026-10-01,2026-10-01,收盤確認價,臺灣證券交易所 / 證券櫃檯買賣中心正式收盤；yfinance 歷史資料,只使用完整收盤日K，不使用盤中未完成K,上市,1752,南光,31.35,31.55,31.35,31.38,31.35,31.42,31.65,34.93,-1.57,-0.48,False,66550,36362,2086342,1142634,0.51,False,True,12.43,一般K,,False,False,False,False,0,False,C級：已漲遠或接近目標，禁止追高,條件不足,三角收斂突破,32.0,31.1,32.9,接近成形＋可觀察,32.64,32.0,32.64,33.62,31.04,4.9,低,-2.03,3.39,0.16,0.8,32.64,0.32,False,True,True,接近目標區，只給持有者分批停利參考，空手不追高,頸線以當日前20日高點計算；收盤站上頸線 32.0 至少2%；成交量>=20日均量2倍；不可長上影；回踩須有近10日突破紀錄且不有效跌破頸線；距離頸線>5%禁止進場,25,C,禁止追高,已漲遠或接近目標，空手不追；持有者依策略分批處理。,False,2026-10-01,True,True,STOP,STOP 停止進場,接近目標,取消新進場，只保留觀察,只看續抱 / 減碼 / 停利 / 停損，不新增部位。,停止新進場，先保留現金，等待大盤止跌。,停止新進場，禁止顯示今日可進場。,False,False
2026-10-01,2026-10-01,收盤確認價,臺灣證券交易所 / 證券櫃檯買賣中心正式收盤；yfinance 歷史資料,只使用完整收盤日K，不使用盤中未完成K,上櫃,6968,萬達寵物,41.45,41.45,41.2,41.51,41.51,41.6,42.26,47.14,-2.36,-0.0,False,45360,47253,1880172,1965942,0.15,False,True,18.05,一般K,,False,False,False,False,0,False,C級：已漲遠或接近目標，禁止追高,條件不足,箱型突破,42.15,41.05,43.32,接近成形＋可觀察,42.99,42.15,42.99,44.28,40.89,4.9,低,-1.66,10.04,0.15,0.76,42.99,0.0,False,True,True,接近目標區，只給持有者分批停利參考，空手不追高,頸線以當日前20日高點計算；收盤站上頸線 42.15 至少2%；成交量>=20日均量2倍；不可長上影；回踩須有近10日突破紀錄且不有效跌破頸線；距離頸線>5%禁止進場,25,C,禁止追高,已漲遠或接近目標，空手不追；持有者依策略分批處理。,False,2026-10-01,True,True,STOP,STOP 停止進場,接近目標,取消新進場，只保留觀察,只看續抱 / 減碼 / 停利 / 停損，不新增部位。,停止新進場，先保留現金，等待大盤止跌。,停止新進場，禁止顯示今日可進場。,False,False
2026-10-01,2026-10-01,收盤確認價,臺灣證券交易所 / 證券櫃檯買賣中心正式收盤；yfinance 歷史資料,只使用完整收盤日K，不使用盤中未完成K,上櫃,3611,鼎翰,184.5,184.5,184.0,183.3,182.65,182.5,186.47,193.33,-8.21,0.82,False,11258,28210,2077101,5142042,0.45,False,True,36.8,紅K突破,,False,False,False,False,0,False,C級：已漲遠或接近目標，禁止追高,條件不足,箱型突破,184.5,180.5,189.5,接近成形＋可觀察,188.19,184.5,188.19,193.84,178.97,4.9,低,0.0,8.44,0.14,0.7,188.19,0.0,False,True,True,接近目標區，只給持有者分批停利參考，空手不追高,頸線以當日前20日高點計算；收盤站上頸線 184.5 至少2%；成交量>=20日均量2倍；不可長上影；回踩須有近10日突破紀錄且不有效跌破頸線；距離頸線>5%禁止進場,25,C,禁止追高,已漲遠或接近目標，空手不追；持有者依策略分批處理。,False,2026-10-01,True,True,STOP,STOP 停止進場,接近目標,取消新進場，只保留觀察,只看續抱 / 減碼 / 停利 / 停損，不新增部位。,停止新進場，先保留現金，等待大盤止跌。,停止新進場，禁止顯示今日可進場。,False,False
2026-10-01,2026-10-01,收盤確認價,臺灣證券交易所 / 證券櫃檯買賣中心正式收盤；yfinance 歷史資料,只使用完整收盤日K，不使用盤中未完成K,上市,1217,愛之味,9.96,9.96,9.91,9.93,9.95,9.96,9.95,10.15,-0.4,0.1,False,203542,342976,2027278,3413953,0.34,False,True,23.1,紅K突破,,False,False,False,False,0,False,C級：已漲遠或接近目標，禁止追高,條件不足,箱型突破,10.0,9.89,10.26,接近成形＋可觀察,10.2,10.0,10.2,10.51,9.7,4.9,低,-0.4,1.39,0.12,0.59,10.2,0.0,False,True,True,接近目標區，只給持有者分批停利參考，空手不追高,頸線以當日前20日高點計算；收盤站上頸線 10.0 至少2%；成交量>=20日均量2倍；不可長上影；回踩須有近10日突破紀錄且不有效跌破頸線；距離頸線>5%禁止進場,25,C,禁止追高,已漲遠或接近目標，空手不追；持有者依策略分批處理。,False,2026-10-01,True,True,STOP,STOP 停止進場,接近目標,取消新進場，只保留觀察,只看續抱 / 減碼 / 停利 / 停損，不新增部位。,停止新進場，先保留現金，等待大盤止跌。,停止新進場，禁止顯示今日可進場。,False,False
2026-10-01,2026-10-01,收盤確認價,臺灣證券交易所 / 證券櫃檯買賣中心正式收盤；yfinance 歷史資料,只使用完整收盤日K，不使用盤中未完成K,上市,2373,震旦行,53.0,53.3,52.8,52.86,52.91,53.0,53.4,55.83,-1.49,0.19,False,12490,22511,661970,1193706,0.51,False,True,17.0,一般K,,False,False,False,False,0,False,C級：已漲遠或接近目標，禁止追高,條件不足,箱型突破,53.8,52.4,55.2,接近成形＋可觀察,54.88,53.8,54.88,56.52,52.19,4.9,低,-1.49,6.36,0.12,0.59,54.88,0.0,False,True,True,接近目標區，只給持有者分批停利參考，空手不追高,頸線以當日前20日高點計算；收盤站上頸線 53.8 至少2%；成交量>=20日均量2倍；不可長上影；回踩須有近10日突破紀錄且不有效跌破頸線；距離頸線>5%禁止進場,25,C,禁止追高,已漲遠或接近目標，空手不追；持有者依策略分批處理。,False,2026-10-01,True,True,STOP,STOP 停止進場,接近目標,取消新進場，只保留觀察,只看續抱 / 減碼 / 停利 / 停損，不新增部位。,停止新進場，先保留現金，等待大盤止跌。,停止新進場，禁止顯示今日可進場。,False,False
2026-10-01,2026-10-01,收盤確認價,臺灣證券交易所 / 證券櫃檯買賣中心正式收盤；yfinance 歷史資料,只使用完整收盤日K，不使用盤中未完成K,上市,1109,信大,13.3,13.4,13.25,13.32,13.36,13.4,13.67,14.9,-9.52,-0.37,False,206947,104215,2752395,1395215,0.31,False,True,66.26,一般K,,False,False,False,False,0,False,C級：已漲遠或接近目標，禁止追高,條件不足,三角收斂突破,13.6,13.25,13.95,接近成形＋可觀察,13.87,13.6,13.87,14.29,13.19,4.9,低,-2.21,9.83,0.11,0.56,13.87,0.0,False,True,True,接近目標區，只給持有者分批停利參考，空手不追高,頸線以當日前20日高點計算；收盤站上頸線 13.6 至少2%；成交量>=20日均量2倍；不可長上影；回踩須有近10日突破紀錄且不有效跌破頸線；距離頸線>5%禁止進場,25,C,禁止追高,已漲遠或接近目標，空手不追；持有者依策略分批處理。,False,2026-10-01,True,True,STOP,STOP 停止進場,接近目標,取消新進場，只保留觀察,只看續抱 / 減碼 / 停利 / 停損，不新增部位。,停止新進場，先保留現金，等待大盤止跌。,停止新進場，禁止顯示今日可進場。,False,False
2026-10-01,2026-10-01,收盤確認價,臺灣證券交易所 / 證券櫃檯買賣中心正式收盤；yfinance 歷史資料,只使用完整收盤日K，不使用盤中未完成K,上櫃,4205,中華食,68.8,68.8,68.8,68.64,68.78,69.05,69.95,76.58,-5.88,0.44,False,4698,17623,323222,1215431,0.32,False,True,42.01,資料不足,,False,False,False,False,0,False,C級：已漲遠或接近目標，禁止追高,條件不足,箱型突破,69.9,68.2,71.6,接近成形＋可觀察,71.3,69.9,71.3,73.44,67.8,4.9,低,-1.57,7.9,0.09,0.42,71.3,0.0,False,True,True,接近目標區，只給持有者分批停利參考，空手不追高,頸線以當日前20日高點計算；收盤站上頸線 69.9 至少2%；成交量>=20日均量2倍；不可長上影；回踩須有近10日突破紀錄且不有效跌破頸線；距離頸線>5%禁止進場,25,C,禁止追高,已漲遠或接近目標，空手不追；持有者依策略分批處理。,False,2026-10-01,True,True,STOP,STOP 停止進場,接近目標,取消新進場，只保留觀察,只看續抱 / 減碼 / 停利 / 停損，不新增部位。,停止新進場，先保留現金，等待大盤止跌。,停止新進場，禁止顯示今日可進場。,False,False
2026-10-01,2026-10-01,收盤確認價,臺灣證券交易所 / 證券櫃檯買賣中心正式收盤；yfinance 歷史資料,只使用完整收盤日K，不使用盤中未完成K,上櫃,6803,崑鼎,267.0,268.5,266.0,266.5,266.95,268.43,269.85,286.95,-2.38,0.0,False,41640,45186,11117880,12127632,0.34,False,True,32.87,一般K,,False,False,False,False,0,False,C級：已漲遠或接近目標，禁止追高,條件不足,箱型突破,271.5,265.0,278.0,接近成形＋可觀察,276.93,271.5,276.93,285.24,263.36,4.9,低,-1.66,2.91,0.08,0.39,276.93,0.0,False,True,True,接近目標區，只給持有者分批停利參考，空手不追高,頸線以當日前20日高點計算；收盤站上頸線 271.5 至少2%；成交量>=20日均量2倍；不可長上影；回踩須有近10日突破紀錄且不有效跌破頸線；距離頸線>5%禁止進場,25,C,禁止追高,已漲遠或接近目標，空手不追；持有者依策略分批處理。,False,2026-10-01,True,True,STOP,STOP 停止進場,接近目標,取消新進場，只保留觀察,只看續抱 / 減碼 / 停利 / 停損，不新增部位。,停止新進場，先保留現金，等待大盤止跌。,停止新進場，禁止顯示今日可進場。,False,False
2026-10-01,2026-10-01,收盤確認價,臺灣證券交易所 / 證券櫃檯買賣中心正式收盤；yfinance 歷史資料,只使用完整收盤日K，不使用盤中未完成K,上櫃,8403,盛弘,18.9,18.95,18.85,18.97,18.97,18.96,19.13,21.65,-1.82,-0.26,False,67492,59652,1275598,1130767,0.4,False,True,27.24,一般K,,False,False,False,False,0,False,C級：已漲遠或接近目標，禁止追高,條件不足,箱型突破,19.2,18.75,19.65,接近成形＋可觀察,19.58,19.2,19.58,20.17,18.62,4.9,低,-1.56,4.3,0.07,0.34,19.58,0.0,False,True,True,接近目標區，只給持有者分批停利參考，空手不追高,頸線以當日前20日高點計算；收盤站上頸線 19.2 至少2%；成交量>=20日均量2倍；不可長上影；回踩須有近10日突破紀錄且不有效跌破頸線；距離頸線>5%禁止進場,25,C,禁止追高,已漲遠或接近目標，空手不追；持有者依策略分批處理。,False,2026-10-01,True,True,STOP,STOP 停止進場,接近目標,取消新進場，只保留觀察,只看續抱 / 減碼 / 停利 / 停損，不新增部位。,停止新進場，先保留現金，等待大盤止跌。,停止新進場，禁止顯示今日可進場。,False,False
2026-10-01,2026-10-01,收盤確認價,臺灣證券交易所 / 證券櫃檯買賣中心正式收盤；yfinance 歷史資料,只使用完整收盤日K，不使用盤中未完成K,上市,1432,大魯閣,15.05,15.05,14.95,15.02,14.99,15.0,15.06,16.88,-0.33,0.33,False,61056,74588,918892,1118488,0.31,False,True,26.36,紅K突破,,False,False,False,False,0,False,C級：已漲遠或接近目標，禁止追高,條件不足,箱型突破,15.2,14.9,15.55,接近成形＋可觀察,15.5,15.2,15.5,15.97,14.74,4.9,低,-0.99,2.27,0.06,0.3,15.5,0.0,False,True,True,接近目標區，只給持有者分批停利參考，空手不追高,頸線以當日前20日高點計算；收盤站上頸線 15.2 至少2%；成交量>=20日均量2倍；不可長上影；回踩須有近10日突破紀錄且不有效跌破頸線；距離頸線>5%禁止進場,25,C,禁止追高,已漲遠或接近目標，空手不追；持有者依策略分批處理。,False,2026-10-01,True,True,STOP,STOP 停止進場,接近目標,取消新進場，只保留觀察,只看續抱 / 減碼 / 停利 / 停損，不新增部位。,停止新進場，先保留現金，等待大盤止跌。,停止新進場，禁止顯示今日可進場。,False,False
2026-10-01,2026-10-01,收盤確認價,臺灣證券交易所 / 證券櫃檯買賣中心正式收盤；yfinance 歷史資料,只使用完整收盤日K，不使用盤中未完成K,上櫃,5478,智冠,97.5,97.6,97.4,97.12,97.19,97.32,98.66,100.64,-3.94,0.41,False,23382,45661,2279745,4447812,0.29,False,True,36.72,一般K,,False,False,False,False,0,False,C級：已漲遠或接近目標，禁止追高,條件不足,箱型突破,98.7,96.5,100.9,接近成形＋可觀察,100.67,98.7,100.67,103.69,95.74,4.9,低,-1.22,4.41,0.05,0.22,100.67,0.1,False,True,True,接近目標區，只給持有者分批停利參考，空手不追高,頸線以當日前20日高點計算；收盤站上頸線 98.7 至少2%；成交量>=20日均量2倍；不可長上影；回踩須有近10日突破紀錄且不有效跌破頸線；距離頸線>5%禁止進場,25,C,禁止追高,已漲遠或接近目標，空手不追；持有者依策略分批處理。,False,2026-10-01,True,True,STOP,STOP 停止進場,接近目標,取消新進場，只保留觀察,只看續抱 / 減碼 / 停利 / 停損，不新增部位。,停止新進場，先保留現金，等待大盤止跌。,停止新進場，禁止顯示今日可進場。,False,False
2026-10-01,2026-10-01,收盤確認價,臺灣證券交易所 / 證券櫃檯買賣中心正式收盤；yfinance 歷史資料,只使用完整收盤日K，不使用盤中未完成K,上櫃,5878,台名,37.85,37.9,37.85,37.96,38.04,38.13,38.42,40.32,-2.57,0.0,False,3315,3366,125472,128342,0.27,False,True,57.36,一般K,,False,False,False,False,0,False,C級：已漲遠或接近目標，禁止追高,條件不足,接近成形,38.7,37.85,39.55,接近成形＋可觀察,39.47,38.7,39.47,40.66,37.54,4.9,低,-2.2,4.3,0.04,0.19,39.47,0.0,False,True,True,接近目標區，只給持有者分批停利參考，空手不追高,頸線以當日前20日高點計算；收盤站上頸線 38.7 至少2%；成交量>=20日均量2倍；不可長上影；回踩須有近10日突破紀錄且不有效跌破頸線；距離頸線>5%禁止進場,25,C,禁止追高,已漲遠或接近目標，空手不追；持有者依策略分批處理。,False,2026-10-01,True,True,STOP,STOP 停止進場,接近目標,取消新進場，只保留觀察,只看續抱 / 減碼 / 停利 / 停損，不新增部位。,停止新進場，先保留現金，等待大盤止跌。,停止新進場，禁止顯示今日可進場。,False,False
2026-10-01,2026-10-01,收盤確認價,臺灣證券交易所 / 證券櫃檯買賣中心正式收盤；yfinance 歷史資料,只使用完整收盤日K，不使用盤中未完成K,上市,1234,黑松,32.9,32.9,32.8,32.98,33.06,33.19,33.43,35.64,-0.6,-0.3,False,90393,83043,2973929,2755786,0.38,False,True,17.22,一般K,,False,False,False,False,0,False,C級：已漲遠或接近目標，禁止追高,條件不足,接近成形,33.6,32.9,34.3,接近成形＋可觀察,34.27,33.6,34.27,35.3,32.59,4.9,低,-2.08,4.5,0.02,0.08,34.27,0.0,False,True,True,接近目標區，只給持有者分批停利參考，空手不追高,頸線以當日前20日高點計算；收盤站上頸線 33.6 至少2%；成交量>=20日均量2倍；不可長上影；回踩須有近10日突破紀錄且不有效跌破頸線；距離頸線>5%禁止進場,25,C,禁止追高,已漲遠或接近目標，空手不追；持有者依策略分批處理。,False,2026-10-01,True,True,STOP,STOP 停止進場,接近目標,取消新進場，只保留觀察,只看續抱 / 減碼 / 停利 / 停損，不新增部位。,停止新進場，先保留現金，等待大盤止跌。,停止新進場，禁止顯示今日可進場。,False,False
2026-10-01,2026-10-01,收盤確認價,臺灣證券交易所 / 證券櫃檯買賣中心正式收盤；yfinance 歷史資料,只使用完整收盤日K，不使用盤中未完成K,上櫃,4111,濟生,28.85,28.9,28.7,28.81,28.8,28.78,29.49,29.71,-5.1,-0.17,False,22991,36460,663290,1048717,0.39,False,True,49.71,一般K,,False,False,False,False,0,False,C級：已漲遠或接近目標，禁止追高,條件不足,箱型突破,28.95,28.4,29.5,接近成形＋可觀察,29.53,28.95,29.53,30.41,28.08,4.9,低,-0.35,5.25,0.0,0.0,29.53,0.0,False,True,True,接近目標區，只給持有者分批停利參考，空手不追高,頸線以當日前20日高點計算；收盤站上頸線 28.95 至少2%；成交量>=20日均量2倍；不可長上影；回踩須有近10日突破紀錄且不有效跌破頸線；距離頸線>5%禁止進場,25,C,禁止追高,已漲遠或接近目標，空手不追；持有者依策略分批處理。,False,2026-10-01,True,True,STOP,STOP 停止進場,接近目標,取消新進場，只保留觀察,只看續抱 / 減碼 / 停利 / 停損，不新增部位。,停止新進場，先保留現金，等待大盤止跌。,停止新進場，禁止顯示今日可進場。,False,False
2026-10-01,2026-10-01,收盤確認價,臺灣證券交易所 / 證券櫃檯買賣中心正式收盤；yfinance 歷史資料,只使用完整收盤日K，不使用盤中未完成K,上櫃,8049,晶采,24.8,24.85,24.5,24.57,24.52,24.49,25.26,25.75,-6.59,0.81,False,188969,119131,4686431,2916939,0.43,False,True,16.49,紅K突破,,False,False,False,False,0,False,C級：已漲遠或接近目標，禁止追高,條件不足,箱型突破,24.7,24.2,25.2,接近成形＋可觀察,25.19,24.7,25.19,25.95,23.96,4.9,低,0.4,7.46,0.0,0.02,25.19,0.2,False,True,True,接近目標區，只給持有者分批停利參考，空手不追高,頸線以當日前20日高點計算；收盤站上頸線 24.7 至少2%；成交量>=20日均量2倍；不可長上影；回踩須有近10日突破紀錄且不有效跌破頸線；距離頸線>5%禁止進場,25,C,禁止追高,已漲遠或接近目標，空手不追；持有者依策略分批處理。,False,2026-10-01,True,True,STOP,STOP 停止進場,接近目標,取消新進場，只保留觀察,只看續抱 / 減碼 / 停利 / 停損，不新增部位。,停止新進場，先保留現金，等待大盤止跌。,停止新進場，禁止顯示今日可進場。,False,False
2026-10-01,2026-10-01,收盤確認價,臺灣證券交易所 / 證券櫃檯買賣中心正式收盤；yfinance 歷史資料,只使用完整收盤日K，不使用盤中未完成K,上市,1720,生達,56.1,56.1,55.9,56.16,56.08,56.09,56.74,55.91,-2.97,-0.36,False,74151,154534,4159871,8667475,0.35,False,True,37.61,一般K,,False,False,False,False,0,False,C級：已漲遠或接近目標，禁止追高,條件不足,箱型突破,56.8,55.7,57.9,接近成形＋可觀察,57.94,56.8,57.94,59.67,55.1,4.9,低,-1.23,4.92,0.0,0.0,57.94,0.0,False,True,True,接近目標區，只給持有者分批停利參考，空手不追高,頸線以當日前20日高點計算；收盤站上頸線 56.8 至少2%；成交量>=20日均量2倍；不可長上影；回踩須有近10日突破紀錄且不有效跌破頸線；距離頸線>5%禁止進場,25,C,禁止追高,已漲遠或接近目標，空手不追；持有者依策略分批處理。,False,2026-10-01,True,True,STOP,STOP 停止進場,接近目標,取消新進場，只保留觀察,只看續抱 / 減碼 / 停利 / 停損，不新增部位。,停止新進場，先保留現金，等待大盤止跌。,停止新進場，禁止顯示今日可進場。,False,False
2026-10-01,2026-10-01,收盤確認價,臺灣證券交易所 / 證券櫃檯買賣中心正式收盤；yfinance 歷史資料,只使用完整收盤日K，不使用盤中未完成K,上櫃,1788,杏昌,127.5,128.0,127.5,127.8,127.85,128.05,129.29,134.3,-1.54,-0.39,False,13851,12862,1766002,1646468,0.23,False,True,42.36,一般K,,False,False,False,False,0,False,C級：已漲遠或接近目標，禁止追高,條件不足,箱型突破,130.0,127.5,132.5,接近成形＋可觀察,132.6,130.0,132.6,136.58,126.1,4.9,低,-1.92,3.04,0.0,0.0,132.6,0.0,False,True,True,接近目標區，只給持有者分批停利參考，空手不追高,頸線以當日前20日高點計算；收盤站上頸線 130.0 至少2%；成交量>=20日均量2倍；不可長上影；回踩須有近10日突破紀錄且不有效跌破頸線；距離頸線>5%禁止進場,25,C,禁止追高,已漲遠或接近目標，空手不追；持有者依策略分批處理。,False,2026-10-01,True,True,STOP,STOP 停止進場,接近目標,取消新進場，只保留觀察,只看續抱 / 減碼 / 停利 / 停損，不新增部位。,停止新進場，先保留現金，等待大盤止跌。,停止新進場，禁止顯示今日可進場。,False,False
2026-10-01,2026-10-01,收盤確認價,臺灣證券交易所 / 證券櫃檯買賣中心正式收盤；yfinance 歷史資料,只使用完整收盤日K，不使用盤中未完成K,上櫃,4503,金雨,24.15,24.3,23.9,24.09,23.57,23.4,28.84,39.04,-44.61,0.0,False,81887,141427,1977571,3321534,1.68,False,True,25.5,一般K,,False,False,False,False,0,False,C級：已漲遠或接近目標，禁止追高,條件不足,接近成形,25.15,22.23,28.15,接近成形＋可觀察,25.65,25.15,25.65,26.42,24.4,4.9,低,-3.98,45.61,1.99,9.73,25.65,0.62,False,False,True,距離頸線或前高過遠，禁止追高,頸線以當日前20日高點計算；收盤站上頸線 25.15 至少2%；成交量>=20日均量2倍；不可長上影；回踩須有近10日突破紀錄且不有效跌破頸線；距離頸線>5%禁止進場,22,C,禁止追高,已漲遠或接近目標，空手不追；持有者依策略分批處理。,False,2026-10-01,True,True,STOP,STOP 停止進場,觀察,取消新進場，只保留觀察,只看續抱 / 減碼 / 停利 / 停損，不新增部位。,停止新進場，先保留現金，等待大盤止跌。,停止新進場，禁止顯示今日可進場。,False,False
2026-10-01,2026-10-01,收盤確認價,臺灣證券交易所 / 證券櫃檯買賣中心正式收盤；yfinance 歷史資料,只使用完整收盤日K，不使用盤中未完成K,上櫃,4513,福裕,16.4,16.4,16.0,16.36,16.26,15.96,17.36,17.26,-5.48,1.23,False,204332,200593,3351044,3224686,1.33,False,True,36.78,紅K突破,,False,False,False,False,0,False,C級：已漲遠或接近目標，禁止追高,條件不足,接近成形,17.0,15.16,18.9,接近成形＋可觀察,17.34,17.0,17.34,17.86,16.49,4.9,低,-3.53,31.52,1.84,9.0,17.34,0.0,False,False,True,距離頸線或前高過遠，禁止追高,頸線以當日前20日高點計算；收盤站上頸線 17.0 至少2%；成交量>=20日均量2倍；不可長上影；回踩須有近10日突破紀錄且不有效跌破頸線；距離頸線>5%禁止進場,22,C,禁止追高,已漲遠或接近目標，空手不追；持有者依策略分批處理。,False,2026-10-01,True,True,STOP,STOP 停止進場,觀察,取消新進場，只保留觀察,只看續抱 / 減碼 / 停利 / 停損，不新增部位。,停止新進場，先保留現金，等待大盤止跌。,停止新進場，禁止顯示今日可進場。,False,False
2026-10-01,2026-10-01,收盤確認價,臺灣證券交易所 / 證券櫃檯買賣中心正式收盤；yfinance 歷史資料,只使用完整收盤日K，不使用盤中未完成K,上櫃,6151,晉倫,34.65,35.0,34.5,34.83,34.86,34.82,35.68,33.73,-11.38,-0.29,False,94338,97717,3268811,3403337,1.01,False,True,32.53,一般K,,False,False,False,False,0,False,C級：已漲遠或接近目標，禁止追高,條件不足,接近成形,36.3,33.75,40.35,接近成形＋可觀察,37.03,36.3,37.03,38.14,35.21,4.9,低,-4.55,12.61,1.83,8.98,37.03,0.0,False,False,True,距離頸線或前高過遠，禁止追高,頸線以當日前20日高點計算；收盤站上頸線 36.3 至少2%；成交量>=20日均量2倍；不可長上影；回踩須有近10日突破紀錄且不有效跌破頸線；距離頸線>5%禁止進場,22,C,禁止追高,已漲遠或接近目標，空手不追；持有者依策略分批處理。,False,2026-10-01,True,True,STOP,STOP 停止進場,觀察,取消新進場，只保留觀察,只看續抱 / 減碼 / 停利 / 停損，不新增部位。,停止新進場，先保留現金，等待大盤止跌。,停止新進場，禁止顯示今日可進場。,False,False
2026-10-01,2026-10-01,收盤確認價,臺灣證券交易所 / 證券櫃檯買賣中心正式收盤；yfinance 歷史資料,只使用完整收盤日K，不使用盤中未完成K,上市,1471,首利,9.49,9.49,9.37,9.42,9.42,9.53,9.69,10.44,-8.75,0.32,False,88354,184547,838479,1759194,1.16,False,True,42.89,紅K突破,,False,False,False,False,0,False,C級：已漲遠或接近目標，禁止追高,條件不足,接近成形,9.95,9.23,11.02,接近成形＋可觀察,10.15,9.95,10.15,10.45,9.65,4.9,低,-4.62,11.31,1.75,8.58,10.15,0.0,False,False,True,距離頸線或前高過遠，禁止追高,頸線以當日前20日高點計算；收盤站上頸線 9.95 至少2%；成交量>=20日均量2倍；不可長上影；回踩須有近10日突破紀錄且不有效跌破頸線；距離頸線>5%禁止進場,22,C,禁止追高,已漲遠或接近目標，空手不追；持有者依策略分批處理。,False,2026-10-01,True,True,STOP,STOP 停止進場,觀察,取消新進場，只保留觀察,只看續抱 / 減碼 / 停利 / 停損，不新增部位。,停止新進場，先保留現金，等待大盤止跌。,停止新進場，禁止顯示今日可進場。,False,False
2026-10-01,2026-10-01,收盤確認價,臺灣證券交易所 / 證券櫃檯買賣中心正式收盤；yfinance 歷史資料,只使用完整收盤日K，不使用盤中未完成K,上櫃,3527,聚積,51.4,52.9,51.4,51.66,50.98,50.59,52.74,56.65,-18.28,-3.2,False,75813,66181,3896788,3349869,1.67,False,True,19.84,一般K,,False,False,False,False,0,False,C級：已漲遠或接近目標，禁止追高,條件不足,接近成形,53.1,48.15,58.7,接近成形＋可觀察,54.16,53.1,54.16,55.79,51.51,4.9,低,-3.2,20.92,1.71,8.38,54.16,0.0,False,False,True,距離頸線或前高過遠，禁止追高,頸線以當日前20日高點計算；收盤站上頸線 53.1 至少2%；成交量>=20日均量2倍；不可長上影；回踩須有近10日突破紀錄且不有效跌破頸線；距離頸線>5%禁止進場,22,C,禁止追高,已漲遠或接近目標，空手不追；持有者依策略分批處理。,False,2026-10-01,True,True,STOP,STOP 停止進場,觀察,取消新進場，只保留觀察,只看續抱 / 減碼 / 停利 / 停損，不新增部位。,停止新進場，先保留現金，等待大盤止跌。,停止新進場，禁止顯示今日可進場。,False,False
2026-10-01,2026-10-01,收盤確認價,臺灣證券交易所 / 證券櫃檯買賣中心正式收盤；yfinance 歷史資料,只使用完整收盤日K，不使用盤中未完成K,上市,1723,中碳,79.7,81.0,79.5,80.32,80.47,82.16,84.52,79.23,-3.51,-1.24,False,767219,553575,61147354,45680267,0.94,True,True,49.19,一般K,,False,False,False,False,0,False,C級：已漲遠或接近目標，禁止追高,條件不足,接近成形,89.4,80.0,98.8,接近成形＋可觀察,91.19,89.4,91.19,93.92,86.72,4.9,低,-10.85,13.93,1.7,8.35,91.19,0.5,False,False,True,距離頸線或前高過遠，禁止追高,頸線以當日前20日高點計算；收盤站上頸線 89.4 至少2%；成交量>=20日均量2倍；不可長上影；回踩須有近10日突破紀錄且不有效跌破頸線；距離頸線>5%禁止進場,22,C,禁止追高,已漲遠或接近目標，空手不追；持有者依策略分批處理。,False,2026-10-01,True,True,STOP,STOP 停止進場,觀察,取消新進場，只保留觀察,只看續抱 / 減碼 / 停利 / 停損，不新增部位。,停止新進場，先保留現金，等待大盤止跌。,停止新進場，禁止顯示今日可進場。,False,False
2026-10-01,2026-10-01,收盤確認價,臺灣證券交易所 / 證券櫃檯買賣中心正式收盤；yfinance 歷史資料,只使用完整收盤日K，不使用盤中未完成K,上櫃,6220,岳豐,25.3,25.4,25.05,25.22,25.2,25.42,27.03,28.79,-27.09,0.4,False,93501,118082,2365575,3001388,0.54,False,True,39.73,紅K突破,,False,False,False,False,0,False,C級：已漲遠或接近目標，禁止追高,條件不足,接近成形,26.4,24.8,29.15,接近成形＋可觀察,26.93,26.4,26.93,27.74,25.61,4.9,低,-4.17,31.34,1.68,8.25,26.93,0.4,False,False,True,距離頸線或前高過遠，禁止追高,頸線以當日前20日高點計算；收盤站上頸線 26.4 至少2%；成交量>=20日均量2倍；不可長上影；回踩須有近10日突破紀錄且不有效跌破頸線；距離頸線>5%禁止進場,22,C,禁止追高,已漲遠或接近目標，空手不追；持有者依策略分批處理。,False,2026-10-01,True,True,STOP,STOP 停止進場,觀察,取消新進場，只保留觀察,只看續抱 / 減碼 / 停利 / 停損，不新增部位。,停止新進場，先保留現金，等待大盤止跌。,停止新進場，禁止顯示今日可進場。,False,False
2026-10-01,2026-10-01,收盤確認價,臺灣證券交易所 / 證券櫃檯買賣中心正式收盤；yfinance 歷史資料,只使用完整收盤日K，不使用盤中未完成K,上市,1795,美時,177.0,180.0,177.0,177.3,177.9,178.45,184.62,236.68,-14.41,-1.12,False,681616,657425,120646032,117259955,1.16,True,True,45.93,一般K,,False,False,False,False,0,False,C級：已漲遠或接近目標，禁止追高,條件不足,接近成形,187.5,170.5,206.69,接近成形＋可觀察,191.25,187.5,191.25,196.99,181.88,4.9,低,-5.6,17.37,1.65,8.07,191.25,1.41,False,False,True,距離頸線或前高過遠，禁止追高,頸線以當日前20日高點計算；收盤站上頸線 187.5 至少2%；成交量>=20日均量2倍；不可長上影；回踩須有近10日突破紀錄且不有效跌破頸線；距離頸線>5%禁止進場,22,C,禁止追高,已漲遠或接近目標，空手不追；持有者依策略分批處理。,False,2026-10-01,True,True,STOP,STOP 停止進場,觀察,取消新進場，只保留觀察,只看續抱 / 減碼 / 停利 / 停損，不新增部位。,停止新進場，先保留現金，等待大盤止跌。,停止新進場，禁止顯示今日可進場。,False,False
2026-10-01,2026-10-01,收盤確認價,臺灣證券交易所 / 證券櫃檯買賣中心正式收盤；yfinance 歷史資料,只使用完整收盤日K，不使用盤中未完成K,上市,1736,喬山,127.5,130.0,127.0,127.5,126.5,125.97,129.84,135.86,-3.41,-0.78,False,100252,375997,12782130,47290322,1.88,False,True,41.69,一般K,,False,False,False,False,0,False,C級：已漲遠或接近目標，禁止追高,條件不足,接近成形,133.5,121.5,147.0,接近成形＋可觀察,136.17,133.5,136.17,140.26,129.5,4.9,低,-4.49,13.85,1.62,7.95,136.17,0.0,False,False,True,距離頸線或前高過遠，禁止追高,頸線以當日前20日高點計算；收盤站上頸線 133.5 至少2%；成交量>=20日均量2倍；不可長上影；回踩須有近10日突破紀錄且不有效跌破頸線；距離頸線>5%禁止進場,22,C,禁止追高,已漲遠或接近目標，空手不追；持有者依策略分批處理。,False,2026-10-01,True,True,STOP,STOP 停止進場,觀察,取消新進場，只保留觀察,只看續抱 / 減碼 / 停利 / 停損，不新增部位。,停止新進場，先保留現金，等待大盤止跌。,停止新進場，禁止顯示今日可進場。,False,False
2026-10-01,2026-10-01,收盤確認價,臺灣證券交易所 / 證券櫃檯買賣中心正式收盤；yfinance 歷史資料,只使用完整收盤日K，不使用盤中未完成K,上市,1342,八貫,100.0,100.5,99.6,100.6,100.59,101.05,104.48,95.94,-10.31,0.0,False,108543,113888,10854300,11529249,0.9,False,True,33.41,一般K,,False,False,False,False,0,False,C級：已漲遠或接近目標，禁止追高,條件不足,接近成形,105.0,98.4,115.1,接近成形＋可觀察,107.1,105.0,107.1,110.31,101.85,4.9,低,-4.76,15.97,1.52,7.47,107.1,0.5,False,False,True,距離頸線或前高過遠，禁止追高,頸線以當日前20日高點計算；收盤站上頸線 105.0 至少2%；成交量>=20日均量2倍；不可長上影；回踩須有近10日突破紀錄且不有效跌破頸線；距離頸線>5%禁止進場,22,C,禁止追高,已漲遠或接近目標，空手不追；持有者依策略分批處理。,False,2026-10-01,True,True,STOP,STOP 停止進場,觀察,取消新進場，只保留觀察,只看續抱 / 減碼 / 停利 / 停損，不新增部位。,停止新進場，先保留現金，等待大盤止跌。,停止新進場，禁止顯示今日可進場。,False,False
2026-10-01,2026-10-01,收盤確認價,臺灣證券交易所 / 證券櫃檯買賣中心正式收盤；yfinance 歷史資料,只使用完整收盤日K，不使用盤中未完成K,上櫃,5450,南良,14.6,14.9,14.6,14.73,14.7,14.64,14.97,14.19,-4.89,-1.35,False,153181,86153,2236442,1261671,1.1,False,True,27.94,一般K,,False,False,False,False,0,False,C級：已漲遠或接近目標，禁止追高,條件不足,三角收斂突破,15.2,14.2,16.65,接近成形＋可觀察,15.5,15.2,15.5,15.97,14.74,4.9,低,-3.95,29.13,1.51,7.39,15.5,1.03,False,False,True,距離頸線或前高過遠，禁止追高,頸線以當日前20日高點計算；收盤站上頸線 15.2 至少2%；成交量>=20日均量2倍；不可長上影；回踩須有近10日突破紀錄且不有效跌破頸線；距離頸線>5%禁止進場,22,C,禁止追高,已漲遠或接近目標，空手不追；持有者依策略分批處理。,False,2026-10-01,True,True,STOP,STOP 停止進場,觀察,取消新進場，只保留觀察,只看續抱 / 減碼 / 停利 / 停損，不新增部位。,停止新進場，先保留現金，等待大盤止跌。,停止新進場，禁止顯示今日可進場。,False,False
2026-10-01,2026-10-01,收盤確認價,臺灣證券交易所 / 證券櫃檯買賣中心正式收盤；yfinance 歷史資料,只使用完整收盤日K，不使用盤中未完成K,上市,1722,台肥,41.15,41.6,41.15,41.38,41.74,42.81,44.99,46.56,-14.36,-0.96,False,1602478,3036283,65941969,129868175,0.72,True,True,58.33,一般K,,False,False,False,False,0,False,C級：已漲遠或接近目標，禁止追高,條件不足,接近成形,45.25,40.95,49.55,接近成形＋可觀察,46.16,45.25,46.16,47.54,43.89,4.9,低,-9.06,15.15,1.5,7.36,46.16,0.24,False,False,True,距離頸線或前高過遠，禁止追高,頸線以當日前20日高點計算；收盤站上頸線 45.25 至少2%；成交量>=20日均量2倍；不可長上影；回踩須有近10日突破紀錄且不有效跌破頸線；距離頸線>5%禁止進場,22,C,禁止追高,已漲遠或接近目標，空手不追；持有者依策略分批處理。,False,2026-10-01,True,True,STOP,STOP 停止進場,觀察,取消新進場，只保留觀察,只看續抱 / 減碼 / 停利 / 停損，不新增部位。,停止新進場，先保留現金，等待大盤止跌。,停止新進場，禁止顯示今日可進場。,False,False
2026-10-01,2026-10-01,收盤確認價,臺灣證券交易所 / 證券櫃檯買賣中心正式收盤；yfinance 歷史資料,只使用完整收盤日K，不使用盤中未完成K,上櫃,4188,安克,14.3,15.45,14.2,14.3,14.06,14.16,11.95,13.08,34.27,0.35,False,250745,254610,3585653,3659813,4.9,False,True,27.77,一般K,,True,False,False,True,2,False,C級：已漲遠或接近目標，禁止追高,趨勢多頭、價量條件足,旗型整理突破,15.9,13.45,22.74,接近成形＋可觀察,16.22,15.9,16.22,16.7,15.42,4.9,低,-10.06,18.98,8.2,40.21,16.22,7.34,False,False,True,距離頸線或前高過遠，禁止追高,頸線以當日前20日高點計算；收盤站上頸線 15.9 至少2%；成交量>=20日均量2倍；不可長上影；回踩須有近10日突破紀錄且不有效跌破頸線；距離頸線>5%禁止進場,20,C,禁止追高,已漲遠或接近目標，空手不追；持有者依策略分批處理。,False,2026-10-01,True,True,STOP,STOP 停止進場,觀察,取消新進場，只保留觀察,只看續抱 / 減碼 / 停利 / 停損，不新增部位。,停止新進場，先保留現金，等待大盤止跌。,停止新進場，禁止顯示今日可進場。,False,False
2026-10-01,2026-10-01,收盤確認價,臺灣證券交易所 / 證券櫃檯買賣中心正式收盤；yfinance 歷史資料,只使用完整收盤日K，不使用盤中未完成K,上櫃,3287,廣寰科,41.65,42.5,41.45,41.48,40.79,38.27,34.43,31.64,36.33,-1.19,False,408293,603019,17005403,24626743,3.54,False,True,34.3,一般K,,True,False,False,True,2,False,C級：已漲遠或接近目標，禁止追高,趨勢多頭、價量條件足,旗型整理突破,39.45,36.36,52.05,接近成形＋可觀察,40.24,39.45,40.24,41.45,38.27,4.9,低,5.58,7.44,5.99,29.35,40.24,0.72,True,False,True,距離頸線或前高過遠，禁止追高,頸線以當日前20日高點計算；收盤站上頸線 39.45 至少2%；成交量>=20日均量2倍；不可長上影；回踩須有近10日突破紀錄且不有效跌破頸線；距離頸線>5%禁止進場,20,C,禁止追高,已漲遠或接近目標，空手不追；持有者依策略分批處理。,False,2026-10-01,True,True,STOP,STOP 停止進場,觀察,取消新進場，只保留觀察,只看續抱 / 減碼 / 停利 / 停損，不新增部位。,停止新進場，先保留現金，等待大盤止跌。,停止新進場，禁止顯示今日可進場。,False,False
2026-10-01,2026-10-01,收盤確認價,臺灣證券交易所 / 證券櫃檯買賣中心正式收盤；yfinance 歷史資料,只使用完整收盤日K，不使用盤中未完成K,上櫃,4905,台聯電,84.1,84.1,77.2,78.6,78.36,80.85,76.64,71.49,25.15,9.93,True,217725,36623,18310672,2992465,2.98,False,True,42.46,紅K突破,,True,True,False,False,2,False,C級：已漲遠或接近目標，禁止追高,趨勢多頭、量能放大,旗型整理突破,91.4,76.81,119.3,接近成形＋可觀察,93.23,91.4,93.23,96.02,88.66,4.9,低,-7.99,15.9,5.71,27.97,93.23,0.0,False,False,True,距離頸線或前高過遠，禁止追高,頸線以當日前20日高點計算；收盤站上頸線 91.4 至少2%；成交量>=20日均量2倍；不可長上影；回踩須有近10日突破紀錄且不有效跌破頸線；距離頸線>5%禁止進場,20,C,禁止追高,已漲遠或接近目標，空手不追；持有者依策略分批處理。,False,2026-10-01,True,True,STOP,STOP 停止進場,觀察,取消新進場，只保留觀察,只看續抱 / 減碼 / 停利 / 停損，不新增部位。,停止新進場，先保留現金，等待大盤止跌。,停止新進場，禁止顯示今日可進場。,False,False
2026-10-01,2026-10-01,收盤確認價,臺灣證券交易所 / 證券櫃檯買賣中心正式收盤；yfinance 歷史資料,只使用完整收盤日K，不使用盤中未完成K,上櫃,6221,晉泰,30.95,32.75,30.5,31.72,30.94,26.79,23.41,27.63,39.1,-0.16,False,1572151,1229182,48658073,36763761,4.54,False,True,57.27,一般K,,True,False,False,True,2,False,C級：已漲遠或接近目標，禁止追高,趨勢多頭、價量條件足,接近成形,28.15,25.46,36.1,接近成形＋可觀察,28.71,28.15,28.71,29.57,27.31,4.9,低,9.95,8.7,5.25,25.73,28.71,5.49,True,False,True,距離頸線或前高過遠，禁止追高,頸線以當日前20日高點計算；收盤站上頸線 28.15 至少2%；成交量>=20日均量2倍；不可長上影；回踩須有近10日突破紀錄且不有效跌破頸線；距離頸線>5%禁止進場,20,C,禁止追高,已漲遠或接近目標，空手不追；持有者依策略分批處理。,False,2026-10-01,True,True,STOP,STOP 停止進場,觀察,取消新進場，只保留觀察,只看續抱 / 減碼 / 停利 / 停損，不新增部位。,停止新進場，先保留現金，等待大盤止跌。,停止新進場，禁止顯示今日可進場。,False,False
2026-10-01,2026-10-01,收盤確認價,臺灣證券交易所 / 證券櫃檯買賣中心正式收盤；yfinance 歷史資料,只使用完整收盤日K，不使用盤中未完成K,上櫃,7547,碩網,64.1,68.0,64.0,61.52,56.0,52.95,52.53,62.43,10.9,-1.08,False,239794,96398,15370795,5899236,3.42,False,True,31.19,一般K,,True,True,False,False,2,False,C級：已漲遠或接近目標，禁止追高,趨勢多頭、量能放大,旗型整理突破,59.4,50.3,74.55,接近成形＋可觀察,60.59,59.4,60.59,62.41,57.62,4.9,低,7.91,3.32,4.7,23.04,60.59,4.52,True,False,True,距離頸線或前高過遠，禁止追高,頸線以當日前20日高點計算；收盤站上頸線 59.4 至少2%；成交量>=20日均量2倍；不可長上影；回踩須有近10日突破紀錄且不有效跌破頸線；距離頸線>5%禁止進場,20,C,禁止追高,已漲遠或接近目標，空手不追；持有者依策略分批處理。,False,2026-10-01,True,True,STOP,STOP 停止進場,觀察,取消新進場，只保留觀察,只看續抱 / 減碼 / 停利 / 停損，不新增部位。,停止新進場，先保留現金，等待大盤止跌。,停止新進場，禁止顯示今日可進場。,False,False
2026-10-01,2026-10-01,收盤確認價,臺灣證券交易所 / 證券櫃檯買賣中心正式收盤；yfinance 歷史資料,只使用完整收盤日K，不使用盤中未完成K,上櫃,9960,邁達康,37.5,41.05,37.35,39.43,35.82,33.25,32.24,26.98,11.94,-9.64,False,158632,67232,5948700,2401672,4.42,False,True,34.54,長黑,,True,True,False,False,2,False,C級：已漲遠或接近目標，禁止追高,趨勢多頭、量能放大,接近成形,35.35,31.59,41.65,接近成形＋可觀察,36.06,35.35,36.06,37.14,34.29,4.9,低,6.08,10.61,3.16,15.51,36.06,3.6,True,False,True,距離頸線或前高過遠，禁止追高,頸線以當日前20日高點計算；收盤站上頸線 35.35 至少2%；成交量>=20日均量2倍；不可長上影；回踩須有近10日突破紀錄且不有效跌破頸線；距離頸線>5%禁止進場,20,C,禁止追高,已漲遠或接近目標，空手不追；持有者依策略分批處理。,False,2026-10-01,True,True,STOP,STOP 停止進場,接近目標,取消新進場，只保留觀察,只看續抱 / 減碼 / 停利 / 停損，不新增部位。,停止新進場，先保留現金，等待大盤止跌。,停止新進場，禁止顯示今日可進場。,False,False
2026-10-01,2026-10-01,收盤確認價,臺灣證券交易所 / 證券櫃檯買賣中心正式收盤；yfinance 歷史資料,只使用完整收盤日K，不使用盤中未完成K,上櫃,6716,應廣,117.5,117.5,113.0,115.7,116.75,118.3,107.67,79.28,15.76,3.07,False,410994,672269,48291795,80481145,3.37,False,True,16.53,紅K突破,IC設計 MCU 半導體,False,False,True,False,1,False,C級：已漲遠或接近目標，禁止追高,題材命中,旗型整理突破,138.0,112.5,207.3,接近成形＋可觀察,140.76,138.0,140.76,144.98,133.86,4.9,低,-14.86,16.07,9.64,47.27,140.76,0.0,False,False,True,距離頸線或前高過遠，禁止追高,頸線以當日前20日高點計算；收盤站上頸線 138.0 至少2%；成交量>=20日均量2倍；不可長上影；回踩須有近10日突破紀錄且不有效跌破頸線；距離頸線>5%禁止進場,20,C,禁止追高,已漲遠或接近目標，空手不追；持有者依策略分批處理。,False,2026-10-01,True,True,STOP,STOP 停止進場,觀察,取消新進場，只保留觀察,只看續抱 / 減碼 / 停利 / 停損，不新增部位。,停止新進場，先保留現金，等待大盤止跌。,停止新進場，禁止顯示今日可進場。,False,False
2026-10-01,2026-10-01,收盤確認價,臺灣證券交易所 / 證券櫃檯買賣中心正式收盤；yfinance 歷史資料,只使用完整收盤日K，不使用盤中未完成K,上櫃,6872,浩宇生醫,23.0,24.05,23.0,23.32,22.88,22.2,17.78,18.68,36.09,-4.37,False,175341,389730,4032843,9164379,7.01,False,True,49.32,長黑,,True,False,False,False,1,False,C級：已漲遠或接近目標，禁止追高,趨勢多頭,接近成形,27.05,21.09,40.3,接近成形＋可觀察,27.59,27.05,27.59,28.42,26.24,4.9,低,-14.97,14.97,9.4,46.06,27.59,0.0,False,False,True,距離頸線或前高過遠，禁止追高,頸線以當日前20日高點計算；收盤站上頸線 27.05 至少2%；成交量>=20日均量2倍；不可長上影；回踩須有近10日突破紀錄且不有效跌破頸線；距離頸線>5%禁止進場,20,C,禁止追高,已漲遠或接近目標，空手不追；持有者依策略分批處理。,False,2026-10-01,True,True,STOP,STOP 停止進場,觀察,取消新進場，只保留觀察,只看續抱 / 減碼 / 停利 / 停損，不新增部位。,停止新進場，先保留現金，等待大盤止跌。,停止新進場，禁止顯示今日可進場。,False,False
2026-10-01,2026-10-01,收盤確認價,臺灣證券交易所 / 證券櫃檯買賣中心正式收盤；yfinance 歷史資料,只使用完整收盤日K，不使用盤中未完成K,上櫃,6103,合邦,36.9,39.0,36.9,39.02,37.32,36.08,33.0,36.5,23.62,-3.66,False,14263,45508,526304,1738520,7.33,False,True,23.06,一般K,,True,False,False,False,1,False,C級：已漲遠或接近目標，禁止追高,趨勢多頭,接近成形,46.9,34.28,68.15,接近成形＋可觀察,47.84,46.9,47.84,49.27,45.49,4.9,低,-21.32,21.49,8.66,42.46,47.84,1.9,False,False,True,距離頸線或前高過遠，禁止追高,頸線以當日前20日高點計算；收盤站上頸線 46.9 至少2%；成交量>=20日均量2倍；不可長上影；回踩須有近10日突破紀錄且不有效跌破頸線；距離頸線>5%禁止進場,20,C,禁止追高,已漲遠或接近目標，空手不追；持有者依策略分批處理。,False,2026-10-01,True,True,STOP,STOP 停止進場,觀察,取消新進場，只保留觀察,只看續抱 / 減碼 / 停利 / 停損，不新增部位。,停止新進場，先保留現金，等待大盤止跌。,停止新進場，禁止顯示今日可進場。,False,False
2026-10-01,2026-10-01,收盤確認價,臺灣證券交易所 / 證券櫃檯買賣中心正式收盤；yfinance 歷史資料,只使用完整收盤日K，不使用盤中未完成K,上櫃,3555,博士旺,167.0,168.5,164.0,168.2,170.7,180.28,167.09,147.0,-9.24,-0.89,False,27550,72437,4600850,13498715,3.49,False,True,28.03,下影線,半導體 設備 題材股,False,False,True,False,1,False,C級：已漲遠或接近目標，禁止追高,題材命中,接近成形,214.5,171.26,302.0,接近成形＋可觀察,218.79,214.5,218.79,225.35,208.06,4.9,低,-22.14,22.14,7.76,38.03,218.79,0.0,False,False,True,距離頸線或前高過遠，禁止追高,頸線以當日前20日高點計算；收盤站上頸線 214.5 至少2%；成交量>=20日均量2倍；不可長上影；回踩須有近10日突破紀錄且不有效跌破頸線；距離頸線>5%禁止進場,20,C,禁止追高,已漲遠或接近目標，空手不追；持有者依策略分批處理。,False,2026-10-01,True,True,STOP,STOP 停止進場,觀察,取消新進場，只保留觀察,只看續抱 / 減碼 / 停利 / 停損，不新增部位。,停止新進場，先保留現金，等待大盤止跌。,停止新進場，禁止顯示今日可進場。,False,False
2026-10-01,2026-10-01,收盤確認價,臺灣證券交易所 / 證券櫃檯買賣中心正式收盤；yfinance 歷史資料,只使用完整收盤日K，不使用盤中未完成K,上櫃,6240,松崗,25.3,26.0,25.25,25.42,25.02,24.57,21.37,19.31,39.01,-0.98,False,23147,122039,585619,3060969,4.2,False,True,22.39,一般K,,True,False,False,False,1,False,C級：已漲遠或接近目標，禁止追高,趨勢多頭,旗型整理突破,28.25,23.34,39.35,接近成形＋可觀察,28.82,28.25,28.82,29.68,27.4,4.9,低,-10.44,10.44,7.46,36.56,28.82,2.37,False,False,True,距離頸線或前高過遠，禁止追高,頸線以當日前20日高點計算；收盤站上頸線 28.25 至少2%；成交量>=20日均量2倍；不可長上影；回踩須有近10日突破紀錄且不有效跌破頸線；距離頸線>5%禁止進場,20,C,禁止追高,已漲遠或接近目標，空手不追；持有者依策略分批處理。,False,2026-10-01,True,True,STOP,STOP 停止進場,觀察,取消新進場，只保留觀察,只看續抱 / 減碼 / 停利 / 停損，不新增部位。,停止新進場，先保留現金，等待大盤止跌。,停止新進場，禁止顯示今日可進場。,False,False
2026-10-01,2026-10-01,收盤確認價,臺灣證券交易所 / 證券櫃檯買賣中心正式收盤；yfinance 歷史資料,只使用完整收盤日K，不使用盤中未完成K,上櫃,2070,精湛,63.0,63.7,62.2,62.18,61.81,62.01,59.62,51.05,1.45,-0.47,False,100277,114845,6317451,7197971,1.59,False,True,31.18,一般K,,True,False,False,False,1,False,C級：已漲遠或接近目標，禁止追高,趨勢多頭,旗型整理突破,71.4,58.9,99.35,接近成形＋可觀察,72.83,71.4,72.83,75.01,69.26,4.9,低,-11.76,11.89,7.43,36.42,72.83,1.11,False,False,True,距離頸線或前高過遠，禁止追高,頸線以當日前20日高點計算；收盤站上頸線 71.4 至少2%；成交量>=20日均量2倍；不可長上影；回踩須有近10日突破紀錄且不有效跌破頸線；距離頸線>5%禁止進場,20,C,禁止追高,已漲遠或接近目標，空手不追；持有者依策略分批處理。,False,2026-10-01,True,True,STOP,STOP 停止進場,觀察,取消新進場，只保留觀察,只看續抱 / 減碼 / 停利 / 停損，不新增部位。,停止新進場，先保留現金，等待大盤止跌。,停止新進場，禁止顯示今日可進場。,False,False
2026-10-01,2026-10-01,收盤確認價,臺灣證券交易所 / 證券櫃檯買賣中心正式收盤；yfinance 歷史資料,只使用完整收盤日K，不使用盤中未完成K,上櫃,8093,保銳,25.25,25.25,23.8,23.97,24.34,25.2,23.23,21.7,23.77,6.77,False,25769,32532,650667,822994,2.7,False,True,33.61,紅K突破,,True,False,False,False,1,False,C級：已漲遠或接近目標，禁止追高,趨勢多頭,旗型整理突破,28.6,23.94,39.0,接近成形＋可觀察,29.17,28.6,29.17,30.05,27.74,4.9,低,-11.71,12.78,6.87,33.69,29.17,0.0,False,False,True,距離頸線或前高過遠，禁止追高,頸線以當日前20日高點計算；收盤站上頸線 28.6 至少2%；成交量>=20日均量2倍；不可長上影；回踩須有近10日突破紀錄且不有效跌破頸線；距離頸線>5%禁止進場,20,C,禁止追高,已漲遠或接近目標，空手不追；持有者依策略分批處理。,False,2026-10-01,True,True,STOP,STOP 停止進場,觀察,取消新進場，只保留觀察,只看續抱 / 減碼 / 停利 / 停損，不新增部位。,停止新進場，先保留現金，等待大盤止跌。,停止新進場，禁止顯示今日可進場。,False,False
2026-10-01,2026-10-01,收盤確認價,臺灣證券交易所 / 證券櫃檯買賣中心正式收盤；yfinance 歷史資料,只使用完整收盤日K，不使用盤中未完成K,上櫃,6597,立誠,63.0,67.1,62.0,67.38,68.4,70.63,68.05,64.35,-3.08,-8.3,False,62043,7602,3908709,511565,2.14,False,True,56.37,長黑,,False,True,False,False,1,False,C級：已漲遠或接近目標，禁止追高,量能放大,三角收斂突破,75.9,67.1,98.0,接近成形＋可觀察,77.42,75.9,77.42,79.74,73.62,4.9,低,-17.0,17.11,5.42,26.59,77.42,0.0,False,False,True,距離頸線或前高過遠，禁止追高,頸線以當日前20日高點計算；收盤站上頸線 75.9 至少2%；成交量>=20日均量2倍；不可長上影；回踩須有近10日突破紀錄且不有效跌破頸線；距離頸線>5%禁止進場,20,C,禁止追高,已漲遠或接近目標，空手不追；持有者依策略分批處理。,False,2026-10-01,True,True,STOP,STOP 停止進場,觀察,取消新進場，只保留觀察,只看續抱 / 減碼 / 停利 / 停損，不新增部位。,停止新進場，先保留現金，等待大盤止跌。,停止新進場，禁止顯示今日可進場。,False,False
2026-10-01,2026-10-01,收盤確認價,臺灣證券交易所 / 證券櫃檯買賣中心正式收盤；yfinance 歷史資料,只使用完整收盤日K，不使用盤中未完成K,上櫃,5355,佳總,7.1,7.1,6.96,6.95,6.95,6.46,6.06,6.74,15.64,0.71,False,76200,132755,541020,879782,2.82,False,True,53.67,紅K突破,,True,False,False,False,1,False,C級：已漲遠或接近目標，禁止追高,趨勢多頭,旗型整理突破,6.54,6.14,8.42,接近成形＋可觀察,6.67,6.54,6.67,6.87,6.34,4.9,低,8.56,0.0,5.35,26.22,6.67,0.0,True,False,True,距離頸線或前高過遠，禁止追高,頸線以當日前20日高點計算；收盤站上頸線 6.54 至少2%；成交量>=20日均量2倍；不可長上影；回踩須有近10日突破紀錄且不有效跌破頸線；距離頸線>5%禁止進場,20,C,禁止追高,已漲遠或接近目標，空手不追；持有者依策略分批處理。,False,2026-10-01,True,True,STOP,STOP 停止進場,觀察,取消新進場，只保留觀察,只看續抱 / 減碼 / 停利 / 停損，不新增部位。,停止新進場，先保留現金，等待大盤止跌。,停止新進場，禁止顯示今日可進場。,False,False
2026-10-01,2026-10-01,收盤確認價,臺灣證券交易所 / 證券櫃檯買賣中心正式收盤；yfinance 歷史資料,只使用完整收盤日K，不使用盤中未完成K,上櫃,6925,意藍,72.1,80.0,72.1,70.22,63.97,57.71,54.78,75.76,24.53,-2.3,False,947361,412723,68304728,28107792,5.21,False,True,50.34,一般K,,False,True,False,False,1,False,C級：已漲遠或接近目標，禁止追高,量能放大,接近成形,68.2,54.83,87.7,接近成形＋可觀察,69.56,68.2,69.56,71.65,66.15,4.9,低,5.72,3.87,5.32,26.07,69.56,8.6,True,False,True,距離頸線或前高過遠，禁止追高,頸線以當日前20日高點計算；收盤站上頸線 68.2 至少2%；成交量>=20日均量2倍；不可長上影；回踩須有近10日突破紀錄且不有效跌破頸線；距離頸線>5%禁止進場,20,C,禁止追高,已漲遠或接近目標，空手不追；持有者依策略分批處理。,False,2026-10-01,True,True,STOP,STOP 停止進場,觀察,取消新進場，只保留觀察,只看續抱 / 減碼 / 停利 / 停損，不新增部位。,停止新進場，先保留現金，等待大盤止跌。,停止新進場，禁止顯示今日可進場。,False,False
2026-10-01,2026-10-01,收盤確認價,臺灣證券交易所 / 證券櫃檯買賣中心正式收盤；yfinance 歷史資料,只使用完整收盤日K，不使用盤中未完成K,上櫃,4706,大恭,34.65,34.65,34.25,33.99,33.86,34.62,33.23,31.0,8.28,2.36,False,21018,49815,728273,1787108,4.42,False,True,11.43,紅K突破,,True,False,False,False,1,False,C級：已漲遠或接近目標，禁止追高,趨勢多頭,接近成形,43.0,32.89,54.85,接近成形＋可觀察,43.86,43.0,43.86,45.18,41.71,4.9,低,-19.42,19.42,5.11,25.06,43.86,0.0,False,False,True,距離頸線或前高過遠，禁止追高,頸線以當日前20日高點計算；收盤站上頸線 43.0 至少2%；成交量>=20日均量2倍；不可長上影；回踩須有近10日突破紀錄且不有效跌破頸線；距離頸線>5%禁止進場,20,C,禁止追高,已漲遠或接近目標，空手不追；持有者依策略分批處理。,False,2026-10-01,True,True,STOP,STOP 停止進場,觀察,取消新進場，只保留觀察,只看續抱 / 減碼 / 停利 / 停損，不新增部位。,停止新進場，先保留現金，等待大盤止跌。,停止新進場，禁止顯示今日可進場。,False,False
2026-10-01,2026-10-01,收盤確認價,臺灣證券交易所 / 證券櫃檯買賣中心正式收盤；yfinance 歷史資料,只使用完整收盤日K，不使用盤中未完成K,上櫃,4563,百德,53.5,54.4,51.6,51.38,49.27,46.85,42.36,46.34,27.08,3.48,False,519728,276505,27805448,13271562,2.35,False,True,57.35,紅K突破,,True,False,False,False,1,False,C級：已漲遠或接近目標，禁止追高,趨勢多頭,旗型整理突破,47.5,44.51,59.25,接近成形＋可觀察,48.45,47.5,48.45,49.9,46.07,4.9,低,12.63,1.71,4.55,22.29,48.45,1.68,True,False,True,距離頸線或前高過遠，禁止追高,頸線以當日前20日高點計算；收盤站上頸線 47.5 至少2%；成交量>=20日均量2倍；不可長上影；回踩須有近10日突破紀錄且不有效跌破頸線；距離頸線>5%禁止進場,20,C,禁止追高,已漲遠或接近目標，空手不追；持有者依策略分批處理。,False,2026-10-01,True,True,STOP,STOP 停止進場,接近目標,取消新進場，只保留觀察,只看續抱 / 減碼 / 停利 / 停損，不新增部位。,停止新進場，先保留現金，等待大盤止跌。,停止新進場，禁止顯示今日可進場。,False,False
2026-10-01,2026-10-01,收盤確認價,臺灣證券交易所 / 證券櫃檯買賣中心正式收盤；yfinance 歷史資料,只使用完整收盤日K，不使用盤中未完成K,上櫃,7704,明遠精密,61.2,61.7,61.0,61.56,61.59,61.19,59.93,53.6,0.49,-0.33,False,28057,38105,1717088,2330440,1.23,False,True,26.27,一般K,,True,False,False,False,1,False,C級：已漲遠或接近目標，禁止追高,趨勢多頭,接近成形,64.5,58.6,80.2,接近成形＋可觀察,65.79,64.5,65.79,67.76,62.56,4.9,低,-5.12,10.53,4.47,21.9,65.79,0.16,False,False,True,距離頸線或前高過遠，禁止追高,頸線以當日前20日高點計算；收盤站上頸線 64.5 至少2%；成交量>=20日均量2倍；不可長上影；回踩須有近10日突破紀錄且不有效跌破頸線；距離頸線>5%禁止進場,20,C,禁止追高,已漲遠或接近目標，空手不追；持有者依策略分批處理。,False,2026-10-01,True,True,STOP,STOP 停止進場,觀察,取消新進場，只保留觀察,只看續抱 / 減碼 / 停利 / 停損，不新增部位。,停止新進場，先保留現金，等待大盤止跌。,停止新進場，禁止顯示今日可進場。,False,False
2026-10-01,2026-10-01,收盤確認價,臺灣證券交易所 / 證券櫃檯買賣中心正式收盤；yfinance 歷史資料,只使用完整收盤日K，不使用盤中未完成K,上櫃,4529,淳紳,3.33,3.33,3.33,3.31,3.38,3.53,3.88,3.94,-29.89,0.0,False,3000,25647,9990,91570,1.67,False,True,62.9,資料不足,電動車 車用 題材股,False,False,True,False,1,False,C級：已漲遠或接近目標，禁止追高,題材命中,接近成形,4.05,3.36,5.03,接近成形＋可觀察,4.13,4.05,4.13,4.25,3.93,4.9,低,-17.78,32.73,4.44,21.76,4.13,0.0,False,False,True,距離頸線或前高過遠，禁止追高,頸線以當日前20日高點計算；收盤站上頸線 4.05 至少2%；成交量>=20日均量2倍；不可長上影；回踩須有近10日突破紀錄且不有效跌破頸線；距離頸線>5%禁止進場,20,C,禁止追高,已漲遠或接近目標，空手不追；持有者依策略分批處理。,False,2026-10-01,True,True,STOP,STOP 停止進場,觀察,取消新進場，只保留觀察,只看續抱 / 減碼 / 停利 / 停損，不新增部位。,停止新進場，先保留現金，等待大盤止跌。,停止新進場，禁止顯示今日可進場。,False,False
2026-10-01,2026-10-01,收盤確認價,臺灣證券交易所 / 證券櫃檯買賣中心正式收盤；yfinance 歷史資料,只使用完整收盤日K，不使用盤中未完成K,上櫃,6590,普鴻,65.1,65.7,65.1,66.38,67.35,63.51,59.21,61.78,8.82,-1.21,False,16124,46173,1049672,3066219,3.55,False,True,66.06,一般K,,True,False,False,False,1,False,C級：已漲遠或接近目標，禁止追高,趨勢多頭,接近成形,68.7,60.34,85.14,接近成形＋可觀察,70.07,68.7,70.07,72.18,66.64,4.9,低,-5.24,13.2,4.39,21.5,70.07,0.0,True,False,True,距離頸線或前高過遠，禁止追高,頸線以當日前20日高點計算；收盤站上頸線 68.7 至少2%；成交量>=20日均量2倍；不可長上影；回踩須有近10日突破紀錄且不有效跌破頸線；距離頸線>5%禁止進場,20,C,禁止追高,已漲遠或接近目標，空手不追；持有者依策略分批處理。,False,2026-10-01,True,True,STOP,STOP 停止進場,觀察,取消新進場，只保留觀察,只看續抱 / 減碼 / 停利 / 停損，不新增部位。,停止新進場，先保留現金，等待大盤止跌。,停止新進場，禁止顯示今日可進場。,False,False
2026-10-01,2026-10-01,收盤確認價,臺灣證券交易所 / 證券櫃檯買賣中心正式收盤；yfinance 歷史資料,只使用完整收盤日K，不使用盤中未完成K,上櫃,8472,夠麻吉,69.2,70.0,62.6,73.42,75.41,75.46,72.6,73.89,-13.07,-0.43,False,181956,28012,12591355,2079162,3.6,False,True,58.62,下影線,,False,True,False,False,1,False,C級：已漲遠或接近目標，禁止追高,量能放大,接近成形,83.1,71.69,102.2,接近成形＋可觀察,84.76,83.1,84.76,87.3,80.61,4.9,低,-16.73,18.49,4.2,20.57,84.76,0.0,False,False,True,距離頸線或前高過遠，禁止追高,頸線以當日前20日高點計算；收盤站上頸線 83.1 至少2%；成交量>=20日均量2倍；不可長上影；回踩須有近10日突破紀錄且不有效跌破頸線；距離頸線>5%禁止進場,20,C,禁止追高,已漲遠或接近目標，空手不追；持有者依策略分批處理。,False,2026-10-01,True,True,STOP,STOP 停止進場,觀察,取消新進場，只保留觀察,只看續抱 / 減碼 / 停利 / 停損，不新增部位。,停止新進場，先保留現金，等待大盤止跌。,停止新進場，禁止顯示今日可進場。,False,False
2026-10-01,2026-10-01,收盤確認價,臺灣證券交易所 / 證券櫃檯買賣中心正式收盤；yfinance 歷史資料,只使用完整收盤日K，不使用盤中未完成K,上市,1459,聯發,17.0,17.0,16.7,16.29,15.99,15.72,15.17,15.6,8.05,1.8,False,215213,141754,3658621,2242072,1.5,False,True,38.52,紅K突破,,True,False,False,False,1,False,C級：已漲遠或接近目標，禁止追高,趨勢多頭,箱型突破,16.15,15.2,19.85,接近成形＋可觀察,16.47,16.15,16.47,16.97,15.67,4.9,低,5.26,1.8,4.18,20.5,16.47,0.0,True,False,True,距離頸線或前高過遠，禁止追高,頸線以當日前20日高點計算；收盤站上頸線 16.15 至少2%；成交量>=20日均量2倍；不可長上影；回踩須有近10日突破紀錄且不有效跌破頸線；距離頸線>5%禁止進場,20,C,禁止追高,已漲遠或接近目標，空手不追；持有者依策略分批處理。,False,2026-10-01,True,True,STOP,STOP 停止進場,觀察,取消新進場，只保留觀察,只看續抱 / 減碼 / 停利 / 停損，不新增部位。,停止新進場，先保留現金，等待大盤止跌。,停止新進場，禁止顯示今日可進場。,False,False
2026-10-01,2026-10-01,收盤確認價,臺灣證券交易所 / 證券櫃檯買賣中心正式收盤；yfinance 歷史資料,只使用完整收盤日K，不使用盤中未完成K,上櫃,6690,安碁資訊,177.0,177.5,175.0,177.8,179.5,173.75,166.93,168.96,6.31,0.0,False,105308,309741,18639516,56114182,3.15,False,True,56.18,一般K,,True,False,False,False,1,False,C級：已漲遠或接近目標，禁止追高,趨勢多頭,接近成形,201.0,165.06,247.0,接近成形＋可觀察,205.02,201.0,205.02,211.17,194.97,4.9,低,-11.94,11.94,4.18,20.48,205.02,0.28,False,False,True,距離頸線或前高過遠，禁止追高,頸線以當日前20日高點計算；收盤站上頸線 201.0 至少2%；成交量>=20日均量2倍；不可長上影；回踩須有近10日突破紀錄且不有效跌破頸線；距離頸線>5%禁止進場,20,C,禁止追高,已漲遠或接近目標，空手不追；持有者依策略分批處理。,False,2026-10-01,True,True,STOP,STOP 停止進場,觀察,取消新進場，只保留觀察,只看續抱 / 減碼 / 停利 / 停損，不新增部位。,停止新進場，先保留現金，等待大盤止跌。,停止新進場，禁止顯示今日可進場。,False,False
2026-10-01,2026-10-01,收盤確認價,臺灣證券交易所 / 證券櫃檯買賣中心正式收盤；yfinance 歷史資料,只使用完整收盤日K，不使用盤中未完成K,上櫃,3114,好德,36.05,38.05,34.6,34.21,32.64,31.63,32.41,28.75,-10.31,4.19,False,3014802,494607,108683612,16729766,3.62,False,True,36.58,一般K,,False,True,False,False,1,False,C級：已漲遠或接近目標，禁止追高,量能放大,旗型整理突破,34.25,30.05,41.87,接近成形＋可觀察,34.94,34.25,34.94,35.98,33.22,4.9,低,5.26,12.61,4.05,19.84,34.94,5.55,True,False,True,距離頸線或前高過遠，禁止追高,頸線以當日前20日高點計算；收盤站上頸線 34.25 至少2%；成交量>=20日均量2倍；不可長上影；回踩須有近10日突破紀錄且不有效跌破頸線；距離頸線>5%禁止進場,20,C,禁止追高,已漲遠或接近目標，空手不追；持有者依策略分批處理。,False,2026-10-01,True,True,STOP,STOP 停止進場,觀察,取消新進場，只保留觀察,只看續抱 / 減碼 / 停利 / 停損，不新增部位。,停止新進場，先保留現金，等待大盤止跌。,停止新進場，禁止顯示今日可進場。,False,False
2026-10-01,2026-10-01,收盤確認價,臺灣證券交易所 / 證券櫃檯買賣中心正式收盤；yfinance 歷史資料,只使用完整收盤日K，不使用盤中未完成K,上櫃,5230,雷笛克光學,22.65,23.35,22.6,22.67,21.41,19.86,18.76,17.96,6.09,-3.0,False,796412,966685,18038731,20531404,3.68,False,True,65.76,一般K,,True,False,False,False,1,False,C級：已漲遠或接近目標，禁止追高,趨勢多頭,旗型整理突破,20.55,18.87,24.85,接近成形＋可觀察,20.96,20.55,20.96,21.59,19.93,4.9,低,10.22,6.02,3.78,18.55,20.96,1.55,True,False,True,距離頸線或前高過遠，禁止追高,頸線以當日前20日高點計算；收盤站上頸線 20.55 至少2%；成交量>=20日均量2倍；不可長上影；回踩須有近10日突破紀錄且不有效跌破頸線；距離頸線>5%禁止進場,20,C,禁止追高,已漲遠或接近目標，空手不追；持有者依策略分批處理。,False,2026-10-01,True,True,STOP,STOP 停止進場,接近目標,取消新進場，只保留觀察,只看續抱 / 減碼 / 停利 / 停損，不新增部位。,停止新進場，先保留現金，等待大盤止跌。,停止新進場，禁止顯示今日可進場。,False,False
2026-10-01,2026-10-01,收盤確認價,臺灣證券交易所 / 證券櫃檯買賣中心正式收盤；yfinance 歷史資料,只使用完整收盤日K，不使用盤中未完成K,上櫃,4113,聯上,15.1,15.45,15.1,15.48,15.58,15.55,15.04,18.15,0.67,-2.89,False,584513,252801,8826146,3913887,1.48,False,True,43.47,一般K,,False,True,False,False,1,False,C級：已漲遠或接近目標，禁止追高,量能放大,三角收斂突破,17.35,14.85,20.7,接近成形＋可觀察,17.7,17.35,17.7,18.23,16.83,4.9,低,-12.97,12.97,3.46,16.97,17.7,0.33,False,False,True,距離頸線或前高過遠，禁止追高,頸線以當日前20日高點計算；收盤站上頸線 17.35 至少2%；成交量>=20日均量2倍；不可長上影；回踩須有近10日突破紀錄且不有效跌破頸線；距離頸線>5%禁止進場,20,C,禁止追高,已漲遠或接近目標，空手不追；持有者依策略分批處理。,False,2026-10-01,True,True,STOP,STOP 停止進場,觀察,取消新進場，只保留觀察,只看續抱 / 減碼 / 停利 / 停損，不新增部位。,停止新進場，先保留現金，等待大盤止跌。,停止新進場，禁止顯示今日可進場。,False,False
2026-10-01,2026-10-01,收盤確認價,臺灣證券交易所 / 證券櫃檯買賣中心正式收盤；yfinance 歷史資料,只使用完整收盤日K，不使用盤中未完成K,上櫃,2067,嘉鋼,4.91,5.1,4.71,5.15,5.14,4.99,5.74,8.09,-24.92,0.0,False,108296,24166,531733,120127,2.95,False,True,27.74,下影線,,False,True,False,False,1,False,C級：已漲遠或接近目標，禁止追高,量能放大,接近成形,5.65,4.74,6.74,接近成形＋可觀察,5.76,5.65,5.76,5.94,5.48,4.9,低,-13.1,27.47,3.46,16.95,5.76,3.87,False,False,True,距離頸線或前高過遠，禁止追高,頸線以當日前20日高點計算；收盤站上頸線 5.65 至少2%；成交量>=20日均量2倍；不可長上影；回踩須有近10日突破紀錄且不有效跌破頸線；距離頸線>5%禁止進場,20,C,禁止追高,已漲遠或接近目標，空手不追；持有者依策略分批處理。,False,2026-10-01,True,True,STOP,STOP 停止進場,觀察,取消新進場，只保留觀察,只看續抱 / 減碼 / 停利 / 停損，不新增部位。,停止新進場，先保留現金，等待大盤止跌。,停止新進場，禁止顯示今日可進場。,False,False
2026-10-01,2026-10-01,收盤確認價,臺灣證券交易所 / 證券櫃檯買賣中心正式收盤；yfinance 歷史資料,只使用完整收盤日K，不使用盤中未完成K,上櫃,3093,港建*,45.85,45.9,44.3,44.76,44.77,44.76,47.05,41.94,-20.81,2.57,False,266768,205415,12231312,9219987,1.68,False,True,45.41,紅K突破,半導體 電子零組件,False,False,True,False,1,False,C級：已漲遠或接近目標，禁止追高,題材命中,旗型整理突破,48.65,43.0,57.4,接近成形＋可觀察,49.62,48.65,49.62,51.11,47.19,4.9,低,-5.76,26.17,3.2,15.67,49.62,0.11,False,False,True,距離頸線或前高過遠，禁止追高,頸線以當日前20日高點計算；收盤站上頸線 48.65 至少2%；成交量>=20日均量2倍；不可長上影；回踩須有近10日突破紀錄且不有效跌破頸線；距離頸線>5%禁止進場,20,C,禁止追高,已漲遠或接近目標，空手不追；持有者依策略分批處理。,False,2026-10-01,True,True,STOP,STOP 停止進場,觀察,取消新進場，只保留觀察,只看續抱 / 減碼 / 停利 / 停損，不新增部位。,停止新進場，先保留現金，等待大盤止跌。,停止新進場，禁止顯示今日可進場。,False,False
2026-10-01,2026-10-01,收盤確認價,臺灣證券交易所 / 證券櫃檯買賣中心正式收盤；yfinance 歷史資料,只使用完整收盤日K，不使用盤中未完成K,上櫃,3122,笙泉,24.5,24.5,24.05,24.09,24.13,24.37,25.49,26.44,-18.74,1.24,False,22406,44343,548947,1086417,1.57,False,True,30.52,紅K突破,IC設計 半導體 MCU,False,False,True,False,1,False,C級：已漲遠或接近目標，禁止追高,題材命中,接近成形,26.6,23.15,31.25,接近成形＋可觀察,27.13,26.6,27.13,27.95,25.8,4.9,低,-7.89,21.6,3.1,15.18,27.13,0.0,False,False,True,距離頸線或前高過遠，禁止追高,頸線以當日前20日高點計算；收盤站上頸線 26.6 至少2%；成交量>=20日均量2倍；不可長上影；回踩須有近10日突破紀錄且不有效跌破頸線；距離頸線>5%禁止進場,20,C,禁止追高,已漲遠或接近目標，空手不追；持有者依策略分批處理。,False,2026-10-01,True,True,STOP,STOP 停止進場,觀察,取消新進場，只保留觀察,只看續抱 / 減碼 / 停利 / 停損，不新增部位。,停止新進場，先保留現金，等待大盤止跌。,停止新進場，禁止顯示今日可進場。,False,False
2026-10-01,2026-10-01,收盤確認價,臺灣證券交易所 / 證券櫃檯買賣中心正式收盤；yfinance 歷史資料,只使用完整收盤日K，不使用盤中未完成K,上市,1304,台聚,12.45,12.7,12.35,12.43,12.38,12.39,12.38,12.45,-9.78,-1.58,False,1522353,2414515,18953294,30012303,1.85,False,True,23.96,一般K,,True,False,False,False,1,False,C級：已漲遠或接近目標，禁止追高,趨勢多頭,旗型整理突破,13.15,12.0,15.4,接近成形＋可觀察,13.41,13.15,13.41,13.82,12.76,4.9,低,-5.32,15.31,3.02,14.81,13.41,0.8,False,False,True,距離頸線或前高過遠，禁止追高,頸線以當日前20日高點計算；收盤站上頸線 13.15 至少2%；成交量>=20日均量2倍；不可長上影；回踩須有近10日突破紀錄且不有效跌破頸線；距離頸線>5%禁止進場,20,C,禁止追高,已漲遠或接近目標，空手不追；持有者依策略分批處理。,False,2026-10-01,True,True,STOP,STOP 停止進場,觀察,取消新進場，只保留觀察,只看續抱 / 減碼 / 停利 / 停損，不新增部位。,停止新進場，先保留現金，等待大盤止跌。,停止新進場，禁止顯示今日可進場。,False,False
2026-10-01,2026-10-01,收盤確認價,臺灣證券交易所 / 證券櫃檯買賣中心正式收盤；yfinance 歷史資料,只使用完整收盤日K，不使用盤中未完成K,上市,1442,名軒,26.5,27.15,26.5,27.22,29.14,29.55,29.6,29.6,-7.34,-2.57,False,966889,467308,25622558,13813884,2.75,False,True,34.9,一般K,,False,True,False,False,1,False,C級：已漲遠或接近目標，禁止追高,量能放大,接近成形,31.95,28.07,37.2,接近成形＋可觀察,32.59,31.95,32.59,33.57,30.99,4.9,低,-17.06,17.06,2.89,14.15,32.59,0.19,False,False,True,距離頸線或前高過遠，禁止追高,頸線以當日前20日高點計算；收盤站上頸線 31.95 至少2%；成交量>=20日均量2倍；不可長上影；回踩須有近10日突破紀錄且不有效跌破頸線；距離頸線>5%禁止進場,20,C,禁止追高,已漲遠或接近目標，空手不追；持有者依策略分批處理。,False,2026-10-01,True,True,STOP,STOP 停止進場,觀察,取消新進場，只保留觀察,只看續抱 / 減碼 / 停利 / 停損，不新增部位。,停止新進場，先保留現金，等待大盤止跌。,停止新進場，禁止顯示今日可進場。,False,False
2026-10-01,2026-10-01,收盤確認價,臺灣證券交易所 / 證券櫃檯買賣中心正式收盤；yfinance 歷史資料,只使用完整收盤日K，不使用盤中未完成K,上櫃,4951,精拓科,90.3,92.5,90.2,90.8,90.11,85.23,81.77,81.25,-1.63,-1.31,False,255797,558040,23098469,50102774,4.01,False,True,68.81,一般K,,True,False,False,False,1,False,C級：已漲遠或接近目標，禁止追高,趨勢多頭,旗型整理突破,85.0,80.97,98.0,接近成形＋可觀察,86.7,85.0,86.7,89.3,82.45,4.9,低,6.24,17.53,2.66,13.03,86.7,1.0,True,False,True,距離頸線或前高過遠，禁止追高,頸線以當日前20日高點計算；收盤站上頸線 85.0 至少2%；成交量>=20日均量2倍；不可長上影；回踩須有近10日突破紀錄且不有效跌破頸線；距離頸線>5%禁止進場,20,C,禁止追高,已漲遠或接近目標，空手不追；持有者依策略分批處理。,False,2026-10-01,True,True,STOP,STOP 停止進場,接近目標,取消新進場，只保留觀察,只看續抱 / 減碼 / 停利 / 停損，不新增部位。,停止新進場，先保留現金，等待大盤止跌。,停止新進場，禁止顯示今日可進場。,False,False
2026-10-01,2026-10-01,收盤確認價,臺灣證券交易所 / 證券櫃檯買賣中心正式收盤；yfinance 歷史資料,只使用完整收盤日K，不使用盤中未完成K,上櫃,2740,天蔥,29.0,29.1,28.05,30.27,30.89,30.99,31.87,32.22,-12.65,-3.81,False,9142,3714,265118,113524,1.4,False,True,19.67,下影線,,False,True,False,False,1,False,C級：已漲遠或接近目標，禁止追高,量能放大,三角收斂突破,32.15,29.44,37.0,接近成形＋可觀察,32.79,32.15,32.79,33.78,31.19,4.9,低,-9.8,15.57,2.62,12.83,32.79,0.0,False,False,True,距離頸線或前高過遠，禁止追高,頸線以當日前20日高點計算；收盤站上頸線 32.15 至少2%；成交量>=20日均量2倍；不可長上影；回踩須有近10日突破紀錄且不有效跌破頸線；距離頸線>5%禁止進場,20,C,禁止追高,已漲遠或接近目標，空手不追；持有者依策略分批處理。,False,2026-10-01,True,True,STOP,STOP 停止進場,觀察,取消新進場，只保留觀察,只看續抱 / 減碼 / 停利 / 停損，不新增部位。,停止新進場，先保留現金，等待大盤止跌。,停止新進場，禁止顯示今日可進場。,False,False
2026-10-01,2026-10-01,收盤確認價,臺灣證券交易所 / 證券櫃檯買賣中心正式收盤；yfinance 歷史資料,只使用完整收盤日K，不使用盤中未完成K,上櫃,6767,台微醫,24.6,24.6,23.8,24.49,24.61,24.74,24.98,27.17,-10.55,0.41,False,15000,7450,369000,182599,1.76,False,True,39.02,紅K突破,,False,True,False,False,1,False,C級：已漲遠或接近目標，禁止追高,量能放大,三角收斂突破,25.95,23.5,29.65,接近成形＋可觀察,26.47,25.95,26.47,27.26,25.17,4.9,低,-5.2,11.03,2.45,12.02,26.47,0.0,False,False,True,距離頸線或前高過遠，禁止追高,頸線以當日前20日高點計算；收盤站上頸線 25.95 至少2%；成交量>=20日均量2倍；不可長上影；回踩須有近10日突破紀錄且不有效跌破頸線；距離頸線>5%禁止進場,20,C,禁止追高,已漲遠或接近目標，空手不追；持有者依策略分批處理。,False,2026-10-01,True,True,STOP,STOP 停止進場,觀察,取消新進場，只保留觀察,只看續抱 / 減碼 / 停利 / 停損，不新增部位。,停止新進場，先保留現金，等待大盤止跌。,停止新進場，禁止顯示今日可進場。,False,False
2026-10-01,2026-10-01,收盤確認價,臺灣證券交易所 / 證券櫃檯買賣中心正式收盤；yfinance 歷史資料,只使用完整收盤日K，不使用盤中未完成K,上櫃,3064,泰偉,15.75,15.75,15.75,16.91,16.97,17.38,18.44,31.75,-19.23,-8.43,False,3831,540,60338,8961,2.82,False,True,85.48,資料不足,,False,True,False,False,1,False,C級：已漲遠或接近目標，禁止追高,量能放大,三角收斂突破,18.95,16.55,21.35,接近成形＋可觀察,19.33,18.95,19.33,19.91,18.38,4.9,低,-16.89,19.64,2.13,10.46,19.33,0.0,False,False,True,距離頸線或前高過遠，禁止追高,頸線以當日前20日高點計算；收盤站上頸線 18.95 至少2%；成交量>=20日均量2倍；不可長上影；回踩須有近10日突破紀錄且不有效跌破頸線；距離頸線>5%禁止進場,20,C,禁止追高,已漲遠或接近目標，空手不追；持有者依策略分批處理。,False,2026-10-01,True,True,STOP,STOP 停止進場,觀察,取消新進場，只保留觀察,只看續抱 / 減碼 / 停利 / 停損，不新增部位。,停止新進場，先保留現金，等待大盤止跌。,停止新進場，禁止顯示今日可進場。,False,False
2026-10-01,2026-10-01,收盤確認價,臺灣證券交易所 / 證券櫃檯買賣中心正式收盤；yfinance 歷史資料,只使用完整收盤日K，不使用盤中未完成K,上櫃,4558,寶緯,16.85,16.95,16.8,16.98,17.22,17.26,17.3,19.26,-8.92,-0.59,False,56000,24413,943600,420077,1.3,False,True,20.61,一般K,,False,True,False,False,1,False,C級：已漲遠或接近目標，禁止追高,量能放大,三角收斂突破,17.75,16.4,19.95,接近成形＋可觀察,18.11,17.75,18.11,18.65,17.22,4.9,低,-5.07,12.01,2.08,10.19,18.11,0.59,False,False,True,距離頸線或前高過遠，禁止追高,頸線以當日前20日高點計算；收盤站上頸線 17.75 至少2%；成交量>=20日均量2倍；不可長上影；回踩須有近10日突破紀錄且不有效跌破頸線；距離頸線>5%禁止進場,20,C,禁止追高,已漲遠或接近目標，空手不追；持有者依策略分批處理。,False,2026-10-01,True,True,STOP,STOP 停止進場,觀察,取消新進場，只保留觀察,只看續抱 / 減碼 / 停利 / 停損，不新增部位。,停止新進場，先保留現金，等待大盤止跌。,停止新進場，禁止顯示今日可進場。,False,False
2026-10-01,2026-10-01,收盤確認價,臺灣證券交易所 / 證券櫃檯買賣中心正式收盤；yfinance 歷史資料,只使用完整收盤日K，不使用盤中未完成K,上市,1905,華紙,12.8,13.1,12.65,12.98,13.11,13.23,13.6,13.02,-18.47,-1.92,False,4228154,1715274,54120371,22628362,1.38,False,True,13.04,一般K,,False,True,False,False,1,False,C級：已漲遠或接近目標，禁止追高,量能放大,三角收斂突破,14.1,12.8,15.8,接近成形＋可觀察,14.38,14.1,14.38,14.81,13.68,4.9,低,-9.22,21.47,2.01,9.86,14.38,0.0,False,False,True,距離頸線或前高過遠，禁止追高,頸線以當日前20日高點計算；收盤站上頸線 14.1 至少2%；成交量>=20日均量2倍；不可長上影；回踩須有近10日突破紀錄且不有效跌破頸線；距離頸線>5%禁止進場,20,C,禁止追高,已漲遠或接近目標，空手不追；持有者依策略分批處理。,False,2026-10-01,True,True,STOP,STOP 停止進場,觀察,取消新進場，只保留觀察,只看續抱 / 減碼 / 停利 / 停損，不新增部位。,停止新進場，先保留現金，等待大盤止跌。,停止新進場，禁止顯示今日可進場。,False,False
2026-10-01,2026-10-01,收盤確認價,臺灣證券交易所 / 證券櫃檯買賣中心正式收盤；yfinance 歷史資料,只使用完整收盤日K，不使用盤中未完成K,上櫃,5291,邑昇,61.1,62.5,61.1,59.26,58.76,61.2,57.13,50.03,9.3,-0.81,False,325124,651683,19865076,41589056,2.53,False,True,32.53,一般K,,False,False,False,False,0,False,C級：已漲遠或接近目標，禁止追高,條件不足,旗型整理突破,73.2,58.14,104.9,接近成形＋可觀察,74.66,73.2,74.66,76.9,71.0,4.9,低,-16.53,16.53,8.26,40.5,74.66,0.0,False,False,True,距離頸線或前高過遠，禁止追高,頸線以當日前20日高點計算；收盤站上頸線 73.2 至少2%；成交量>=20日均量2倍；不可長上影；回踩須有近10日突破紀錄且不有效跌破頸線；距離頸線>5%禁止進場,20,C,禁止追高,已漲遠或接近目標，空手不追；持有者依策略分批處理。,False,2026-10-01,True,True,STOP,STOP 停止進場,觀察,取消新進場，只保留觀察,只看續抱 / 減碼 / 停利 / 停損，不新增部位。,停止新進場，先保留現金，等待大盤止跌。,停止新進場，禁止顯示今日可進場。,False,False
2026-10-01,2026-10-01,收盤確認價,臺灣證券交易所 / 證券櫃檯買賣中心正式收盤；yfinance 歷史資料,只使用完整收盤日K，不使用盤中未完成K,上櫃,5321,美而快,70.3,70.9,66.7,69.14,69.48,72.91,66.14,42.56,15.82,3.84,False,505952,584861,35568425,43287404,4.24,False,True,11.56,紅K突破,,False,False,False,False,0,False,C級：已漲遠或接近目標，禁止追高,條件不足,旗型整理突破,86.7,69.26,122.3,接近成形＋可觀察,88.43,86.7,88.43,91.09,84.1,4.9,低,-18.92,20.2,7.81,38.3,88.43,0.85,False,False,True,距離頸線或前高過遠，禁止追高,頸線以當日前20日高點計算；收盤站上頸線 86.7 至少2%；成交量>=20日均量2倍；不可長上影；回踩須有近10日突破紀錄且不有效跌破頸線；距離頸線>5%禁止進場,20,C,禁止追高,已漲遠或接近目標，空手不追；持有者依策略分批處理。,False,2026-10-01,True,True,STOP,STOP 停止進場,觀察,取消新進場，只保留觀察,只看續抱 / 減碼 / 停利 / 停損，不新增部位。,停止新進場，先保留現金，等待大盤止跌。,停止新進場，禁止顯示今日可進場。,False,False
2026-10-01,2026-10-01,收盤確認價,臺灣證券交易所 / 證券櫃檯買賣中心正式收盤；yfinance 歷史資料,只使用完整收盤日K，不使用盤中未完成K,上櫃,3629,地心引力,16.2,17.3,16.2,17.44,17.82,18.83,15.97,19.05,9.09,-6.36,False,2000,2646,32400,50103,4.4,False,True,19.22,長黑,,False,False,False,False,0,False,C級：已漲遠或接近目標，禁止追高,條件不足,接近成形,21.35,17.88,29.9,接近成形＋可觀察,21.78,21.35,21.78,22.43,20.71,4.9,低,-24.12,24.12,7.61,37.3,21.78,0.0,False,False,True,距離頸線或前高過遠，禁止追高,頸線以當日前20日高點計算；收盤站上頸線 21.35 至少2%；成交量>=20日均量2倍；不可長上影；回踩須有近10日突破紀錄且不有效跌破頸線；距離頸線>5%禁止進場,20,C,禁止追高,已漲遠或接近目標，空手不追；持有者依策略分批處理。,False,2026-10-01,True,True,STOP,STOP 停止進場,觀察,取消新進場，只保留觀察,只看續抱 / 減碼 / 停利 / 停損，不新增部位。,停止新進場，先保留現金，等待大盤止跌。,停止新進場，禁止顯示今日可進場。,False,False
2026-10-01,2026-10-01,收盤確認價,臺灣證券交易所 / 證券櫃檯買賣中心正式收盤；yfinance 歷史資料,只使用完整收盤日K，不使用盤中未完成K,上櫃,4304,勝昱,17.3,17.85,17.0,17.81,17.61,17.68,18.79,24.77,-10.13,0.0,False,15068,104376,260676,1861657,7.2,False,True,44.2,一般K,,False,False,False,False,0,False,C級：已漲遠或接近目標，禁止追高,條件不足,接近成形,23.6,16.8,33.0,接近成形＋可觀察,24.07,23.6,24.07,24.79,22.89,4.9,低,-26.69,38.76,7.57,37.09,24.07,3.18,False,False,True,距離頸線或前高過遠，禁止追高,頸線以當日前20日高點計算；收盤站上頸線 23.6 至少2%；成交量>=20日均量2倍；不可長上影；回踩須有近10日突破紀錄且不有效跌破頸線；距離頸線>5%禁止進場,20,C,禁止追高,已漲遠或接近目標，空手不追；持有者依策略分批處理。,False,2026-10-01,True,True,STOP,STOP 停止進場,觀察,取消新進場，只保留觀察,只看續抱 / 減碼 / 停利 / 停損，不新增部位。,停止新進場，先保留現金，等待大盤止跌。,停止新進場，禁止顯示今日可進場。,False,False
2026-10-01,2026-10-01,收盤確認價,臺灣證券交易所 / 證券櫃檯買賣中心正式收盤；yfinance 歷史資料,只使用完整收盤日K，不使用盤中未完成K,上櫃,4127,天良,46.7,47.1,45.65,47.62,53.31,58.2,73.14,48.86,-41.26,2.41,False,323224,347491,15094560,19766670,3.64,False,True,67.12,紅K突破,,False,False,False,False,0,False,C級：已漲遠或接近目標，禁止追高,條件不足,接近成形,72.8,55.29,100.0,接近成形＋可觀察,74.26,72.8,74.26,76.48,70.62,4.9,低,-35.85,51.35,7.07,34.67,74.26,0.86,False,False,True,距離頸線或前高過遠，禁止追高,頸線以當日前20日高點計算；收盤站上頸線 72.8 至少2%；成交量>=20日均量2倍；不可長上影；回踩須有近10日突破紀錄且不有效跌破頸線；距離頸線>5%禁止進場,20,C,禁止追高,已漲遠或接近目標，空手不追；持有者依策略分批處理。,False,2026-10-01,True,True,STOP,STOP 停止進場,觀察,取消新進場，只保留觀察,只看續抱 / 減碼 / 停利 / 停損，不新增部位。,停止新進場，先保留現金，等待大盤止跌。,停止新進場，禁止顯示今日可進場。,False,False
2026-10-01,2026-10-01,收盤確認價,臺灣證券交易所 / 證券櫃檯買賣中心正式收盤；yfinance 歷史資料,只使用完整收盤日K，不使用盤中未完成K,上櫃,5498,凱崴,50.6,51.8,50.5,50.39,50.86,51.74,51.18,51.68,-17.18,-1.17,False,886045,1218010,44833877,63720688,2.25,False,True,19.92,一般K,,False,False,False,False,0,False,C級：已漲遠或接近目標，禁止追高,條件不足,接近成形,59.2,49.15,80.8,接近成形＋可觀察,60.38,59.2,60.38,62.2,57.42,4.9,低,-14.53,19.43,6.9,33.81,60.38,0.0,False,False,True,距離頸線或前高過遠，禁止追高,頸線以當日前20日高點計算；收盤站上頸線 59.2 至少2%；成交量>=20日均量2倍；不可長上影；回踩須有近10日突破紀錄且不有效跌破頸線；距離頸線>5%禁止進場,20,C,禁止追高,已漲遠或接近目標，空手不追；持有者依策略分批處理。,False,2026-10-01,True,True,STOP,STOP 停止進場,觀察,取消新進場，只保留觀察,只看續抱 / 減碼 / 停利 / 停損，不新增部位。,停止新進場，先保留現金，等待大盤止跌。,停止新進場，禁止顯示今日可進場。,False,False
2026-10-01,2026-10-01,收盤確認價,臺灣證券交易所 / 證券櫃檯買賣中心正式收盤；yfinance 歷史資料,只使用完整收盤日K，不使用盤中未完成K,上櫃,6761,穩得,164.5,166.5,163.5,163.8,164.35,168.9,168.03,164.29,-13.42,-0.3,False,144793,194737,23818448,33407271,2.31,False,True,51.63,一般K,,False,False,False,False,0,False,C級：已漲遠或接近目標，禁止追高,條件不足,旗型整理突破,194.5,160.45,264.5,接近成形＋可觀察,198.39,194.5,198.39,204.34,188.66,4.9,低,-15.42,15.42,6.8,33.32,198.39,1.22,False,False,True,距離頸線或前高過遠，禁止追高,頸線以當日前20日高點計算；收盤站上頸線 194.5 至少2%；成交量>=20日均量2倍；不可長上影；回踩須有近10日突破紀錄且不有效跌破頸線；距離頸線>5%禁止進場,20,C,禁止追高,已漲遠或接近目標，空手不追；持有者依策略分批處理。,False,2026-10-01,True,True,STOP,STOP 停止進場,觀察,取消新進場，只保留觀察,只看續抱 / 減碼 / 停利 / 停損，不新增部位。,停止新進場，先保留現金，等待大盤止跌。,停止新進場，禁止顯示今日可進場。,False,False
2026-10-01,2026-10-01,收盤確認價,臺灣證券交易所 / 證券櫃檯買賣中心正式收盤；yfinance 歷史資料,只使用完整收盤日K，不使用盤中未完成K,上櫃,3259,鑫創,11.7,11.7,11.55,10.47,10.52,11.14,13.23,17.59,-25.95,9.86,True,52424,28218,613360,314750,5.08,False,True,44.15,紅K突破,,False,False,False,False,0,False,C級：已漲遠或接近目標，禁止追高,條件不足,接近成形,13.9,10.58,18.9,接近成形＋可觀察,14.18,13.9,14.18,14.6,13.48,4.9,低,-15.83,26.88,6.79,33.31,14.18,0.0,False,False,True,距離頸線或前高過遠，禁止追高,頸線以當日前20日高點計算；收盤站上頸線 13.9 至少2%；成交量>=20日均量2倍；不可長上影；回踩須有近10日突破紀錄且不有效跌破頸線；距離頸線>5%禁止進場,20,C,禁止追高,已漲遠或接近目標，空手不追；持有者依策略分批處理。,False,2026-10-01,True,True,STOP,STOP 停止進場,觀察,取消新進場，只保留觀察,只看續抱 / 減碼 / 停利 / 停損，不新增部位。,停止新進場，先保留現金，等待大盤止跌。,停止新進場，禁止顯示今日可進場。,False,False
2026-10-01,2026-10-01,收盤確認價,臺灣證券交易所 / 證券櫃檯買賣中心正式收盤；yfinance 歷史資料,只使用完整收盤日K，不使用盤中未完成K,上櫃,6895,宏碩系統,151.0,152.0,143.0,147.1,144.95,149.25,134.54,175.05,8.63,-0.33,False,27579,31634,4164429,4770213,2.29,False,True,40.39,下影線,,False,False,False,False,0,False,C級：已漲遠或接近目標，禁止追高,條件不足,旗型整理突破,169.5,141.79,229.0,接近成形＋可觀察,172.89,169.5,172.89,178.08,164.41,4.9,低,-10.91,10.91,6.62,32.45,172.89,0.33,False,False,True,距離頸線或前高過遠，禁止追高,頸線以當日前20日高點計算；收盤站上頸線 169.5 至少2%；成交量>=20日均量2倍；不可長上影；回踩須有近10日突破紀錄且不有效跌破頸線；距離頸線>5%禁止進場,20,C,禁止追高,已漲遠或接近目標，空手不追；持有者依策略分批處理。,False,2026-10-01,True,True,STOP,STOP 停止進場,觀察,取消新進場，只保留觀察,只看續抱 / 減碼 / 停利 / 停損，不新增部位。,停止新進場，先保留現金，等待大盤止跌。,停止新進場，禁止顯示今日可進場。,False,False
2026-10-01,2026-10-01,收盤確認價,臺灣證券交易所 / 證券櫃檯買賣中心正式收盤；yfinance 歷史資料,只使用完整收盤日K，不使用盤中未完成K,上櫃,6913,鴻呈,129.0,129.5,127.0,128.0,128.45,132.15,134.1,126.47,3.2,0.39,False,96631,369306,12465399,50522682,2.8,False,True,43.19,下影線,,False,False,False,False,0,False,C級：已漲遠或接近目標，禁止追高,條件不足,旗型整理突破,168.5,125.54,225.5,接近成形＋可觀察,171.87,168.5,171.87,177.03,163.44,4.9,低,-23.44,23.67,6.37,31.2,171.87,0.0,False,False,True,距離頸線或前高過遠，禁止追高,頸線以當日前20日高點計算；收盤站上頸線 168.5 至少2%；成交量>=20日均量2倍；不可長上影；回踩須有近10日突破紀錄且不有效跌破頸線；距離頸線>5%禁止進場,20,C,禁止追高,已漲遠或接近目標，空手不追；持有者依策略分批處理。,False,2026-10-01,True,True,STOP,STOP 停止進場,觀察,取消新進場，只保留觀察,只看續抱 / 減碼 / 停利 / 停損，不新增部位。,停止新進場，先保留現金，等待大盤止跌。,停止新進場，禁止顯示今日可進場。,False,False
2026-10-01,2026-10-01,收盤確認價,臺灣證券交易所 / 證券櫃檯買賣中心正式收盤；yfinance 歷史資料,只使用完整收盤日K，不使用盤中未完成K,上櫃,8085,福華,14.6,14.9,14.15,14.33,14.36,14.63,12.98,15.07,19.18,1.39,False,141961,250048,2072630,3720830,1.76,False,True,27.03,紅K突破,,False,False,False,False,0,False,C級：已漲遠或接近目標，禁止追高,條件不足,旗型整理突破,16.3,13.95,21.7,接近成形＋可觀察,16.63,16.3,16.63,17.12,15.81,4.9,低,-10.43,12.05,6.23,30.52,16.63,2.05,False,False,True,距離頸線或前高過遠，禁止追高,頸線以當日前20日高點計算；收盤站上頸線 16.3 至少2%；成交量>=20日均量2倍；不可長上影；回踩須有近10日突破紀錄且不有效跌破頸線；距離頸線>5%禁止進場,20,C,禁止追高,已漲遠或接近目標，空手不追；持有者依策略分批處理。,False,2026-10-01,True,True,STOP,STOP 停止進場,觀察,取消新進場，只保留觀察,只看續抱 / 減碼 / 停利 / 停損，不新增部位。,停止新進場，先保留現金，等待大盤止跌。,停止新進場，禁止顯示今日可進場。,False,False
2026-10-01,2026-10-01,收盤確認價,臺灣證券交易所 / 證券櫃檯買賣中心正式收盤；yfinance 歷史資料,只使用完整收盤日K，不使用盤中未完成K,上櫃,8937,合騏,25.5,25.7,25.15,26.12,27.33,28.26,26.14,33.12,-3.23,-2.67,False,48739,243351,1242844,6950019,3.8,False,True,24.53,紅K突破,,False,False,False,False,0,False,C級：已漲遠或接近目標，禁止追高,條件不足,接近成形,32.4,26.85,43.0,接近成形＋可觀察,33.05,32.4,33.05,34.04,31.43,4.9,低,-21.3,21.3,6.14,30.11,33.05,0.78,False,False,True,距離頸線或前高過遠，禁止追高,頸線以當日前20日高點計算；收盤站上頸線 32.4 至少2%；成交量>=20日均量2倍；不可長上影；回踩須有近10日突破紀錄且不有效跌破頸線；距離頸線>5%禁止進場,20,C,禁止追高,已漲遠或接近目標，空手不追；持有者依策略分批處理。,False,2026-10-01,True,True,STOP,STOP 停止進場,觀察,取消新進場，只保留觀察,只看續抱 / 減碼 / 停利 / 停損，不新增部位。,停止新進場，先保留現金，等待大盤止跌。,停止新進場，禁止顯示今日可進場。,False,False
2026-10-01,2026-10-01,收盤確認價,臺灣證券交易所 / 證券櫃檯買賣中心正式收盤；yfinance 歷史資料,只使用完整收盤日K，不使用盤中未完成K,上櫃,3609,三一東林,23.0,23.9,22.55,23.22,22.95,21.01,23.36,32.19,-19.58,0.0,False,86224,251611,1983152,5039657,3.93,False,True,46.61,下影線,,False,False,False,False,0,False,C級：已漲遠或接近目標，禁止追高,條件不足,接近成形,25.8,19.96,34.15,接近成形＋可觀察,26.32,25.8,26.32,27.11,25.03,4.9,低,-10.85,20.69,6.07,29.77,26.32,3.91,False,False,True,距離頸線或前高過遠，禁止追高,頸線以當日前20日高點計算；收盤站上頸線 25.8 至少2%；成交量>=20日均量2倍；不可長上影；回踩須有近10日突破紀錄且不有效跌破頸線；距離頸線>5%禁止進場,20,C,禁止追高,已漲遠或接近目標，空手不追；持有者依策略分批處理。,False,2026-10-01,True,True,STOP,STOP 停止進場,觀察,取消新進場，只保留觀察,只看續抱 / 減碼 / 停利 / 停損，不新增部位。,停止新進場，先保留現金，等待大盤止跌。,停止新進場，禁止顯示今日可進場。,False,False
2026-10-01,2026-10-01,收盤確認價,臺灣證券交易所 / 證券櫃檯買賣中心正式收盤；yfinance 歷史資料,只使用完整收盤日K，不使用盤中未完成K,上市,2392,正崴,41.6,41.95,41.2,41.61,42.2,42.84,40.03,39.64,10.64,0.0,False,893005,2554307,37149008,110510231,2.26,False,True,18.94,紅K突破,,False,False,False,False,0,False,C級：已漲遠或接近目標，禁止追高,條件不足,接近成形,47.95,40.7,63.3,接近成形＋可觀察,48.91,47.95,48.91,50.38,46.51,4.9,低,-13.24,14.4,6.0,29.42,48.91,0.84,False,False,True,距離頸線或前高過遠，禁止追高,頸線以當日前20日高點計算；收盤站上頸線 47.95 至少2%；成交量>=20日均量2倍；不可長上影；回踩須有近10日突破紀錄且不有效跌破頸線；距離頸線>5%禁止進場,20,C,禁止追高,已漲遠或接近目標，空手不追；持有者依策略分批處理。,False,2026-10-01,True,True,STOP,STOP 停止進場,觀察,取消新進場，只保留觀察,只看續抱 / 減碼 / 停利 / 停損，不新增部位。,停止新進場，先保留現金，等待大盤止跌。,停止新進場，禁止顯示今日可進場。,False,False
2026-10-01,2026-10-01,收盤確認價,臺灣證券交易所 / 證券櫃檯買賣中心正式收盤；yfinance 歷史資料,只使用完整收盤日K，不使用盤中未完成K,上櫃,4510,高鋒,43.45,44.45,43.35,43.42,43.65,44.06,42.23,43.35,3.95,-1.25,False,412174,1474252,17908960,67607862,2.04,False,True,18.17,一般K,,False,False,False,False,0,False,C級：已漲遠或接近目標，禁止追高,條件不足,接近成形,48.45,41.86,63.9,接近成形＋可觀察,49.42,48.45,49.42,50.9,47.0,4.9,低,-10.32,10.32,5.98,29.3,49.42,0.58,False,False,True,距離頸線或前高過遠，禁止追高,頸線以當日前20日高點計算；收盤站上頸線 48.45 至少2%；成交量>=20日均量2倍；不可長上影；回踩須有近10日突破紀錄且不有效跌破頸線；距離頸線>5%禁止進場,20,C,禁止追高,已漲遠或接近目標，空手不追；持有者依策略分批處理。,False,2026-10-01,True,True,STOP,STOP 停止進場,觀察,取消新進場，只保留觀察,只看續抱 / 減碼 / 停利 / 停損，不新增部位。,停止新進場，先保留現金，等待大盤止跌。,停止新進場，禁止顯示今日可進場。,False,False
2026-10-01,2026-10-01,收盤確認價,臺灣證券交易所 / 證券櫃檯買賣中心正式收盤；yfinance 歷史資料,只使用完整收盤日K，不使用盤中未完成K,上櫃,6140,訊達,20.05,20.5,19.95,20.69,21.24,19.11,17.92,22.61,1.01,-0.74,False,216484,554392,4340504,11967164,5.43,False,True,43.68,一般K,,False,False,False,False,0,False,C級：已漲遠或接近目標，禁止追高,條件不足,接近成形,22.0,18.16,28.95,接近成形＋可觀察,22.44,22.0,22.44,23.11,21.34,4.9,低,-8.86,16.28,5.92,29.01,22.44,1.75,True,False,True,距離頸線或前高過遠，禁止追高,頸線以當日前20日高點計算；收盤站上頸線 22.0 至少2%；成交量>=20日均量2倍；不可長上影；回踩須有近10日突破紀錄且不有效跌破頸線；距離頸線>5%禁止進場,20,C,禁止追高,已漲遠或接近目標，空手不追；持有者依策略分批處理。,False,2026-10-01,True,True,STOP,STOP 停止進場,觀察,取消新進場，只保留觀察,只看續抱 / 減碼 / 停利 / 停損，不新增部位。,停止新進場，先保留現金，等待大盤止跌。,停止新進場，禁止顯示今日可進場。,False,False
2026-10-01,2026-10-01,收盤確認價,臺灣證券交易所 / 證券櫃檯買賣中心正式收盤；yfinance 歷史資料,只使用完整收盤日K，不使用盤中未完成K,上櫃,4416,三圓,13.1,13.5,13.0,13.6,12.93,12.4,11.73,22.45,21.86,-1.87,False,872708,1489338,11432474,18702787,4.48,False,True,33.93,一般K,,False,False,False,False,0,False,C級：已漲遠或接近目標，禁止追高,條件不足,接近成形,14.5,11.78,19.02,接近成形＋可觀察,14.79,14.5,14.79,15.23,14.06,4.9,低,-9.66,19.63,5.83,28.6,14.79,0.76,False,False,True,距離頸線或前高過遠，禁止追高,頸線以當日前20日高點計算；收盤站上頸線 14.5 至少2%；成交量>=20日均量2倍；不可長上影；回踩須有近10日突破紀錄且不有效跌破頸線；距離頸線>5%禁止進場,20,C,禁止追高,已漲遠或接近目標，空手不追；持有者依策略分批處理。,False,2026-10-01,True,True,STOP,STOP 停止進場,觀察,取消新進場，只保留觀察,只看續抱 / 減碼 / 停利 / 停損，不新增部位。,停止新進場，先保留現金，等待大盤止跌。,停止新進場，禁止顯示今日可進場。,False,False
2026-10-01,2026-10-01,收盤確認價,臺灣證券交易所 / 證券櫃檯買賣中心正式收盤；yfinance 歷史資料,只使用完整收盤日K，不使用盤中未完成K,上櫃,3444,利機,80.7,81.9,80.5,80.62,81.29,81.19,78.42,73.71,-3.47,-0.74,False,75467,234163,6090186,19215181,2.8,False,True,23.34,一般K,,False,False,False,False,0,False,C級：已漲遠或接近目標，禁止追高,條件不足,接近成形,87.0,77.14,114.0,接近成形＋可觀察,88.74,87.0,88.74,91.4,84.39,4.9,低,-7.24,15.94,5.81,28.47,88.74,0.5,False,False,True,距離頸線或前高過遠，禁止追高,頸線以當日前20日高點計算；收盤站上頸線 87.0 至少2%；成交量>=20日均量2倍；不可長上影；回踩須有近10日突破紀錄且不有效跌破頸線；距離頸線>5%禁止進場,20,C,禁止追高,已漲遠或接近目標，空手不追；持有者依策略分批處理。,False,2026-10-01,True,True,STOP,STOP 停止進場,觀察,取消新進場，只保留觀察,只看續抱 / 減碼 / 停利 / 停損，不新增部位。,停止新進場，先保留現金，等待大盤止跌。,停止新進場，禁止顯示今日可進場。,False,False
2026-10-01,2026-10-01,收盤確認價,臺灣證券交易所 / 證券櫃檯買賣中心正式收盤；yfinance 歷史資料,只使用完整收盤日K，不使用盤中未完成K,上櫃,3438,類比科,61.5,62.9,61.4,61.48,62.04,62.68,60.25,55.74,-12.77,-0.65,False,63972,89427,3934278,5716731,1.11,False,True,17.89,一般K,,False,False,False,False,0,False,C級：已漲遠或接近目標，禁止追高,條件不足,接近成形,68.2,60.7,89.2,接近成形＋可觀察,69.56,68.2,69.56,71.65,66.15,4.9,低,-9.82,17.67,5.76,28.23,69.56,1.79,False,False,True,距離頸線或前高過遠，禁止追高,頸線以當日前20日高點計算；收盤站上頸線 68.2 至少2%；成交量>=20日均量2倍；不可長上影；回踩須有近10日突破紀錄且不有效跌破頸線；距離頸線>5%禁止進場,20,C,禁止追高,已漲遠或接近目標，空手不追；持有者依策略分批處理。,False,2026-10-01,True,True,STOP,STOP 停止進場,觀察,取消新進場，只保留觀察,只看續抱 / 減碼 / 停利 / 停損，不新增部位。,停止新進場，先保留現金，等待大盤止跌。,停止新進場，禁止顯示今日可進場。,False,False
2026-10-01,2026-10-01,收盤確認價,臺灣證券交易所 / 證券櫃檯買賣中心正式收盤；yfinance 歷史資料,只使用完整收盤日K，不使用盤中未完成K,上櫃,3297,杭特,31.5,33.0,31.5,33.0,33.04,30.32,28.91,36.07,2.94,-3.37,False,200960,466384,6330240,15306337,4.77,False,True,55.42,長黑,,False,False,False,False,0,False,C級：已漲遠或接近目標，禁止追高,條件不足,接近成形,33.9,28.8,44.1,接近成形＋可觀察,34.58,33.9,34.58,35.62,32.88,4.9,低,-7.08,19.02,5.62,27.54,34.58,0.63,True,False,True,距離頸線或前高過遠，禁止追高,頸線以當日前20日高點計算；收盤站上頸線 33.9 至少2%；成交量>=20日均量2倍；不可長上影；回踩須有近10日突破紀錄且不有效跌破頸線；距離頸線>5%禁止進場,20,C,禁止追高,已漲遠或接近目標，空手不追；持有者依策略分批處理。,False,2026-10-01,True,True,STOP,STOP 停止進場,觀察,取消新進場，只保留觀察,只看續抱 / 減碼 / 停利 / 停損，不新增部位。,停止新進場，先保留現金，等待大盤止跌。,停止新進場，禁止顯示今日可進場。,False,False
2026-10-01,2026-10-01,收盤確認價,臺灣證券交易所 / 證券櫃檯買賣中心正式收盤；yfinance 歷史資料,只使用完整收盤日K，不使用盤中未完成K,上櫃,8277,商丞,15.5,15.55,15.25,15.62,16.7,17.66,18.42,21.59,-23.2,0.0,False,181535,94673,2813792,1605808,2.41,False,True,42.2,下影線,,False,False,False,False,0,False,C級：已漲遠或接近目標，禁止追高,條件不足,接近成形,20.5,16.78,26.35,接近成形＋可觀察,20.91,20.5,20.91,21.54,19.88,4.9,低,-24.39,27.37,5.31,26.02,20.91,0.32,False,False,True,距離頸線或前高過遠，禁止追高,頸線以當日前20日高點計算；收盤站上頸線 20.5 至少2%；成交量>=20日均量2倍；不可長上影；回踩須有近10日突破紀錄且不有效跌破頸線；距離頸線>5%禁止進場,20,C,禁止追高,已漲遠或接近目標，空手不追；持有者依策略分批處理。,False,2026-10-01,True,True,STOP,STOP 停止進場,觀察,取消新進場，只保留觀察,只看續抱 / 減碼 / 停利 / 停損，不新增部位。,停止新進場，先保留現金，等待大盤止跌。,停止新進場，禁止顯示今日可進場。,False,False
2026-10-01,2026-10-01,收盤確認價,臺灣證券交易所 / 證券櫃檯買賣中心正式收盤；yfinance 歷史資料,只使用完整收盤日K，不使用盤中未完成K,上櫃,5392,能率,39.9,40.5,39.7,39.65,39.81,40.69,42.42,43.29,-15.39,-0.5,False,710411,778916,28345398,32148005,1.41,False,True,60.96,一般K,,False,False,False,False,0,False,C級：已漲遠或接近目標，禁止追高,條件不足,旗型整理突破,46.45,39.15,59.32,接近成形＋可觀察,47.38,46.45,47.38,48.8,45.06,4.9,低,-14.1,18.44,5.14,25.21,47.38,0.0,False,False,True,距離頸線或前高過遠，禁止追高,頸線以當日前20日高點計算；收盤站上頸線 46.45 至少2%；成交量>=20日均量2倍；不可長上影；回踩須有近10日突破紀錄且不有效跌破頸線；距離頸線>5%禁止進場,20,C,禁止追高,已漲遠或接近目標，空手不追；持有者依策略分批處理。,False,2026-10-01,True,True,STOP,STOP 停止進場,觀察,取消新進場，只保留觀察,只看續抱 / 減碼 / 停利 / 停損，不新增部位。,停止新進場，先保留現金，等待大盤止跌。,停止新進場，禁止顯示今日可進場。,False,False
2026-10-01,2026-10-01,收盤確認價,臺灣證券交易所 / 證券櫃檯買賣中心正式收盤；yfinance 歷史資料,只使用完整收盤日K，不使用盤中未完成K,上櫃,8291,尚茂,28.35,28.7,28.35,29.07,29.46,30.1,33.87,28.95,-14.09,-0.7,False,21620,18125,612927,540877,4.3,False,True,19.8,一般K,,False,False,False,False,0,False,C級：已漲遠或接近目標，禁止追高,條件不足,接近成形,33.0,28.6,42.0,接近成形＋可觀察,33.66,33.0,33.66,34.67,32.01,4.9,低,-14.09,41.24,5.05,24.78,33.66,0.53,False,False,True,距離頸線或前高過遠，禁止追高,頸線以當日前20日高點計算；收盤站上頸線 33.0 至少2%；成交量>=20日均量2倍；不可長上影；回踩須有近10日突破紀錄且不有效跌破頸線；距離頸線>5%禁止進場,20,C,禁止追高,已漲遠或接近目標，空手不追；持有者依策略分批處理。,False,2026-10-01,True,True,STOP,STOP 停止進場,觀察,取消新進場，只保留觀察,只看續抱 / 減碼 / 停利 / 停損，不新增部位。,停止新進場，先保留現金，等待大盤止跌。,停止新進場，禁止顯示今日可進場。,False,False
2026-10-01,2026-10-01,收盤確認價,臺灣證券交易所 / 證券櫃檯買賣中心正式收盤；yfinance 歷史資料,只使用完整收盤日K，不使用盤中未完成K,上櫃,4530,宏易,24.1,24.95,24.1,24.43,24.4,25.46,25.9,27.53,-7.49,-2.63,False,3001,27800,72324,694960,3.57,False,True,39.61,一般K,,False,False,False,False,0,False,C級：已漲遠或接近目標，禁止追高,條件不足,接近成形,30.25,24.19,38.5,接近成形＋可觀察,30.86,30.25,30.86,31.78,29.34,4.9,低,-20.33,22.26,5.05,24.78,30.86,0.21,False,False,True,距離頸線或前高過遠，禁止追高,頸線以當日前20日高點計算；收盤站上頸線 30.25 至少2%；成交量>=20日均量2倍；不可長上影；回踩須有近10日突破紀錄且不有效跌破頸線；距離頸線>5%禁止進場,20,C,禁止追高,已漲遠或接近目標，空手不追；持有者依策略分批處理。,False,2026-10-01,True,True,STOP,STOP 停止進場,觀察,取消新進場，只保留觀察,只看續抱 / 減碼 / 停利 / 停損，不新增部位。,停止新進場，先保留現金，等待大盤止跌。,停止新進場，禁止顯示今日可進場。,False,False
2026-10-01,2026-10-01,收盤確認價,臺灣證券交易所 / 證券櫃檯買賣中心正式收盤；yfinance 歷史資料,只使用完整收盤日K，不使用盤中未完成K,上櫃,3685,元創精密,34.65,35.15,34.2,35.03,35.39,36.07,36.45,35.23,16.28,-1.0,False,216890,463829,7515238,16845088,1.54,False,True,42.18,一般K,,False,False,False,False,0,False,C級：已漲遠或接近目標，禁止追高,條件不足,接近成形,38.6,34.27,48.95,接近成形＋可觀察,39.37,38.6,39.37,40.55,37.44,4.9,低,-10.23,15.49,4.96,24.33,39.37,0.43,False,False,True,距離頸線或前高過遠，禁止追高,頸線以當日前20日高點計算；收盤站上頸線 38.6 至少2%；成交量>=20日均量2倍；不可長上影；回踩須有近10日突破紀錄且不有效跌破頸線；距離頸線>5%禁止進場,20,C,禁止追高,已漲遠或接近目標，空手不追；持有者依策略分批處理。,False,2026-10-01,True,True,STOP,STOP 停止進場,觀察,取消新進場，只保留觀察,只看續抱 / 減碼 / 停利 / 停損，不新增部位。,停止新進場，先保留現金，等待大盤止跌。,停止新進場，禁止顯示今日可進場。,False,False
2026-10-01,2026-10-01,收盤確認價,臺灣證券交易所 / 證券櫃檯買賣中心正式收盤；yfinance 歷史資料,只使用完整收盤日K，不使用盤中未完成K,上櫃,4303,信立,33.35,34.1,33.35,33.78,34.41,35.1,33.85,39.63,2.5,-0.3,False,865817,801175,28874996,28283463,1.73,False,True,16.95,一般K,,False,False,False,False,0,False,C級：已漲遠或接近目標，禁止追高,條件不足,接近成形,38.4,33.35,48.69,接近成形＋可觀察,39.17,38.4,39.17,40.34,37.25,4.9,低,-13.15,25.72,4.96,24.32,39.17,1.65,False,False,True,距離頸線或前高過遠，禁止追高,頸線以當日前20日高點計算；收盤站上頸線 38.4 至少2%；成交量>=20日均量2倍；不可長上影；回踩須有近10日突破紀錄且不有效跌破頸線；距離頸線>5%禁止進場,20,C,禁止追高,已漲遠或接近目標，空手不追；持有者依策略分批處理。,False,2026-10-01,True,True,STOP,STOP 停止進場,觀察,取消新進場，只保留觀察,只看續抱 / 減碼 / 停利 / 停損，不新增部位。,停止新進場，先保留現金，等待大盤止跌。,停止新進場，禁止顯示今日可進場。,False,False
2026-10-01,2026-10-01,收盤確認價,臺灣證券交易所 / 證券櫃檯買賣中心正式收盤；yfinance 歷史資料,只使用完整收盤日K，不使用盤中未完成K,上櫃,8059,凱碩,17.55,17.7,17.15,17.46,19.26,20.79,23.5,31.07,-34.38,2.33,False,68765,107734,1206825,2060088,3.19,False,True,55.4,紅K突破,,False,False,False,False,0,False,C級：已漲遠或接近目標，禁止追高,條件不足,接近成形,23.0,19.75,29.14,接近成形＋可觀察,23.46,23.0,23.46,24.16,22.31,4.9,低,-23.68,41.33,4.95,24.24,23.46,0.85,False,False,True,距離頸線或前高過遠，禁止追高,頸線以當日前20日高點計算；收盤站上頸線 23.0 至少2%；成交量>=20日均量2倍；不可長上影；回踩須有近10日突破紀錄且不有效跌破頸線；距離頸線>5%禁止進場,20,C,禁止追高,已漲遠或接近目標，空手不追；持有者依策略分批處理。,False,2026-10-01,True,True,STOP,STOP 停止進場,觀察,取消新進場，只保留觀察,只看續抱 / 減碼 / 停利 / 停損，不新增部位。,停止新進場，先保留現金，等待大盤止跌。,停止新進場，禁止顯示今日可進場。,False,False
2026-10-01,2026-10-01,收盤確認價,臺灣證券交易所 / 證券櫃檯買賣中心正式收盤；yfinance 歷史資料,只使用完整收盤日K，不使用盤中未完成K,上櫃,4973,廣穎,137.0,140.0,136.5,135.8,137.1,141.0,147.01,93.49,-13.02,-0.72,False,342247,638908,46887839,90838300,1.77,False,True,62.05,一般K,,False,False,False,False,0,False,C級：已漲遠或接近目標，禁止追高,條件不足,接近成形,157.5,133.95,198.5,接近成形＋可觀察,160.65,157.5,160.65,165.47,152.78,4.9,低,-13.02,19.88,4.81,23.56,160.65,0.0,False,False,True,距離頸線或前高過遠，禁止追高,頸線以當日前20日高點計算；收盤站上頸線 157.5 至少2%；成交量>=20日均量2倍；不可長上影；回踩須有近10日突破紀錄且不有效跌破頸線；距離頸線>5%禁止進場,20,C,禁止追高,已漲遠或接近目標，空手不追；持有者依策略分批處理。,False,2026-10-01,True,True,STOP,STOP 停止進場,觀察,取消新進場，只保留觀察,只看續抱 / 減碼 / 停利 / 停損，不新增部位。,停止新進場，先保留現金，等待大盤止跌。,停止新進場，禁止顯示今日可進場。,False,False
2026-10-01,2026-10-01,收盤確認價,臺灣證券交易所 / 證券櫃檯買賣中心正式收盤；yfinance 歷史資料,只使用完整收盤日K，不使用盤中未完成K,上櫃,3548,兆利,76.5,78.0,76.0,77.14,78.34,79.87,78.12,88.12,-9.25,-1.03,False,171142,211442,13092363,17007881,2.3,False,True,14.94,一般K,,False,False,False,False,0,False,C級：已漲遠或接近目標，禁止追高,條件不足,接近成形,88.7,76.3,111.6,接近成形＋可觀察,90.47,88.7,90.47,93.19,86.04,4.9,低,-13.75,17.56,4.76,23.35,90.47,0.0,False,False,True,距離頸線或前高過遠，禁止追高,頸線以當日前20日高點計算；收盤站上頸線 88.7 至少2%；成交量>=20日均量2倍；不可長上影；回踩須有近10日突破紀錄且不有效跌破頸線；距離頸線>5%禁止進場,20,C,禁止追高,已漲遠或接近目標，空手不追；持有者依策略分批處理。,False,2026-10-01,True,True,STOP,STOP 停止進場,觀察,取消新進場，只保留觀察,只看續抱 / 減碼 / 停利 / 停損，不新增部位。,停止新進場，先保留現金，等待大盤止跌。,停止新進場，禁止顯示今日可進場。,False,False
2026-10-01,2026-10-01,收盤確認價,臺灣證券交易所 / 證券櫃檯買賣中心正式收盤；yfinance 歷史資料,只使用完整收盤日K，不使用盤中未完成K,上櫃,3288,點晶,21.25,21.4,20.8,21.17,20.98,20.81,22.07,18.18,14.25,0.24,False,23937,46058,508661,971531,2.84,False,True,13.18,紅K突破,,False,False,False,False,0,False,C級：已漲遠或接近目標，禁止追高,條件不足,旗型整理突破,23.1,19.77,28.95,接近成形＋可觀察,23.56,23.1,23.56,24.27,22.41,4.9,低,-8.01,32.11,4.66,22.87,23.56,0.71,False,False,True,距離頸線或前高過遠，禁止追高,頸線以當日前20日高點計算；收盤站上頸線 23.1 至少2%；成交量>=20日均量2倍；不可長上影；回踩須有近10日突破紀錄且不有效跌破頸線；距離頸線>5%禁止進場,20,C,禁止追高,已漲遠或接近目標，空手不追；持有者依策略分批處理。,False,2026-10-01,True,True,STOP,STOP 停止進場,觀察,取消新進場，只保留觀察,只看續抱 / 減碼 / 停利 / 停損，不新增部位。,停止新進場，先保留現金，等待大盤止跌。,停止新進場，禁止顯示今日可進場。,False,False
2026-10-01,2026-10-01,收盤確認價,臺灣證券交易所 / 證券櫃檯買賣中心正式收盤；yfinance 歷史資料,只使用完整收盤日K，不使用盤中未完成K,上櫃,4735,豪展,36.05,36.5,36.05,36.0,35.93,36.26,34.58,32.49,15.92,-0.14,False,29202,33195,1052732,1208687,1.16,False,True,38.2,一般K,,False,False,False,False,0,False,C級：已漲遠或接近目標，禁止追高,條件不足,旗型整理突破,38.6,35.25,48.2,接近成形＋可觀察,39.37,38.6,39.37,40.55,37.44,4.9,低,-6.61,11.64,4.57,22.42,39.37,1.25,False,False,True,距離頸線或前高過遠，禁止追高,頸線以當日前20日高點計算；收盤站上頸線 38.6 至少2%；成交量>=20日均量2倍；不可長上影；回踩須有近10日突破紀錄且不有效跌破頸線；距離頸線>5%禁止進場,20,C,禁止追高,已漲遠或接近目標，空手不追；持有者依策略分批處理。,False,2026-10-01,True,True,STOP,STOP 停止進場,觀察,取消新進場，只保留觀察,只看續抱 / 減碼 / 停利 / 停損，不新增部位。,停止新進場，先保留現金，等待大盤止跌。,停止新進場，禁止顯示今日可進場。,False,False
2026-10-01,2026-10-01,收盤確認價,臺灣證券交易所 / 證券櫃檯買賣中心正式收盤；yfinance 歷史資料,只使用完整收盤日K，不使用盤中未完成K,上櫃,3230,錦明,42.25,44.05,41.6,41.34,41.42,41.82,43.06,39.93,-18.75,2.05,False,727608,389866,30741438,16282967,1.49,False,True,22.59,一般K,,False,False,False,False,0,False,C級：已漲遠或接近目標，禁止追高,條件不足,三角收斂突破,45.5,40.2,56.5,接近成形＋可觀察,46.41,45.5,46.41,47.8,44.13,4.9,低,-7.14,26.65,4.44,21.74,46.41,4.26,False,False,True,距離頸線或前高過遠，禁止追高,頸線以當日前20日高點計算；收盤站上頸線 45.5 至少2%；成交量>=20日均量2倍；不可長上影；回踩須有近10日突破紀錄且不有效跌破頸線；距離頸線>5%禁止進場,20,C,禁止追高,已漲遠或接近目標，空手不追；持有者依策略分批處理。,False,2026-10-01,True,True,STOP,STOP 停止進場,觀察,取消新進場，只保留觀察,只看續抱 / 減碼 / 停利 / 停損，不新增部位。,停止新進場，先保留現金，等待大盤止跌。,停止新進場，禁止顯示今日可進場。,False,False
2026-10-01,2026-10-01,收盤確認價,臺灣證券交易所 / 證券櫃檯買賣中心正式收盤；yfinance 歷史資料,只使用完整收盤日K，不使用盤中未完成K,上櫃,6494,九齊,52.4,53.2,52.0,51.54,51.13,51.86,53.21,47.59,-18.51,1.16,False,106836,101153,5598206,5279476,1.87,False,True,31.38,一般K,,False,False,False,False,0,False,C級：已漲遠或接近目標，禁止追高,條件不足,旗型整理突破,56.7,49.27,70.4,接近成形＋可觀察,57.83,56.7,57.83,59.57,55.0,4.9,低,-7.58,22.83,4.43,21.73,57.83,1.53,False,False,True,距離頸線或前高過遠，禁止追高,頸線以當日前20日高點計算；收盤站上頸線 56.7 至少2%；成交量>=20日均量2倍；不可長上影；回踩須有近10日突破紀錄且不有效跌破頸線；距離頸線>5%禁止進場,20,C,禁止追高,已漲遠或接近目標，空手不追；持有者依策略分批處理。,False,2026-10-01,True,True,STOP,STOP 停止進場,觀察,取消新進場，只保留觀察,只看續抱 / 減碼 / 停利 / 停損，不新增部位。,停止新進場，先保留現金，等待大盤止跌。,停止新進場，禁止顯示今日可進場。,False,False
2026-10-01,2026-10-01,收盤確認價,臺灣證券交易所 / 證券櫃檯買賣中心正式收盤；yfinance 歷史資料,只使用完整收盤日K，不使用盤中未完成K,上市,1435,中福,22.0,22.5,20.3,22.15,22.36,22.38,23.23,20.99,-18.67,-1.79,False,20285,11543,446270,258462,2.35,False,True,23.0,下影線,,False,False,False,False,0,False,C級：已漲遠或接近目標，禁止追高,條件不足,三角收斂突破,24.4,21.26,30.15,接近成形＋可觀察,24.89,24.4,24.89,25.63,23.67,4.9,低,-9.84,24.79,4.31,21.14,24.89,2.27,False,False,True,距離頸線或前高過遠，禁止追高,頸線以當日前20日高點計算；收盤站上頸線 24.4 至少2%；成交量>=20日均量2倍；不可長上影；回踩須有近10日突破紀錄且不有效跌破頸線；距離頸線>5%禁止進場,20,C,禁止追高,已漲遠或接近目標，空手不追；持有者依策略分批處理。,False,2026-10-01,True,True,STOP,STOP 停止進場,觀察,取消新進場，只保留觀察,只看續抱 / 減碼 / 停利 / 停損，不新增部位。,停止新進場，先保留現金，等待大盤止跌。,停止新進場，禁止顯示今日可進場。,False,False
2026-10-01,2026-10-01,收盤確認價,臺灣證券交易所 / 證券櫃檯買賣中心正式收盤；yfinance 歷史資料,只使用完整收盤日K，不使用盤中未完成K,上櫃,6418,詠昇,34.55,34.6,33.9,34.64,34.73,34.66,32.95,37.87,5.02,-0.29,False,112865,88181,3899485,3052955,1.81,False,True,28.47,紅K突破,,False,False,False,False,0,False,C級：已漲遠或接近目標，禁止追高,條件不足,接近成形,36.6,32.93,45.2,接近成形＋可觀察,37.33,36.6,37.33,38.45,35.5,4.9,低,-5.6,12.42,4.3,21.08,37.33,0.14,False,False,True,距離頸線或前高過遠，禁止追高,頸線以當日前20日高點計算；收盤站上頸線 36.6 至少2%；成交量>=20日均量2倍；不可長上影；回踩須有近10日突破紀錄且不有效跌破頸線；距離頸線>5%禁止進場,20,C,禁止追高,已漲遠或接近目標，空手不追；持有者依策略分批處理。,False,2026-10-01,True,True,STOP,STOP 停止進場,觀察,取消新進場，只保留觀察,只看續抱 / 減碼 / 停利 / 停損，不新增部位。,停止新進場，先保留現金，等待大盤止跌。,停止新進場，禁止顯示今日可進場。,False,False
2026-10-01,2026-10-01,收盤確認價,臺灣證券交易所 / 證券櫃檯買賣中心正式收盤；yfinance 歷史資料,只使用完整收盤日K，不使用盤中未完成K,上櫃,5381,合正,23.25,23.75,23.2,23.38,23.38,23.68,24.27,27.39,-15.76,-1.69,False,421179,362613,9792411,8639742,1.81,False,True,35.05,一般K,,False,False,False,False,0,False,C級：已漲遠或接近目標，禁止追高,條件不足,接近成形,27.45,22.55,33.9,接近成形＋可觀察,28.0,27.45,28.0,28.84,26.63,4.9,低,-15.3,18.56,4.3,21.08,28.0,0.65,False,False,True,距離頸線或前高過遠，禁止追高,頸線以當日前20日高點計算；收盤站上頸線 27.45 至少2%；成交量>=20日均量2倍；不可長上影；回踩須有近10日突破紀錄且不有效跌破頸線；距離頸線>5%禁止進場,20,C,禁止追高,已漲遠或接近目標，空手不追；持有者依策略分批處理。,False,2026-10-01,True,True,STOP,STOP 停止進場,觀察,取消新進場，只保留觀察,只看續抱 / 減碼 / 停利 / 停損，不新增部位。,停止新進場，先保留現金，等待大盤止跌。,停止新進場，禁止顯示今日可進場。,False,False
2026-10-01,2026-10-01,收盤確認價,臺灣證券交易所 / 證券櫃檯買賣中心正式收盤；yfinance 歷史資料,只使用完整收盤日K，不使用盤中未完成K,上櫃,6125,廣運,49.85,50.4,49.5,49.24,49.14,49.58,50.61,60.53,-13.6,-0.1,False,351285,672607,17511557,33857984,1.47,False,True,11.8,一般K,,False,False,False,False,0,False,C級：已漲遠或接近目標，禁止追高,條件不足,旗型整理突破,55.2,47.5,68.0,接近成形＋可觀察,56.3,55.2,56.3,57.99,53.54,4.9,低,-9.69,15.65,4.24,20.77,56.3,0.4,False,False,True,距離頸線或前高過遠，禁止追高,頸線以當日前20日高點計算；收盤站上頸線 55.2 至少2%；成交量>=20日均量2倍；不可長上影；回踩須有近10日突破紀錄且不有效跌破頸線；距離頸線>5%禁止進場,20,C,禁止追高,已漲遠或接近目標，空手不追；持有者依策略分批處理。,False,2026-10-01,True,True,STOP,STOP 停止進場,觀察,取消新進場，只保留觀察,只看續抱 / 減碼 / 停利 / 停損，不新增部位。,停止新進場，先保留現金，等待大盤止跌。,停止新進場，禁止顯示今日可進場。,False,False
2026-10-01,2026-10-01,收盤確認價,臺灣證券交易所 / 證券櫃檯買賣中心正式收盤；yfinance 歷史資料,只使用完整收盤日K，不使用盤中未完成K,上櫃,6237,驊訊,36.75,38.55,36.5,36.77,35.37,34.84,35.09,39.95,-13.22,0.68,False,767912,389408,28220766,14082570,3.14,False,True,31.67,一般K,,False,False,False,False,0,False,C級：已漲遠或接近目標，禁止追高,條件不足,三角收斂突破,38.95,33.1,47.9,接近成形＋可觀察,39.73,38.95,39.73,40.92,37.78,4.9,低,-5.65,16.1,4.2,20.57,39.73,4.9,False,False,True,距離頸線或前高過遠，禁止追高,頸線以當日前20日高點計算；收盤站上頸線 38.95 至少2%；成交量>=20日均量2倍；不可長上影；回踩須有近10日突破紀錄且不有效跌破頸線；距離頸線>5%禁止進場,20,C,禁止追高,已漲遠或接近目標，空手不追；持有者依策略分批處理。,False,2026-10-01,True,True,STOP,STOP 停止進場,觀察,取消新進場，只保留觀察,只看續抱 / 減碼 / 停利 / 停損，不新增部位。,停止新進場，先保留現金，等待大盤止跌。,停止新進場，禁止顯示今日可進場。,False,False
2026-10-01,2026-10-01,收盤確認價,臺灣證券交易所 / 證券櫃檯買賣中心正式收盤；yfinance 歷史資料,只使用完整收盤日K，不使用盤中未完成K,上櫃,3689,湧德,110.5,111.5,110.0,110.2,109.4,110.5,110.29,113.81,-10.53,0.0,False,295155,780262,32614627,87548748,1.68,False,True,20.89,一般K,,False,False,False,False,0,False,C級：已漲遠或接近目標，禁止追高,條件不足,旗型整理突破,124.0,105.5,152.5,接近成形＋可觀察,126.48,124.0,126.48,130.27,120.28,4.9,低,-10.89,14.01,4.2,20.57,126.48,0.0,False,False,True,距離頸線或前高過遠，禁止追高,頸線以當日前20日高點計算；收盤站上頸線 124.0 至少2%；成交量>=20日均量2倍；不可長上影；回踩須有近10日突破紀錄且不有效跌破頸線；距離頸線>5%禁止進場,20,C,禁止追高,已漲遠或接近目標，空手不追；持有者依策略分批處理。,False,2026-10-01,True,True,STOP,STOP 停止進場,觀察,取消新進場，只保留觀察,只看續抱 / 減碼 / 停利 / 停損，不新增部位。,停止新進場，先保留現金，等待大盤止跌。,停止新進場，禁止顯示今日可進場。,False,False
2026-10-01,2026-10-01,收盤確認價,臺灣證券交易所 / 證券櫃檯買賣中心正式收盤；yfinance 歷史資料,只使用完整收盤日K，不使用盤中未完成K,上櫃,3086,華義,27.35,27.8,27.1,27.86,28.42,29.03,28.59,27.83,-13.31,-0.18,False,65389,96250,1788389,2826648,2.13,False,True,28.63,一般K,遊戲 軟體 題材股,False,False,False,False,0,False,C級：已漲遠或接近目標，禁止追高,條件不足,接近成形,33.25,27.58,40.9,接近成形＋可觀察,33.91,33.25,33.91,34.93,32.25,4.9,低,-17.74,21.41,4.2,20.6,33.91,1.46,False,False,True,距離頸線或前高過遠，禁止追高,頸線以當日前20日高點計算；收盤站上頸線 33.25 至少2%；成交量>=20日均量2倍；不可長上影；回踩須有近10日突破紀錄且不有效跌破頸線；距離頸線>5%禁止進場,20,C,禁止追高,已漲遠或接近目標，空手不追；持有者依策略分批處理。,False,2026-10-01,True,True,STOP,STOP 停止進場,觀察,取消新進場，只保留觀察,只看續抱 / 減碼 / 停利 / 停損，不新增部位。,停止新進場，先保留現金，等待大盤止跌。,停止新進場，禁止顯示今日可進場。,False,False
2026-10-01,2026-10-01,收盤確認價,臺灣證券交易所 / 證券櫃檯買賣中心正式收盤；yfinance 歷史資料,只使用完整收盤日K，不使用盤中未完成K,上櫃,4442,竣邦-KY,54.0,54.4,53.6,53.88,54.26,53.61,53.53,56.03,8.54,-0.18,False,19715,91471,1064610,4979445,1.86,False,True,49.7,一般K,,False,False,False,False,0,False,C級：已漲遠或接近目標，禁止追高,條件不足,接近成形,59.4,50.93,72.8,接近成形＋可觀察,60.59,59.4,60.59,62.41,57.62,4.9,低,-9.09,25.93,4.11,20.16,60.59,0.56,False,False,True,距離頸線或前高過遠，禁止追高,頸線以當日前20日高點計算；收盤站上頸線 59.4 至少2%；成交量>=20日均量2倍；不可長上影；回踩須有近10日突破紀錄且不有效跌破頸線；距離頸線>5%禁止進場,20,C,禁止追高,已漲遠或接近目標，空手不追；持有者依策略分批處理。,False,2026-10-01,True,True,STOP,STOP 停止進場,觀察,取消新進場，只保留觀察,只看續抱 / 減碼 / 停利 / 停損，不新增部位。,停止新進場，先保留現金，等待大盤止跌。,停止新進場，禁止顯示今日可進場。,False,False
2026-10-01,2026-10-01,收盤確認價,臺灣證券交易所 / 證券櫃檯買賣中心正式收盤；yfinance 歷史資料,只使用完整收盤日K，不使用盤中未完成K,上櫃,8074,鉅橡,51.8,52.2,51.6,51.16,50.85,51.46,54.42,56.24,-19.57,0.39,False,193109,281399,10003046,14546444,1.92,False,True,34.47,一般K,,False,False,False,False,0,False,C級：已漲遠或接近目標，禁止追高,條件不足,旗型整理突破,57.5,48.89,70.35,接近成形＋可觀察,58.65,57.5,58.65,60.41,55.77,4.9,低,-9.91,21.75,4.07,19.95,58.65,0.39,False,False,True,距離頸線或前高過遠，禁止追高,頸線以當日前20日高點計算；收盤站上頸線 57.5 至少2%；成交量>=20日均量2倍；不可長上影；回踩須有近10日突破紀錄且不有效跌破頸線；距離頸線>5%禁止進場,20,C,禁止追高,已漲遠或接近目標，空手不追；持有者依策略分批處理。,False,2026-10-01,True,True,STOP,STOP 停止進場,觀察,取消新進場，只保留觀察,只看續抱 / 減碼 / 停利 / 停損，不新增部位。,停止新進場，先保留現金，等待大盤止跌。,停止新進場，禁止顯示今日可進場。,False,False
2026-10-01,2026-10-01,收盤確認價,臺灣證券交易所 / 證券櫃檯買賣中心正式收盤；yfinance 歷史資料,只使用完整收盤日K，不使用盤中未完成K,上櫃,5543,桓鼎-KY,27.0,27.3,26.0,27.11,27.07,27.52,27.28,28.05,-5.59,1.12,False,7998,10215,215946,280870,2.26,False,True,20.76,紅K突破,,False,False,False,False,0,False,C級：已漲遠或接近目標，禁止追高,條件不足,接近成形,30.2,26.15,36.9,接近成形＋可觀察,30.8,30.2,30.8,31.73,29.29,4.9,低,-10.6,10.6,4.04,19.79,30.8,1.11,False,False,True,距離頸線或前高過遠，禁止追高,頸線以當日前20日高點計算；收盤站上頸線 30.2 至少2%；成交量>=20日均量2倍；不可長上影；回踩須有近10日突破紀錄且不有效跌破頸線；距離頸線>5%禁止進場,20,C,禁止追高,已漲遠或接近目標，空手不追；持有者依策略分批處理。,False,2026-10-01,True,True,STOP,STOP 停止進場,觀察,取消新進場，只保留觀察,只看續抱 / 減碼 / 停利 / 停損，不新增部位。,停止新進場，先保留現金，等待大盤止跌。,停止新進場，禁止顯示今日可進場。,False,False
2026-10-01,2026-10-01,收盤確認價,臺灣證券交易所 / 證券櫃檯買賣中心正式收盤；yfinance 歷史資料,只使用完整收盤日K，不使用盤中未完成K,上櫃,5468,凱鈺,25.45,25.65,25.0,25.2,24.95,25.11,25.96,21.16,-17.64,-1.55,False,141339,209767,3597077,5431634,3.43,False,True,18.71,下影線,,False,False,False,False,0,False,C級：已漲遠或接近目標，禁止追高,條件不足,旗型整理突破,28.5,24.05,34.8,接近成形＋可觀察,29.07,28.5,29.07,29.94,27.64,4.9,低,-10.7,24.26,4.02,19.71,29.07,0.59,False,False,True,距離頸線或前高過遠，禁止追高,頸線以當日前20日高點計算；收盤站上頸線 28.5 至少2%；成交量>=20日均量2倍；不可長上影；回踩須有近10日突破紀錄且不有效跌破頸線；距離頸線>5%禁止進場,20,C,禁止追高,已漲遠或接近目標，空手不追；持有者依策略分批處理。,False,2026-10-01,True,True,STOP,STOP 停止進場,觀察,取消新進場，只保留觀察,只看續抱 / 減碼 / 停利 / 停損，不新增部位。,停止新進場，先保留現金，等待大盤止跌。,停止新進場，禁止顯示今日可進場。,False,False
2026-10-01,2026-10-01,收盤確認價,臺灣證券交易所 / 證券櫃檯買賣中心正式收盤；yfinance 歷史資料,只使用完整收盤日K，不使用盤中未完成K,上市,1563,巧新,76.1,76.3,74.8,75.34,74.63,77.4,80.79,67.6,-17.28,0.66,False,196239,481344,14933787,36733212,2.72,False,True,47.99,紅K突破,,False,False,False,False,0,False,C級：已漲遠或接近目標，禁止追高,條件不足,接近成形,88.8,73.53,108.4,接近成形＋可觀察,90.58,88.8,90.58,93.29,86.14,4.9,低,-14.3,19.5,4.01,19.68,90.58,0.26,False,False,True,距離頸線或前高過遠，禁止追高,頸線以當日前20日高點計算；收盤站上頸線 88.8 至少2%；成交量>=20日均量2倍；不可長上影；回踩須有近10日突破紀錄且不有效跌破頸線；距離頸線>5%禁止進場,20,C,禁止追高,已漲遠或接近目標，空手不追；持有者依策略分批處理。,False,2026-10-01,True,True,STOP,STOP 停止進場,觀察,取消新進場，只保留觀察,只看續抱 / 減碼 / 停利 / 停損，不新增部位。,停止新進場，先保留現金，等待大盤止跌。,停止新進場，禁止顯示今日可進場。,False,False
2026-10-01,2026-10-01,收盤確認價,臺灣證券交易所 / 證券櫃檯買賣中心正式收盤；yfinance 歷史資料,只使用完整收盤日K，不使用盤中未完成K,上櫃,6568,宏觀,140.0,142.0,140.0,141.9,141.25,138.07,137.82,156.59,-9.97,-1.75,False,55051,109182,7707140,15151911,2.53,False,True,34.99,一般K,,False,False,False,False,0,False,C級：已漲遠或接近目標，禁止追高,條件不足,接近成形,150.0,131.17,183.0,接近成形＋可觀察,153.0,150.0,153.0,157.59,145.5,4.9,低,-6.67,13.31,4.0,19.61,153.0,0.36,False,False,True,距離頸線或前高過遠，禁止追高,頸線以當日前20日高點計算；收盤站上頸線 150.0 至少2%；成交量>=20日均量2倍；不可長上影；回踩須有近10日突破紀錄且不有效跌破頸線；距離頸線>5%禁止進場,20,C,禁止追高,已漲遠或接近目標，空手不追；持有者依策略分批處理。,False,2026-10-01,True,True,STOP,STOP 停止進場,觀察,取消新進場，只保留觀察,只看續抱 / 減碼 / 停利 / 停損，不新增部位。,停止新進場，先保留現金，等待大盤止跌。,停止新進場，禁止顯示今日可進場。,False,False
2026-10-01,2026-10-01,收盤確認價,臺灣證券交易所 / 證券櫃檯買賣中心正式收盤；yfinance 歷史資料,只使用完整收盤日K，不使用盤中未完成K,上櫃,6486,互動,81.3,82.1,80.7,80.82,81.02,81.32,78.14,80.72,-2.05,0.87,False,56618,241520,4603043,19951936,2.39,False,True,47.27,紅K突破,,False,False,False,False,0,False,C級：已漲遠或接近目標，禁止追高,條件不足,接近成形,92.6,77.25,112.1,接近成形＋可觀察,94.45,92.6,94.45,97.29,89.82,4.9,低,-12.2,12.2,3.81,18.68,94.45,0.98,False,False,True,距離頸線或前高過遠，禁止追高,頸線以當日前20日高點計算；收盤站上頸線 92.6 至少2%；成交量>=20日均量2倍；不可長上影；回踩須有近10日突破紀錄且不有效跌破頸線；距離頸線>5%禁止進場,20,C,禁止追高,已漲遠或接近目標，空手不追；持有者依策略分批處理。,False,2026-10-01,True,True,STOP,STOP 停止進場,觀察,取消新進場，只保留觀察,只看續抱 / 減碼 / 停利 / 停損，不新增部位。,停止新進場，先保留現金，等待大盤止跌。,停止新進場，禁止顯示今日可進場。,False,False
2026-10-01,2026-10-01,收盤確認價,臺灣證券交易所 / 證券櫃檯買賣中心正式收盤；yfinance 歷史資料,只使用完整收盤日K，不使用盤中未完成K,上市,2236,百達-KY,108.5,109.5,106.0,108.7,111.25,116.42,131.96,120.35,-38.18,-0.91,False,413705,463586,44886992,52995047,2.93,False,True,23.11,下影線,,False,False,False,False,0,False,C級：已漲遠或接近目標，禁止追高,條件不足,接近成形,129.0,110.6,156.0,接近成形＋可觀察,131.58,129.0,131.58,135.53,125.13,4.9,低,-15.89,41.67,3.79,18.56,131.58,0.0,False,False,True,距離頸線或前高過遠，禁止追高,頸線以當日前20日高點計算；收盤站上頸線 129.0 至少2%；成交量>=20日均量2倍；不可長上影；回踩須有近10日突破紀錄且不有效跌破頸線；距離頸線>5%禁止進場,20,C,禁止追高,已漲遠或接近目標，空手不追；持有者依策略分批處理。,False,2026-10-01,True,True,STOP,STOP 停止進場,觀察,取消新進場，只保留觀察,只看續抱 / 減碼 / 停利 / 停損，不新增部位。,停止新進場，先保留現金，等待大盤止跌。,停止新進場，禁止顯示今日可進場。,False,False
2026-10-01,2026-10-01,收盤確認價,臺灣證券交易所 / 證券櫃檯買賣中心正式收盤；yfinance 歷史資料,只使用完整收盤日K，不使用盤中未完成K,上櫃,6461,益得,24.05,24.4,23.75,24.12,24.45,25.24,25.53,27.83,-9.56,-1.64,False,79228,65386,1905433,1618562,2.39,False,True,51.27,一般K,,False,False,False,False,0,False,C級：已漲遠或接近目標，禁止追高,條件不足,接近成形,29.4,23.98,35.5,接近成形＋可觀察,29.99,29.4,29.99,30.89,28.52,4.9,低,-18.2,18.2,3.75,18.38,29.99,0.83,False,False,True,距離頸線或前高過遠，禁止追高,頸線以當日前20日高點計算；收盤站上頸線 29.4 至少2%；成交量>=20日均量2倍；不可長上影；回踩須有近10日突破紀錄且不有效跌破頸線；距離頸線>5%禁止進場,20,C,禁止追高,已漲遠或接近目標，空手不追；持有者依策略分批處理。,False,2026-10-01,True,True,STOP,STOP 停止進場,觀察,取消新進場，只保留觀察,只看續抱 / 減碼 / 停利 / 停損，不新增部位。,停止新進場，先保留現金，等待大盤止跌。,停止新進場，禁止顯示今日可進場。,False,False
2026-10-01,2026-10-01,收盤確認價,臺灣證券交易所 / 證券櫃檯買賣中心正式收盤；yfinance 歷史資料,只使用完整收盤日K，不使用盤中未完成K,上櫃,6517,保勝光學,63.5,64.1,63.1,63.3,63.82,64.78,66.08,63.65,-2.46,-0.16,False,89960,354335,5712460,23456912,2.51,False,True,23.9,一般K,,False,False,False,False,0,False,C級：已漲遠或接近目標，禁止追高,條件不足,接近成形,73.4,61.54,88.6,接近成形＋可觀察,74.87,73.4,74.87,77.11,71.2,4.9,低,-13.49,21.6,3.74,18.34,74.87,0.0,False,False,True,距離頸線或前高過遠，禁止追高,頸線以當日前20日高點計算；收盤站上頸線 73.4 至少2%；成交量>=20日均量2倍；不可長上影；回踩須有近10日突破紀錄且不有效跌破頸線；距離頸線>5%禁止進場,20,C,禁止追高,已漲遠或接近目標，空手不追；持有者依策略分批處理。,False,2026-10-01,True,True,STOP,STOP 停止進場,觀察,取消新進場，只保留觀察,只看續抱 / 減碼 / 停利 / 停損，不新增部位。,停止新進場，先保留現金，等待大盤止跌。,停止新進場，禁止顯示今日可進場。,False,False
2026-10-01,2026-10-01,收盤確認價,臺灣證券交易所 / 證券櫃檯買賣中心正式收盤；yfinance 歷史資料,只使用完整收盤日K，不使用盤中未完成K,上櫃,8071,能率網通,22.0,22.4,21.95,21.92,21.82,22.16,23.66,20.15,-28.57,-0.23,False,305535,298466,6721770,6663621,1.59,False,True,41.78,一般K,,False,False,False,False,0,False,C級：已漲遠或接近目標，禁止追高,條件不足,旗型整理突破,24.2,21.05,29.2,接近成形＋可觀察,24.68,24.2,24.68,25.42,23.47,4.9,低,-9.09,37.32,3.73,18.3,24.68,0.91,False,False,True,距離頸線或前高過遠，禁止追高,頸線以當日前20日高點計算；收盤站上頸線 24.2 至少2%；成交量>=20日均量2倍；不可長上影；回踩須有近10日突破紀錄且不有效跌破頸線；距離頸線>5%禁止進場,20,C,禁止追高,已漲遠或接近目標，空手不追；持有者依策略分批處理。,False,2026-10-01,True,True,STOP,STOP 停止進場,觀察,取消新進場，只保留觀察,只看續抱 / 減碼 / 停利 / 停損，不新增部位。,停止新進場，先保留現金，等待大盤止跌。,停止新進場，禁止顯示今日可進場。,False,False
2026-10-01,2026-10-01,收盤確認價,臺灣證券交易所 / 證券櫃檯買賣中心正式收盤；yfinance 歷史資料,只使用完整收盤日K，不使用盤中未完成K,上櫃,8234,新漢,63.0,63.6,62.8,61.92,61.99,63.63,65.6,69.23,-13.1,0.64,False,280630,379957,17679690,24464849,1.75,False,True,60.96,一般K,,False,False,False,False,0,False,C級：已漲遠或接近目標，禁止追高,條件不足,旗型整理突破,70.3,60.6,84.8,接近成形＋可觀察,71.71,70.3,71.71,73.86,68.19,4.9,低,-10.38,17.75,3.73,18.26,71.71,0.95,False,False,True,距離頸線或前高過遠，禁止追高,頸線以當日前20日高點計算；收盤站上頸線 70.3 至少2%；成交量>=20日均量2倍；不可長上影；回踩須有近10日突破紀錄且不有效跌破頸線；距離頸線>5%禁止進場,20,C,禁止追高,已漲遠或接近目標，空手不追；持有者依策略分批處理。,False,2026-10-01,True,True,STOP,STOP 停止進場,觀察,取消新進場，只保留觀察,只看續抱 / 減碼 / 停利 / 停損，不新增部位。,停止新進場，先保留現金，等待大盤止跌。,停止新進場，禁止顯示今日可進場。,False,False
2026-10-01,2026-10-01,收盤確認價,臺灣證券交易所 / 證券櫃檯買賣中心正式收盤；yfinance 歷史資料,只使用完整收盤日K，不使用盤中未完成K,上櫃,6498,久禾光,68.3,68.5,66.6,67.2,67.04,68.96,74.9,88.33,-23.26,2.25,False,91342,167546,6238658,11788647,3.09,False,True,32.63,紅K突破,,False,False,False,False,0,False,C級：已漲遠或接近目標，禁止追高,條件不足,接近成形,80.5,65.51,96.8,接近成形＋可觀察,82.11,80.5,82.11,84.57,78.08,4.9,低,-15.16,25.76,3.65,17.89,82.11,0.29,False,False,True,距離頸線或前高過遠，禁止追高,頸線以當日前20日高點計算；收盤站上頸線 80.5 至少2%；成交量>=20日均量2倍；不可長上影；回踩須有近10日突破紀錄且不有效跌破頸線；距離頸線>5%禁止進場,20,C,禁止追高,已漲遠或接近目標，空手不追；持有者依策略分批處理。,False,2026-10-01,True,True,STOP,STOP 停止進場,觀察,取消新進場，只保留觀察,只看續抱 / 減碼 / 停利 / 停損，不新增部位。,停止新進場，先保留現金，等待大盤止跌。,停止新進場，禁止顯示今日可進場。,False,False
2026-10-01,2026-10-01,收盤確認價,臺灣證券交易所 / 證券櫃檯買賣中心正式收盤；yfinance 歷史資料,只使用完整收盤日K，不使用盤中未完成K,上櫃,4716,大立,17.25,17.6,16.7,16.99,16.92,16.94,17.84,16.42,-26.28,2.37,False,886371,581200,15289899,9886890,1.19,False,True,17.61,一般K,,False,False,False,False,0,False,C級：已漲遠或接近目標，禁止追高,條件不足,三角收斂突破,19.35,16.3,23.2,接近成形＋可觀察,19.74,19.35,19.74,20.33,18.77,4.9,低,-10.85,28.72,3.58,17.55,19.74,2.03,False,False,True,距離頸線或前高過遠，禁止追高,頸線以當日前20日高點計算；收盤站上頸線 19.35 至少2%；成交量>=20日均量2倍；不可長上影；回踩須有近10日突破紀錄且不有效跌破頸線；距離頸線>5%禁止進場,20,C,禁止追高,已漲遠或接近目標，空手不追；持有者依策略分批處理。,False,2026-10-01,True,True,STOP,STOP 停止進場,觀察,取消新進場，只保留觀察,只看續抱 / 減碼 / 停利 / 停損，不新增部位。,停止新進場，先保留現金，等待大盤止跌。,停止新進場，禁止顯示今日可進場。,False,False
2026-10-01,2026-10-01,收盤確認價,臺灣證券交易所 / 證券櫃檯買賣中心正式收盤；yfinance 歷史資料,只使用完整收盤日K，不使用盤中未完成K,上櫃,6546,正基,59.7,60.4,59.4,58.8,59.52,60.19,61.22,66.84,-12.97,0.51,False,162512,243288,9701966,14484998,1.51,False,True,43.75,一般K,,False,False,False,False,0,False,C級：已漲遠或接近目標，禁止追高,條件不足,旗型整理突破,64.5,57.19,77.2,接近成形＋可觀察,65.79,64.5,65.79,67.76,62.56,4.9,低,-7.44,13.48,3.54,17.34,65.79,0.67,False,False,True,距離頸線或前高過遠，禁止追高,頸線以當日前20日高點計算；收盤站上頸線 64.5 至少2%；成交量>=20日均量2倍；不可長上影；回踩須有近10日突破紀錄且不有效跌破頸線；距離頸線>5%禁止進場,20,C,禁止追高,已漲遠或接近目標，空手不追；持有者依策略分批處理。,False,2026-10-01,True,True,STOP,STOP 停止進場,觀察,取消新進場，只保留觀察,只看續抱 / 減碼 / 停利 / 停損，不新增部位。,停止新進場，先保留現金，等待大盤止跌。,停止新進場，禁止顯示今日可進場。,False,False
2026-10-01,2026-10-01,收盤確認價,臺灣證券交易所 / 證券櫃檯買賣中心正式收盤；yfinance 歷史資料,只使用完整收盤日K，不使用盤中未完成K,上市,1308,亞聚,14.2,14.4,14.1,14.25,14.21,14.25,13.95,14.0,-5.33,-1.73,False,758207,1262525,10766539,18057809,1.89,False,True,25.64,一般K,,False,False,False,False,0,False,C級：已漲遠或接近目標，禁止追高,條件不足,接近成形,15.25,13.85,18.25,接近成形＋可觀察,15.55,15.25,15.55,16.02,14.79,4.9,低,-6.89,10.13,3.53,17.33,15.55,0.35,False,False,True,距離頸線或前高過遠，禁止追高,頸線以當日前20日高點計算；收盤站上頸線 15.25 至少2%；成交量>=20日均量2倍；不可長上影；回踩須有近10日突破紀錄且不有效跌破頸線；距離頸線>5%禁止進場,20,C,禁止追高,已漲遠或接近目標，空手不追；持有者依策略分批處理。,False,2026-10-01,True,True,STOP,STOP 停止進場,觀察,取消新進場，只保留觀察,只看續抱 / 減碼 / 停利 / 停損，不新增部位。,停止新進場，先保留現金，等待大盤止跌。,停止新進場，禁止顯示今日可進場。,False,False
2026-10-01,2026-10-01,收盤確認價,臺灣證券交易所 / 證券櫃檯買賣中心正式收盤；yfinance 歷史資料,只使用完整收盤日K，不使用盤中未完成K,上市,1582,信錦,71.1,72.5,71.0,70.7,70.65,71.3,72.44,78.85,-11.46,-1.11,False,214712,288859,15266023,20603155,1.21,False,True,48.76,一般K,,False,False,False,False,0,False,C級：已漲遠或接近目標，禁止追高,條件不足,旗型整理突破,76.9,68.7,91.8,接近成形＋可觀察,78.44,76.9,78.44,80.79,74.59,4.9,低,-7.54,12.44,3.48,17.04,78.44,0.0,False,False,True,距離頸線或前高過遠，禁止追高,頸線以當日前20日高點計算；收盤站上頸線 76.9 至少2%；成交量>=20日均量2倍；不可長上影；回踩須有近10日突破紀錄且不有效跌破頸線；距離頸線>5%禁止進場,20,C,禁止追高,已漲遠或接近目標，空手不追；持有者依策略分批處理。,False,2026-10-01,True,True,STOP,STOP 停止進場,觀察,取消新進場，只保留觀察,只看續抱 / 減碼 / 停利 / 停損，不新增部位。,停止新進場，先保留現金，等待大盤止跌。,停止新進場，禁止顯示今日可進場。,False,False
2026-10-01,2026-10-01,收盤確認價,臺灣證券交易所 / 證券櫃檯買賣中心正式收盤；yfinance 歷史資料,只使用完整收盤日K，不使用盤中未完成K,上市,1808,潤隆,31.7,32.0,31.4,31.75,33.34,33.93,33.19,32.62,5.49,0.16,False,1385047,1955301,43905989,66849564,2.81,False,True,27.79,一般K,,False,False,False,False,0,False,C級：已漲遠或接近目標，禁止追高,條件不足,接近成形,37.15,32.23,44.35,接近成形＋可觀察,37.89,37.15,37.89,39.03,36.04,4.9,低,-14.67,16.14,3.48,17.04,37.89,0.95,False,False,True,距離頸線或前高過遠，禁止追高,頸線以當日前20日高點計算；收盤站上頸線 37.15 至少2%；成交量>=20日均量2倍；不可長上影；回踩須有近10日突破紀錄且不有效跌破頸線；距離頸線>5%禁止進場,20,C,禁止追高,已漲遠或接近目標，空手不追；持有者依策略分批處理。,False,2026-10-01,True,True,STOP,STOP 停止進場,觀察,取消新進場，只保留觀察,只看續抱 / 減碼 / 停利 / 停損，不新增部位。,停止新進場，先保留現金，等待大盤止跌。,停止新進場，禁止顯示今日可進場。,False,False
2026-10-01,2026-10-01,收盤確認價,臺灣證券交易所 / 證券櫃檯買賣中心正式收盤；yfinance 歷史資料,只使用完整收盤日K，不使用盤中未完成K,上櫃,3379,彬台,27.6,27.85,27.3,27.47,27.53,27.65,28.98,40.95,-19.06,-0.36,False,47199,59859,1302692,1657217,1.67,False,True,32.33,紅K突破,,False,False,False,False,0,False,C級：已漲遠或接近目標，禁止追高,條件不足,旗型整理突破,29.75,26.27,35.5,接近成形＋可觀察,30.34,29.75,30.34,31.26,28.86,4.9,低,-7.23,23.55,3.47,16.99,30.34,0.91,False,False,True,距離頸線或前高過遠，禁止追高,頸線以當日前20日高點計算；收盤站上頸線 29.75 至少2%；成交量>=20日均量2倍；不可長上影；回踩須有近10日突破紀錄且不有效跌破頸線；距離頸線>5%禁止進場,20,C,禁止追高,已漲遠或接近目標，空手不追；持有者依策略分批處理。,False,2026-10-01,True,True,STOP,STOP 停止進場,觀察,取消新進場，只保留觀察,只看續抱 / 減碼 / 停利 / 停損，不新增部位。,停止新進場，先保留現金，等待大盤止跌。,停止新進場，禁止顯示今日可進場。,False,False
2026-10-01,2026-10-01,收盤確認價,臺灣證券交易所 / 證券櫃檯買賣中心正式收盤；yfinance 歷史資料,只使用完整收盤日K，不使用盤中未完成K,上櫃,3625,西勝,11.2,11.5,10.2,11.36,11.49,11.96,14.43,18.12,-37.08,0.45,False,236343,165738,2647041,1978239,2.01,False,True,29.39,下影線,,False,False,False,False,0,False,C級：已漲遠或接近目標，禁止追高,條件不足,接近成形,13.5,11.36,16.1,接近成形＋可觀察,13.77,13.5,13.77,14.18,13.09,4.9,低,-17.04,44.42,3.45,16.92,13.77,2.68,False,False,True,距離頸線或前高過遠，禁止追高,頸線以當日前20日高點計算；收盤站上頸線 13.5 至少2%；成交量>=20日均量2倍；不可長上影；回踩須有近10日突破紀錄且不有效跌破頸線；距離頸線>5%禁止進場,20,C,禁止追高,已漲遠或接近目標，空手不追；持有者依策略分批處理。,False,2026-10-01,True,True,STOP,STOP 停止進場,觀察,取消新進場，只保留觀察,只看續抱 / 減碼 / 停利 / 停損，不新增部位。,停止新進場，先保留現金，等待大盤止跌。,停止新進場，禁止顯示今日可進場。,False,False
2026-10-01,2026-10-01,收盤確認價,臺灣證券交易所 / 證券櫃檯買賣中心正式收盤；yfinance 歷史資料,只使用完整收盤日K，不使用盤中未完成K,上市,1515,力山,29.25,30.2,29.1,29.47,29.68,30.07,33.1,28.01,-29.52,-1.85,False,501315,729124,14663463,22124846,2.24,False,True,21.4,一般K,,False,False,False,False,0,False,C級：已漲遠或接近目標，禁止追高,條件不足,接近成形,33.7,28.65,40.15,接近成形＋可觀察,34.37,33.7,34.37,35.41,32.69,4.9,低,-13.2,35.14,3.43,16.8,34.37,0.0,False,False,True,距離頸線或前高過遠，禁止追高,頸線以當日前20日高點計算；收盤站上頸線 33.7 至少2%；成交量>=20日均量2倍；不可長上影；回踩須有近10日突破紀錄且不有效跌破頸線；距離頸線>5%禁止進場,20,C,禁止追高,已漲遠或接近目標，空手不追；持有者依策略分批處理。,False,2026-10-01,True,True,STOP,STOP 停止進場,觀察,取消新進場，只保留觀察,只看續抱 / 減碼 / 停利 / 停損，不新增部位。,停止新進場，先保留現金，等待大盤止跌。,停止新進場，禁止顯示今日可進場。,False,False
2026-10-01,2026-10-01,收盤確認價,臺灣證券交易所 / 證券櫃檯買賣中心正式收盤；yfinance 歷史資料,只使用完整收盤日K，不使用盤中未完成K,上市,1305,華夏,12.15,12.4,12.1,12.15,12.1,12.14,12.08,12.57,-7.95,-1.62,False,670622,1432345,8148057,17462093,1.65,False,True,15.5,一般K,,False,False,False,False,0,False,C級：已漲遠或接近目標，禁止追高,條件不足,旗型整理突破,13.1,11.7,15.6,接近成形＋可觀察,13.36,13.1,13.36,13.76,12.71,4.9,低,-7.25,12.59,3.42,16.75,13.36,0.0,False,False,True,距離頸線或前高過遠，禁止追高,頸線以當日前20日高點計算；收盤站上頸線 13.1 至少2%；成交量>=20日均量2倍；不可長上影；回踩須有近10日突破紀錄且不有效跌破頸線；距離頸線>5%禁止進場,20,C,禁止追高,已漲遠或接近目標，空手不追；持有者依策略分批處理。,False,2026-10-01,True,True,STOP,STOP 停止進場,觀察,取消新進場，只保留觀察,只看續抱 / 減碼 / 停利 / 停損，不新增部位。,停止新進場，先保留現金，等待大盤止跌。,停止新進場，禁止顯示今日可進場。,False,False
2026-10-01,2026-10-01,收盤確認價,臺灣證券交易所 / 證券櫃檯買賣中心正式收盤；yfinance 歷史資料,只使用完整收盤日K，不使用盤中未完成K,上市,2362,藍天,46.6,47.15,46.6,47.11,47.44,47.55,46.22,41.79,8.0,-0.64,False,479520,684867,22345632,32724669,1.78,False,True,17.13,一般K,,False,False,False,False,0,False,C級：已漲遠或接近目標，禁止追高,條件不足,接近成形,49.9,46.25,59.4,接近成形＋可觀察,50.9,49.9,50.9,52.42,48.4,4.9,低,-6.61,10.04,3.41,16.7,50.9,0.32,False,False,True,距離頸線或前高過遠，禁止追高,頸線以當日前20日高點計算；收盤站上頸線 49.9 至少2%；成交量>=20日均量2倍；不可長上影；回踩須有近10日突破紀錄且不有效跌破頸線；距離頸線>5%禁止進場,20,C,禁止追高,已漲遠或接近目標，空手不追；持有者依策略分批處理。,False,2026-10-01,True,True,STOP,STOP 停止進場,觀察,取消新進場，只保留觀察,只看續抱 / 減碼 / 停利 / 停損，不新增部位。,停止新進場，先保留現金，等待大盤止跌。,停止新進場，禁止顯示今日可進場。,False,False
2026-10-01,2026-10-01,收盤確認價,臺灣證券交易所 / 證券櫃檯買賣中心正式收盤；yfinance 歷史資料,只使用完整收盤日K，不使用盤中未完成K,上櫃,4741,泓瀚,40.3,41.35,40.25,39.3,38.67,39.0,42.78,37.8,-22.5,-1.23,False,39984,88420,1611355,3470329,2.48,False,True,25.97,一般K,,False,False,False,False,0,False,C級：已漲遠或接近目標，禁止追高,條件不足,接近成形,44.15,37.05,52.55,接近成形＋可觀察,45.03,44.15,45.03,46.38,42.83,4.9,低,-8.72,25.23,3.41,16.69,45.03,1.36,False,False,True,距離頸線或前高過遠，禁止追高,頸線以當日前20日高點計算；收盤站上頸線 44.15 至少2%；成交量>=20日均量2倍；不可長上影；回踩須有近10日突破紀錄且不有效跌破頸線；距離頸線>5%禁止進場,20,C,禁止追高,已漲遠或接近目標，空手不追；持有者依策略分批處理。,False,2026-10-01,True,True,STOP,STOP 停止進場,觀察,取消新進場，只保留觀察,只看續抱 / 減碼 / 停利 / 停損，不新增部位。,停止新進場，先保留現金，等待大盤止跌。,停止新進場，禁止顯示今日可進場。,False,False
2026-10-01,2026-10-01,收盤確認價,臺灣證券交易所 / 證券櫃檯買賣中心正式收盤；yfinance 歷史資料,只使用完整收盤日K，不使用盤中未完成K,上櫃,6684,安格,50.1,51.9,50.1,49.85,49.19,47.34,48.21,50.1,-11.8,-0.2,False,114823,109016,5752632,5247318,2.27,False,True,40.64,一般K,,False,False,False,False,0,False,C級：已漲遠或接近目標，禁止追高,條件不足,接近成形,52.9,44.97,62.85,接近成形＋可觀察,53.96,52.9,53.96,55.58,51.31,4.9,低,-5.29,12.26,3.36,16.48,53.96,2.59,False,False,True,距離頸線或前高過遠，禁止追高,頸線以當日前20日高點計算；收盤站上頸線 52.9 至少2%；成交量>=20日均量2倍；不可長上影；回踩須有近10日突破紀錄且不有效跌破頸線；距離頸線>5%禁止進場,20,C,禁止追高,已漲遠或接近目標，空手不追；持有者依策略分批處理。,False,2026-10-01,True,True,STOP,STOP 停止進場,觀察,取消新進場，只保留觀察,只看續抱 / 減碼 / 停利 / 停損，不新增部位。,停止新進場，先保留現金，等待大盤止跌。,停止新進場，禁止顯示今日可進場。,False,False
2026-10-01,2026-10-01,收盤確認價,臺灣證券交易所 / 證券櫃檯買賣中心正式收盤；yfinance 歷史資料,只使用完整收盤日K，不使用盤中未完成K,上櫃,5457,宣德,23.9,24.65,23.85,24.0,24.03,25.28,27.69,35.56,-28.87,-1.85,False,404953,725081,9678376,17623702,2.39,False,True,66.03,一般K,,False,False,False,False,0,False,C級：已漲遠或接近目標，禁止追高,條件不足,接近成形,28.7,24.02,34.1,接近成形＋可觀察,29.27,28.7,29.27,30.15,27.84,4.9,低,-16.72,29.91,3.36,16.49,29.27,0.63,False,False,True,距離頸線或前高過遠，禁止追高,頸線以當日前20日高點計算；收盤站上頸線 28.7 至少2%；成交量>=20日均量2倍；不可長上影；回踩須有近10日突破紀錄且不有效跌破頸線；距離頸線>5%禁止進場,20,C,禁止追高,已漲遠或接近目標，空手不追；持有者依策略分批處理。,False,2026-10-01,True,True,STOP,STOP 停止進場,觀察,取消新進場，只保留觀察,只看續抱 / 減碼 / 停利 / 停損，不新增部位。,停止新進場，先保留現金，等待大盤止跌。,停止新進場，禁止顯示今日可進場。,False,False
2026-10-01,2026-10-01,收盤確認價,臺灣證券交易所 / 證券櫃檯買賣中心正式收盤；yfinance 歷史資料,只使用完整收盤日K，不使用盤中未完成K,上市,1538,正峰,7.83,7.83,7.48,8.04,8.34,8.55,9.35,17.21,-22.09,4.68,False,15832,8417,123964,70925,3.99,False,True,14.42,紅K突破,,False,False,False,False,0,False,C級：已漲遠或接近目標，禁止追高,條件不足,接近成形,9.2,8.12,10.92,接近成形＋可觀察,9.38,9.2,9.38,9.67,8.92,4.9,低,-14.89,28.82,3.34,16.37,9.38,0.0,False,False,True,距離頸線或前高過遠，禁止追高,頸線以當日前20日高點計算；收盤站上頸線 9.2 至少2%；成交量>=20日均量2倍；不可長上影；回踩須有近10日突破紀錄且不有效跌破頸線；距離頸線>5%禁止進場,20,C,禁止追高,已漲遠或接近目標，空手不追；持有者依策略分批處理。,False,2026-10-01,True,True,STOP,STOP 停止進場,觀察,取消新進場，只保留觀察,只看續抱 / 減碼 / 停利 / 停損，不新增部位。,停止新進場，先保留現金，等待大盤止跌。,停止新進場，禁止顯示今日可進場。,False,False
2026-10-01,2026-10-01,收盤確認價,臺灣證券交易所 / 證券櫃檯買賣中心正式收盤；yfinance 歷史資料,只使用完整收盤日K，不使用盤中未完成K,上市,2009,第一銅,39.3,40.0,39.15,39.39,39.41,39.43,38.94,41.58,2.21,-1.75,False,1229356,1835048,48313690,72851780,1.73,False,True,18.99,一般K,,False,False,False,False,0,False,C級：已漲遠或接近目標，禁止追高,條件不足,接近成形,42.1,38.05,49.9,接近成形＋可觀察,42.94,42.1,42.94,44.23,40.84,4.9,低,-6.65,11.09,3.31,16.2,42.94,0.0,False,False,True,距離頸線或前高過遠，禁止追高,頸線以當日前20日高點計算；收盤站上頸線 42.1 至少2%；成交量>=20日均量2倍；不可長上影；回踩須有近10日突破紀錄且不有效跌破頸線；距離頸線>5%禁止進場,20,C,禁止追高,已漲遠或接近目標，空手不追；持有者依策略分批處理。,False,2026-10-01,True,True,STOP,STOP 停止進場,觀察,取消新進場，只保留觀察,只看續抱 / 減碼 / 停利 / 停損，不新增部位。,停止新進場，先保留現金，等待大盤止跌。,停止新進場，禁止顯示今日可進場。,False,False
2026-10-01,2026-10-01,收盤確認價,臺灣證券交易所 / 證券櫃檯買賣中心正式收盤；yfinance 歷史資料,只使用完整收盤日K，不使用盤中未完成K,上櫃,7402,邑錡,100.5,102.0,100.0,100.08,100.24,101.32,108.88,117.85,-25.83,-0.5,False,120712,218739,12131556,22237007,1.6,False,True,23.15,一般K,,False,False,False,False,0,False,C級：已漲遠或接近目標，禁止追高,條件不足,旗型整理突破,112.0,98.6,132.5,接近成形＋可觀察,114.24,112.0,114.24,117.67,108.64,4.9,低,-10.27,32.78,3.26,15.98,114.24,0.0,False,False,True,距離頸線或前高過遠，禁止追高,頸線以當日前20日高點計算；收盤站上頸線 112.0 至少2%；成交量>=20日均量2倍；不可長上影；回踩須有近10日突破紀錄且不有效跌破頸線；距離頸線>5%禁止進場,20,C,禁止追高,已漲遠或接近目標，空手不追；持有者依策略分批處理。,False,2026-10-01,True,True,STOP,STOP 停止進場,觀察,取消新進場，只保留觀察,只看續抱 / 減碼 / 停利 / 停損，不新增部位。,停止新進場，先保留現金，等待大盤止跌。,停止新進場，禁止顯示今日可進場。,False,False
2026-10-01,2026-10-01,收盤確認價,臺灣證券交易所 / 證券櫃檯買賣中心正式收盤；yfinance 歷史資料,只使用完整收盤日K，不使用盤中未完成K,上櫃,4909,新復興,36.15,36.8,35.95,35.45,35.04,35.31,37.64,49.26,-15.73,-0.69,False,194608,299229,7035079,10603938,1.96,False,True,35.33,一般K,,False,False,False,False,0,False,C級：已漲遠或接近目標，禁止追高,條件不足,接近成形,40.5,33.54,47.9,接近成形＋可觀察,41.31,40.5,41.31,42.55,39.28,4.9,低,-10.74,17.65,3.25,15.95,41.31,0.69,False,False,True,距離頸線或前高過遠，禁止追高,頸線以當日前20日高點計算；收盤站上頸線 40.5 至少2%；成交量>=20日均量2倍；不可長上影；回踩須有近10日突破紀錄且不有效跌破頸線；距離頸線>5%禁止進場,20,C,禁止追高,已漲遠或接近目標，空手不追；持有者依策略分批處理。,False,2026-10-01,True,True,STOP,STOP 停止進場,觀察,取消新進場，只保留觀察,只看續抱 / 減碼 / 停利 / 停損，不新增部位。,停止新進場，先保留現金，等待大盤止跌。,停止新進場，禁止顯示今日可進場。,False,False
2026-10-01,2026-10-01,收盤確認價,臺灣證券交易所 / 證券櫃檯買賣中心正式收盤；yfinance 歷史資料,只使用完整收盤日K，不使用盤中未完成K,上櫃,6465,威潤,41.6,42.3,41.3,41.63,41.88,43.0,47.68,40.47,-27.78,-0.36,False,49266,108716,2049465,4704383,1.56,False,True,19.95,一般K,,False,False,False,False,0,False,C級：已漲遠或接近目標，禁止追高,條件不足,接近成形,49.3,40.85,58.3,接近成形＋可觀察,50.29,49.3,50.29,51.79,47.82,4.9,低,-15.62,34.69,3.25,15.94,50.29,0.0,False,False,True,距離頸線或前高過遠，禁止追高,頸線以當日前20日高點計算；收盤站上頸線 49.3 至少2%；成交量>=20日均量2倍；不可長上影；回踩須有近10日突破紀錄且不有效跌破頸線；距離頸線>5%禁止進場,20,C,禁止追高,已漲遠或接近目標，空手不追；持有者依策略分批處理。,False,2026-10-01,True,True,STOP,STOP 停止進場,觀察,取消新進場，只保留觀察,只看續抱 / 減碼 / 停利 / 停損，不新增部位。,停止新進場，先保留現金，等待大盤止跌。,停止新進場，禁止顯示今日可進場。,False,False
2026-10-01,2026-10-01,收盤確認價,臺灣證券交易所 / 證券櫃檯買賣中心正式收盤；yfinance 歷史資料,只使用完整收盤日K，不使用盤中未完成K,上櫃,6130,上亞科技,23.55,23.75,23.55,23.64,23.78,24.48,25.6,31.95,-4.07,-0.84,False,15104,104720,355699,2559933,1.73,False,True,80.83,一般K,,False,False,False,False,0,False,C級：已漲遠或接近目標，禁止追高,條件不足,接近成形,27.5,23.26,32.5,接近成形＋可觀察,28.05,27.5,28.05,28.89,26.68,4.9,低,-14.36,22.79,3.24,15.86,28.05,0.42,False,False,True,距離頸線或前高過遠，禁止追高,頸線以當日前20日高點計算；收盤站上頸線 27.5 至少2%；成交量>=20日均量2倍；不可長上影；回踩須有近10日突破紀錄且不有效跌破頸線；距離頸線>5%禁止進場,20,C,禁止追高,已漲遠或接近目標，空手不追；持有者依策略分批處理。,False,2026-10-01,True,True,STOP,STOP 停止進場,觀察,取消新進場，只保留觀察,只看續抱 / 減碼 / 停利 / 停損，不新增部位。,停止新進場，先保留現金，等待大盤止跌。,停止新進場，禁止顯示今日可進場。,False,False
2026-10-01,2026-10-01,收盤確認價,臺灣證券交易所 / 證券櫃檯買賣中心正式收盤；yfinance 歷史資料,只使用完整收盤日K，不使用盤中未完成K,上市,2321,東訊,23.5,23.65,23.5,24.56,25.55,26.3,27.07,28.26,2.0,-3.29,False,4468,3908,104998,100910,3.96,False,True,38.31,一般K,,False,False,False,False,0,False,C級：已漲遠或接近目標，禁止追高,條件不足,接近成形,28.16,24.98,33.28,接近成形＋可觀察,28.72,28.16,28.72,29.58,27.32,4.9,低,-16.55,23.04,3.24,15.86,28.72,0.0,False,False,True,距離頸線或前高過遠，禁止追高,頸線以當日前20日高點計算；收盤站上頸線 28.16 至少2%；成交量>=20日均量2倍；不可長上影；回踩須有近10日突破紀錄且不有效跌破頸線；距離頸線>5%禁止進場,20,C,禁止追高,已漲遠或接近目標，空手不追；持有者依策略分批處理。,False,2026-10-01,True,True,STOP,STOP 停止進場,觀察,取消新進場，只保留觀察,只看續抱 / 減碼 / 停利 / 停損，不新增部位。,停止新進場，先保留現金，等待大盤止跌。,停止新進場，禁止顯示今日可進場。,False,False
2026-10-01,2026-10-01,收盤確認價,臺灣證券交易所 / 證券櫃檯買賣中心正式收盤；yfinance 歷史資料,只使用完整收盤日K，不使用盤中未完成K,上櫃,5263,智崴,90.7,91.3,89.2,90.06,89.89,94.09,94.21,97.99,-10.2,1.8,False,129658,248390,11759980,23558889,2.61,False,True,36.82,紅K突破,,False,False,False,False,0,False,C級：已漲遠或接近目標，禁止追高,條件不足,接近成形,106.0,89.39,125.2,接近成形＋可觀察,108.12,106.0,108.12,111.36,102.82,4.9,低,-14.43,14.43,3.22,15.8,108.12,0.66,False,False,True,距離頸線或前高過遠，禁止追高,頸線以當日前20日高點計算；收盤站上頸線 106.0 至少2%；成交量>=20日均量2倍；不可長上影；回踩須有近10日突破紀錄且不有效跌破頸線；距離頸線>5%禁止進場,20,C,禁止追高,已漲遠或接近目標，空手不追；持有者依策略分批處理。,False,2026-10-01,True,True,STOP,STOP 停止進場,觀察,取消新進場，只保留觀察,只看續抱 / 減碼 / 停利 / 停損，不新增部位。,停止新進場，先保留現金，等待大盤止跌。,停止新進場，禁止顯示今日可進場。,False,False
2026-10-01,2026-10-01,收盤確認價,臺灣證券交易所 / 證券櫃檯買賣中心正式收盤；yfinance 歷史資料,只使用完整收盤日K，不使用盤中未完成K,上市,2108,南帝,28.35,28.75,28.25,28.55,28.6,28.87,28.88,26.14,-2.58,-1.39,False,452033,556094,12815135,16054436,1.69,False,True,13.34,一般K,,False,False,False,False,0,False,C級：已漲遠或接近目標，禁止追高,條件不足,接近成形,31.85,27.43,37.6,接近成形＋可觀察,32.49,31.85,32.49,33.46,30.89,4.9,低,-10.99,10.99,3.21,15.74,32.49,0.0,False,False,True,距離頸線或前高過遠，禁止追高,頸線以當日前20日高點計算；收盤站上頸線 31.85 至少2%；成交量>=20日均量2倍；不可長上影；回踩須有近10日突破紀錄且不有效跌破頸線；距離頸線>5%禁止進場,20,C,禁止追高,已漲遠或接近目標，空手不追；持有者依策略分批處理。,False,2026-10-01,True,True,STOP,STOP 停止進場,觀察,取消新進場，只保留觀察,只看續抱 / 減碼 / 停利 / 停損，不新增部位。,停止新進場，先保留現金，等待大盤止跌。,停止新進場，禁止顯示今日可進場。,False,False
2026-10-01,2026-10-01,收盤確認價,臺灣證券交易所 / 證券櫃檯買賣中心正式收盤；yfinance 歷史資料,只使用完整收盤日K，不使用盤中未完成K,上櫃,3115,富榮綱,8.2,8.3,8.18,8.26,8.2,8.46,8.82,9.83,-7.66,-3.53,False,8106,13854,66469,113343,2.96,False,True,38.39,一般K,,False,False,False,False,0,False,C級：已漲遠或接近目標，禁止追高,條件不足,接近成形,9.25,8.04,10.92,接近成形＋可觀察,9.44,9.25,9.44,9.72,8.97,4.9,低,-11.35,14.67,3.21,15.74,9.44,0.0,False,False,True,距離頸線或前高過遠，禁止追高,頸線以當日前20日高點計算；收盤站上頸線 9.25 至少2%；成交量>=20日均量2倍；不可長上影；回踩須有近10日突破紀錄且不有效跌破頸線；距離頸線>5%禁止進場,20,C,禁止追高,已漲遠或接近目標，空手不追；持有者依策略分批處理。,False,2026-10-01,True,True,STOP,STOP 停止進場,觀察,取消新進場，只保留觀察,只看續抱 / 減碼 / 停利 / 停損，不新增部位。,停止新進場，先保留現金，等待大盤止跌。,停止新進場，禁止顯示今日可進場。,False,False
2026-10-01,2026-10-01,收盤確認價,臺灣證券交易所 / 證券櫃檯買賣中心正式收盤；yfinance 歷史資料,只使用完整收盤日K，不使用盤中未完成K,上市,1735,日勝化,20.15,20.55,20.15,20.19,20.19,20.16,20.3,20.42,-8.62,-0.25,False,51610,45463,1039941,917807,1.68,False,True,12.64,一般K,,False,False,False,False,0,False,C級：已漲遠或接近目標，禁止追高,條件不足,接近成形,21.95,19.15,25.9,接近成形＋可觀察,22.39,21.95,22.39,23.06,21.29,4.9,低,-8.2,10.84,3.2,15.68,22.39,0.74,False,False,True,距離頸線或前高過遠，禁止追高,頸線以當日前20日高點計算；收盤站上頸線 21.95 至少2%；成交量>=20日均量2倍；不可長上影；回踩須有近10日突破紀錄且不有效跌破頸線；距離頸線>5%禁止進場,20,C,禁止追高,已漲遠或接近目標，空手不追；持有者依策略分批處理。,False,2026-10-01,True,True,STOP,STOP 停止進場,觀察,取消新進場，只保留觀察,只看續抱 / 減碼 / 停利 / 停損，不新增部位。,停止新進場，先保留現金，等待大盤止跌。,停止新進場，禁止顯示今日可進場。,False,False
2026-10-01,2026-10-01,收盤確認價,臺灣證券交易所 / 證券櫃檯買賣中心正式收盤；yfinance 歷史資料,只使用完整收盤日K，不使用盤中未完成K,上櫃,5508,永信建,53.4,53.8,52.8,53.22,53.69,53.57,53.35,58.77,-8.25,0.56,False,135774,383946,7250331,20907242,1.92,False,True,23.09,紅K突破,,False,False,False,False,0,False,C級：已漲遠或接近目標，禁止追高,條件不足,接近成形,60.0,51.7,70.8,接近成形＋可觀察,61.2,60.0,61.2,63.04,58.2,4.9,低,-11.0,11.0,3.2,15.69,61.2,0.75,False,False,True,距離頸線或前高過遠，禁止追高,頸線以當日前20日高點計算；收盤站上頸線 60.0 至少2%；成交量>=20日均量2倍；不可長上影；回踩須有近10日突破紀錄且不有效跌破頸線；距離頸線>5%禁止進場,20,C,禁止追高,已漲遠或接近目標，空手不追；持有者依策略分批處理。,False,2026-10-01,True,True,STOP,STOP 停止進場,觀察,取消新進場，只保留觀察,只看續抱 / 減碼 / 停利 / 停損，不新增部位。,停止新進場，先保留現金，等待大盤止跌。,停止新進場，禁止顯示今日可進場。,False,False
2026-10-01,2026-10-01,收盤確認價,臺灣證券交易所 / 證券櫃檯買賣中心正式收盤；yfinance 歷史資料,只使用完整收盤日K，不使用盤中未完成K,上櫃,3272,東碩,13.9,14.1,13.6,13.9,13.96,14.09,14.3,17.71,-12.85,-0.36,False,25783,43808,358383,626214,1.27,False,True,40.47,下影線,,False,False,False,False,0,False,C級：已漲遠或接近目標，禁止追高,條件不足,接近成形,15.6,13.55,18.35,接近成形＋可觀察,15.91,15.6,15.91,16.39,15.13,4.9,低,-10.9,16.77,3.13,15.32,15.91,0.0,False,False,True,距離頸線或前高過遠，禁止追高,頸線以當日前20日高點計算；收盤站上頸線 15.6 至少2%；成交量>=20日均量2倍；不可長上影；回踩須有近10日突破紀錄且不有效跌破頸線；距離頸線>5%禁止進場,20,C,禁止追高,已漲遠或接近目標，空手不追；持有者依策略分批處理。,False,2026-10-01,True,True,STOP,STOP 停止進場,觀察,取消新進場，只保留觀察,只看續抱 / 減碼 / 停利 / 停損，不新增部位。,停止新進場，先保留現金，等待大盤止跌。,停止新進場，禁止顯示今日可進場。,False,False
2026-10-01,2026-10-01,收盤確認價,臺灣證券交易所 / 證券櫃檯買賣中心正式收盤；yfinance 歷史資料,只使用完整收盤日K，不使用盤中未完成K,上櫃,3152,璟德,232.5,235.0,230.0,228.3,225.0,227.07,234.2,258.64,-14.68,0.65,False,104944,92544,24399480,21140846,1.99,False,True,50.33,一般K,,False,False,False,False,0,False,C級：已漲遠或接近目標，禁止追高,條件不足,旗型整理突破,247.0,217.0,290.5,接近成形＋可觀察,251.94,247.0,251.94,259.5,239.59,4.9,低,-5.87,16.96,3.12,15.31,251.94,1.08,False,False,True,距離頸線或前高過遠，禁止追高,頸線以當日前20日高點計算；收盤站上頸線 247.0 至少2%；成交量>=20日均量2倍；不可長上影；回踩須有近10日突破紀錄且不有效跌破頸線；距離頸線>5%禁止進場,20,C,禁止追高,已漲遠或接近目標，空手不追；持有者依策略分批處理。,False,2026-10-01,True,True,STOP,STOP 停止進場,觀察,取消新進場，只保留觀察,只看續抱 / 減碼 / 停利 / 停損，不新增部位。,停止新進場，先保留現金，等待大盤止跌。,停止新進場，禁止顯示今日可進場。,False,False
2026-10-01,2026-10-01,收盤確認價,臺灣證券交易所 / 證券櫃檯買賣中心正式收盤；yfinance 歷史資料,只使用完整收盤日K，不使用盤中未完成K,上櫃,3577,泓格,115.5,118.5,115.0,116.6,116.6,113.75,123.31,91.37,-4.55,-1.7,False,193279,313465,22323724,35994486,2.9,False,True,19.88,一般K,,False,False,False,False,0,False,C級：已漲遠或接近目標，禁止追高,條件不足,接近成形,125.0,108.06,147.0,接近成形＋可觀察,127.5,125.0,127.5,131.33,121.25,4.9,低,-7.6,34.38,3.12,15.29,127.5,0.0,False,False,True,距離頸線或前高過遠，禁止追高,頸線以當日前20日高點計算；收盤站上頸線 125.0 至少2%；成交量>=20日均量2倍；不可長上影；回踩須有近10日突破紀錄且不有效跌破頸線；距離頸線>5%禁止進場,20,C,禁止追高,已漲遠或接近目標，空手不追；持有者依策略分批處理。,False,2026-10-01,True,True,STOP,STOP 停止進場,觀察,取消新進場，只保留觀察,只看續抱 / 減碼 / 停利 / 停損，不新增部位。,停止新進場，先保留現金，等待大盤止跌。,停止新進場，禁止顯示今日可進場。,False,False
2026-10-01,2026-10-01,收盤確認價,臺灣證券交易所 / 證券櫃檯買賣中心正式收盤；yfinance 歷史資料,只使用完整收盤日K，不使用盤中未完成K,上櫃,4747,強生,23.1,23.75,23.0,23.58,23.71,24.31,25.44,28.2,-5.33,-2.12,False,33328,61827,769876,1509165,1.68,False,True,58.21,一般K,,False,False,False,False,0,False,C級：已漲遠或接近目標，禁止追高,條件不足,接近成形,27.35,23.09,32.15,接近成形＋可觀察,27.9,27.35,27.9,28.73,26.53,4.9,低,-15.54,20.75,3.11,15.25,27.9,2.81,False,False,True,距離頸線或前高過遠，禁止追高,頸線以當日前20日高點計算；收盤站上頸線 27.35 至少2%；成交量>=20日均量2倍；不可長上影；回踩須有近10日突破紀錄且不有效跌破頸線；距離頸線>5%禁止進場,20,C,禁止追高,已漲遠或接近目標，空手不追；持有者依策略分批處理。,False,2026-10-01,True,True,STOP,STOP 停止進場,觀察,取消新進場，只保留觀察,只看續抱 / 減碼 / 停利 / 停損，不新增部位。,停止新進場，先保留現金，等待大盤止跌。,停止新進場，禁止顯示今日可進場。,False,False
2026-10-01,2026-10-01,收盤確認價,臺灣證券交易所 / 證券櫃檯買賣中心正式收盤；yfinance 歷史資料,只使用完整收盤日K，不使用盤中未完成K,上市,2380,虹光,17.0,17.15,16.85,16.81,16.76,17.19,18.63,19.54,-18.27,0.0,False,41137,94224,699329,1618852,2.07,False,True,27.5,一般K,,False,False,False,False,0,False,C級：已漲遠或接近目標，禁止追高,條件不足,接近成形,19.25,16.33,22.6,接近成形＋可觀察,19.64,19.25,19.64,20.22,18.67,4.9,低,-11.69,20.56,3.08,15.1,19.64,0.88,False,False,True,距離頸線或前高過遠，禁止追高,頸線以當日前20日高點計算；收盤站上頸線 19.25 至少2%；成交量>=20日均量2倍；不可長上影；回踩須有近10日突破紀錄且不有效跌破頸線；距離頸線>5%禁止進場,20,C,禁止追高,已漲遠或接近目標，空手不追；持有者依策略分批處理。,False,2026-10-01,True,True,STOP,STOP 停止進場,觀察,取消新進場，只保留觀察,只看續抱 / 減碼 / 停利 / 停損，不新增部位。,停止新進場，先保留現金，等待大盤止跌。,停止新進場，禁止顯示今日可進場。,False,False
2026-10-01,2026-10-01,收盤確認價,臺灣證券交易所 / 證券櫃檯買賣中心正式收盤；yfinance 歷史資料,只使用完整收盤日K，不使用盤中未完成K,上市,1309,台達化,13.7,14.0,13.6,13.79,13.8,13.79,13.64,14.16,-7.74,-1.79,False,1146443,2018145,15706269,27934710,1.8,False,True,42.68,一般K,,False,False,False,False,0,False,C級：已漲遠或接近目標，禁止追高,條件不足,接近成形,14.7,13.4,17.25,接近成形＋可觀察,14.99,14.7,14.99,15.44,14.26,4.9,低,-6.8,14.91,3.07,15.05,14.99,0.0,False,False,True,距離頸線或前高過遠，禁止追高,頸線以當日前20日高點計算；收盤站上頸線 14.7 至少2%；成交量>=20日均量2倍；不可長上影；回踩須有近10日突破紀錄且不有效跌破頸線；距離頸線>5%禁止進場,20,C,禁止追高,已漲遠或接近目標，空手不追；持有者依策略分批處理。,False,2026-10-01,True,True,STOP,STOP 停止進場,觀察,取消新進場，只保留觀察,只看續抱 / 減碼 / 停利 / 停損，不新增部位。,停止新進場，先保留現金，等待大盤止跌。,停止新進場，禁止顯示今日可進場。,False,False
2026-10-01,2026-10-01,收盤確認價,臺灣證券交易所 / 證券櫃檯買賣中心正式收盤；yfinance 歷史資料,只使用完整收盤日K，不使用盤中未完成K,上櫃,3556,禾瑞亞,59.1,59.3,58.0,57.84,57.54,57.64,61.68,50.78,-19.37,1.72,False,231837,200242,13701566,11580820,1.81,False,True,49.37,紅K突破,,False,False,False,False,0,False,C級：已漲遠或接近目標，禁止追高,條件不足,接近成形,63.5,54.8,74.5,接近成形＋可觀察,64.77,63.5,64.77,66.71,61.59,4.9,低,-6.93,24.9,3.06,15.02,64.77,0.34,False,False,True,距離頸線或前高過遠，禁止追高,頸線以當日前20日高點計算；收盤站上頸線 63.5 至少2%；成交量>=20日均量2倍；不可長上影；回踩須有近10日突破紀錄且不有效跌破頸線；距離頸線>5%禁止進場,20,C,禁止追高,已漲遠或接近目標，空手不追；持有者依策略分批處理。,False,2026-10-01,True,True,STOP,STOP 停止進場,觀察,取消新進場，只保留觀察,只看續抱 / 減碼 / 停利 / 停損，不新增部位。,停止新進場，先保留現金，等待大盤止跌。,停止新進場，禁止顯示今日可進場。,False,False
2026-10-01,2026-10-01,收盤確認價,臺灣證券交易所 / 證券櫃檯買賣中心正式收盤；yfinance 歷史資料,只使用完整收盤日K，不使用盤中未完成K,上市,1529,樂事綠能,15.65,16.2,15.65,15.64,15.58,15.82,17.11,19.49,-23.18,-1.88,False,437915,870948,6853369,13568624,2.55,False,True,33.1,一般K,,False,False,False,False,0,False,C級：已漲遠或接近目標，禁止追高,條件不足,接近成形,17.35,15.03,20.35,接近成形＋可觀察,17.7,17.35,17.7,18.23,16.83,4.9,低,-9.8,25.19,3.06,14.99,17.7,0.0,False,False,True,距離頸線或前高過遠，禁止追高,頸線以當日前20日高點計算；收盤站上頸線 17.35 至少2%；成交量>=20日均量2倍；不可長上影；回踩須有近10日突破紀錄且不有效跌破頸線；距離頸線>5%禁止進場,20,C,禁止追高,已漲遠或接近目標，空手不追；持有者依策略分批處理。,False,2026-10-01,True,True,STOP,STOP 停止進場,觀察,取消新進場，只保留觀察,只看續抱 / 減碼 / 停利 / 停損，不新增部位。,停止新進場，先保留現金，等待大盤止跌。,停止新進場，禁止顯示今日可進場。,False,False
2026-10-01,2026-10-01,收盤確認價,臺灣證券交易所 / 證券櫃檯買賣中心正式收盤；yfinance 歷史資料,只使用完整收盤日K，不使用盤中未完成K,上市,1526,日馳,14.95,15.0,14.8,14.82,14.82,15.11,16.25,16.9,3.46,-0.66,False,28704,111237,429124,1694939,1.83,False,True,50.66,一般K,,False,False,False,False,0,False,C級：已漲遠或接近目標，禁止追高,條件不足,接近成形,16.65,14.45,19.5,接近成形＋可觀察,16.98,16.65,16.98,17.49,16.15,4.9,低,-10.21,27.78,3.02,14.82,16.98,0.0,False,False,True,距離頸線或前高過遠，禁止追高,頸線以當日前20日高點計算；收盤站上頸線 16.65 至少2%；成交量>=20日均量2倍；不可長上影；回踩須有近10日突破紀錄且不有效跌破頸線；距離頸線>5%禁止進場,20,C,禁止追高,已漲遠或接近目標，空手不追；持有者依策略分批處理。,False,2026-10-01,True,True,STOP,STOP 停止進場,觀察,取消新進場，只保留觀察,只看續抱 / 減碼 / 停利 / 停損，不新增部位。,停止新進場，先保留現金，等待大盤止跌。,停止新進場，禁止顯示今日可進場。,False,False
2026-10-01,2026-10-01,收盤確認價,臺灣證券交易所 / 證券櫃檯買賣中心正式收盤；yfinance 歷史資料,只使用完整收盤日K，不使用盤中未完成K,上櫃,5345,馥鴻,21.3,21.4,21.15,21.62,21.73,21.67,22.17,23.78,-16.47,-0.93,False,10121,9522,215577,206958,3.58,False,True,7.3,一般K,,False,False,False,False,0,False,C級：已漲遠或接近目標，禁止追高,條件不足,接近成形,22.9,20.59,26.8,接近成形＋可觀察,23.36,22.9,23.36,24.06,22.21,4.9,低,-6.99,25.13,3.01,14.74,23.36,0.0,False,False,True,距離頸線或前高過遠，禁止追高,頸線以當日前20日高點計算；收盤站上頸線 22.9 至少2%；成交量>=20日均量2倍；不可長上影；回踩須有近10日突破紀錄且不有效跌破頸線；距離頸線>5%禁止進場,20,C,禁止追高,已漲遠或接近目標，空手不追；持有者依策略分批處理。,False,2026-10-01,True,True,STOP,STOP 停止進場,觀察,取消新進場，只保留觀察,只看續抱 / 減碼 / 停利 / 停損，不新增部位。,停止新進場，先保留現金，等待大盤止跌。,停止新進場，禁止顯示今日可進場。,False,False
2026-10-01,2026-10-01,收盤確認價,臺灣證券交易所 / 證券櫃檯買賣中心正式收盤；yfinance 歷史資料,只使用完整收盤日K，不使用盤中未完成K,上櫃,3523,迎輝,13.5,14.6,13.5,14.68,14.89,14.86,15.23,16.06,-12.9,-10.0,False,33211,23276,448348,346223,4.81,False,True,34.06,長黑,,False,False,False,False,0,False,C級：已漲遠或接近目標，禁止追高,條件不足,接近成形,15.85,14.11,18.55,接近成形＋可觀察,16.17,15.85,16.17,16.65,15.37,4.9,低,-14.83,27.22,3.01,14.74,16.17,0.0,False,False,True,距離頸線或前高過遠，禁止追高,頸線以當日前20日高點計算；收盤站上頸線 15.85 至少2%；成交量>=20日均量2倍；不可長上影；回踩須有近10日突破紀錄且不有效跌破頸線；距離頸線>5%禁止進場,20,C,禁止追高,已漲遠或接近目標，空手不追；持有者依策略分批處理。,False,2026-10-01,True,True,STOP,STOP 停止進場,觀察,取消新進場，只保留觀察,只看續抱 / 減碼 / 停利 / 停損，不新增部位。,停止新進場，先保留現金，等待大盤止跌。,停止新進場，禁止顯示今日可進場。,False,False
2026-10-01,2026-10-01,收盤確認價,臺灣證券交易所 / 證券櫃檯買賣中心正式收盤；yfinance 歷史資料,只使用完整收盤日K，不使用盤中未完成K,上櫃,3349,寶德,19.4,19.65,19.05,19.68,19.81,20.59,22.33,24.15,-18.83,-2.76,False,127526,245690,2474004,5023652,2.1,False,True,78.54,一般K,,False,False,False,False,0,False,C級：已漲遠或接近目標，禁止追高,條件不足,接近成形,22.9,19.56,26.8,接近成形＋可觀察,23.36,22.9,23.36,24.06,22.21,4.9,低,-15.28,24.81,3.01,14.74,23.36,0.0,False,False,True,距離頸線或前高過遠，禁止追高,頸線以當日前20日高點計算；收盤站上頸線 22.9 至少2%；成交量>=20日均量2倍；不可長上影；回踩須有近10日突破紀錄且不有效跌破頸線；距離頸線>5%禁止進場,20,C,禁止追高,已漲遠或接近目標，空手不追；持有者依策略分批處理。,False,2026-10-01,True,True,STOP,STOP 停止進場,觀察,取消新進場，只保留觀察,只看續抱 / 減碼 / 停利 / 停損，不新增部位。,停止新進場，先保留現金，等待大盤止跌。,停止新進場，禁止顯示今日可進場。,False,False
2026-10-01,2026-10-01,收盤確認價,臺灣證券交易所 / 證券櫃檯買賣中心正式收盤；yfinance 歷史資料,只使用完整收盤日K，不使用盤中未完成K,上櫃,6411,晶焱,78.4,78.7,77.9,78.0,78.17,78.43,79.95,82.76,-18.67,1.03,False,155122,186487,12161564,14678560,1.24,False,True,11.95,紅K突破,,False,False,False,False,0,False,C級：已漲遠或接近目標，禁止追高,條件不足,旗型整理突破,82.6,75.8,96.6,接近成形＋可觀察,84.25,82.6,84.25,86.78,80.12,4.9,低,-5.08,20.57,2.99,14.66,84.25,0.38,False,False,True,距離頸線或前高過遠，禁止追高,頸線以當日前20日高點計算；收盤站上頸線 82.6 至少2%；成交量>=20日均量2倍；不可長上影；回踩須有近10日突破紀錄且不有效跌破頸線；距離頸線>5%禁止進場,20,C,禁止追高,已漲遠或接近目標，空手不追；持有者依策略分批處理。,False,2026-10-01,True,True,STOP,STOP 停止進場,觀察,取消新進場，只保留觀察,只看續抱 / 減碼 / 停利 / 停損，不新增部位。,停止新進場，先保留現金，等待大盤止跌。,停止新進場，禁止顯示今日可進場。,False,False
2026-10-01,2026-10-01,收盤確認價,臺灣證券交易所 / 證券櫃檯買賣中心正式收盤；yfinance 歷史資料,只使用完整收盤日K，不使用盤中未完成K,上櫃,3522,御嵿,12.5,12.6,12.15,12.6,12.86,12.54,12.27,13.98,-7.75,0.0,False,67568,173664,844600,2213512,1.93,False,True,70.88,下影線,,False,False,False,False,0,False,C級：已漲遠或接近目標，禁止追高,條件不足,接近成形,13.55,11.91,15.85,接近成形＋可觀察,13.82,13.55,13.82,14.24,13.14,4.9,低,-7.75,10.71,2.99,14.68,13.82,0.8,False,False,True,距離頸線或前高過遠，禁止追高,頸線以當日前20日高點計算；收盤站上頸線 13.55 至少2%；成交量>=20日均量2倍；不可長上影；回踩須有近10日突破紀錄且不有效跌破頸線；距離頸線>5%禁止進場,20,C,禁止追高,已漲遠或接近目標，空手不追；持有者依策略分批處理。,False,2026-10-01,True,True,STOP,STOP 停止進場,觀察,取消新進場，只保留觀察,只看續抱 / 減碼 / 停利 / 停損，不新增部位。,停止新進場，先保留現金，等待大盤止跌。,停止新進場，禁止顯示今日可進場。,False,False
2026-10-01,2026-10-01,收盤確認價,臺灣證券交易所 / 證券櫃檯買賣中心正式收盤；yfinance 歷史資料,只使用完整收盤日K，不使用盤中未完成K,上櫃,6104,創惟,91.7,92.6,91.5,90.9,90.84,92.14,93.96,97.54,-10.54,0.22,False,430761,334282,39500783,30850978,1.37,False,True,50.8,一般K,,False,False,False,False,0,False,C級：已漲遠或接近目標，禁止追高,條件不足,旗型整理突破,99.5,89.2,116.2,接近成形＋可觀察,101.49,99.5,101.49,104.53,96.52,4.9,低,-7.84,12.67,2.96,14.49,101.49,0.76,False,False,True,距離頸線或前高過遠，禁止追高,頸線以當日前20日高點計算；收盤站上頸線 99.5 至少2%；成交量>=20日均量2倍；不可長上影；回踩須有近10日突破紀錄且不有效跌破頸線；距離頸線>5%禁止進場,20,C,禁止追高,已漲遠或接近目標，空手不追；持有者依策略分批處理。,False,2026-10-01,True,True,STOP,STOP 停止進場,觀察,取消新進場，只保留觀察,只看續抱 / 減碼 / 停利 / 停損，不新增部位。,停止新進場，先保留現金，等待大盤止跌。,停止新進場，禁止顯示今日可進場。,False,False
2026-10-01,2026-10-01,收盤確認價,臺灣證券交易所 / 證券櫃檯買賣中心正式收盤；yfinance 歷史資料,只使用完整收盤日K，不使用盤中未完成K,上市,1213,大飲,7.0,7.18,7.0,7.26,7.27,7.39,7.42,9.16,-7.89,-6.29,False,6025,11882,42175,87170,3.17,False,True,24.66,一般K,,False,False,False,False,0,False,C級：已漲遠或接近目標，禁止追高,條件不足,接近成形,8.29,7.02,9.68,接近成形＋可觀察,8.46,8.29,8.46,8.71,8.04,4.9,低,-15.56,15.56,2.95,14.48,8.46,0.0,False,False,True,距離頸線或前高過遠，禁止追高,頸線以當日前20日高點計算；收盤站上頸線 8.29 至少2%；成交量>=20日均量2倍；不可長上影；回踩須有近10日突破紀錄且不有效跌破頸線；距離頸線>5%禁止進場,20,C,禁止追高,已漲遠或接近目標，空手不追；持有者依策略分批處理。,False,2026-10-01,True,True,STOP,STOP 停止進場,觀察,取消新進場，只保留觀察,只看續抱 / 減碼 / 停利 / 停損，不新增部位。,停止新進場，先保留現金，等待大盤止跌。,停止新進場，禁止顯示今日可進場。,False,False
2026-10-01,2026-10-01,收盤確認價,臺灣證券交易所 / 證券櫃檯買賣中心正式收盤；yfinance 歷史資料,只使用完整收盤日K，不使用盤中未完成K,上櫃,3483,力致,78.5,79.5,78.2,77.84,76.52,77.13,76.57,88.33,-13.26,-0.76,False,142078,352443,11153123,27422937,2.6,False,True,22.72,一般K,,False,False,False,False,0,False,C級：已漲遠或接近目標，禁止追高,條件不足,旗型整理突破,83.6,73.3,97.5,接近成形＋可觀察,85.27,83.6,85.27,87.83,81.09,4.9,低,-6.1,13.74,2.93,14.34,85.27,0.0,False,False,True,距離頸線或前高過遠，禁止追高,頸線以當日前20日高點計算；收盤站上頸線 83.6 至少2%；成交量>=20日均量2倍；不可長上影；回踩須有近10日突破紀錄且不有效跌破頸線；距離頸線>5%禁止進場,20,C,禁止追高,已漲遠或接近目標，空手不追；持有者依策略分批處理。,False,2026-10-01,True,True,STOP,STOP 停止進場,觀察,取消新進場，只保留觀察,只看續抱 / 減碼 / 停利 / 停損，不新增部位。,停止新進場，先保留現金，等待大盤止跌。,停止新進場，禁止顯示今日可進場。,False,False
2026-10-01,2026-10-01,收盤確認價,臺灣證券交易所 / 證券櫃檯買賣中心正式收盤；yfinance 歷史資料,只使用完整收盤日K，不使用盤中未完成K,上市,1316,上曜,10.5,10.8,10.5,10.54,10.6,10.69,10.5,12.54,1.45,-1.87,False,1238358,1723027,13002759,18517153,1.81,False,True,13.21,一般K,,False,False,False,False,0,False,C級：已漲遠或接近目標，禁止追高,條件不足,接近成形,11.25,10.4,13.11,接近成形＋可觀察,11.47,11.25,11.47,11.82,10.91,4.9,低,-6.67,16.0,2.91,14.25,11.47,0.95,False,False,True,距離頸線或前高過遠，禁止追高,頸線以當日前20日高點計算；收盤站上頸線 11.25 至少2%；成交量>=20日均量2倍；不可長上影；回踩須有近10日突破紀錄且不有效跌破頸線；距離頸線>5%禁止進場,20,C,禁止追高,已漲遠或接近目標，空手不追；持有者依策略分批處理。,False,2026-10-01,True,True,STOP,STOP 停止進場,觀察,取消新進場，只保留觀察,只看續抱 / 減碼 / 停利 / 停損，不新增部位。,停止新進場，先保留現金，等待大盤止跌。,停止新進場，禁止顯示今日可進場。,False,False
2026-10-01,2026-10-01,收盤確認價,臺灣證券交易所 / 證券櫃檯買賣中心正式收盤；yfinance 歷史資料,只使用完整收盤日K，不使用盤中未完成K,上櫃,6246,臺龍,12.7,12.9,12.6,12.85,12.79,12.85,12.98,14.3,-16.17,-1.17,False,13036,39152,165557,509048,2.04,False,True,38.3,一般K,,False,False,False,False,0,False,C級：已漲遠或接近目標，禁止追高,條件不足,接近成形,13.9,12.21,16.2,接近成形＋可觀察,14.18,13.9,14.18,14.6,13.48,4.9,低,-8.63,19.11,2.91,14.26,14.18,0.0,False,False,True,距離頸線或前高過遠，禁止追高,頸線以當日前20日高點計算；收盤站上頸線 13.9 至少2%；成交量>=20日均量2倍；不可長上影；回踩須有近10日突破紀錄且不有效跌破頸線；距離頸線>5%禁止進場,20,C,禁止追高,已漲遠或接近目標，空手不追；持有者依策略分批處理。,False,2026-10-01,True,True,STOP,STOP 停止進場,觀察,取消新進場，只保留觀察,只看續抱 / 減碼 / 停利 / 停損，不新增部位。,停止新進場，先保留現金，等待大盤止跌。,停止新進場，禁止顯示今日可進場。,False,False
2026-10-01,2026-10-01,收盤確認價,臺灣證券交易所 / 證券櫃檯買賣中心正式收盤；yfinance 歷史資料,只使用完整收盤日K，不使用盤中未完成K,上櫃,3128,昇銳,20.05,20.5,20.05,20.27,20.36,20.22,20.67,23.73,-13.61,-1.47,False,80338,125070,1610776,2552434,1.09,False,True,47.25,一般K,,False,False,False,False,0,False,C級：已漲遠或接近目標，禁止追高,條件不足,接近成形,22.0,19.7,25.6,接近成形＋可觀察,22.44,22.0,22.44,23.11,21.34,4.9,低,-8.86,14.3,2.88,14.1,22.44,0.0,False,False,True,距離頸線或前高過遠，禁止追高,頸線以當日前20日高點計算；收盤站上頸線 22.0 至少2%；成交量>=20日均量2倍；不可長上影；回踩須有近10日突破紀錄且不有效跌破頸線；距離頸線>5%禁止進場,20,C,禁止追高,已漲遠或接近目標，空手不追；持有者依策略分批處理。,False,2026-10-01,True,True,STOP,STOP 停止進場,觀察,取消新進場，只保留觀察,只看續抱 / 減碼 / 停利 / 停損，不新增部位。,停止新進場，先保留現金，等待大盤止跌。,停止新進場，禁止顯示今日可進場。,False,False
2026-10-01,2026-10-01,收盤確認價,臺灣證券交易所 / 證券櫃檯買賣中心正式收盤；yfinance 歷史資料,只使用完整收盤日K，不使用盤中未完成K,上櫃,6161,捷波,50.3,51.5,50.3,49.97,49.36,49.58,50.63,47.99,-7.37,-2.33,False,39787,113258,2001286,5666826,2.18,False,True,18.81,一般K,,False,False,False,False,0,False,C級：已漲遠或接近目標，禁止追高,條件不足,旗型整理突破,53.0,47.45,61.65,接近成形＋可觀察,54.06,53.0,54.06,55.68,51.41,4.9,低,-5.09,12.67,2.86,14.04,54.06,0.2,False,False,True,距離頸線或前高過遠，禁止追高,頸線以當日前20日高點計算；收盤站上頸線 53.0 至少2%；成交量>=20日均量2倍；不可長上影；回踩須有近10日突破紀錄且不有效跌破頸線；距離頸線>5%禁止進場,20,C,禁止追高,已漲遠或接近目標，空手不追；持有者依策略分批處理。,False,2026-10-01,True,True,STOP,STOP 停止進場,觀察,取消新進場，只保留觀察,只看續抱 / 減碼 / 停利 / 停損，不新增部位。,停止新進場，先保留現金，等待大盤止跌。,停止新進場，禁止顯示今日可進場。,False,False
2026-10-01,2026-10-01,收盤確認價,臺灣證券交易所 / 證券櫃檯買賣中心正式收盤；yfinance 歷史資料,只使用完整收盤日K，不使用盤中未完成K,上櫃,8087,麗升能源,23.6,24.3,22.85,23.42,23.85,24.92,27.05,31.82,-24.48,3.51,False,21114,20575,498290,495208,3.02,False,True,40.23,一般K,,False,False,False,False,0,False,C級：已漲遠或接近目標，禁止追高,條件不足,接近成形,27.0,23.68,31.4,接近成形＋可觀察,27.54,27.0,27.54,28.37,26.19,4.9,低,-12.59,25.32,2.86,14.02,27.54,2.97,False,False,True,距離頸線或前高過遠，禁止追高,頸線以當日前20日高點計算；收盤站上頸線 27.0 至少2%；成交量>=20日均量2倍；不可長上影；回踩須有近10日突破紀錄且不有效跌破頸線；距離頸線>5%禁止進場,20,C,禁止追高,已漲遠或接近目標，空手不追；持有者依策略分批處理。,False,2026-10-01,True,True,STOP,STOP 停止進場,觀察,取消新進場，只保留觀察,只看續抱 / 減碼 / 停利 / 停損，不新增部位。,停止新進場，先保留現金，等待大盤止跌。,停止新進場，禁止顯示今日可進場。,False,False
2026-10-01,2026-10-01,收盤確認價,臺灣證券交易所 / 證券櫃檯買賣中心正式收盤；yfinance 歷史資料,只使用完整收盤日K，不使用盤中未完成K,上市,2365,昆盈,28.2,28.4,27.9,28.26,28.29,28.41,29.66,34.13,-11.88,-0.53,False,666337,670322,18790703,19142687,1.58,False,True,28.28,一般K,,False,False,False,False,0,False,C級：已漲遠或接近目標，禁止追高,條件不足,接近成形,30.7,27.05,35.65,接近成形＋可觀察,31.31,30.7,31.31,32.25,29.78,4.9,低,-8.14,16.07,2.82,13.85,31.31,0.18,False,False,True,距離頸線或前高過遠，禁止追高,頸線以當日前20日高點計算；收盤站上頸線 30.7 至少2%；成交量>=20日均量2倍；不可長上影；回踩須有近10日突破紀錄且不有效跌破頸線；距離頸線>5%禁止進場,20,C,禁止追高,已漲遠或接近目標，空手不追；持有者依策略分批處理。,False,2026-10-01,True,True,STOP,STOP 停止進場,觀察,取消新進場，只保留觀察,只看續抱 / 減碼 / 停利 / 停損，不新增部位。,停止新進場，先保留現金，等待大盤止跌。,停止新進場，禁止顯示今日可進場。,False,False
2026-10-01,2026-10-01,收盤確認價,臺灣證券交易所 / 證券櫃檯買賣中心正式收盤；yfinance 歷史資料,只使用完整收盤日K，不使用盤中未完成K,上櫃,6785,昱展新藥,95.3,96.0,95.0,96.86,97.76,95.49,100.73,182.79,-18.89,0.21,False,31901,54853,3040165,5329592,2.96,False,True,35.22,一般K,,False,False,False,False,0,False,C級：已漲遠或接近目標，禁止追高,條件不足,接近成形,108.0,90.72,125.4,接近成形＋可觀察,110.16,108.0,110.16,113.46,104.76,4.9,低,-11.76,25.25,2.82,13.83,110.16,0.73,False,False,True,距離頸線或前高過遠，禁止追高,頸線以當日前20日高點計算；收盤站上頸線 108.0 至少2%；成交量>=20日均量2倍；不可長上影；回踩須有近10日突破紀錄且不有效跌破頸線；距離頸線>5%禁止進場,20,C,禁止追高,已漲遠或接近目標，空手不追；持有者依策略分批處理。,False,2026-10-01,True,True,STOP,STOP 停止進場,觀察,取消新進場，只保留觀察,只看續抱 / 減碼 / 停利 / 停損，不新增部位。,停止新進場，先保留現金，等待大盤止跌。,停止新進場，禁止顯示今日可進場。,False,False
2026-10-01,2026-10-01,收盤確認價,臺灣證券交易所 / 證券櫃檯買賣中心正式收盤；yfinance 歷史資料,只使用完整收盤日K，不使用盤中未完成K,上櫃,2743,山富,52.3,53.6,52.2,53.44,53.52,54.27,57.61,72.15,-20.15,-1.88,False,22873,55324,1196257,3031082,2.22,False,True,28.04,一般K,,False,False,False,False,0,False,C級：已漲遠或接近目標，禁止追高,條件不足,接近成形,60.8,51.56,70.6,接近成形＋可觀察,62.02,60.8,62.02,63.88,58.98,4.9,低,-13.98,21.23,2.82,13.84,62.02,0.57,False,False,True,距離頸線或前高過遠，禁止追高,頸線以當日前20日高點計算；收盤站上頸線 60.8 至少2%；成交量>=20日均量2倍；不可長上影；回踩須有近10日突破紀錄且不有效跌破頸線；距離頸線>5%禁止進場,20,C,禁止追高,已漲遠或接近目標，空手不追；持有者依策略分批處理。,False,2026-10-01,True,True,STOP,STOP 停止進場,觀察,取消新進場，只保留觀察,只看續抱 / 減碼 / 停利 / 停損，不新增部位。,停止新進場，先保留現金，等待大盤止跌。,停止新進場，禁止顯示今日可進場。,False,False
2026-10-01,2026-10-01,收盤確認價,臺灣證券交易所 / 證券櫃檯買賣中心正式收盤；yfinance 歷史資料,只使用完整收盤日K，不使用盤中未完成K,上櫃,8024,佑華,12.35,12.75,12.3,12.52,12.68,12.79,13.96,13.2,-19.28,-1.59,False,52474,43734,648053,559203,1.15,False,True,16.72,一般K,,False,False,False,False,0,False,C級：已漲遠或接近目標，禁止追高,條件不足,接近成形,13.8,12.15,16.0,接近成形＋可觀察,14.08,13.8,14.08,14.5,13.39,4.9,低,-10.51,30.62,2.79,13.67,14.08,1.62,False,False,True,距離頸線或前高過遠，禁止追高,頸線以當日前20日高點計算；收盤站上頸線 13.8 至少2%；成交量>=20日均量2倍；不可長上影；回踩須有近10日突破紀錄且不有效跌破頸線；距離頸線>5%禁止進場,20,C,禁止追高,已漲遠或接近目標，空手不追；持有者依策略分批處理。,False,2026-10-01,True,True,STOP,STOP 停止進場,觀察,取消新進場，只保留觀察,只看續抱 / 減碼 / 停利 / 停損，不新增部位。,停止新進場，先保留現金，等待大盤止跌。,停止新進場，禁止顯示今日可進場。,False,False
2026-10-01,2026-10-01,收盤確認價,臺灣證券交易所 / 證券櫃檯買賣中心正式收盤；yfinance 歷史資料,只使用完整收盤日K，不使用盤中未完成K,上櫃,6733,博晟生醫,24.95,25.15,24.95,25.06,25.22,25.59,25.75,32.31,-4.04,-0.0,False,22559,57580,562847,1477693,1.25,False,True,18.31,一般K,,False,False,False,False,0,False,C級：已漲遠或接近目標，禁止追高,條件不足,接近成形,28.05,24.85,32.4,接近成形＋可觀察,28.61,28.05,28.61,29.47,27.21,4.9,低,-11.05,16.28,2.7,13.24,28.61,0.8,False,False,True,距離頸線或前高過遠，禁止追高,頸線以當日前20日高點計算；收盤站上頸線 28.05 至少2%；成交量>=20日均量2倍；不可長上影；回踩須有近10日突破紀錄且不有效跌破頸線；距離頸線>5%禁止進場,20,C,禁止追高,已漲遠或接近目標，空手不追；持有者依策略分批處理。,False,2026-10-01,True,True,STOP,STOP 停止進場,觀察,取消新進場，只保留觀察,只看續抱 / 減碼 / 停利 / 停損，不新增部位。,停止新進場，先保留現金，等待大盤止跌。,停止新進場，禁止顯示今日可進場。,False,False
2026-10-01,2026-10-01,收盤確認價,臺灣證券交易所 / 證券櫃檯買賣中心正式收盤；yfinance 歷史資料,只使用完整收盤日K，不使用盤中未完成K,上市,2348,海悅,70.4,70.6,70.2,71.3,72.03,71.56,71.78,73.29,-2.86,-0.28,False,108740,381399,7655296,27651207,1.55,False,True,32.07,一般K,,False,False,False,False,0,False,C級：已漲遠或接近目標，禁止追高,條件不足,接近成形,79.0,69.1,91.2,接近成形＋可觀察,80.58,79.0,80.58,83.0,76.63,4.9,低,-10.89,10.89,2.69,13.18,80.58,0.28,False,False,True,距離頸線或前高過遠，禁止追高,頸線以當日前20日高點計算；收盤站上頸線 79.0 至少2%；成交量>=20日均量2倍；不可長上影；回踩須有近10日突破紀錄且不有效跌破頸線；距離頸線>5%禁止進場,20,C,禁止追高,已漲遠或接近目標，空手不追；持有者依策略分批處理。,False,2026-10-01,True,True,STOP,STOP 停止進場,觀察,取消新進場，只保留觀察,只看續抱 / 減碼 / 停利 / 停損，不新增部位。,停止新進場，先保留現金，等待大盤止跌。,停止新進場，禁止顯示今日可進場。,False,False
2026-10-01,2026-10-01,收盤確認價,臺灣證券交易所 / 證券櫃檯買賣中心正式收盤；yfinance 歷史資料,只使用完整收盤日K，不使用盤中未完成K,上櫃,3095,及成,33.2,33.3,33.2,33.59,34.04,34.85,36.62,34.1,-11.94,-0.9,False,5179,9962,171942,342296,2.14,False,True,25.06,一般K,,False,False,False,False,0,False,C級：已漲遠或接近目標，禁止追高,條件不足,接近成形,37.85,33.1,43.7,接近成形＋可觀察,38.61,37.85,38.61,39.77,36.71,4.9,低,-12.29,18.33,2.69,13.19,38.61,0.0,False,False,True,距離頸線或前高過遠，禁止追高,頸線以當日前20日高點計算；收盤站上頸線 37.85 至少2%；成交量>=20日均量2倍；不可長上影；回踩須有近10日突破紀錄且不有效跌破頸線；距離頸線>5%禁止進場,20,C,禁止追高,已漲遠或接近目標，空手不追；持有者依策略分批處理。,False,2026-10-01,True,True,STOP,STOP 停止進場,觀察,取消新進場，只保留觀察,只看續抱 / 減碼 / 停利 / 停損，不新增部位。,停止新進場，先保留現金，等待大盤止跌。,停止新進場，禁止顯示今日可進場。,False,False
2026-10-01,2026-10-01,收盤確認價,臺灣證券交易所 / 證券櫃檯買賣中心正式收盤；yfinance 歷史資料,只使用完整收盤日K，不使用盤中未完成K,上櫃,8102,傑霖科技,59.0,59.0,59.0,59.6,60.7,62.39,67.8,66.5,-13.24,-1.5,False,2000,7738,118000,480816,2.2,False,True,60.27,資料不足,,False,False,False,False,0,False,C級：已漲遠或接近目標，禁止追高,條件不足,接近成形,67.6,59.27,77.9,接近成形＋可觀察,68.95,67.6,68.95,71.02,65.57,4.9,低,-12.72,24.36,2.65,12.98,68.95,0.0,False,False,True,距離頸線或前高過遠，禁止追高,頸線以當日前20日高點計算；收盤站上頸線 67.6 至少2%；成交量>=20日均量2倍；不可長上影；回踩須有近10日突破紀錄且不有效跌破頸線；距離頸線>5%禁止進場,20,C,禁止追高,已漲遠或接近目標，空手不追；持有者依策略分批處理。,False,2026-10-01,True,True,STOP,STOP 停止進場,觀察,取消新進場，只保留觀察,只看續抱 / 減碼 / 停利 / 停損，不新增部位。,停止新進場，先保留現金，等待大盤止跌。,停止新進場，禁止顯示今日可進場。,False,False
2026-10-01,2026-10-01,收盤確認價,臺灣證券交易所 / 證券櫃檯買賣中心正式收盤；yfinance 歷史資料,只使用完整收盤日K，不使用盤中未完成K,上櫃,3713,新晶投控,13.8,13.8,13.6,13.94,14.01,14.19,14.47,17.66,-4.83,-0.72,False,15517,32987,214134,467526,1.1,False,True,21.5,紅K突破,,False,False,False,False,0,False,C級：已漲遠或接近目標，禁止追高,條件不足,接近成形,15.5,13.48,17.85,接近成形＋可觀察,15.81,15.5,15.81,16.28,15.04,4.9,低,-10.97,10.97,2.63,12.9,15.81,0.0,False,False,True,距離頸線或前高過遠，禁止追高,頸線以當日前20日高點計算；收盤站上頸線 15.5 至少2%；成交量>=20日均量2倍；不可長上影；回踩須有近10日突破紀錄且不有效跌破頸線；距離頸線>5%禁止進場,20,C,禁止追高,已漲遠或接近目標，空手不追；持有者依策略分批處理。,False,2026-10-01,True,True,STOP,STOP 停止進場,觀察,取消新進場，只保留觀察,只看續抱 / 減碼 / 停利 / 停損，不新增部位。,停止新進場，先保留現金，等待大盤止跌。,停止新進場，禁止顯示今日可進場。,False,False
2026-10-01,2026-10-01,收盤確認價,臺灣證券交易所 / 證券櫃檯買賣中心正式收盤；yfinance 歷史資料,只使用完整收盤日K，不使用盤中未完成K,上櫃,3594,磐儀,47.7,48.95,47.7,47.22,46.84,47.04,50.65,44.98,-9.49,-0.42,False,382206,417641,18231226,19809582,1.77,False,True,24.51,一般K,,False,False,False,False,0,False,C級：已漲遠或接近目標，禁止追高,條件不足,接近成形,53.0,45.1,61.0,接近成形＋可觀察,54.06,53.0,54.06,55.68,51.41,4.9,低,-10.0,22.94,2.62,12.84,54.06,0.94,False,False,True,距離頸線或前高過遠，禁止追高,頸線以當日前20日高點計算；收盤站上頸線 53.0 至少2%；成交量>=20日均量2倍；不可長上影；回踩須有近10日突破紀錄且不有效跌破頸線；距離頸線>5%禁止進場,20,C,禁止追高,已漲遠或接近目標，空手不追；持有者依策略分批處理。,False,2026-10-01,True,True,STOP,STOP 停止進場,觀察,取消新進場，只保留觀察,只看續抱 / 減碼 / 停利 / 停損，不新增部位。,停止新進場，先保留現金，等待大盤止跌。,停止新進場，禁止顯示今日可進場。,False,False
2026-10-01,2026-10-01,收盤確認價,臺灣證券交易所 / 證券櫃檯買賣中心正式收盤；yfinance 歷史資料,只使用完整收盤日K，不使用盤中未完成K,上櫃,4420,光明,35.65,35.8,35.65,35.8,36.16,37.54,36.46,44.01,-2.6,-1.11,False,20475,51564,729933,1945896,1.84,False,True,44.34,一般K,,False,False,False,False,0,False,C級：已漲遠或接近目標，禁止追高,條件不足,接近成形,40.0,35.66,46.0,接近成形＋可觀察,40.8,40.0,40.8,42.02,38.8,4.9,低,-10.88,10.88,2.6,12.75,40.8,0.0,False,False,True,距離頸線或前高過遠，禁止追高,頸線以當日前20日高點計算；收盤站上頸線 40.0 至少2%；成交量>=20日均量2倍；不可長上影；回踩須有近10日突破紀錄且不有效跌破頸線；距離頸線>5%禁止進場,20,C,禁止追高,已漲遠或接近目標，空手不追；持有者依策略分批處理。,False,2026-10-01,True,True,STOP,STOP 停止進場,觀察,取消新進場，只保留觀察,只看續抱 / 減碼 / 停利 / 停損，不新增部位。,停止新進場，先保留現金，等待大盤止跌。,停止新進場，禁止顯示今日可進場。,False,False
2026-10-01,2026-10-01,收盤確認價,臺灣證券交易所 / 證券櫃檯買賣中心正式收盤；yfinance 歷史資料,只使用完整收盤日K，不使用盤中未完成K,上市,1762,中化生,33.95,34.45,33.85,33.86,33.84,34.32,34.92,30.62,-14.38,-1.16,False,22332,68363,758171,2364616,1.11,False,True,45.65,一般K,,False,False,False,False,0,False,C級：已漲遠或接近目標，禁止追高,條件不足,旗型整理突破,36.4,32.95,41.8,接近成形＋可觀察,37.13,36.4,37.13,38.24,35.31,4.9,低,-6.73,16.38,2.57,12.58,37.13,0.0,False,False,True,距離頸線或前高過遠，禁止追高,頸線以當日前20日高點計算；收盤站上頸線 36.4 至少2%；成交量>=20日均量2倍；不可長上影；回踩須有近10日突破紀錄且不有效跌破頸線；距離頸線>5%禁止進場,20,C,禁止追高,已漲遠或接近目標，空手不追；持有者依策略分批處理。,False,2026-10-01,True,True,STOP,STOP 停止進場,觀察,取消新進場，只保留觀察,只看續抱 / 減碼 / 停利 / 停損，不新增部位。,停止新進場，先保留現金，等待大盤止跌。,停止新進場，禁止顯示今日可進場。,False,False
2026-10-01,2026-10-01,收盤確認價,臺灣證券交易所 / 證券櫃檯買賣中心正式收盤；yfinance 歷史資料,只使用完整收盤日K，不使用盤中未完成K,上櫃,3484,崧騰,47.3,47.3,46.6,46.55,46.15,45.93,48.56,47.85,-8.33,1.61,False,158783,171466,7510435,7989897,2.35,False,True,32.44,紅K突破,,False,False,False,False,0,False,C級：已漲遠或接近目標，禁止追高,條件不足,接近成形,51.1,43.63,58.7,接近成形＋可觀察,52.12,51.1,52.12,53.69,49.57,4.9,低,-7.44,13.21,2.57,12.62,52.12,0.0,False,False,True,距離頸線或前高過遠，禁止追高,頸線以當日前20日高點計算；收盤站上頸線 51.1 至少2%；成交量>=20日均量2倍；不可長上影；回踩須有近10日突破紀錄且不有效跌破頸線；距離頸線>5%禁止進場,20,C,禁止追高,已漲遠或接近目標，空手不追；持有者依策略分批處理。,False,2026-10-01,True,True,STOP,STOP 停止進場,觀察,取消新進場，只保留觀察,只看續抱 / 減碼 / 停利 / 停損，不新增部位。,停止新進場，先保留現金，等待大盤止跌。,停止新進場，禁止顯示今日可進場。,False,False
2026-10-01,2026-10-01,收盤確認價,臺灣證券交易所 / 證券櫃檯買賣中心正式收盤；yfinance 歷史資料,只使用完整收盤日K，不使用盤中未完成K,上櫃,3213,茂訊,124.0,124.5,124.0,124.5,124.45,124.42,127.57,112.92,-6.42,-0.4,False,143367,250579,17777508,31401232,1.48,False,True,9.2,一般K,,False,False,False,False,0,False,C級：已漲遠或接近目標，禁止追高,條件不足,接近成形,134.5,119.5,154.5,接近成形＋可觀察,137.19,134.5,137.19,141.31,130.47,4.9,低,-7.81,13.59,2.57,12.62,137.19,0.0,False,False,True,距離頸線或前高過遠，禁止追高,頸線以當日前20日高點計算；收盤站上頸線 134.5 至少2%；成交量>=20日均量2倍；不可長上影；回踩須有近10日突破紀錄且不有效跌破頸線；距離頸線>5%禁止進場,20,C,禁止追高,已漲遠或接近目標，空手不追；持有者依策略分批處理。,False,2026-10-01,True,True,STOP,STOP 停止進場,觀察,取消新進場，只保留觀察,只看續抱 / 減碼 / 停利 / 停損，不新增部位。,停止新進場，先保留現金，等待大盤止跌。,停止新進場，禁止顯示今日可進場。,False,False
2026-10-01,2026-10-01,收盤確認價,臺灣證券交易所 / 證券櫃檯買賣中心正式收盤；yfinance 歷史資料,只使用完整收盤日K，不使用盤中未完成K,上市,1909,榮成,10.2,10.35,10.1,10.15,10.16,10.44,10.44,9.95,-6.42,-0.97,False,1189488,2058668,12132777,21737404,1.4,False,True,39.1,一般K,,False,False,False,False,0,False,C級：已漲遠或接近目標，禁止追高,條件不足,接近成形,11.45,10.0,13.15,接近成形＋可觀察,11.68,11.45,11.68,12.03,11.11,4.9,低,-10.92,11.3,2.57,12.6,11.68,0.98,False,False,True,距離頸線或前高過遠，禁止追高,頸線以當日前20日高點計算；收盤站上頸線 11.45 至少2%；成交量>=20日均量2倍；不可長上影；回踩須有近10日突破紀錄且不有效跌破頸線；距離頸線>5%禁止進場,20,C,禁止追高,已漲遠或接近目標，空手不追；持有者依策略分批處理。,False,2026-10-01,True,True,STOP,STOP 停止進場,觀察,取消新進場，只保留觀察,只看續抱 / 減碼 / 停利 / 停損，不新增部位。,停止新進場，先保留現金，等待大盤止跌。,停止新進場，禁止顯示今日可進場。,False,False
2026-10-01,2026-10-01,收盤確認價,臺灣證券交易所 / 證券櫃檯買賣中心正式收盤；yfinance 歷史資料,只使用完整收盤日K，不使用盤中未完成K,上櫃,6160,欣技,13.9,14.1,13.8,13.94,14.14,14.35,14.71,16.66,-15.24,0.0,False,44469,48494,618119,697251,0.93,False,True,7.52,一般K,,False,False,False,False,0,False,C級：已漲遠或接近目標，禁止追高,條件不足,接近成形,15.55,13.8,17.85,接近成形＋可觀察,15.86,15.55,15.86,16.34,15.08,4.9,低,-10.61,17.51,2.56,12.54,15.86,0.0,False,False,True,距離頸線或前高過遠，禁止追高,頸線以當日前20日高點計算；收盤站上頸線 15.55 至少2%；成交量>=20日均量2倍；不可長上影；回踩須有近10日突破紀錄且不有效跌破頸線；距離頸線>5%禁止進場,20,C,禁止追高,已漲遠或接近目標，空手不追；持有者依策略分批處理。,False,2026-10-01,True,True,STOP,STOP 停止進場,觀察,取消新進場，只保留觀察,只看續抱 / 減碼 / 停利 / 停損，不新增部位。,停止新進場，先保留現金，等待大盤止跌。,停止新進場，禁止顯示今日可進場。,False,False
2026-10-01,2026-10-01,收盤確認價,臺灣證券交易所 / 證券櫃檯買賣中心正式收盤；yfinance 歷史資料,只使用完整收盤日K，不使用盤中未完成K,上櫃,5245,智晶,20.8,21.35,20.55,20.75,20.72,21.57,22.98,24.49,-19.69,-0.24,False,140969,86758,2932155,1830527,1.31,False,True,12.33,一般K,,False,False,False,False,0,False,C級：已漲遠或接近目標，禁止追高,條件不足,三角收斂突破,23.8,20.49,27.3,接近成形＋可觀察,24.28,23.8,24.28,25.0,23.09,4.9,低,-12.61,22.96,2.54,12.46,24.28,1.92,False,False,True,距離頸線或前高過遠，禁止追高,頸線以當日前20日高點計算；收盤站上頸線 23.8 至少2%；成交量>=20日均量2倍；不可長上影；回踩須有近10日突破紀錄且不有效跌破頸線；距離頸線>5%禁止進場,20,C,禁止追高,已漲遠或接近目標，空手不追；持有者依策略分批處理。,False,2026-10-01,True,True,STOP,STOP 停止進場,觀察,取消新進場，只保留觀察,只看續抱 / 減碼 / 停利 / 停損，不新增部位。,停止新進場，先保留現金，等待大盤止跌。,停止新進場，禁止顯示今日可進場。,False,False
2026-10-01,2026-10-01,收盤確認價,臺灣證券交易所 / 證券櫃檯買賣中心正式收盤；yfinance 歷史資料,只使用完整收盤日K，不使用盤中未完成K,上櫃,3710,連展投控,8.08,8.32,7.93,8.1,8.08,8.16,8.49,10.21,-15.72,-2.88,False,241775,175080,1953542,1409290,3.12,False,True,41.28,一般K,,False,False,False,False,0,False,C級：已漲遠或接近目標，禁止追高,條件不足,接近成形,8.78,7.75,10.06,接近成形＋可觀察,8.96,8.78,8.96,9.22,8.52,4.9,低,-7.97,18.87,2.52,12.33,8.96,0.0,False,False,True,距離頸線或前高過遠，禁止追高,頸線以當日前20日高點計算；收盤站上頸線 8.78 至少2%；成交量>=20日均量2倍；不可長上影；回踩須有近10日突破紀錄且不有效跌破頸線；距離頸線>5%禁止進場,20,C,禁止追高,已漲遠或接近目標，空手不追；持有者依策略分批處理。,False,2026-10-01,True,True,STOP,STOP 停止進場,觀察,取消新進場，只保留觀察,只看續抱 / 減碼 / 停利 / 停損，不新增部位。,停止新進場，先保留現金，等待大盤止跌。,停止新進場，禁止顯示今日可進場。,False,False
2026-10-01,2026-10-01,收盤確認價,臺灣證券交易所 / 證券櫃檯買賣中心正式收盤；yfinance 歷史資料,只使用完整收盤日K，不使用盤中未完成K,上櫃,8390,金益鼎,90.3,91.2,89.9,90.1,90.91,92.86,95.98,94.11,-11.9,-0.11,False,215895,297725,19495318,27668192,1.5,False,True,46.62,一般K,,False,False,False,False,0,False,C級：已漲遠或接近目標，禁止追高,條件不足,接近成形,99.9,89.0,114.3,接近成形＋可觀察,101.9,99.9,101.9,104.95,96.9,4.9,低,-9.61,14.0,2.48,12.17,101.9,0.89,False,False,True,距離頸線或前高過遠，禁止追高,頸線以當日前20日高點計算；收盤站上頸線 99.9 至少2%；成交量>=20日均量2倍；不可長上影；回踩須有近10日突破紀錄且不有效跌破頸線；距離頸線>5%禁止進場,20,C,禁止追高,已漲遠或接近目標，空手不追；持有者依策略分批處理。,False,2026-10-01,True,True,STOP,STOP 停止進場,觀察,取消新進場，只保留觀察,只看續抱 / 減碼 / 停利 / 停損，不新增部位。,停止新進場，先保留現金，等待大盤止跌。,停止新進場，禁止顯示今日可進場。,False,False
2026-10-01,2026-10-01,收盤確認價,臺灣證券交易所 / 證券櫃檯買賣中心正式收盤；yfinance 歷史資料,只使用完整收盤日K，不使用盤中未完成K,上櫃,9951,皇田,47.0,47.0,46.7,47.35,47.77,48.93,51.81,54.4,-11.65,0.0,False,64445,73854,3028915,3656162,1.52,False,True,73.33,一般K,,False,False,False,False,0,False,C級：已漲遠或接近目標，禁止追高,條件不足,接近成形,54.7,46.85,62.55,接近成形＋可觀察,55.79,54.7,55.79,57.47,53.06,4.9,低,-14.08,14.08,2.47,12.11,55.79,0.0,False,False,True,距離頸線或前高過遠，禁止追高,頸線以當日前20日高點計算；收盤站上頸線 54.7 至少2%；成交量>=20日均量2倍；不可長上影；回踩須有近10日突破紀錄且不有效跌破頸線；距離頸線>5%禁止進場,20,C,禁止追高,已漲遠或接近目標，空手不追；持有者依策略分批處理。,False,2026-10-01,True,True,STOP,STOP 停止進場,觀察,取消新進場，只保留觀察,只看續抱 / 減碼 / 停利 / 停損，不新增部位。,停止新進場，先保留現金，等待大盤止跌。,停止新進場，禁止顯示今日可進場。,False,False
2026-10-01,2026-10-01,收盤確認價,臺灣證券交易所 / 證券櫃檯買賣中心正式收盤；yfinance 歷史資料,只使用完整收盤日K，不使用盤中未完成K,上櫃,6535,順藥,80.9,83.6,80.6,81.32,79.25,78.61,84.84,146.41,-19.1,-1.58,False,203358,272374,16451662,21459192,4.08,False,True,18.35,一般K,,False,False,False,False,0,False,C級：已漲遠或接近目標，禁止追高,條件不足,接近成形,86.0,74.68,98.3,接近成形＋可觀察,87.72,86.0,87.72,90.35,83.42,4.9,低,-5.93,22.95,2.46,12.06,87.72,0.0,False,False,True,距離頸線或前高過遠，禁止追高,頸線以當日前20日高點計算；收盤站上頸線 86.0 至少2%；成交量>=20日均量2倍；不可長上影；回踩須有近10日突破紀錄且不有效跌破頸線；距離頸線>5%禁止進場,20,C,禁止追高,已漲遠或接近目標，空手不追；持有者依策略分批處理。,False,2026-10-01,True,True,STOP,STOP 停止進場,觀察,取消新進場，只保留觀察,只看續抱 / 減碼 / 停利 / 停損，不新增部位。,停止新進場，先保留現金，等待大盤止跌。,停止新進場，禁止顯示今日可進場。,False,False
2026-10-01,2026-10-01,收盤確認價,臺灣證券交易所 / 證券櫃檯買賣中心正式收盤；yfinance 歷史資料,只使用完整收盤日K，不使用盤中未完成K,上櫃,6241,易通展,16.15,16.45,16.0,15.78,15.73,15.83,19.19,17.11,-22.98,-0.92,False,38061,83034,614685,1305755,2.47,False,True,24.85,一般K,,False,False,False,False,0,False,C級：已漲遠或接近目標，禁止追高,條件不足,接近成形,17.5,15.04,20.0,接近成形＋可觀察,17.85,17.5,17.85,18.39,16.97,4.9,低,-7.71,38.3,2.46,12.04,17.85,1.86,False,False,True,距離頸線或前高過遠，禁止追高,頸線以當日前20日高點計算；收盤站上頸線 17.5 至少2%；成交量>=20日均量2倍；不可長上影；回踩須有近10日突破紀錄且不有效跌破頸線；距離頸線>5%禁止進場,20,C,禁止追高,已漲遠或接近目標，空手不追；持有者依策略分批處理。,False,2026-10-01,True,True,STOP,STOP 停止進場,觀察,取消新進場，只保留觀察,只看續抱 / 減碼 / 停利 / 停損，不新增部位。,停止新進場，先保留現金，等待大盤止跌。,停止新進場，禁止顯示今日可進場。,False,False
2026-10-01,2026-10-01,收盤確認價,臺灣證券交易所 / 證券櫃檯買賣中心正式收盤；yfinance 歷史資料,只使用完整收盤日K，不使用盤中未完成K,上櫃,8077,洛碁,41.8,41.8,41.8,42.61,42.97,43.17,44.21,44.71,-11.91,-0.83,False,1028,3765,42970,162186,1.61,False,True,22.99,資料不足,,False,False,False,False,0,False,C級：已漲遠或接近目標，禁止追高,條件不足,接近成形,45.75,42.0,52.3,接近成形＋可觀察,46.66,45.75,46.66,48.06,44.38,4.9,低,-8.63,12.0,2.46,12.08,46.66,0.0,False,False,True,距離頸線或前高過遠，禁止追高,頸線以當日前20日高點計算；收盤站上頸線 45.75 至少2%；成交量>=20日均量2倍；不可長上影；回踩須有近10日突破紀錄且不有效跌破頸線；距離頸線>5%禁止進場,20,C,禁止追高,已漲遠或接近目標，空手不追；持有者依策略分批處理。,False,2026-10-01,True,True,STOP,STOP 停止進場,觀察,取消新進場，只保留觀察,只看續抱 / 減碼 / 停利 / 停損，不新增部位。,停止新進場，先保留現金，等待大盤止跌。,停止新進場，禁止顯示今日可進場。,False,False
2026-10-01,2026-10-01,收盤確認價,臺灣證券交易所 / 證券櫃檯買賣中心正式收盤；yfinance 歷史資料,只使用完整收盤日K，不使用盤中未完成K,上櫃,6578,達邦蛋白,16.5,16.55,16.5,16.59,16.76,17.25,17.29,18.06,0.0,0.3,False,9097,68897,150100,1199717,1.19,False,True,49.5,一般K,,False,False,False,False,0,False,C級：已漲遠或接近目標，禁止追高,條件不足,接近成形,18.5,16.38,21.15,接近成形＋可觀察,18.87,18.5,18.87,19.44,17.95,4.9,低,-10.81,14.95,2.46,12.08,18.87,0.3,False,False,True,距離頸線或前高過遠，禁止追高,頸線以當日前20日高點計算；收盤站上頸線 18.5 至少2%；成交量>=20日均量2倍；不可長上影；回踩須有近10日突破紀錄且不有效跌破頸線；距離頸線>5%禁止進場,20,C,禁止追高,已漲遠或接近目標，空手不追；持有者依策略分批處理。,False,2026-10-01,True,True,STOP,STOP 停止進場,觀察,取消新進場，只保留觀察,只看續抱 / 減碼 / 停利 / 停損，不新增部位。,停止新進場，先保留現金，等待大盤止跌。,停止新進場，禁止顯示今日可進場。,False,False
2026-10-01,2026-10-01,收盤確認價,臺灣證券交易所 / 證券櫃檯買賣中心正式收盤；yfinance 歷史資料,只使用完整收盤日K，不使用盤中未完成K,上櫃,6570,維田,47.55,47.65,47.2,47.21,47.16,48.11,51.05,44.8,-10.28,0.0,False,149760,88914,7121088,4288805,1.68,False,True,52.36,一般K,,False,False,False,False,0,False,C級：已漲遠或接近目標，禁止追高,條件不足,三角收斂突破,52.9,46.0,60.45,接近成形＋可觀察,53.96,52.9,53.96,55.58,51.31,4.9,低,-10.11,19.95,2.45,12.03,53.96,0.21,False,False,True,距離頸線或前高過遠，禁止追高,頸線以當日前20日高點計算；收盤站上頸線 52.9 至少2%；成交量>=20日均量2倍；不可長上影；回踩須有近10日突破紀錄且不有效跌破頸線；距離頸線>5%禁止進場,20,C,禁止追高,已漲遠或接近目標，空手不追；持有者依策略分批處理。,False,2026-10-01,True,True,STOP,STOP 停止進場,觀察,取消新進場，只保留觀察,只看續抱 / 減碼 / 停利 / 停損，不新增部位。,停止新進場，先保留現金，等待大盤止跌。,停止新進場，禁止顯示今日可進場。,False,False
2026-10-01,2026-10-01,收盤確認價,臺灣證券交易所 / 證券櫃檯買賣中心正式收盤；yfinance 歷史資料,只使用完整收盤日K，不使用盤中未完成K,上櫃,8436,大江,105.0,106.5,105.0,105.4,104.8,106.9,114.72,119.98,-5.41,-1.41,False,228287,694582,23970135,74233189,1.02,False,True,62.28,一般K,,False,False,False,False,0,False,C級：已漲遠或接近目標，禁止追高,條件不足,接近成形,119.5,102.5,136.5,接近成形＋可觀察,121.89,119.5,121.89,125.55,115.91,4.9,低,-12.13,17.97,2.45,11.99,121.89,0.0,False,False,True,距離頸線或前高過遠，禁止追高,頸線以當日前20日高點計算；收盤站上頸線 119.5 至少2%；成交量>=20日均量2倍；不可長上影；回踩須有近10日突破紀錄且不有效跌破頸線；距離頸線>5%禁止進場,20,C,禁止追高,已漲遠或接近目標，空手不追；持有者依策略分批處理。,False,2026-10-01,True,True,STOP,STOP 停止進場,觀察,取消新進場，只保留觀察,只看續抱 / 減碼 / 停利 / 停損，不新增部位。,停止新進場，先保留現金，等待大盤止跌。,停止新進場，禁止顯示今日可進場。,False,False
2026-10-01,2026-10-01,收盤確認價,臺灣證券交易所 / 證券櫃檯買賣中心正式收盤；yfinance 歷史資料,只使用完整收盤日K，不使用盤中未完成K,上櫃,7642,昶瑞機電,68.2,68.5,67.4,68.92,69.2,72.1,76.62,78.57,-10.14,-0.44,False,8419,18881,574175,1335788,1.9,False,True,36.71,一般K,,False,False,False,False,0,False,C級：已漲遠或接近目標，禁止追高,條件不足,接近成形,79.3,68.49,90.6,接近成形＋可觀察,80.89,79.3,80.89,83.31,76.92,4.9,低,-14.0,20.79,2.45,12.01,80.89,0.0,False,False,True,距離頸線或前高過遠，禁止追高,頸線以當日前20日高點計算；收盤站上頸線 79.3 至少2%；成交量>=20日均量2倍；不可長上影；回踩須有近10日突破紀錄且不有效跌破頸線；距離頸線>5%禁止進場,20,C,禁止追高,已漲遠或接近目標，空手不追；持有者依策略分批處理。,False,2026-10-01,True,True,STOP,STOP 停止進場,觀察,取消新進場，只保留觀察,只看續抱 / 減碼 / 停利 / 停損，不新增部位。,停止新進場，先保留現金，等待大盤止跌。,停止新進場，禁止顯示今日可進場。,False,False
2026-10-01,2026-10-01,收盤確認價,臺灣證券交易所 / 證券櫃檯買賣中心正式收盤；yfinance 歷史資料,只使用完整收盤日K，不使用盤中未完成K,上櫃,7738,東聯互動,156.0,156.5,155.0,156.1,158.05,162.82,166.1,179.76,-8.24,0.32,False,11440,45067,1784640,7538073,1.42,False,True,17.78,紅K突破,,False,False,False,False,0,False,C級：已漲遠或接近目標，禁止追高,條件不足,接近成形,179.5,154.68,205.0,接近成形＋可觀察,183.09,179.5,183.09,188.58,174.12,4.9,低,-13.09,13.09,2.44,11.97,183.09,0.32,False,False,True,距離頸線或前高過遠，禁止追高,頸線以當日前20日高點計算；收盤站上頸線 179.5 至少2%；成交量>=20日均量2倍；不可長上影；回踩須有近10日突破紀錄且不有效跌破頸線；距離頸線>5%禁止進場,20,C,禁止追高,已漲遠或接近目標，空手不追；持有者依策略分批處理。,False,2026-10-01,True,True,STOP,STOP 停止進場,觀察,取消新進場，只保留觀察,只看續抱 / 減碼 / 停利 / 停損，不新增部位。,停止新進場，先保留現金，等待大盤止跌。,停止新進場，禁止顯示今日可進場。,False,False
2026-10-01,2026-10-01,收盤確認價,臺灣證券交易所 / 證券櫃檯買賣中心正式收盤；yfinance 歷史資料,只使用完整收盤日K，不使用盤中未完成K,上市,1235,興泰,32.9,33.15,32.9,34.72,35.29,35.77,35.16,39.97,-3.91,-0.75,False,42911,39723,1411771,1437992,4.05,False,True,21.31,一般K,,False,False,False,False,0,False,C級：已漲遠或接近目標，禁止追高,條件不足,接近成形,38.24,33.98,43.63,接近成形＋可觀察,39.0,38.24,39.0,40.17,37.09,4.9,低,-13.96,18.16,2.42,11.85,39.0,0.61,True,False,True,距離頸線或前高過遠，禁止追高,頸線以當日前20日高點計算；收盤站上頸線 38.24 至少2%；成交量>=20日均量2倍；不可長上影；回踩須有近10日突破紀錄且不有效跌破頸線；距離頸線>5%禁止進場,20,C,禁止追高,已漲遠或接近目標，空手不追；持有者依策略分批處理。,False,2026-10-01,True,True,STOP,STOP 停止進場,觀察,取消新進場，只保留觀察,只看續抱 / 減碼 / 停利 / 停損，不新增部位。,停止新進場，先保留現金，等待大盤止跌。,停止新進場，禁止顯示今日可進場。,False,False
2026-10-01,2026-10-01,收盤確認價,臺灣證券交易所 / 證券櫃檯買賣中心正式收盤；yfinance 歷史資料,只使用完整收盤日K，不使用盤中未完成K,上櫃,6279,胡連,113.0,113.0,111.5,112.1,112.05,113.38,119.27,120.1,-8.87,0.44,False,210814,414950,23821982,47734564,1.87,False,True,64.58,紅K突破,,False,False,False,False,0,False,C級：已漲遠或接近目標，禁止追高,條件不足,接近成形,128.0,110.0,146.0,接近成形＋可觀察,130.56,128.0,130.56,134.48,124.16,4.9,低,-11.72,13.74,2.41,11.83,130.56,0.0,False,False,True,距離頸線或前高過遠，禁止追高,頸線以當日前20日高點計算；收盤站上頸線 128.0 至少2%；成交量>=20日均量2倍；不可長上影；回踩須有近10日突破紀錄且不有效跌破頸線；距離頸線>5%禁止進場,20,C,禁止追高,已漲遠或接近目標，空手不追；持有者依策略分批處理。,False,2026-10-01,True,True,STOP,STOP 停止進場,觀察,取消新進場，只保留觀察,只看續抱 / 減碼 / 停利 / 停損，不新增部位。,停止新進場，先保留現金，等待大盤止跌。,停止新進場，禁止顯示今日可進場。,False,False
2026-10-01,2026-10-01,收盤確認價,臺灣證券交易所 / 證券櫃檯買賣中心正式收盤；yfinance 歷史資料,只使用完整收盤日K，不使用盤中未完成K,上櫃,6823,濾能,60.7,62.4,60.7,60.96,60.28,60.04,62.48,69.86,-8.31,-0.16,False,12705,56447,771193,3399183,1.93,False,True,32.93,一般K,,False,False,False,False,0,False,C級：已漲遠或接近目標，禁止追高,條件不足,接近成形,64.2,57.04,73.2,接近成形＋可觀察,65.48,64.2,65.48,67.45,62.27,4.9,低,-5.45,13.41,2.4,11.78,65.48,2.14,False,False,True,距離頸線或前高過遠，禁止追高,頸線以當日前20日高點計算；收盤站上頸線 64.2 至少2%；成交量>=20日均量2倍；不可長上影；回踩須有近10日突破紀錄且不有效跌破頸線；距離頸線>5%禁止進場,20,C,禁止追高,已漲遠或接近目標，空手不追；持有者依策略分批處理。,False,2026-10-01,True,True,STOP,STOP 停止進場,觀察,取消新進場，只保留觀察,只看續抱 / 減碼 / 停利 / 停損，不新增部位。,停止新進場，先保留現金，等待大盤止跌。,停止新進場，禁止顯示今日可進場。,False,False
2026-10-01,2026-10-01,收盤確認價,臺灣證券交易所 / 證券櫃檯買賣中心正式收盤；yfinance 歷史資料,只使用完整收盤日K，不使用盤中未完成K,上市,2364,倫飛,64.9,65.4,64.6,65.36,65.54,65.38,66.3,62.04,4.37,-0.15,False,81552,233517,5292724,15307230,2.01,False,True,17.86,一般K,,False,False,False,False,0,False,C級：已漲遠或接近目標，禁止追高,條件不足,接近成形,69.0,62.12,78.64,接近成形＋可觀察,70.38,69.0,70.38,72.49,66.93,4.9,低,-5.94,20.5,2.39,11.73,70.38,0.62,False,False,True,距離頸線或前高過遠，禁止追高,頸線以當日前20日高點計算；收盤站上頸線 69.0 至少2%；成交量>=20日均量2倍；不可長上影；回踩須有近10日突破紀錄且不有效跌破頸線；距離頸線>5%禁止進場,20,C,禁止追高,已漲遠或接近目標，空手不追；持有者依策略分批處理。,False,2026-10-01,True,True,STOP,STOP 停止進場,觀察,取消新進場，只保留觀察,只看續抱 / 減碼 / 停利 / 停損，不新增部位。,停止新進場，先保留現金，等待大盤止跌。,停止新進場，禁止顯示今日可進場。,False,False
2026-10-01,2026-10-01,收盤確認價,臺灣證券交易所 / 證券櫃檯買賣中心正式收盤；yfinance 歷史資料,只使用完整收盤日K，不使用盤中未完成K,上櫃,3516,亞帝歐,25.35,25.4,25.0,25.26,25.21,25.59,25.69,22.19,-5.94,-0.2,False,45219,84760,1146301,2207773,1.01,False,True,16.41,一般K,,False,False,False,False,0,False,C級：已漲遠或接近目標，禁止追高,條件不足,接近成形,27.3,24.65,31.1,接近成形＋可觀察,27.85,27.3,27.85,28.68,26.48,4.9,低,-7.14,10.27,2.38,11.69,27.85,0.0,False,False,True,距離頸線或前高過遠，禁止追高,頸線以當日前20日高點計算；收盤站上頸線 27.3 至少2%；成交量>=20日均量2倍；不可長上影；回踩須有近10日突破紀錄且不有效跌破頸線；距離頸線>5%禁止進場,20,C,禁止追高,已漲遠或接近目標，空手不追；持有者依策略分批處理。,False,2026-10-01,True,True,STOP,STOP 停止進場,觀察,取消新進場，只保留觀察,只看續抱 / 減碼 / 停利 / 停損，不新增部位。,停止新進場，先保留現金，等待大盤止跌。,停止新進場，禁止顯示今日可進場。,False,False
2026-10-01,2026-10-01,收盤確認價,臺灣證券交易所 / 證券櫃檯買賣中心正式收盤；yfinance 歷史資料,只使用完整收盤日K，不使用盤中未完成K,上櫃,6129,普誠,14.7,14.95,14.7,14.76,14.85,14.69,16.05,17.09,-30.05,-1.34,False,257803,311520,3789704,4581884,3.21,False,True,28.22,一般K,,False,False,False,False,0,False,C級：已漲遠或接近目標，禁止追高,條件不足,接近成形,15.55,13.96,17.7,接近成形＋可觀察,15.86,15.55,15.86,16.34,15.08,4.9,低,-5.47,32.23,2.37,11.59,15.86,1.36,False,False,True,距離頸線或前高過遠，禁止追高,頸線以當日前20日高點計算；收盤站上頸線 15.55 至少2%；成交量>=20日均量2倍；不可長上影；回踩須有近10日突破紀錄且不有效跌破頸線；距離頸線>5%禁止進場,20,C,禁止追高,已漲遠或接近目標，空手不追；持有者依策略分批處理。,False,2026-10-01,True,True,STOP,STOP 停止進場,觀察,取消新進場，只保留觀察,只看續抱 / 減碼 / 停利 / 停損，不新增部位。,停止新進場，先保留現金，等待大盤止跌。,停止新進場，禁止顯示今日可進場。,False,False
2026-10-01,2026-10-01,收盤確認價,臺灣證券交易所 / 證券櫃檯買賣中心正式收盤；yfinance 歷史資料,只使用完整收盤日K，不使用盤中未完成K,上櫃,3224,三顧,30.9,31.45,30.9,31.44,31.94,32.59,34.49,41.35,-18.15,-1.75,False,66368,43660,2050771,1422781,1.59,False,True,43.01,一般K,,False,False,False,False,0,False,C級：已漲遠或接近目標，禁止追高,條件不足,三角收斂突破,35.25,30.96,40.1,接近成形＋可觀察,35.95,35.25,35.95,37.03,34.19,4.9,低,-12.34,20.16,2.35,11.53,35.95,0.0,False,False,True,距離頸線或前高過遠，禁止追高,頸線以當日前20日高點計算；收盤站上頸線 35.25 至少2%；成交量>=20日均量2倍；不可長上影；回踩須有近10日突破紀錄且不有效跌破頸線；距離頸線>5%禁止進場,20,C,禁止追高,已漲遠或接近目標，空手不追；持有者依策略分批處理。,False,2026-10-01,True,True,STOP,STOP 停止進場,觀察,取消新進場，只保留觀察,只看續抱 / 減碼 / 停利 / 停損，不新增部位。,停止新進場，先保留現金，等待大盤止跌。,停止新進場，禁止顯示今日可進場。,False,False
2026-10-01,2026-10-01,收盤確認價,臺灣證券交易所 / 證券櫃檯買賣中心正式收盤；yfinance 歷史資料,只使用完整收盤日K，不使用盤中未完成K,上櫃,6679,鈺太,204.5,208.0,204.0,204.1,201.05,200.85,210.78,226.28,-17.71,-0.73,False,126491,283961,25867409,57543707,1.45,False,True,12.2,一般K,,False,False,False,False,0,False,C級：已漲遠或接近目標，禁止追高,條件不足,接近成形,217.5,191.5,246.5,接近成形＋可觀察,221.85,217.5,221.85,228.51,210.97,4.9,低,-5.98,18.85,2.27,11.11,221.85,0.98,False,False,True,距離頸線或前高過遠，禁止追高,頸線以當日前20日高點計算；收盤站上頸線 217.5 至少2%；成交量>=20日均量2倍；不可長上影；回踩須有近10日突破紀錄且不有效跌破頸線；距離頸線>5%禁止進場,20,C,禁止追高,已漲遠或接近目標，空手不追；持有者依策略分批處理。,False,2026-10-01,True,True,STOP,STOP 停止進場,觀察,取消新進場，只保留觀察,只看續抱 / 減碼 / 停利 / 停損，不新增部位。,停止新進場，先保留現金，等待大盤止跌。,停止新進場，禁止顯示今日可進場。,False,False
2026-10-01,2026-10-01,收盤確認價,臺灣證券交易所 / 證券櫃檯買賣中心正式收盤；yfinance 歷史資料,只使用完整收盤日K，不使用盤中未完成K,上櫃,6996,力領科技,169.5,170.0,169.0,169.7,170.0,172.05,176.43,169.7,-15.25,0.0,False,17302,54581,2932689,9424375,2.02,False,True,27.18,一般K,,False,False,False,False,0,False,C級：已漲遠或接近目標，禁止追高,條件不足,接近成形,187.0,164.0,212.0,接近成形＋可觀察,190.74,187.0,190.74,196.46,181.39,4.9,低,-9.36,16.09,2.27,11.15,190.74,0.29,False,False,True,距離頸線或前高過遠，禁止追高,頸線以當日前20日高點計算；收盤站上頸線 187.0 至少2%；成交量>=20日均量2倍；不可長上影；回踩須有近10日突破紀錄且不有效跌破頸線；距離頸線>5%禁止進場,20,C,禁止追高,已漲遠或接近目標，空手不追；持有者依策略分批處理。,False,2026-10-01,True,True,STOP,STOP 停止進場,觀察,取消新進場，只保留觀察,只看續抱 / 減碼 / 停利 / 停損，不新增部位。,停止新進場，先保留現金，等待大盤止跌。,停止新進場，禁止顯示今日可進場。,False,False
2026-10-01,2026-10-01,收盤確認價,臺灣證券交易所 / 證券櫃檯買賣中心正式收盤；yfinance 歷史資料,只使用完整收盤日K，不使用盤中未完成K,上櫃,8048,德勝,50.8,51.0,50.7,50.38,49.81,49.88,52.16,55.1,-13.37,0.4,False,63398,91967,3220618,4562470,2.21,False,True,23.84,一般K,,False,False,False,False,0,False,C級：已漲遠或接近目標，禁止追高,條件不足,接近成形,53.5,47.39,60.6,接近成形＋可觀察,54.57,53.5,54.57,56.21,51.89,4.9,低,-5.05,15.61,2.25,11.05,54.57,0.39,False,False,True,距離頸線或前高過遠，禁止追高,頸線以當日前20日高點計算；收盤站上頸線 53.5 至少2%；成交量>=20日均量2倍；不可長上影；回踩須有近10日突破紀錄且不有效跌破頸線；距離頸線>5%禁止進場,20,C,禁止追高,已漲遠或接近目標，空手不追；持有者依策略分批處理。,False,2026-10-01,True,True,STOP,STOP 停止進場,觀察,取消新進場，只保留觀察,只看續抱 / 減碼 / 停利 / 停損，不新增部位。,停止新進場，先保留現金，等待大盤止跌。,停止新進場，禁止顯示今日可進場。,False,False
2026-10-01,2026-10-01,收盤確認價,臺灣證券交易所 / 證券櫃檯買賣中心正式收盤；yfinance 歷史資料,只使用完整收盤日K，不使用盤中未完成K,上櫃,5701,劍湖山,4.07,4.08,4.03,4.09,4.17,4.19,4.34,4.11,-18.27,0.25,False,40788,88689,166007,371007,1.92,False,True,29.66,一般K,,False,False,False,False,0,False,C級：已漲遠或接近目標，禁止追高,條件不足,接近成形,4.45,3.99,5.04,接近成形＋可觀察,4.54,4.45,4.54,4.68,4.32,4.9,低,-8.54,23.64,2.25,11.04,4.54,0.0,False,False,True,距離頸線或前高過遠，禁止追高,頸線以當日前20日高點計算；收盤站上頸線 4.45 至少2%；成交量>=20日均量2倍；不可長上影；回踩須有近10日突破紀錄且不有效跌破頸線；距離頸線>5%禁止進場,20,C,禁止追高,已漲遠或接近目標，空手不追；持有者依策略分批處理。,False,2026-10-01,True,True,STOP,STOP 停止進場,觀察,取消新進場，只保留觀察,只看續抱 / 減碼 / 停利 / 停損，不新增部位。,停止新進場，先保留現金，等待大盤止跌。,停止新進場，禁止顯示今日可進場。,False,False
2026-10-01,2026-10-01,收盤確認價,臺灣證券交易所 / 證券櫃檯買賣中心正式收盤；yfinance 歷史資料,只使用完整收盤日K，不使用盤中未完成K,上櫃,3313,斐成,10.55,10.7,10.45,10.49,10.49,10.65,10.85,12.92,-10.97,0.96,False,51942,95215,547988,1019262,0.96,False,True,28.93,一般K,,False,False,False,False,0,False,C級：已漲遠或接近目標，禁止追高,條件不足,接近成形,11.6,10.4,13.1,接近成形＋可觀察,11.83,11.6,11.83,12.19,11.25,4.9,低,-9.05,15.26,2.19,10.72,11.83,1.42,False,False,True,距離頸線或前高過遠，禁止追高,頸線以當日前20日高點計算；收盤站上頸線 11.6 至少2%；成交量>=20日均量2倍；不可長上影；回踩須有近10日突破紀錄且不有效跌破頸線；距離頸線>5%禁止進場,20,C,禁止追高,已漲遠或接近目標，空手不追；持有者依策略分批處理。,False,2026-10-01,True,True,STOP,STOP 停止進場,觀察,取消新進場，只保留觀察,只看續抱 / 減碼 / 停利 / 停損，不新增部位。,停止新進場，先保留現金，等待大盤止跌。,停止新進場，禁止顯示今日可進場。,False,False
2026-10-01,2026-10-01,收盤確認價,臺灣證券交易所 / 證券櫃檯買賣中心正式收盤；yfinance 歷史資料,只使用完整收盤日K，不使用盤中未完成K,上市,1516,川飛,13.5,13.7,13.4,13.35,13.47,13.88,15.1,19.21,-26.23,-1.46,False,17631,38261,238018,523406,3.15,False,True,32.81,一般K,,False,False,False,False,0,False,C級：已漲遠或接近目標，禁止追高,條件不足,接近成形,14.75,13.19,16.65,接近成形＋可觀察,15.04,14.75,15.04,15.5,14.31,4.9,低,-8.47,27.22,2.18,10.67,15.04,0.0,False,False,True,距離頸線或前高過遠，禁止追高,頸線以當日前20日高點計算；收盤站上頸線 14.75 至少2%；成交量>=20日均量2倍；不可長上影；回踩須有近10日突破紀錄且不有效跌破頸線；距離頸線>5%禁止進場,20,C,禁止追高,已漲遠或接近目標，空手不追；持有者依策略分批處理。,False,2026-10-01,True,True,STOP,STOP 停止進場,觀察,取消新進場，只保留觀察,只看續抱 / 減碼 / 停利 / 停損，不新增部位。,停止新進場，先保留現金，等待大盤止跌。,停止新進場，禁止顯示今日可進場。,False,False
2026-10-01,2026-10-01,收盤確認價,臺灣證券交易所 / 證券櫃檯買賣中心正式收盤；yfinance 歷史資料,只使用完整收盤日K，不使用盤中未完成K,上市,2349,錸德,10.5,10.75,10.35,10.46,10.4,10.51,11.02,12.31,-18.29,-1.87,False,2276956,1653055,23908038,17428507,1.36,False,True,32.94,一般K,,False,False,False,False,0,False,C級：已漲遠或接近目標，禁止追高,條件不足,接近成形,11.3,10.1,12.75,接近成形＋可觀察,11.53,11.3,11.53,11.87,10.96,4.9,低,-7.08,20.15,2.17,10.62,11.53,0.95,False,False,True,距離頸線或前高過遠，禁止追高,頸線以當日前20日高點計算；收盤站上頸線 11.3 至少2%；成交量>=20日均量2倍；不可長上影；回踩須有近10日突破紀錄且不有效跌破頸線；距離頸線>5%禁止進場,20,C,禁止追高,已漲遠或接近目標，空手不追；持有者依策略分批處理。,False,2026-10-01,True,True,STOP,STOP 停止進場,觀察,取消新進場，只保留觀察,只看續抱 / 減碼 / 停利 / 停損，不新增部位。,停止新進場，先保留現金，等待大盤止跌。,停止新進場，禁止顯示今日可進場。,False,False
2026-10-01,2026-10-01,收盤確認價,臺灣證券交易所 / 證券櫃檯買賣中心正式收盤；yfinance 歷史資料,只使用完整收盤日K，不使用盤中未完成K,上市,1536,和大,46.65,47.1,46.5,46.68,46.57,47.36,49.53,53.92,-6.7,-0.53,False,510512,947309,23815384,45120594,1.04,False,True,23.92,一般K,,False,False,False,False,0,False,C級：已漲遠或接近目標，禁止追高,條件不足,接近成形,51.4,46.0,58.0,接近成形＋可觀察,52.43,51.4,52.43,54.0,49.86,4.9,低,-9.24,18.44,2.17,10.63,52.43,0.0,False,False,True,距離頸線或前高過遠，禁止追高,頸線以當日前20日高點計算；收盤站上頸線 51.4 至少2%；成交量>=20日均量2倍；不可長上影；回踩須有近10日突破紀錄且不有效跌破頸線；距離頸線>5%禁止進場,20,C,禁止追高,已漲遠或接近目標，空手不追；持有者依策略分批處理。,False,2026-10-01,True,True,STOP,STOP 停止進場,觀察,取消新進場，只保留觀察,只看續抱 / 減碼 / 停利 / 停損，不新增部位。,停止新進場，先保留現金，等待大盤止跌。,停止新進場，禁止顯示今日可進場。,False,False
2026-10-01,2026-10-01,收盤確認價,臺灣證券交易所 / 證券櫃檯買賣中心正式收盤；yfinance 歷史資料,只使用完整收盤日K，不使用盤中未完成K,上櫃,6186,新潤,29.1,29.2,28.95,29.09,29.5,30.07,35.45,44.55,-32.01,-0.17,False,177462,712639,5164144,21467626,1.08,False,True,29.43,一般K,,False,False,False,False,0,False,C級：已漲遠或接近目標，禁止追高,條件不足,接近成形,33.1,28.85,37.35,接近成形＋可觀察,33.76,33.1,33.76,34.77,32.11,4.9,低,-12.08,33.49,2.17,10.63,33.76,0.0,False,False,True,距離頸線或前高過遠，禁止追高,頸線以當日前20日高點計算；收盤站上頸線 33.1 至少2%；成交量>=20日均量2倍；不可長上影；回踩須有近10日突破紀錄且不有效跌破頸線；距離頸線>5%禁止進場,20,C,禁止追高,已漲遠或接近目標，空手不追；持有者依策略分批處理。,False,2026-10-01,True,True,STOP,STOP 停止進場,觀察,取消新進場，只保留觀察,只看續抱 / 減碼 / 停利 / 停損，不新增部位。,停止新進場，先保留現金，等待大盤止跌。,停止新進場，禁止顯示今日可進場。,False,False
2026-10-01,2026-10-01,收盤確認價,臺灣證券交易所 / 證券櫃檯買賣中心正式收盤；yfinance 歷史資料,只使用完整收盤日K，不使用盤中未完成K,上市,1466,聚隆,14.7,14.9,14.65,14.82,14.9,15.12,16.11,15.76,-16.0,-1.01,False,118037,218082,1735143,3302227,1.14,False,True,17.49,一般K,,False,False,False,False,0,False,C級：已漲遠或接近目標，禁止追高,條件不足,接近成形,16.4,14.37,18.5,接近成形＋可觀察,16.73,16.4,16.73,17.23,15.91,4.9,低,-10.37,26.87,2.16,10.59,16.73,0.34,False,False,True,距離頸線或前高過遠，禁止追高,頸線以當日前20日高點計算；收盤站上頸線 16.4 至少2%；成交量>=20日均量2倍；不可長上影；回踩須有近10日突破紀錄且不有效跌破頸線；距離頸線>5%禁止進場,20,C,禁止追高,已漲遠或接近目標，空手不追；持有者依策略分批處理。,False,2026-10-01,True,True,STOP,STOP 停止進場,觀察,取消新進場，只保留觀察,只看續抱 / 減碼 / 停利 / 停損，不新增部位。,停止新進場，先保留現金，等待大盤止跌。,停止新進場，禁止顯示今日可進場。,False,False
2026-10-01,2026-10-01,收盤確認價,臺灣證券交易所 / 證券櫃檯買賣中心正式收盤；yfinance 歷史資料,只使用完整收盤日K，不使用盤中未完成K,上市,1110,東泥,14.65,14.75,14.55,14.66,15.02,15.47,15.81,15.87,-8.15,0.0,False,120182,300441,1760666,4566253,1.23,False,True,36.12,紅K突破,,False,False,False,False,0,False,C級：已漲遠或接近目標，禁止追高,條件不足,接近成形,16.45,14.7,18.55,接近成形＋可觀察,16.78,16.45,16.78,17.28,15.96,4.9,低,-10.94,11.75,2.15,10.55,16.78,0.68,False,False,True,距離頸線或前高過遠，禁止追高,頸線以當日前20日高點計算；收盤站上頸線 16.45 至少2%；成交量>=20日均量2倍；不可長上影；回踩須有近10日突破紀錄且不有效跌破頸線；距離頸線>5%禁止進場,20,C,禁止追高,已漲遠或接近目標，空手不追；持有者依策略分批處理。,False,2026-10-01,True,True,STOP,STOP 停止進場,觀察,取消新進場，只保留觀察,只看續抱 / 減碼 / 停利 / 停損，不新增部位。,停止新進場，先保留現金，等待大盤止跌。,停止新進場，禁止顯示今日可進場。,False,False
2026-10-01,2026-10-01,收盤確認價,臺灣證券交易所 / 證券櫃檯買賣中心正式收盤；yfinance 歷史資料,只使用完整收盤日K，不使用盤中未完成K,上櫃,4402,郡都開發,14.15,14.15,14.15,14.02,14.06,14.26,15.32,16.82,-11.56,2.54,False,1014,21500,14348,305840,1.66,False,True,44.26,資料不足,,False,False,False,False,0,False,C級：已漲遠或接近目標，禁止追高,條件不足,接近成形,15.35,13.55,17.3,接近成形＋可觀察,15.66,15.35,15.66,16.13,14.89,4.9,低,-7.82,18.44,2.14,10.49,15.66,0.0,False,False,True,距離頸線或前高過遠，禁止追高,頸線以當日前20日高點計算；收盤站上頸線 15.35 至少2%；成交量>=20日均量2倍；不可長上影；回踩須有近10日突破紀錄且不有效跌破頸線；距離頸線>5%禁止進場,20,C,禁止追高,已漲遠或接近目標，空手不追；持有者依策略分批處理。,False,2026-10-01,True,True,STOP,STOP 停止進場,觀察,取消新進場，只保留觀察,只看續抱 / 減碼 / 停利 / 停損，不新增部位。,停止新進場，先保留現金，等待大盤止跌。,停止新進場，禁止顯示今日可進場。,False,False
2026-10-01,2026-10-01,收盤確認價,臺灣證券交易所 / 證券櫃檯買賣中心正式收盤；yfinance 歷史資料,只使用完整收盤日K，不使用盤中未完成K,上市,1447,力鵬,6.51,6.78,6.5,6.52,6.49,6.56,7.08,5.99,-24.74,-3.84,False,1028818,1013150,6697605,6677977,2.1,False,True,23.73,長黑,,False,False,False,False,0,False,C級：已漲遠或接近目標，禁止追高,條件不足,接近成形,7.15,6.25,8.05,接近成形＋可觀察,7.29,7.15,7.29,7.51,6.94,4.9,低,-8.95,29.24,2.12,10.38,7.29,0.0,False,False,True,距離頸線或前高過遠，禁止追高,頸線以當日前20日高點計算；收盤站上頸線 7.15 至少2%；成交量>=20日均量2倍；不可長上影；回踩須有近10日突破紀錄且不有效跌破頸線；距離頸線>5%禁止進場,20,C,禁止追高,已漲遠或接近目標，空手不追；持有者依策略分批處理。,False,2026-10-01,True,True,STOP,STOP 停止進場,觀察,取消新進場，只保留觀察,只看續抱 / 減碼 / 停利 / 停損，不新增部位。,停止新進場，先保留現金，等待大盤止跌。,停止新進場，禁止顯示今日可進場。,False,False
2026-10-01,2026-10-01,收盤確認價,臺灣證券交易所 / 證券櫃檯買賣中心正式收盤；yfinance 歷史資料,只使用完整收盤日K，不使用盤中未完成K,上市,1907,永豐餘,28.0,28.4,27.75,28.2,28.65,29.01,29.15,26.55,0.54,-1.41,False,1143383,769457,32014724,22281588,1.16,False,True,35.83,一般K,,False,False,False,False,0,False,C級：已漲遠或接近目標，禁止追高,條件不足,接近成形,30.75,27.9,34.6,接近成形＋可觀察,31.37,30.75,31.37,32.31,29.83,4.9,低,-8.94,11.67,2.1,10.31,31.37,0.0,False,False,True,距離頸線或前高過遠，禁止追高,頸線以當日前20日高點計算；收盤站上頸線 30.75 至少2%；成交量>=20日均量2倍；不可長上影；回踩須有近10日突破紀錄且不有效跌破頸線；距離頸線>5%禁止進場,20,C,禁止追高,已漲遠或接近目標，空手不追；持有者依策略分批處理。,False,2026-10-01,True,True,STOP,STOP 停止進場,觀察,取消新進場，只保留觀察,只看續抱 / 減碼 / 停利 / 停損，不新增部位。,停止新進場，先保留現金，等待大盤止跌。,停止新進場，禁止顯示今日可進場。,False,False
2026-10-01,2026-10-01,收盤確認價,臺灣證券交易所 / 證券櫃檯買賣中心正式收盤；yfinance 歷史資料,只使用完整收盤日K，不使用盤中未完成K,上市,2102,泰豐,16.85,16.85,16.55,16.54,16.96,17.47,18.41,19.09,-11.55,1.81,False,373982,730036,6301596,12575326,1.51,False,True,59.99,紅K突破,,False,False,False,False,0,False,C級：已漲遠或接近目標，禁止追高,條件不足,接近成形,18.55,16.6,20.85,接近成形＋可觀察,18.92,18.55,18.92,19.49,17.99,4.9,低,-9.16,14.25,2.08,10.2,18.92,0.0,False,False,True,距離頸線或前高過遠，禁止追高,頸線以當日前20日高點計算；收盤站上頸線 18.55 至少2%；成交量>=20日均量2倍；不可長上影；回踩須有近10日突破紀錄且不有效跌破頸線；距離頸線>5%禁止進場,20,C,禁止追高,已漲遠或接近目標，空手不追；持有者依策略分批處理。,False,2026-10-01,True,True,STOP,STOP 停止進場,觀察,取消新進場，只保留觀察,只看續抱 / 減碼 / 停利 / 停損，不新增部位。,停止新進場，先保留現金，等待大盤止跌。,停止新進場，禁止顯示今日可進場。,False,False
2026-10-01,2026-10-01,收盤確認價,臺灣證券交易所 / 證券櫃檯買賣中心正式收盤；yfinance 歷史資料,只使用完整收盤日K，不使用盤中未完成K,上櫃,2641,正德,17.35,17.5,17.3,17.44,17.51,17.69,17.6,19.0,-3.88,-0.86,False,570569,1342702,9899372,23879753,1.09,False,True,21.81,一般K,,False,False,False,False,0,False,C級：已漲遠或接近目標，禁止追高,條件不足,接近成形,18.6,17.25,20.9,接近成形＋可觀察,18.97,18.6,18.97,19.54,18.04,4.9,低,-6.72,11.48,2.07,10.16,18.97,0.0,False,False,True,距離頸線或前高過遠，禁止追高,頸線以當日前20日高點計算；收盤站上頸線 18.6 至少2%；成交量>=20日均量2倍；不可長上影；回踩須有近10日突破紀錄且不有效跌破頸線；距離頸線>5%禁止進場,20,C,禁止追高,已漲遠或接近目標，空手不追；持有者依策略分批處理。,False,2026-10-01,True,True,STOP,STOP 停止進場,觀察,取消新進場，只保留觀察,只看續抱 / 減碼 / 停利 / 停損，不新增部位。,停止新進場，先保留現金，等待大盤止跌。,停止新進場，禁止顯示今日可進場。,False,False
2026-10-01,2026-10-01,收盤確認價,臺灣證券交易所 / 證券櫃檯買賣中心正式收盤；yfinance 歷史資料,只使用完整收盤日K，不使用盤中未完成K,上市,1414,東和,17.35,17.7,17.35,17.45,17.37,17.55,18.6,18.43,-11.48,-1.7,False,78345,191304,1359285,3368252,1.46,False,True,66.62,一般K,,False,False,False,False,0,False,C級：已漲遠或接近目標，禁止追高,條件不足,接近成形,19.4,17.0,21.8,接近成形＋可觀察,19.79,19.4,19.79,20.38,18.82,4.9,低,-10.57,16.99,2.07,10.17,19.79,0.29,False,False,True,距離頸線或前高過遠，禁止追高,頸線以當日前20日高點計算；收盤站上頸線 19.4 至少2%；成交量>=20日均量2倍；不可長上影；回踩須有近10日突破紀錄且不有效跌破頸線；距離頸線>5%禁止進場,20,C,禁止追高,已漲遠或接近目標，空手不追；持有者依策略分批處理。,False,2026-10-01,True,True,STOP,STOP 停止進場,觀察,取消新進場，只保留觀察,只看續抱 / 減碼 / 停利 / 停損，不新增部位。,停止新進場，先保留現金，等待大盤止跌。,停止新進場，禁止顯示今日可進場。,False,False
2026-10-01,2026-10-01,收盤確認價,臺灣證券交易所 / 證券櫃檯買賣中心正式收盤；yfinance 歷史資料,只使用完整收盤日K，不使用盤中未完成K,上櫃,8421,旭源,13.0,13.1,12.9,12.88,12.93,12.81,13.85,13.39,-11.26,0.39,False,113845,141608,1479985,1807805,1.53,False,True,30.89,紅K突破,,False,False,False,False,0,False,C級：已漲遠或接近目標，禁止追高,條件不足,接近成形,13.8,12.17,15.5,接近成形＋可觀察,14.08,13.8,14.08,14.5,13.39,4.9,低,-5.8,27.37,2.06,10.12,14.08,0.77,False,False,True,距離頸線或前高過遠，禁止追高,頸線以當日前20日高點計算；收盤站上頸線 13.8 至少2%；成交量>=20日均量2倍；不可長上影；回踩須有近10日突破紀錄且不有效跌破頸線；距離頸線>5%禁止進場,20,C,禁止追高,已漲遠或接近目標，空手不追；持有者依策略分批處理。,False,2026-10-01,True,True,STOP,STOP 停止進場,觀察,取消新進場，只保留觀察,只看續抱 / 減碼 / 停利 / 停損，不新增部位。,停止新進場，先保留現金，等待大盤止跌。,停止新進場，禁止顯示今日可進場。,False,False
2026-10-01,2026-10-01,收盤確認價,臺灣證券交易所 / 證券櫃檯買賣中心正式收盤；yfinance 歷史資料,只使用完整收盤日K，不使用盤中未完成K,上櫃,8092,建暐,12.55,12.6,12.5,12.71,12.72,12.78,13.14,14.45,-10.36,-0.4,False,28115,43231,352843,553488,0.89,False,True,31.22,一般K,,False,False,False,False,0,False,C級：已漲遠或接近目標，禁止追高,條件不足,接近成形,13.65,12.5,15.3,接近成形＋可觀察,13.92,13.65,13.92,14.34,13.24,4.9,低,-8.06,12.24,2.02,9.89,13.92,0.0,False,False,True,距離頸線或前高過遠，禁止追高,頸線以當日前20日高點計算；收盤站上頸線 13.65 至少2%；成交量>=20日均量2倍；不可長上影；回踩須有近10日突破紀錄且不有效跌破頸線；距離頸線>5%禁止進場,20,C,禁止追高,已漲遠或接近目標，空手不追；持有者依策略分批處理。,False,2026-10-01,True,True,STOP,STOP 停止進場,觀察,取消新進場，只保留觀察,只看續抱 / 減碼 / 停利 / 停損，不新增部位。,停止新進場，先保留現金，等待大盤止跌。,停止新進場，禁止顯示今日可進場。,False,False
2026-10-01,2026-10-01,收盤確認價,臺灣證券交易所 / 證券櫃檯買賣中心正式收盤；yfinance 歷史資料,只使用完整收盤日K，不使用盤中未完成K,上櫃,3073,天方能源,20.5,20.95,20.5,20.46,20.56,21.34,21.85,26.9,-9.29,-0.49,False,8476,33355,173758,718620,1.44,False,True,20.3,一般K,,False,False,False,False,0,False,C級：已漲遠或接近目標，禁止追高,條件不足,接近成形,22.75,20.28,25.5,接近成形＋可觀察,23.21,22.75,23.21,23.9,22.07,4.9,低,-9.89,16.33,2.02,9.89,23.21,1.71,False,False,True,距離頸線或前高過遠，禁止追高,頸線以當日前20日高點計算；收盤站上頸線 22.75 至少2%；成交量>=20日均量2倍；不可長上影；回踩須有近10日突破紀錄且不有效跌破頸線；距離頸線>5%禁止進場,20,C,禁止追高,已漲遠或接近目標，空手不追；持有者依策略分批處理。,False,2026-10-01,True,True,STOP,STOP 停止進場,觀察,取消新進場，只保留觀察,只看續抱 / 減碼 / 停利 / 停損，不新增部位。,停止新進場，先保留現金，等待大盤止跌。,停止新進場，禁止顯示今日可進場。,False,False
2026-10-01,2026-10-01,收盤確認價,臺灣證券交易所 / 證券櫃檯買賣中心正式收盤；yfinance 歷史資料,只使用完整收盤日K，不使用盤中未完成K,上櫃,7715,裕山,28.35,28.75,28.3,27.81,27.99,28.2,31.13,30.95,-15.37,-0.18,False,33562,44884,951482,1259656,1.48,False,True,50.52,一般K,,False,False,False,False,0,False,C級：已漲遠或接近目標，禁止追高,條件不足,接近成形,30.35,26.79,34.0,接近成形＋可觀察,30.96,30.35,30.96,31.89,29.44,4.9,低,-6.59,24.8,2.01,9.83,30.96,0.0,False,False,True,距離頸線或前高過遠，禁止追高,頸線以當日前20日高點計算；收盤站上頸線 30.35 至少2%；成交量>=20日均量2倍；不可長上影；回踩須有近10日突破紀錄且不有效跌破頸線；距離頸線>5%禁止進場,20,C,禁止追高,已漲遠或接近目標，空手不追；持有者依策略分批處理。,False,2026-10-01,True,True,STOP,STOP 停止進場,觀察,取消新進場，只保留觀察,只看續抱 / 減碼 / 停利 / 停損，不新增部位。,停止新進場，先保留現金，等待大盤止跌。,停止新進場，禁止顯示今日可進場。,False,False
2026-10-01,2026-10-01,收盤確認價,臺灣證券交易所 / 證券櫃檯買賣中心正式收盤；yfinance 歷史資料,只使用完整收盤日K，不使用盤中未完成K,上市,1623,大東電,198.5,199.5,197.5,198.9,201.35,204.7,210.55,224.79,-14.07,-1.0,False,38560,77153,7654160,16049731,2.39,False,True,16.96,一般K,,False,False,False,False,0,False,C級：已漲遠或接近目標，禁止追高,條件不足,接近成形,220.0,197.0,246.5,接近成形＋可觀察,224.4,220.0,224.4,231.13,213.4,4.9,低,-9.77,17.98,2.01,9.85,224.4,0.25,False,False,True,距離頸線或前高過遠，禁止追高,頸線以當日前20日高點計算；收盤站上頸線 220.0 至少2%；成交量>=20日均量2倍；不可長上影；回踩須有近10日突破紀錄且不有效跌破頸線；距離頸線>5%禁止進場,20,C,禁止追高,已漲遠或接近目標，空手不追；持有者依策略分批處理。,False,2026-10-01,True,True,STOP,STOP 停止進場,觀察,取消新進場，只保留觀察,只看續抱 / 減碼 / 停利 / 停損，不新增部位。,停止新進場，先保留現金，等待大盤止跌。,停止新進場，禁止顯示今日可進場。,False,False
2026-10-01,2026-10-01,收盤確認價,臺灣證券交易所 / 證券櫃檯買賣中心正式收盤；yfinance 歷史資料,只使用完整收盤日K，不使用盤中未完成K,上櫃,6725,矽科宏晟,221.0,222.5,218.0,217.7,217.3,218.38,247.75,273.34,-27.9,1.38,False,117561,63397,25980981,13833418,2.21,False,True,20.88,紅K突破,,False,False,False,False,0,False,C級：已漲遠或接近目標，禁止追高,條件不足,三角收斂突破,233.5,207.46,261.5,接近成形＋可觀察,238.17,233.5,238.17,245.32,226.5,4.9,低,-5.35,33.53,2.0,9.8,238.17,0.68,False,False,True,距離頸線或前高過遠，禁止追高,頸線以當日前20日高點計算；收盤站上頸線 233.5 至少2%；成交量>=20日均量2倍；不可長上影；回踩須有近10日突破紀錄且不有效跌破頸線；距離頸線>5%禁止進場,20,C,禁止追高,已漲遠或接近目標，空手不追；持有者依策略分批處理。,False,2026-10-01,True,True,STOP,STOP 停止進場,觀察,取消新進場，只保留觀察,只看續抱 / 減碼 / 停利 / 停損，不新增部位。,停止新進場，先保留現金，等待大盤止跌。,停止新進場，禁止顯示今日可進場。,False,False
2026-10-01,2026-10-01,收盤確認價,臺灣證券交易所 / 證券櫃檯買賣中心正式收盤；yfinance 歷史資料,只使用完整收盤日K，不使用盤中未完成K,上櫃,6158,禾昌,17.25,17.25,17.1,17.26,17.22,17.17,17.31,19.56,-9.92,0.29,False,36006,51881,621103,894928,1.17,False,True,32.86,紅K突破,,False,False,False,False,0,False,C級：已漲遠或接近目標，禁止追高,條件不足,接近成形,18.35,16.5,20.55,接近成形＋可觀察,18.72,18.35,18.72,19.28,17.8,4.9,低,-5.99,11.76,2.0,9.79,18.72,0.0,False,False,True,距離頸線或前高過遠，禁止追高,頸線以當日前20日高點計算；收盤站上頸線 18.35 至少2%；成交量>=20日均量2倍；不可長上影；回踩須有近10日突破紀錄且不有效跌破頸線；距離頸線>5%禁止進場,20,C,禁止追高,已漲遠或接近目標，空手不追；持有者依策略分批處理。,False,2026-10-01,True,True,STOP,STOP 停止進場,觀察,取消新進場，只保留觀察,只看續抱 / 減碼 / 停利 / 停損，不新增部位。,停止新進場，先保留現金，等待大盤止跌。,停止新進場，禁止顯示今日可進場。,False,False
2026-10-01,2026-10-01,收盤確認價,臺灣證券交易所 / 證券櫃檯買賣中心正式收盤；yfinance 歷史資料,只使用完整收盤日K，不使用盤中未完成K,上櫃,6971,惠民實業,23.3,23.55,23.2,23.63,23.9,24.71,25.79,29.08,-14.96,-0.85,False,8197,32969,190990,832336,1.56,False,True,46.72,一般K,,False,False,False,False,0,False,C級：已漲遠或接近目標，禁止追高,條件不足,接近成形,26.7,23.5,29.9,接近成形＋可觀察,27.23,26.7,27.23,28.05,25.9,4.9,低,-12.73,18.96,2.0,9.79,27.23,0.0,False,False,True,距離頸線或前高過遠，禁止追高,頸線以當日前20日高點計算；收盤站上頸線 26.7 至少2%；成交量>=20日均量2倍；不可長上影；回踩須有近10日突破紀錄且不有效跌破頸線；距離頸線>5%禁止進場,20,C,禁止追高,已漲遠或接近目標，空手不追；持有者依策略分批處理。,False,2026-10-01,True,True,STOP,STOP 停止進場,觀察,取消新進場，只保留觀察,只看續抱 / 減碼 / 停利 / 停損，不新增部位。,停止新進場，先保留現金，等待大盤止跌。,停止新進場，禁止顯示今日可進場。,False,False
2026-10-01,2026-10-01,收盤確認價,臺灣證券交易所 / 證券櫃檯買賣中心正式收盤；yfinance 歷史資料,只使用完整收盤日K，不使用盤中未完成K,上櫃,4923,力士,65.2,66.7,60.9,63.7,61.23,57.13,52.54,39.79,-1.95,6.19,False,2823319,1130841,184080398,69613741,4.77,True,True,30.05,紅K突破,,True,True,False,False,2,False,C級：已漲遠或接近目標，禁止追高,趨勢多頭、量能放大,旗型整理突破,60.8,54.27,85.25,突破第一根,62.02,60.8,62.02,63.88,58.98,9.55,低,7.24,7.52,3.22,30.75,65.2,2.3,True,False,True,距離頸線或前高過遠，禁止追高,頸線以當日前20日高點計算；收盤站上頸線 60.8 至少2%；成交量>=20日均量2倍；不可長上影；回踩須有近10日突破紀錄且不有效跌破頸線；距離頸線>5%禁止進場,15,C,禁止追高,已漲遠或接近目標，空手不追；持有者依策略分批處理。,False,2026-10-01,True,True,STOP,STOP 停止進場,突破買點,取消新進場，只保留觀察,只看續抱 / 減碼 / 停利 / 停損，不新增部位。,停止新進場，先保留現金，等待大盤止跌。,停止新進場，禁止顯示今日可進場。,False,False
2026-10-01,2026-10-01,收盤確認價,臺灣證券交易所 / 證券櫃檯買賣中心正式收盤；yfinance 歷史資料,只使用完整收盤日K，不使用盤中未完成K,上櫃,4556,旭然,111.5,111.5,98.3,98.22,91.09,85.12,90.95,47.92,20.28,9.85,True,3003739,1120297,334916898,102159705,6.15,True,True,49.67,紅K突破,半導體 設備 過濾設備,False,True,True,False,2,False,C級：已漲遠或接近目標，禁止追高,量能放大、題材命中,接近成形,104.0,80.86,142.0,突破第一根,106.08,104.0,106.08,109.26,100.88,9.52,低,7.21,19.2,2.87,27.35,111.5,0.0,False,False,True,距離頸線或前高過遠，禁止追高,頸線以當日前20日高點計算；收盤站上頸線 104.0 至少2%；成交量>=20日均量2倍；不可長上影；回踩須有近10日突破紀錄且不有效跌破頸線；距離頸線>5%禁止進場,15,C,禁止追高,已漲遠或接近目標，空手不追；持有者依策略分批處理。,False,2026-10-01,True,True,STOP,STOP 停止進場,突破買點,取消新進場，只保留觀察,只看續抱 / 減碼 / 停利 / 停損，不新增部位。,停止新進場，先保留現金，等待大盤止跌。,停止新進場，禁止顯示今日可進場。,False,False
2026-10-01,2026-10-01,收盤確認價,臺灣證券交易所 / 證券櫃檯買賣中心正式收盤；yfinance 歷史資料,只使用完整收盤日K，不使用盤中未完成K,上櫃,6841,長佳智能,57.0,59.3,56.8,55.66,54.57,53.72,55.58,61.64,-14.54,-3.06,False,611557,214742,34858749,11819796,2.12,False,True,29.57,一般K,,False,True,False,False,1,False,C級：已漲遠或接近目標，禁止追高,量能放大,三角收斂突破,55.8,51.04,60.6,突破第一根,56.92,55.8,56.92,58.62,54.13,5.04,低,2.15,17.15,1.25,6.32,57.0,0.7,True,False,True,距離頸線或前高過遠，禁止追高,頸線以當日前20日高點計算；收盤站上頸線 55.8 至少2%；成交量>=20日均量2倍；不可長上影；回踩須有近10日突破紀錄且不有效跌破頸線；距離頸線>5%禁止進場,15,C,禁止追高,已漲遠或接近目標，空手不追；持有者依策略分批處理。,False,2026-10-01,True,True,STOP,STOP 停止進場,接近目標,取消新進場，只保留觀察,只看續抱 / 減碼 / 停利 / 停損，不新增部位。,停止新進場，先保留現金，等待大盤止跌。,停止新進場，禁止顯示今日可進場。,False,False
2026-10-01,2026-10-01,收盤確認價,臺灣證券交易所 / 證券櫃檯買賣中心正式收盤；yfinance 歷史資料,只使用完整收盤日K，不使用盤中未完成K,上櫃,3083,網龍,23.95,24.25,22.65,22.99,22.73,22.71,24.09,29.15,-10.97,5.97,False,274527,61412,6574921,1404181,1.67,False,True,24.58,紅K突破,,False,True,False,False,1,False,C級：已漲遠或接近目標，禁止追高,量能放大,箱型突破,23.4,21.65,25.15,突破第一根,23.87,23.4,23.87,24.58,22.7,5.23,低,2.35,13.85,0.96,5.01,23.95,1.25,False,True,True,接近目標區，只給持有者分批停利參考，空手不追高,頸線以當日前20日高點計算；收盤站上頸線 23.4 至少2%；成交量>=20日均量2倍；不可長上影；回踩須有近10日突破紀錄且不有效跌破頸線；距離頸線>5%禁止進場,15,C,禁止追高,已漲遠或接近目標，空手不追；持有者依策略分批處理。,False,2026-10-01,True,True,STOP,STOP 停止進場,接近目標,取消新進場，只保留觀察,只看續抱 / 減碼 / 停利 / 停損，不新增部位。,停止新進場，先保留現金，等待大盤止跌。,停止新進場，禁止顯示今日可進場。,False,False
2026-10-01,2026-10-01,收盤確認價,臺灣證券交易所 / 證券櫃檯買賣中心正式收盤；yfinance 歷史資料,只使用完整收盤日K，不使用盤中未完成K,上櫃,6649,台生材,37.2,37.85,36.5,36.75,36.22,35.91,36.4,43.97,-5.58,1.92,False,112062,33906,4168706,1228964,1.93,False,True,26.4,一般K,,False,True,False,False,1,False,C級：已漲遠或接近目標，禁止追高,量能放大,箱型突破,36.4,34.45,38.65,突破第一根,37.13,36.4,37.13,38.24,35.31,5.09,低,2.2,8.82,0.77,3.9,37.2,1.75,True,True,True,接近目標區，只給持有者分批停利參考，空手不追高,頸線以當日前20日高點計算；收盤站上頸線 36.4 至少2%；成交量>=20日均量2倍；不可長上影；回踩須有近10日突破紀錄且不有效跌破頸線；距離頸線>5%禁止進場,15,C,禁止追高,已漲遠或接近目標，空手不追；持有者依策略分批處理。,False,2026-10-01,True,True,STOP,STOP 停止進場,接近目標,取消新進場，只保留觀察,只看續抱 / 減碼 / 停利 / 停損，不新增部位。,停止新進場，先保留現金，等待大盤止跌。,停止新進場，禁止顯示今日可進場。,False,False
2026-10-01,2026-10-01,收盤確認價,臺灣證券交易所 / 證券櫃檯買賣中心正式收盤；yfinance 歷史資料,只使用完整收盤日K，不使用盤中未完成K,上市,1338,廣華-KY,15.3,15.7,15.05,15.04,14.74,14.58,15.13,17.62,-11.82,-1.92,False,221510,100617,3389103,1490877,1.73,False,True,39.62,一般K,,False,True,False,False,1,False,C級：已漲遠或接近目標，禁止追高,量能放大,三角收斂突破,14.9,14.05,15.75,突破第一根,15.2,14.9,15.2,15.65,14.45,5.54,低,2.68,13.07,0.53,2.94,15.3,0.0,True,True,True,接近目標區，只給持有者分批停利參考，空手不追高,頸線以當日前20日高點計算；收盤站上頸線 14.9 至少2%；成交量>=20日均量2倍；不可長上影；回踩須有近10日突破紀錄且不有效跌破頸線；距離頸線>5%禁止進場,15,C,禁止追高,已漲遠或接近目標，空手不追；持有者依策略分批處理。,False,2026-10-01,True,True,STOP,STOP 停止進場,接近目標,取消新進場，只保留觀察,只看續抱 / 減碼 / 停利 / 停損，不新增部位。,停止新進場，先保留現金，等待大盤止跌。,停止新進場，禁止顯示今日可進場。,False,False
2026-10-01,2026-10-01,收盤確認價,臺灣證券交易所 / 證券櫃檯買賣中心正式收盤；yfinance 歷史資料,只使用完整收盤日K，不使用盤中未完成K,上櫃,5272,笙科,18.0,18.2,17.65,17.52,17.2,17.03,17.77,20.43,-11.98,0.0,False,135976,81869,2447568,1421731,1.41,False,True,22.83,下影線,,False,False,False,False,0,False,C級：已漲遠或接近目標，禁止追高,條件不足,三角收斂突破,17.6,16.3,19.0,回踩頸線不破,17.95,17.6,17.95,18.49,17.07,5.16,低,2.27,13.67,1.08,5.56,18.0,0.28,True,False,True,距離頸線或前高過遠，禁止追高,頸線以當日前20日高點計算；收盤站上頸線 17.6 至少2%；成交量>=20日均量2倍；不可長上影；回踩須有近10日突破紀錄且不有效跌破頸線；距離頸線>5%禁止進場,15,C,禁止追高,已漲遠或接近目標，空手不追；持有者依策略分批處理。,False,2026-10-01,True,True,STOP,STOP 停止進場,接近目標,取消新進場，只保留觀察,只看續抱 / 減碼 / 停利 / 停損，不新增部位。,停止新進場，先保留現金，等待大盤止跌。,停止新進場，禁止顯示今日可進場。,False,False
2026-10-01,2026-10-01,收盤確認價,臺灣證券交易所 / 證券櫃檯買賣中心正式收盤；yfinance 歷史資料,只使用完整收盤日K，不使用盤中未完成K,上櫃,6113,亞矽,24.9,24.9,22.7,22.84,22.6,22.6,23.19,22.5,-1.19,9.93,True,631953,102712,15735629,2395187,2.6,False,True,18.68,紅K突破,,False,True,False,False,1,False,C級：已漲遠或接近目標，禁止追高,量能放大,箱型突破,23.8,21.5,27.85,突破第一根,24.28,23.8,24.28,25.0,23.09,7.29,低,4.62,12.63,1.63,11.85,24.9,0.0,False,False,True,距離頸線或前高過遠，禁止追高,頸線以當日前20日高點計算；收盤站上頸線 23.8 至少2%；成交量>=20日均量2倍；不可長上影；回踩須有近10日突破紀錄且不有效跌破頸線；距離頸線>5%禁止進場,12,C,禁止追高,已漲遠或接近目標，空手不追；持有者依策略分批處理。,False,2026-10-01,True,True,STOP,STOP 停止進場,突破買點,取消新進場，只保留觀察,只看續抱 / 減碼 / 停利 / 停損，不新增部位。,停止新進場，先保留現金，等待大盤止跌。,停止新進場，禁止顯示今日可進場。,False,False
2026-10-01,2026-10-01,收盤確認價,臺灣證券交易所 / 證券櫃檯買賣中心正式收盤；yfinance 歷史資料,只使用完整收盤日K，不使用盤中未完成K,上櫃,6118,建達,16.3,17.3,16.2,16.22,15.73,15.43,15.7,17.77,-4.12,1.56,False,858151,284245,13987861,4542413,2.63,False,True,28.99,一般K,,False,True,False,False,1,False,C級：已漲遠或接近目標，禁止追高,量能放大,三角收斂突破,15.75,14.75,16.75,接近成形＋可觀察,16.07,15.75,16.07,16.55,15.28,4.9,低,3.49,6.59,0.87,4.26,16.07,6.13,True,True,True,接近目標區，只給持有者分批停利參考，空手不追高,頸線以當日前20日高點計算；收盤站上頸線 15.75 至少2%；成交量>=20日均量2倍；不可長上影；回踩須有近10日突破紀錄且不有效跌破頸線；距離頸線>5%禁止進場,10,C,禁止追高,已漲遠或接近目標，空手不追；持有者依策略分批處理。,False,2026-10-01,True,True,STOP,STOP 停止進場,接近目標,取消新進場，只保留觀察,只看續抱 / 減碼 / 停利 / 停損，不新增部位。,停止新進場，先保留現金，等待大盤止跌。,停止新進場，禁止顯示今日可進場。,False,False
2026-10-01,2026-10-01,收盤確認價,臺灣證券交易所 / 證券櫃檯買賣中心正式收盤；yfinance 歷史資料,只使用完整收盤日K，不使用盤中未完成K,上櫃,4726,永昕,23.4,23.7,23.0,22.74,22.74,23.14,24.15,29.4,-10.0,1.96,False,171739,123761,4018692,2861905,1.23,False,True,52.66,紅K突破,,False,False,False,False,0,False,C級：已漲遠或接近目標，禁止追高,條件不足,接近成形,24.4,22.1,26.7,接近成形＋可觀察,24.89,24.4,24.89,25.63,23.67,4.9,低,-4.1,12.69,1.49,7.28,24.89,1.28,False,False,True,距離頸線或前高過遠，禁止追高,頸線以當日前20日高點計算；收盤站上頸線 24.4 至少2%；成交量>=20日均量2倍；不可長上影；回踩須有近10日突破紀錄且不有效跌破頸線；距離頸線>5%禁止進場,10,C,禁止追高,已漲遠或接近目標，空手不追；持有者依策略分批處理。,False,2026-10-01,True,True,STOP,STOP 停止進場,觀察,取消新進場，只保留觀察,只看續抱 / 減碼 / 停利 / 停損，不新增部位。,停止新進場，先保留現金，等待大盤止跌。,停止新進場，禁止顯示今日可進場。,False,False
2026-10-01,2026-10-01,收盤確認價,臺灣證券交易所 / 證券櫃檯買賣中心正式收盤；yfinance 歷史資料,只使用完整收盤日K，不使用盤中未完成K,上櫃,3252,海灣,15.35,15.35,15.1,15.34,15.32,15.35,16.07,18.31,-12.54,0.33,False,8009,25844,122938,395919,0.46,False,True,64.77,紅K突破,,False,False,False,False,0,False,C級：已漲遠或接近目標，禁止追高,條件不足,接近成形,15.85,14.58,17.3,接近成形＋可觀察,16.17,15.85,16.17,16.65,15.37,4.9,低,-3.15,14.96,1.43,7.01,16.17,0.0,False,False,True,距離頸線或前高過遠，禁止追高,頸線以當日前20日高點計算；收盤站上頸線 15.85 至少2%；成交量>=20日均量2倍；不可長上影；回踩須有近10日突破紀錄且不有效跌破頸線；距離頸線>5%禁止進場,10,C,禁止追高,已漲遠或接近目標，空手不追；持有者依策略分批處理。,False,2026-10-01,True,True,STOP,STOP 停止進場,觀察,取消新進場，只保留觀察,只看續抱 / 減碼 / 停利 / 停損，不新增部位。,停止新進場，先保留現金，等待大盤止跌。,停止新進場，禁止顯示今日可進場。,False,False
2026-10-01,2026-10-01,收盤確認價,臺灣證券交易所 / 證券櫃檯買賣中心正式收盤；yfinance 歷史資料,只使用完整收盤日K，不使用盤中未完成K,上市,1434,福懋,17.95,18.25,17.9,17.99,17.91,17.93,17.99,16.69,-0.55,-1.1,False,1414846,1437331,25396485,25788603,1.0,False,True,11.24,一般K,,False,False,False,False,0,False,C級：已漲遠或接近目標，禁止追高,條件不足,接近成形,18.6,17.45,20.3,接近成形＋可觀察,18.97,18.6,18.97,19.54,18.04,4.9,低,-3.49,14.52,1.43,7.0,18.97,0.56,False,False,True,距離頸線或前高過遠，禁止追高,頸線以當日前20日高點計算；收盤站上頸線 18.6 至少2%；成交量>=20日均量2倍；不可長上影；回踩須有近10日突破紀錄且不有效跌破頸線；距離頸線>5%禁止進場,10,C,禁止追高,已漲遠或接近目標，空手不追；持有者依策略分批處理。,False,2026-10-01,True,True,STOP,STOP 停止進場,觀察,取消新進場，只保留觀察,只看續抱 / 減碼 / 停利 / 停損，不新增部位。,停止新進場，先保留現金，等待大盤止跌。,停止新進場，禁止顯示今日可進場。,False,False
2026-10-01,2026-10-01,收盤確認價,臺灣證券交易所 / 證券櫃檯買賣中心正式收盤；yfinance 歷史資料,只使用完整收盤日K，不使用盤中未完成K,上櫃,6219,富旺,12.35,12.35,12.05,12.16,12.15,12.16,12.42,15.27,-2.76,1.23,False,123053,76963,1519704,941524,1.25,False,True,17.15,紅K突破,,False,False,False,False,0,False,C級：已漲遠或接近目標，禁止追高,條件不足,三角收斂突破,13.0,11.85,14.15,接近成形＋可觀察,13.26,13.0,13.26,13.66,12.61,4.9,低,-5.0,16.84,1.37,6.71,13.26,0.0,False,False,True,距離頸線或前高過遠，禁止追高,頸線以當日前20日高點計算；收盤站上頸線 13.0 至少2%；成交量>=20日均量2倍；不可長上影；回踩須有近10日突破紀錄且不有效跌破頸線；距離頸線>5%禁止進場,10,C,禁止追高,已漲遠或接近目標，空手不追；持有者依策略分批處理。,False,2026-10-01,True,True,STOP,STOP 停止進場,觀察,取消新進場，只保留觀察,只看續抱 / 減碼 / 停利 / 停損，不新增部位。,停止新進場，先保留現金，等待大盤止跌。,停止新進場，禁止顯示今日可進場。,False,False
2026-10-01,2026-10-01,收盤確認價,臺灣證券交易所 / 證券櫃檯買賣中心正式收盤；yfinance 歷史資料,只使用完整收盤日K，不使用盤中未完成K,上櫃,4166,友霖,24.75,25.3,24.0,24.18,24.22,24.32,24.9,25.36,-9.01,2.7,False,163120,86152,4037220,2098552,1.59,False,True,12.55,紅K突破,,False,False,False,False,0,False,C級：已漲遠或接近目標，禁止追高,條件不足,三角收斂突破,25.65,23.6,27.9,接近成形＋可觀察,26.16,25.65,26.16,26.95,24.88,4.9,低,-3.51,11.29,1.35,6.64,26.16,2.22,False,False,True,距離頸線或前高過遠，禁止追高,頸線以當日前20日高點計算；收盤站上頸線 25.65 至少2%；成交量>=20日均量2倍；不可長上影；回踩須有近10日突破紀錄且不有效跌破頸線；距離頸線>5%禁止進場,10,C,禁止追高,已漲遠或接近目標，空手不追；持有者依策略分批處理。,False,2026-10-01,True,True,STOP,STOP 停止進場,觀察,取消新進場，只保留觀察,只看續抱 / 減碼 / 停利 / 停損，不新增部位。,停止新進場，先保留現金，等待大盤止跌。,停止新進場，禁止顯示今日可進場。,False,False
2026-10-01,2026-10-01,收盤確認價,臺灣證券交易所 / 證券櫃檯買賣中心正式收盤；yfinance 歷史資料,只使用完整收盤日K，不使用盤中未完成K,上市,1810,和成,24.0,24.45,23.95,23.99,23.9,23.92,25.41,20.28,-1.84,-1.84,False,1319890,1538902,31677360,36882808,1.29,False,True,25.41,一般K,,False,False,False,False,0,False,C級：已漲遠或接近目標，禁止追高,條件不足,接近成形,25.2,23.4,27.4,接近成形＋可觀察,25.7,25.2,25.7,26.48,24.44,4.9,低,-4.76,29.72,1.35,6.6,25.7,0.0,False,False,True,距離頸線或前高過遠，禁止追高,頸線以當日前20日高點計算；收盤站上頸線 25.2 至少2%；成交量>=20日均量2倍；不可長上影；回踩須有近10日突破紀錄且不有效跌破頸線；距離頸線>5%禁止進場,10,C,禁止追高,已漲遠或接近目標，空手不追；持有者依策略分批處理。,False,2026-10-01,True,True,STOP,STOP 停止進場,觀察,取消新進場，只保留觀察,只看續抱 / 減碼 / 停利 / 停損，不新增部位。,停止新進場，先保留現金，等待大盤止跌。,停止新進場，禁止顯示今日可進場。,False,False
2026-10-01,2026-10-01,收盤確認價,臺灣證券交易所 / 證券櫃檯買賣中心正式收盤；yfinance 歷史資料,只使用完整收盤日K，不使用盤中未完成K,上櫃,6616,特昇-KY,8.26,8.27,8.08,8.18,8.26,8.32,8.61,9.51,-8.02,0.98,False,14000,16267,115640,134777,1.3,False,True,35.21,紅K突破,,False,False,False,False,0,False,C級：已漲遠或接近目標，禁止追高,條件不足,接近成形,8.59,7.91,9.33,接近成形＋可觀察,8.76,8.59,8.76,9.02,8.33,4.9,低,-3.84,11.18,1.32,6.48,8.76,0.12,False,False,True,距離頸線或前高過遠，禁止追高,頸線以當日前20日高點計算；收盤站上頸線 8.59 至少2%；成交量>=20日均量2倍；不可長上影；回踩須有近10日突破紀錄且不有效跌破頸線；距離頸線>5%禁止進場,10,C,禁止追高,已漲遠或接近目標，空手不追；持有者依策略分批處理。,False,2026-10-01,True,True,STOP,STOP 停止進場,觀察,取消新進場，只保留觀察,只看續抱 / 減碼 / 停利 / 停損，不新增部位。,停止新進場，先保留現金，等待大盤止跌。,停止新進場，禁止顯示今日可進場。,False,False
2026-10-01,2026-10-01,收盤確認價,臺灣證券交易所 / 證券櫃檯買賣中心正式收盤；yfinance 歷史資料,只使用完整收盤日K，不使用盤中未完成K,上櫃,6574,霈方,118.5,118.5,117.5,119.0,119.75,119.65,124.43,97.85,-3.27,0.0,False,10965,24568,1299352,2945380,0.82,False,True,18.38,一般K,,False,False,False,False,0,False,C級：已漲遠或接近目標，禁止追高,條件不足,接近成形,123.0,116.5,133.5,接近成形＋可觀察,125.46,123.0,125.46,129.22,119.31,4.9,低,-3.66,23.05,1.31,6.41,125.46,0.0,False,False,True,距離頸線或前高過遠，禁止追高,頸線以當日前20日高點計算；收盤站上頸線 123.0 至少2%；成交量>=20日均量2倍；不可長上影；回踩須有近10日突破紀錄且不有效跌破頸線；距離頸線>5%禁止進場,10,C,禁止追高,已漲遠或接近目標，空手不追；持有者依策略分批處理。,False,2026-10-01,True,True,STOP,STOP 停止進場,觀察,取消新進場，只保留觀察,只看續抱 / 減碼 / 停利 / 停損，不新增部位。,停止新進場，先保留現金，等待大盤止跌。,停止新進場，禁止顯示今日可進場。,False,False
2026-10-01,2026-10-01,收盤確認價,臺灣證券交易所 / 證券櫃檯買賣中心正式收盤；yfinance 歷史資料,只使用完整收盤日K，不使用盤中未完成K,上櫃,6791,虎門科技,100.5,100.5,100.0,99.46,99.8,99.83,101.62,107.72,-9.05,1.01,False,5760,11049,578880,1107634,1.25,False,True,32.53,一般K,,False,False,False,False,0,False,C級：已漲遠或接近目標，禁止追高,條件不足,接近成形,104.5,97.5,112.9,接近成形＋可觀察,106.59,104.5,106.59,109.79,101.36,4.9,低,-3.83,12.23,1.21,5.92,106.59,0.0,False,False,True,距離頸線或前高過遠，禁止追高,頸線以當日前20日高點計算；收盤站上頸線 104.5 至少2%；成交量>=20日均量2倍；不可長上影；回踩須有近10日突破紀錄且不有效跌破頸線；距離頸線>5%禁止進場,10,C,禁止追高,已漲遠或接近目標，空手不追；持有者依策略分批處理。,False,2026-10-01,True,True,STOP,STOP 停止進場,觀察,取消新進場，只保留觀察,只看續抱 / 減碼 / 停利 / 停損，不新增部位。,停止新進場，先保留現金，等待大盤止跌。,停止新進場，禁止顯示今日可進場。,False,False
2026-10-01,2026-10-01,收盤確認價,臺灣證券交易所 / 證券櫃檯買賣中心正式收盤；yfinance 歷史資料,只使用完整收盤日K，不使用盤中未完成K,上市,1413,宏洲,9.25,9.29,9.2,9.2,9.23,9.24,9.39,9.74,-0.86,0.33,False,9329,20112,86293,185456,1.46,False,True,10.5,一般K,,False,False,False,False,0,False,C級：已漲遠或接近目標，禁止追高,條件不足,接近成形,9.65,8.95,10.4,接近成形＋可觀察,9.84,9.65,9.84,10.14,9.36,4.9,低,-4.15,18.14,1.15,5.66,9.84,0.0,False,False,True,距離頸線或前高過遠，禁止追高,頸線以當日前20日高點計算；收盤站上頸線 9.65 至少2%；成交量>=20日均量2倍；不可長上影；回踩須有近10日突破紀錄且不有效跌破頸線；距離頸線>5%禁止進場,10,C,禁止追高,已漲遠或接近目標，空手不追；持有者依策略分批處理。,False,2026-10-01,True,True,STOP,STOP 停止進場,觀察,取消新進場，只保留觀察,只看續抱 / 減碼 / 停利 / 停損，不新增部位。,停止新進場，先保留現金，等待大盤止跌。,停止新進場，禁止顯示今日可進場。,False,False
2026-10-01,2026-10-01,收盤確認價,臺灣證券交易所 / 證券櫃檯買賣中心正式收盤；yfinance 歷史資料,只使用完整收盤日K，不使用盤中未完成K,上市,1615,大山,42.7,42.95,42.45,42.78,42.89,43.36,43.75,45.64,-4.9,-0.58,False,125204,73444,5346210,3181986,0.5,False,True,23.81,一般K,,False,False,False,False,0,False,C級：已漲遠或接近目標，禁止追高,條件不足,三角收斂突破,44.65,42.5,48.1,接近成形＋可觀察,45.54,44.65,45.54,46.91,43.31,4.9,低,-4.37,10.71,1.15,5.61,45.54,0.0,False,False,True,距離頸線或前高過遠，禁止追高,頸線以當日前20日高點計算；收盤站上頸線 44.65 至少2%；成交量>=20日均量2倍；不可長上影；回踩須有近10日突破紀錄且不有效跌破頸線；距離頸線>5%禁止進場,10,C,禁止追高,已漲遠或接近目標，空手不追；持有者依策略分批處理。,False,2026-10-01,True,True,STOP,STOP 停止進場,觀察,取消新進場，只保留觀察,只看續抱 / 減碼 / 停利 / 停損，不新增部位。,停止新進場，先保留現金，等待大盤止跌。,停止新進場，禁止顯示今日可進場。,False,False
2026-10-01,2026-10-01,收盤確認價,臺灣證券交易所 / 證券櫃檯買賣中心正式收盤；yfinance 歷史資料,只使用完整收盤日K，不使用盤中未完成K,上櫃,6167,久正,10.25,10.4,10.25,10.29,10.27,10.23,10.58,11.92,-13.5,-0.49,False,194466,200721,1993276,2054660,1.21,False,True,23.73,一般K,,False,False,False,False,0,False,C級：已漲遠或接近目標，禁止追高,條件不足,接近成形,10.6,9.93,11.41,接近成形＋可觀察,10.81,10.6,10.81,11.14,10.28,4.9,低,-3.3,15.64,1.13,5.53,10.81,0.49,False,False,True,距離頸線或前高過遠，禁止追高,頸線以當日前20日高點計算；收盤站上頸線 10.6 至少2%；成交量>=20日均量2倍；不可長上影；回踩須有近10日突破紀錄且不有效跌破頸線；距離頸線>5%禁止進場,10,C,禁止追高,已漲遠或接近目標，空手不追；持有者依策略分批處理。,False,2026-10-01,True,True,STOP,STOP 停止進場,觀察,取消新進場，只保留觀察,只看續抱 / 減碼 / 停利 / 停損，不新增部位。,停止新進場，先保留現金，等待大盤止跌。,停止新進場，禁止顯示今日可進場。,False,False
2026-10-01,2026-10-01,收盤確認價,臺灣證券交易所 / 證券櫃檯買賣中心正式收盤；yfinance 歷史資料,只使用完整收盤日K，不使用盤中未完成K,上市,1611,中電,11.45,11.55,11.35,11.42,11.4,11.51,11.93,12.54,-13.58,-0.87,False,407999,1001680,4671588,11326954,1.31,False,True,45.8,一般K,,False,False,False,False,0,False,C級：已漲遠或接近目標，禁止追高,條件不足,接近成形,11.95,11.05,12.85,接近成形＋可觀察,12.19,11.95,12.19,12.55,11.59,4.9,低,-4.18,14.55,1.11,5.42,12.19,0.44,False,False,True,距離頸線或前高過遠，禁止追高,頸線以當日前20日高點計算；收盤站上頸線 11.95 至少2%；成交量>=20日均量2倍；不可長上影；回踩須有近10日突破紀錄且不有效跌破頸線；距離頸線>5%禁止進場,10,C,禁止追高,已漲遠或接近目標，空手不追；持有者依策略分批處理。,False,2026-10-01,True,True,STOP,STOP 停止進場,觀察,取消新進場，只保留觀察,只看續抱 / 減碼 / 停利 / 停損，不新增部位。,停止新進場，先保留現金，等待大盤止跌。,停止新進場，禁止顯示今日可進場。,False,False
2026-10-01,2026-10-01,收盤確認價,臺灣證券交易所 / 證券櫃檯買賣中心正式收盤；yfinance 歷史資料,只使用完整收盤日K，不使用盤中未完成K,上市,1449,佳和,12.3,12.5,12.3,12.38,12.35,12.29,12.54,12.24,-11.83,-1.6,False,192790,282416,2371317,3473684,1.19,False,True,38.57,一般K,,False,False,False,False,0,False,C級：已漲遠或接近目標，禁止追高,條件不足,接近成形,12.7,12.05,13.65,接近成形＋可觀察,12.95,12.7,12.95,13.34,12.32,4.9,低,-3.15,14.29,1.1,5.37,12.95,0.0,False,False,True,距離頸線或前高過遠，禁止追高,頸線以當日前20日高點計算；收盤站上頸線 12.7 至少2%；成交量>=20日均量2倍；不可長上影；回踩須有近10日突破紀錄且不有效跌破頸線；距離頸線>5%禁止進場,10,C,禁止追高,已漲遠或接近目標，空手不追；持有者依策略分批處理。,False,2026-10-01,True,True,STOP,STOP 停止進場,接近目標,取消新進場，只保留觀察,只看續抱 / 減碼 / 停利 / 停損，不新增部位。,停止新進場，先保留現金，等待大盤止跌。,停止新進場，禁止顯示今日可進場。,False,False
2026-10-01,2026-10-01,收盤確認價,臺灣證券交易所 / 證券櫃檯買賣中心正式收盤；yfinance 歷史資料,只使用完整收盤日K，不使用盤中未完成K,上市,2022,聚亨,7.34,7.36,7.21,7.25,7.21,7.32,7.59,8.14,-8.71,0.14,False,208884,251610,1533208,1841394,0.77,False,True,61.08,紅K突破,,False,False,False,False,0,False,C級：已漲遠或接近目標，禁止追高,條件不足,接近成形,7.65,7.08,8.22,接近成形＋可觀察,7.8,7.65,7.8,8.04,7.42,4.9,低,-4.05,10.27,1.09,5.34,7.8,0.27,False,False,True,距離頸線或前高過遠，禁止追高,頸線以當日前20日高點計算；收盤站上頸線 7.65 至少2%；成交量>=20日均量2倍；不可長上影；回踩須有近10日突破紀錄且不有效跌破頸線；距離頸線>5%禁止進場,10,C,禁止追高,已漲遠或接近目標，空手不追；持有者依策略分批處理。,False,2026-10-01,True,True,STOP,STOP 停止進場,觀察,取消新進場，只保留觀察,只看續抱 / 減碼 / 停利 / 停損，不新增部位。,停止新進場，先保留現金，等待大盤止跌。,停止新進場，禁止顯示今日可進場。,False,False
2026-10-01,2026-10-01,收盤確認價,臺灣證券交易所 / 證券櫃檯買賣中心正式收盤；yfinance 歷史資料,只使用完整收盤日K，不使用盤中未完成K,上櫃,6185,幃翔,12.6,12.7,12.45,12.5,12.49,12.59,13.29,14.46,-11.89,0.8,False,161433,181099,2034055,2276361,1.05,False,True,18.54,紅K突破,,False,False,False,False,0,False,C級：已漲遠或接近目標，禁止追高,條件不足,接近成形,13.05,12.1,14.0,接近成形＋可觀察,13.31,13.05,13.31,13.71,12.66,4.9,低,-3.45,14.29,1.06,5.18,13.31,0.79,False,False,True,距離頸線或前高過遠，禁止追高,頸線以當日前20日高點計算；收盤站上頸線 13.05 至少2%；成交量>=20日均量2倍；不可長上影；回踩須有近10日突破紀錄且不有效跌破頸線；距離頸線>5%禁止進場,10,C,禁止追高,已漲遠或接近目標，空手不追；持有者依策略分批處理。,False,2026-10-01,True,True,STOP,STOP 停止進場,接近目標,取消新進場，只保留觀察,只看續抱 / 減碼 / 停利 / 停損，不新增部位。,停止新進場，先保留現金，等待大盤止跌。,停止新進場，禁止顯示今日可進場。,False,False
2026-10-01,2026-10-01,收盤確認價,臺灣證券交易所 / 證券櫃檯買賣中心正式收盤；yfinance 歷史資料,只使用完整收盤日K，不使用盤中未完成K,上櫃,8927,北基,19.1,19.1,18.75,18.95,18.91,19.02,19.85,22.7,-13.57,1.87,False,166988,115665,3189470,2193911,1.54,False,True,51.23,紅K突破,,False,False,False,False,0,False,C級：已漲遠或接近目標，禁止追高,條件不足,接近成形,19.8,18.4,21.2,接近成形＋可觀察,20.2,19.8,20.2,20.8,19.21,4.9,低,-3.54,16.41,1.01,4.97,20.2,0.0,False,False,True,距離頸線或前高過遠，禁止追高,頸線以當日前20日高點計算；收盤站上頸線 19.8 至少2%；成交量>=20日均量2倍；不可長上影；回踩須有近10日突破紀錄且不有效跌破頸線；距離頸線>5%禁止進場,10,C,禁止追高,已漲遠或接近目標，空手不追；持有者依策略分批處理。,False,2026-10-01,True,True,STOP,STOP 停止進場,接近目標,取消新進場，只保留觀察,只看續抱 / 減碼 / 停利 / 停損，不新增部位。,停止新進場，先保留現金，等待大盤止跌。,停止新進場，禁止顯示今日可進場。,False,False
2026-10-01,2026-10-01,收盤確認價,臺灣證券交易所 / 證券櫃檯買賣中心正式收盤；yfinance 歷史資料,只使用完整收盤日K，不使用盤中未完成K,上櫃,6844,諾貝兒,57.4,57.5,56.8,57.3,57.25,58.47,60.25,67.51,-8.74,-0.17,False,11329,18785,650284,1099584,0.74,False,True,84.25,一般K,,False,False,False,False,0,False,C級：已漲遠或接近目標，禁止追高,條件不足,接近成形,60.2,56.1,64.3,接近成形＋可觀察,61.4,60.2,61.4,63.25,58.39,4.9,低,-4.65,11.83,0.96,4.72,61.4,0.0,False,False,True,距離頸線或前高過遠，禁止追高,頸線以當日前20日高點計算；收盤站上頸線 60.2 至少2%；成交量>=20日均量2倍；不可長上影；回踩須有近10日突破紀錄且不有效跌破頸線；距離頸線>5%禁止進場,10,C,禁止追高,已漲遠或接近目標，空手不追；持有者依策略分批處理。,False,2026-10-01,True,True,STOP,STOP 停止進場,觀察,取消新進場，只保留觀察,只看續抱 / 減碼 / 停利 / 停損，不新增部位。,停止新進場，先保留現金，等待大盤止跌。,停止新進場，禁止顯示今日可進場。,False,False
2026-10-01,2026-10-01,收盤確認價,臺灣證券交易所 / 證券櫃檯買賣中心正式收盤；yfinance 歷史資料,只使用完整收盤日K，不使用盤中未完成K,上市,2101,南港,29.65,30.1,29.65,29.85,30.05,30.41,32.36,34.51,-12.02,-0.84,False,1688108,1309835,50052402,39791008,0.86,True,True,56.42,一般K,,False,False,False,False,0,False,C級：已漲遠或接近目標，禁止追高,條件不足,接近成形,31.85,29.7,34.0,接近成形＋可觀察,32.49,31.85,32.49,33.46,30.89,4.9,低,-6.91,18.21,0.95,4.66,32.49,0.0,False,False,True,距離頸線或前高過遠，禁止追高,頸線以當日前20日高點計算；收盤站上頸線 31.85 至少2%；成交量>=20日均量2倍；不可長上影；回踩須有近10日突破紀錄且不有效跌破頸線；距離頸線>5%禁止進場,10,C,禁止追高,已漲遠或接近目標，空手不追；持有者依策略分批處理。,False,2026-10-01,True,True,STOP,STOP 停止進場,觀察,取消新進場，只保留觀察,只看續抱 / 減碼 / 停利 / 停損，不新增部位。,停止新進場，先保留現金，等待大盤止跌。,停止新進場，禁止顯示今日可進場。,False,False
2026-10-01,2026-10-01,收盤確認價,臺灣證券交易所 / 證券櫃檯買賣中心正式收盤；yfinance 歷史資料,只使用完整收盤日K，不使用盤中未完成K,上櫃,2734,易飛網,14.35,14.4,14.3,14.44,14.47,14.61,14.85,16.79,-4.97,-0.69,False,46209,34122,663099,498224,0.54,False,True,50.19,一般K,,False,False,False,False,0,False,C級：已漲遠或接近目標，禁止追高,條件不足,接近成形,15.05,14.3,16.05,接近成形＋可觀察,15.35,15.05,15.35,15.81,14.6,4.9,低,-4.65,12.23,0.93,4.55,15.35,0.35,False,False,True,距離頸線或前高過遠，禁止追高,頸線以當日前20日高點計算；收盤站上頸線 15.05 至少2%；成交量>=20日均量2倍；不可長上影；回踩須有近10日突破紀錄且不有效跌破頸線；距離頸線>5%禁止進場,10,C,禁止追高,已漲遠或接近目標，空手不追；持有者依策略分批處理。,False,2026-10-01,True,True,STOP,STOP 停止進場,觀察,取消新進場，只保留觀察,只看續抱 / 減碼 / 停利 / 停損，不新增部位。,停止新進場，先保留現金，等待大盤止跌。,停止新進場，禁止顯示今日可進場。,False,False
2026-10-01,2026-10-01,收盤確認價,臺灣證券交易所 / 證券櫃檯買賣中心正式收盤；yfinance 歷史資料,只使用完整收盤日K，不使用盤中未完成K,上市,2228,劍麟,75.7,76.3,74.9,75.24,74.99,74.97,77.0,89.96,-10.94,1.2,False,88266,150581,6681736,11183792,1.45,False,True,42.21,紅K突破,,False,False,False,False,0,False,C級：已漲遠或接近目標，禁止追高,條件不足,接近成形,78.1,73.4,83.2,接近成形＋可觀察,79.66,78.1,79.66,82.05,75.76,4.9,低,-3.07,12.49,0.91,4.44,79.66,0.79,False,False,True,距離頸線或前高過遠，禁止追高,頸線以當日前20日高點計算；收盤站上頸線 78.1 至少2%；成交量>=20日均量2倍；不可長上影；回踩須有近10日突破紀錄且不有效跌破頸線；距離頸線>5%禁止進場,10,C,禁止追高,已漲遠或接近目標，空手不追；持有者依策略分批處理。,False,2026-10-01,True,True,STOP,STOP 停止進場,接近目標,取消新進場，只保留觀察,只看續抱 / 減碼 / 停利 / 停損，不新增部位。,停止新進場，先保留現金，等待大盤止跌。,停止新進場，禁止顯示今日可進場。,False,False
2026-10-01,2026-10-01,收盤確認價,臺灣證券交易所 / 證券櫃檯買賣中心正式收盤；yfinance 歷史資料,只使用完整收盤日K，不使用盤中未完成K,上市,1533,車王電,30.55,30.7,30.4,30.4,30.45,30.62,32.13,32.72,-16.07,0.83,False,54006,76775,1649883,2351062,0.87,False,True,27.54,一般K,,False,False,False,False,0,False,C級：已漲遠或接近目標，禁止追高,條件不足,接近成形,31.95,29.9,34.0,接近成形＋可觀察,32.59,31.95,32.59,33.57,30.99,4.9,低,-4.38,20.44,0.88,4.33,32.59,0.0,False,False,True,距離頸線或前高過遠，禁止追高,頸線以當日前20日高點計算；收盤站上頸線 31.95 至少2%；成交量>=20日均量2倍；不可長上影；回踩須有近10日突破紀錄且不有效跌破頸線；距離頸線>5%禁止進場,10,C,禁止追高,已漲遠或接近目標，空手不追；持有者依策略分批處理。,False,2026-10-01,True,True,STOP,STOP 停止進場,觀察,取消新進場，只保留觀察,只看續抱 / 減碼 / 停利 / 停損，不新增部位。,停止新進場，先保留現金，等待大盤止跌。,停止新進場，禁止顯示今日可進場。,False,False
2026-10-01,2026-10-01,收盤確認價,臺灣證券交易所 / 證券櫃檯買賣中心正式收盤；yfinance 歷史資料,只使用完整收盤日K，不使用盤中未完成K,上櫃,2719,燦星旅,19.5,20.2,19.5,19.51,19.54,19.57,21.16,26.99,-18.75,-1.27,False,12000,10943,234000,213180,1.33,False,True,22.45,一般K,,False,False,False,False,0,False,C級：已漲遠或接近目標，禁止追高,條件不足,接近成形,20.4,19.1,21.7,接近成形＋可觀察,20.81,20.4,20.81,21.43,19.79,4.9,低,-4.41,32.06,0.87,4.29,20.81,0.0,False,False,True,距離頸線或前高過遠，禁止追高,頸線以當日前20日高點計算；收盤站上頸線 20.4 至少2%；成交量>=20日均量2倍；不可長上影；回踩須有近10日突破紀錄且不有效跌破頸線；距離頸線>5%禁止進場,10,C,禁止追高,已漲遠或接近目標，空手不追；持有者依策略分批處理。,False,2026-10-01,True,True,STOP,STOP 停止進場,觀察,取消新進場，只保留觀察,只看續抱 / 減碼 / 停利 / 停損，不新增部位。,停止新進場，先保留現金，等待大盤止跌。,停止新進場，禁止顯示今日可進場。,False,False
2026-10-01,2026-10-01,收盤確認價,臺灣證券交易所 / 證券櫃檯買賣中心正式收盤；yfinance 歷史資料,只使用完整收盤日K，不使用盤中未完成K,上櫃,6763,綠界科技*,41.2,41.7,41.2,41.38,41.35,41.13,42.04,50.13,-10.63,-0.24,False,88540,135865,3647848,5587883,0.67,False,True,22.24,一般K,,False,False,False,False,0,False,C級：已漲遠或接近目標，禁止追高,條件不足,接近成形,42.7,40.1,45.4,接近成形＋可觀察,43.55,42.7,43.55,44.86,41.42,4.9,低,-3.51,11.49,0.86,4.24,43.55,1.09,False,False,True,距離頸線或前高過遠，禁止追高,頸線以當日前20日高點計算；收盤站上頸線 42.7 至少2%；成交量>=20日均量2倍；不可長上影；回踩須有近10日突破紀錄且不有效跌破頸線；距離頸線>5%禁止進場,10,C,禁止追高,已漲遠或接近目標，空手不追；持有者依策略分批處理。,False,2026-10-01,True,True,STOP,STOP 停止進場,接近目標,取消新進場，只保留觀察,只看續抱 / 減碼 / 停利 / 停損，不新增部位。,停止新進場，先保留現金，等待大盤止跌。,停止新進場，禁止顯示今日可進場。,False,False
2026-10-01,2026-10-01,收盤確認價,臺灣證券交易所 / 證券櫃檯買賣中心正式收盤；yfinance 歷史資料,只使用完整收盤日K，不使用盤中未完成K,上市,2106,建大,16.65,16.75,16.6,16.61,16.57,16.76,17.44,18.61,-5.93,0.0,False,300105,757239,4996748,12673846,0.98,False,True,53.17,一般K,,False,False,False,False,0,False,C級：已漲遠或接近目標，禁止追高,條件不足,接近成形,17.5,16.4,18.6,接近成形＋可觀察,17.85,17.5,17.85,18.39,16.97,4.9,低,-4.86,12.83,0.86,4.2,17.85,0.6,False,False,True,距離頸線或前高過遠，禁止追高,頸線以當日前20日高點計算；收盤站上頸線 17.5 至少2%；成交量>=20日均量2倍；不可長上影；回踩須有近10日突破紀錄且不有效跌破頸線；距離頸線>5%禁止進場,10,C,禁止追高,已漲遠或接近目標，空手不追；持有者依策略分批處理。,False,2026-10-01,True,True,STOP,STOP 停止進場,觀察,取消新進場，只保留觀察,只看續抱 / 減碼 / 停利 / 停損，不新增部位。,停止新進場，先保留現金，等待大盤止跌。,停止新進場，禁止顯示今日可進場。,False,False
2026-10-01,2026-10-01,收盤確認價,臺灣證券交易所 / 證券櫃檯買賣中心正式收盤；yfinance 歷史資料,只使用完整收盤日K，不使用盤中未完成K,上市,1337,再生-KY,4.47,4.48,4.44,4.46,4.45,4.48,4.67,5.07,-14.86,0.0,False,195911,244225,875722,1094345,0.94,False,True,13.74,一般K,,False,False,False,False,0,False,C級：已漲遠或接近目標，禁止追高,條件不足,接近成形,4.68,4.39,4.97,接近成形＋可觀察,4.77,4.68,4.77,4.92,4.54,4.9,低,-4.49,15.82,0.84,4.11,4.77,0.22,False,False,True,距離頸線或前高過遠，禁止追高,頸線以當日前20日高點計算；收盤站上頸線 4.68 至少2%；成交量>=20日均量2倍；不可長上影；回踩須有近10日突破紀錄且不有效跌破頸線；距離頸線>5%禁止進場,10,C,禁止追高,已漲遠或接近目標，空手不追；持有者依策略分批處理。,False,2026-10-01,True,True,STOP,STOP 停止進場,觀察,取消新進場，只保留觀察,只看續抱 / 減碼 / 停利 / 停損，不新增部位。,停止新進場，先保留現金，等待大盤止跌。,停止新進場，禁止顯示今日可進場。,False,False
2026-10-01,2026-10-01,收盤確認價,臺灣證券交易所 / 證券櫃檯買賣中心正式收盤；yfinance 歷史資料,只使用完整收盤日K，不使用盤中未完成K,上櫃,2745,五福,84.6,85.6,84.5,84.6,84.41,85.46,90.44,102.68,-19.81,-0.35,False,19549,55934,1653845,4769772,0.72,False,True,42.05,一般K,,False,False,False,False,0,False,C級：已漲遠或接近目標，禁止追高,條件不足,接近成形,88.9,83.4,94.4,接近成形＋可觀察,90.68,88.9,90.68,93.4,86.23,4.9,低,-4.84,20.56,0.84,4.1,90.68,0.12,False,False,True,距離頸線或前高過遠，禁止追高,頸線以當日前20日高點計算；收盤站上頸線 88.9 至少2%；成交量>=20日均量2倍；不可長上影；回踩須有近10日突破紀錄且不有效跌破頸線；距離頸線>5%禁止進場,10,C,禁止追高,已漲遠或接近目標，空手不追；持有者依策略分批處理。,False,2026-10-01,True,True,STOP,STOP 停止進場,觀察,取消新進場，只保留觀察,只看續抱 / 減碼 / 停利 / 停損，不新增部位。,停止新進場，先保留現金，等待大盤止跌。,停止新進場，禁止顯示今日可進場。,False,False
2026-10-01,2026-10-01,收盤確認價,臺灣證券交易所 / 證券櫃檯買賣中心正式收盤；yfinance 歷史資料,只使用完整收盤日K，不使用盤中未完成K,上櫃,3232,昱捷,20.7,21.0,20.7,20.94,21.13,20.47,20.3,22.48,-4.83,-0.96,False,14263,54923,295244,1167063,2.38,False,True,50.44,一般K,,False,False,False,False,0,False,C級：已漲遠或接近目標，禁止追高,條件不足,接近成形,19.95,19.45,21.1,接近成形＋可觀察,20.35,19.95,20.35,20.96,19.35,4.9,低,3.76,8.81,0.75,3.69,20.35,0.0,True,True,True,接近目標區，只給持有者分批停利參考，空手不追高,頸線以當日前20日高點計算；收盤站上頸線 19.95 至少2%；成交量>=20日均量2倍；不可長上影；回踩須有近10日突破紀錄且不有效跌破頸線；距離頸線>5%禁止進場,10,C,禁止追高,已漲遠或接近目標，空手不追；持有者依策略分批處理。,False,2026-10-01,True,True,STOP,STOP 停止進場,接近目標,取消新進場，只保留觀察,只看續抱 / 減碼 / 停利 / 停損，不新增部位。,停止新進場，先保留現金，等待大盤止跌。,停止新進場，禁止顯示今日可進場。,False,False
2026-10-01,2026-10-01,收盤確認價,臺灣證券交易所 / 證券櫃檯買賣中心正式收盤；yfinance 歷史資料,只使用完整收盤日K，不使用盤中未完成K,上市,1410,南染,24.15,24.6,24.0,24.13,24.27,24.37,25.32,29.93,-9.38,0.21,False,39399,136507,951485,3323440,1.07,False,True,10.55,一般K,,False,False,False,False,0,False,C級：已漲遠或接近目標，禁止追高,條件不足,接近成形,25.25,23.8,26.7,接近成形＋可觀察,25.75,25.25,25.75,26.53,24.49,4.9,低,-4.36,15.56,0.75,3.67,25.75,1.86,False,False,True,距離頸線或前高過遠，禁止追高,頸線以當日前20日高點計算；收盤站上頸線 25.25 至少2%；成交量>=20日均量2倍；不可長上影；回踩須有近10日突破紀錄且不有效跌破頸線；距離頸線>5%禁止進場,10,C,禁止追高,已漲遠或接近目標，空手不追；持有者依策略分批處理。,False,2026-10-01,True,True,STOP,STOP 停止進場,接近目標,取消新進場，只保留觀察,只看續抱 / 減碼 / 停利 / 停損，不新增部位。,停止新進場，先保留現金，等待大盤止跌。,停止新進場，禁止顯示今日可進場。,False,False
2026-10-01,2026-10-01,收盤確認價,臺灣證券交易所 / 證券櫃檯買賣中心正式收盤；yfinance 歷史資料,只使用完整收盤日K，不使用盤中未完成K,上櫃,5312,寶島科,89.5,90.0,89.5,89.98,90.34,90.65,90.54,95.72,0.34,-0.44,False,18773,13337,1680183,1207083,0.48,False,True,50.6,一般K,,False,False,False,False,0,False,C級：已漲遠或接近目標，禁止追高,條件不足,接近成形,92.3,89.5,97.5,接近成形＋可觀察,94.15,92.3,94.15,96.97,89.53,4.9,低,-3.03,14.76,0.73,3.56,94.15,0.0,False,False,True,距離頸線或前高過遠，禁止追高,頸線以當日前20日高點計算；收盤站上頸線 92.3 至少2%；成交量>=20日均量2倍；不可長上影；回踩須有近10日突破紀錄且不有效跌破頸線；距離頸線>5%禁止進場,10,C,禁止追高,已漲遠或接近目標，空手不追；持有者依策略分批處理。,False,2026-10-01,True,True,STOP,STOP 停止進場,接近目標,取消新進場，只保留觀察,只看續抱 / 減碼 / 停利 / 停損，不新增部位。,停止新進場，先保留現金，等待大盤止跌。,停止新進場，禁止顯示今日可進場。,False,False
2026-10-01,2026-10-01,收盤確認價,臺灣證券交易所 / 證券櫃檯買賣中心正式收盤；yfinance 歷史資料,只使用完整收盤日K，不使用盤中未完成K,上櫃,6020,大展證,20.55,20.7,20.55,20.6,20.61,20.64,20.99,20.17,-9.27,-0.96,False,6000,21309,123300,439966,0.63,False,True,23.8,一般K,,False,False,False,False,0,False,C級：已漲遠或接近目標，禁止追高,條件不足,接近成形,21.4,20.3,22.6,接近成形＋可觀察,21.83,21.4,21.83,22.48,20.76,4.9,低,-3.97,10.65,0.72,3.54,21.83,0.0,False,False,True,距離頸線或前高過遠，禁止追高,頸線以當日前20日高點計算；收盤站上頸線 21.4 至少2%；成交量>=20日均量2倍；不可長上影；回踩須有近10日突破紀錄且不有效跌破頸線；距離頸線>5%禁止進場,10,C,禁止追高,已漲遠或接近目標，空手不追；持有者依策略分批處理。,False,2026-10-01,True,True,STOP,STOP 停止進場,接近目標,取消新進場，只保留觀察,只看續抱 / 減碼 / 停利 / 停損，不新增部位。,停止新進場，先保留現金，等待大盤止跌。,停止新進場，禁止顯示今日可進場。,False,False
2026-10-01,2026-10-01,收盤確認價,臺灣證券交易所 / 證券櫃檯買賣中心正式收盤；yfinance 歷史資料,只使用完整收盤日K，不使用盤中未完成K,上櫃,4401,東隆興,13.9,14.0,13.85,13.83,13.88,13.91,14.17,15.37,-8.55,0.0,False,22140,46419,307746,644682,1.21,False,True,10.67,一般K,,False,False,False,False,0,False,C級：已漲遠或接近目標，禁止追高,條件不足,接近成形,14.35,13.55,15.15,接近成形＋可觀察,14.64,14.35,14.64,15.08,13.92,4.9,低,-3.14,10.32,0.71,3.5,14.64,0.0,False,False,True,距離頸線或前高過遠，禁止追高,頸線以當日前20日高點計算；收盤站上頸線 14.35 至少2%；成交量>=20日均量2倍；不可長上影；回踩須有近10日突破紀錄且不有效跌破頸線；距離頸線>5%禁止進場,10,C,禁止追高,已漲遠或接近目標，空手不追；持有者依策略分批處理。,False,2026-10-01,True,True,STOP,STOP 停止進場,接近目標,取消新進場，只保留觀察,只看續抱 / 減碼 / 停利 / 停損，不新增部位。,停止新進場，先保留現金，等待大盤止跌。,停止新進場，禁止顯示今日可進場。,False,False
2026-10-01,2026-10-01,收盤確認價,臺灣證券交易所 / 證券櫃檯買賣中心正式收盤；yfinance 歷史資料,只使用完整收盤日K，不使用盤中未完成K,上櫃,1570,力肯,32.25,33.1,32.2,32.76,32.57,32.55,34.38,34.54,-19.88,-2.86,False,11095,36167,357813,1179236,0.93,False,True,22.25,一般K,,False,False,False,False,0,False,C級：已漲遠或接近目標，禁止追高,條件不足,接近成形,33.35,31.6,35.1,接近成形＋可觀察,34.02,33.35,34.02,35.04,32.35,4.9,低,-3.3,22.66,0.65,3.18,34.02,2.64,False,False,True,距離頸線或前高過遠，禁止追高,頸線以當日前20日高點計算；收盤站上頸線 33.35 至少2%；成交量>=20日均量2倍；不可長上影；回踩須有近10日突破紀錄且不有效跌破頸線；距離頸線>5%禁止進場,10,C,禁止追高,已漲遠或接近目標，空手不追；持有者依策略分批處理。,False,2026-10-01,True,True,STOP,STOP 停止進場,接近目標,取消新進場，只保留觀察,只看續抱 / 減碼 / 停利 / 停損，不新增部位。,停止新進場，先保留現金，等待大盤止跌。,停止新進場，禁止顯示今日可進場。,False,False
2026-10-01,2026-10-01,收盤確認價,臺灣證券交易所 / 證券櫃檯買賣中心正式收盤；yfinance 歷史資料,只使用完整收盤日K，不使用盤中未完成K,上櫃,3632,研勤,7.08,7.1,7.06,7.16,7.13,7.17,7.63,8.77,-17.58,-0.98,False,11241,8754,79586,62675,0.64,False,True,35.77,紅K突破,,False,False,False,False,0,False,C級：已漲遠或接近目標，禁止追高,條件不足,接近成形,7.43,7.07,7.79,接近成形＋可觀察,7.58,7.43,7.58,7.81,7.21,4.9,低,-4.71,21.33,0.57,2.79,7.58,0.28,False,False,True,距離頸線或前高過遠，禁止追高,頸線以當日前20日高點計算；收盤站上頸線 7.43 至少2%；成交量>=20日均量2倍；不可長上影；回踩須有近10日突破紀錄且不有效跌破頸線；距離頸線>5%禁止進場,10,C,禁止追高,已漲遠或接近目標，空手不追；持有者依策略分批處理。,False,2026-10-01,True,True,STOP,STOP 停止進場,接近目標,取消新進場，只保留觀察,只看續抱 / 減碼 / 停利 / 停損，不新增部位。,停止新進場，先保留現金，等待大盤止跌。,停止新進場，禁止顯示今日可進場。,False,False
2026-10-01,2026-10-01,收盤確認價,臺灣證券交易所 / 證券櫃檯買賣中心正式收盤；yfinance 歷史資料,只使用完整收盤日K，不使用盤中未完成K,上櫃,3373,熱映,16.0,16.1,16.0,16.01,15.97,16.02,16.4,17.3,-3.61,0.0,False,19606,39281,313696,628742,0.65,False,True,22.48,一般K,,False,False,False,False,0,False,C級：已漲遠或接近目標，禁止追高,條件不足,接近成形,16.6,15.8,17.4,接近成形＋可觀察,16.93,16.6,16.93,17.44,16.1,4.9,低,-3.61,12.81,0.56,2.76,16.93,0.63,False,False,True,距離頸線或前高過遠，禁止追高,頸線以當日前20日高點計算；收盤站上頸線 16.6 至少2%；成交量>=20日均量2倍；不可長上影；回踩須有近10日突破紀錄且不有效跌破頸線；距離頸線>5%禁止進場,10,C,禁止追高,已漲遠或接近目標，空手不追；持有者依策略分批處理。,False,2026-10-01,True,True,STOP,STOP 停止進場,接近目標,取消新進場，只保留觀察,只看續抱 / 減碼 / 停利 / 停損，不新增部位。,停止新進場，先保留現金，等待大盤止跌。,停止新進場，禁止顯示今日可進場。,False,False
2026-10-01,2026-10-01,收盤確認價,臺灣證券交易所 / 證券櫃檯買賣中心正式收盤；yfinance 歷史資料,只使用完整收盤日K，不使用盤中未完成K,上櫃,8924,大田,49.9,50.0,49.5,49.51,49.72,50.08,52.33,64.28,-13.07,0.91,False,42214,58039,2106478,2908988,0.76,False,True,22.96,紅K突破,,False,False,False,False,0,False,C級：已漲遠或接近目標，禁止追高,條件不足,接近成形,51.5,49.05,53.95,接近成形＋可觀察,52.53,51.5,52.53,54.11,49.95,4.9,低,-3.11,14.55,0.55,2.7,52.53,0.2,False,False,True,距離頸線或前高過遠，禁止追高,頸線以當日前20日高點計算；收盤站上頸線 51.5 至少2%；成交量>=20日均量2倍；不可長上影；回踩須有近10日突破紀錄且不有效跌破頸線；距離頸線>5%禁止進場,10,C,禁止追高,已漲遠或接近目標，空手不追；持有者依策略分批處理。,False,2026-10-01,True,True,STOP,STOP 停止進場,接近目標,取消新進場，只保留觀察,只看續抱 / 減碼 / 停利 / 停損，不新增部位。,停止新進場，先保留現金，等待大盤止跌。,停止新進場，禁止顯示今日可進場。,False,False
2026-10-01,2026-10-01,收盤確認價,臺灣證券交易所 / 證券櫃檯買賣中心正式收盤；yfinance 歷史資料,只使用完整收盤日K，不使用盤中未完成K,上市,1446,宏和,13.45,13.45,13.35,13.49,13.56,13.47,13.82,16.33,-21.8,0.37,False,29311,118318,394232,1596544,0.8,False,True,32.71,紅K突破,,False,False,False,False,0,False,C級：已漲遠或接近目標，禁止追高,條件不足,接近成形,13.9,13.25,14.55,接近成形＋可觀察,14.18,13.9,14.18,14.6,13.48,4.9,低,-3.24,23.8,0.54,2.62,14.18,0.0,False,False,True,距離頸線或前高過遠，禁止追高,頸線以當日前20日高點計算；收盤站上頸線 13.9 至少2%；成交量>=20日均量2倍；不可長上影；回踩須有近10日突破紀錄且不有效跌破頸線；距離頸線>5%禁止進場,10,C,禁止追高,已漲遠或接近目標，空手不追；持有者依策略分批處理。,False,2026-10-01,True,True,STOP,STOP 停止進場,接近目標,取消新進場，只保留觀察,只看續抱 / 減碼 / 停利 / 停損，不新增部位。,停止新進場，先保留現金，等待大盤止跌。,停止新進場，禁止顯示今日可進場。,False,False
2026-10-01,2026-10-01,收盤確認價,臺灣證券交易所 / 證券櫃檯買賣中心正式收盤；yfinance 歷史資料,只使用完整收盤日K，不使用盤中未完成K,上櫃,2755,揚秦,99.0,99.0,98.5,99.02,98.81,99.3,102.63,102.9,-11.54,0.1,False,26721,27986,2645379,2777885,0.6,False,True,46.7,紅K突破,,False,False,False,False,0,False,C級：已漲遠或接近目標，禁止追高,條件不足,接近成形,102.5,97.9,107.1,接近成形＋可觀察,104.55,102.5,104.55,107.69,99.42,4.9,低,-3.41,12.48,0.5,2.44,104.55,0.0,False,False,True,距離頸線或前高過遠，禁止追高,頸線以當日前20日高點計算；收盤站上頸線 102.5 至少2%；成交量>=20日均量2倍；不可長上影；回踩須有近10日突破紀錄且不有效跌破頸線；距離頸線>5%禁止進場,10,C,禁止追高,已漲遠或接近目標，空手不追；持有者依策略分批處理。,False,2026-10-01,True,True,STOP,STOP 停止進場,接近目標,取消新進場，只保留觀察,只看續抱 / 減碼 / 停利 / 停損，不新增部位。,停止新進場，先保留現金，等待大盤止跌。,停止新進場，禁止顯示今日可進場。,False,False
2026-10-01,2026-10-01,收盤確認價,臺灣證券交易所 / 證券櫃檯買賣中心正式收盤；yfinance 歷史資料,只使用完整收盤日K，不使用盤中未完成K,上櫃,4109,加捷生醫,10.9,11.05,10.9,11.02,11.1,11.07,11.31,13.11,-9.54,-1.36,False,158409,129121,1726658,1427622,0.75,False,True,13.58,一般K,,False,False,False,False,0,False,C級：已漲遠或接近目標，禁止追高,條件不足,接近成形,11.35,10.85,11.85,接近成形＋可觀察,11.58,11.35,11.58,11.92,11.01,4.9,低,-3.96,11.74,0.48,2.36,11.58,0.46,False,False,True,距離頸線或前高過遠，禁止追高,頸線以當日前20日高點計算；收盤站上頸線 11.35 至少2%；成交量>=20日均量2倍；不可長上影；回踩須有近10日突破紀錄且不有效跌破頸線；距離頸線>5%禁止進場,10,C,禁止追高,已漲遠或接近目標，空手不追；持有者依策略分批處理。,False,2026-10-01,True,True,STOP,STOP 停止進場,接近目標,取消新進場，只保留觀察,只看續抱 / 減碼 / 停利 / 停損，不新增部位。,停止新進場，先保留現金，等待大盤止跌。,停止新進場，禁止顯示今日可進場。,False,False
2026-10-01,2026-10-01,收盤確認價,臺灣證券交易所 / 證券櫃檯買賣中心正式收盤；yfinance 歷史資料,只使用完整收盤日K，不使用盤中未完成K,上櫃,3512,皇龍,19.2,19.2,19.1,19.22,19.2,19.26,19.58,20.63,-7.91,-0.0,False,20344,32611,390604,628321,0.48,False,True,18.98,紅K突破,,False,False,False,False,0,False,C級：已漲遠或接近目標，禁止追高,條件不足,接近成形,19.8,19.0,20.65,接近成形＋可觀察,20.2,19.8,20.2,20.8,19.21,4.9,低,-3.03,12.73,0.46,2.25,20.2,0.0,False,False,True,距離頸線或前高過遠，禁止追高,頸線以當日前20日高點計算；收盤站上頸線 19.8 至少2%；成交量>=20日均量2倍；不可長上影；回踩須有近10日突破紀錄且不有效跌破頸線；距離頸線>5%禁止進場,10,C,禁止追高,已漲遠或接近目標，空手不追；持有者依策略分批處理。,False,2026-10-01,True,True,STOP,STOP 停止進場,接近目標,取消新進場，只保留觀察,只看續抱 / 減碼 / 停利 / 停損，不新增部位。,停止新進場，先保留現金，等待大盤止跌。,停止新進場，禁止顯示今日可進場。,False,False
2026-10-01,2026-10-01,收盤確認價,臺灣證券交易所 / 證券櫃檯買賣中心正式收盤；yfinance 歷史資料,只使用完整收盤日K，不使用盤中未完成K,上櫃,2947,振宇五金,60.5,60.5,60.5,60.44,60.4,60.79,62.85,76.15,-12.32,0.0,False,9398,12218,568579,744156,0.83,False,True,40.42,資料不足,,False,False,False,False,0,False,C級：已漲遠或接近目標，禁止追高,條件不足,接近成形,62.7,60.0,65.4,接近成形＋可觀察,63.95,62.7,63.95,65.87,60.82,4.9,低,-3.51,14.67,0.46,2.26,63.95,0.0,False,False,True,距離頸線或前高過遠，禁止追高,頸線以當日前20日高點計算；收盤站上頸線 62.7 至少2%；成交量>=20日均量2倍；不可長上影；回踩須有近10日突破紀錄且不有效跌破頸線；距離頸線>5%禁止進場,10,C,禁止追高,已漲遠或接近目標，空手不追；持有者依策略分批處理。,False,2026-10-01,True,True,STOP,STOP 停止進場,接近目標,取消新進場，只保留觀察,只看續抱 / 減碼 / 停利 / 停損，不新增部位。,停止新進場，先保留現金，等待大盤止跌。,停止新進場，禁止顯示今日可進場。,False,False
2026-10-01,2026-10-01,收盤確認價,臺灣證券交易所 / 證券櫃檯買賣中心正式收盤；yfinance 歷史資料,只使用完整收盤日K，不使用盤中未完成K,上櫃,7753,星亞,35.7,36.0,35.25,35.54,35.64,35.96,37.83,41.57,-16.49,0.28,False,16038,13534,572556,486485,0.68,False,True,31.3,紅K突破,,False,False,False,False,0,False,C級：已漲遠或接近目標，禁止追高,條件不足,接近成形,36.85,35.3,38.4,接近成形＋可觀察,37.59,36.85,37.59,38.71,35.74,4.9,低,-3.12,16.98,0.44,2.16,37.59,0.84,False,False,True,距離頸線或前高過遠，禁止追高,頸線以當日前20日高點計算；收盤站上頸線 36.85 至少2%；成交量>=20日均量2倍；不可長上影；回踩須有近10日突破紀錄且不有效跌破頸線；距離頸線>5%禁止進場,10,C,禁止追高,已漲遠或接近目標，空手不追；持有者依策略分批處理。,False,2026-10-01,True,True,STOP,STOP 停止進場,接近目標,取消新進場，只保留觀察,只看續抱 / 減碼 / 停利 / 停損，不新增部位。,停止新進場，先保留現金，等待大盤止跌。,停止新進場，禁止顯示今日可進場。,False,False
2026-10-01,2026-10-01,收盤確認價,臺灣證券交易所 / 證券櫃檯買賣中心正式收盤；yfinance 歷史資料,只使用完整收盤日K，不使用盤中未完成K,上櫃,5212,凌網,48.85,49.05,48.3,48.51,48.07,47.3,47.13,49.5,2.3,-0.1,False,21035,14643,1027559,697032,1.16,False,True,44.94,一般K,,False,False,False,False,0,False,C級：已漲遠或接近目標，禁止追高,條件不足,箱型突破,47.3,46.1,48.6,接近成形＋可觀察,48.25,47.3,48.25,49.69,45.88,4.9,低,3.28,0.61,0.15,0.73,48.25,0.0,True,True,True,接近目標區，只給持有者分批停利參考，空手不追高,頸線以當日前20日高點計算；收盤站上頸線 47.3 至少2%；成交量>=20日均量2倍；不可長上影；回踩須有近10日突破紀錄且不有效跌破頸線；距離頸線>5%禁止進場,10,C,禁止追高,已漲遠或接近目標，空手不追；持有者依策略分批處理。,False,2026-10-01,True,True,STOP,STOP 停止進場,接近目標,取消新進場，只保留觀察,只看續抱 / 減碼 / 停利 / 停損，不新增部位。,停止新進場，先保留現金，等待大盤止跌。,停止新進場，禁止顯示今日可進場。,False,False
2026-10-01,2026-10-01,收盤確認價,臺灣證券交易所 / 證券櫃檯買賣中心正式收盤；yfinance 歷史資料,只使用完整收盤日K，不使用盤中未完成K,上櫃,2064,晉椿,12.0,12.25,11.8,11.88,11.89,12.09,12.38,12.39,-11.11,0.84,False,350000,126706,4200000,1537140,0.85,False,True,26.32,一般K,,False,True,False,False,1,False,C級：已漲遠或接近目標，禁止追高,量能放大,三角收斂突破,12.9,11.7,14.4,接近成形＋可觀察,13.16,12.9,13.16,13.55,12.51,4.9,低,-6.98,13.98,1.93,9.44,13.16,2.08,False,False,True,距離頸線或前高過遠，禁止追高,頸線以當日前20日高點計算；收盤站上頸線 12.9 至少2%；成交量>=20日均量2倍；不可長上影；回踩須有近10日突破紀錄且不有效跌破頸線；距離頸線>5%禁止進場,7,C,禁止追高,已漲遠或接近目標，空手不追；持有者依策略分批處理。,False,2026-10-01,True,True,STOP,STOP 停止進場,觀察,取消新進場，只保留觀察,只看續抱 / 減碼 / 停利 / 停損，不新增部位。,停止新進場，先保留現金，等待大盤止跌。,停止新進場，禁止顯示今日可進場。,False,False
2026-10-01,2026-10-01,收盤確認價,臺灣證券交易所 / 證券櫃檯買賣中心正式收盤；yfinance 歷史資料,只使用完整收盤日K，不使用盤中未完成K,上櫃,5410,國眾,32.9,33.1,32.8,32.99,33.07,33.95,35.86,34.53,-25.4,-0.15,False,111241,242063,3659828,8111870,2.04,False,True,62.82,一般K,,False,False,False,False,0,False,C級：已漲遠或接近目標，禁止追高,條件不足,接近成形,36.45,32.25,40.8,接近成形＋可觀察,37.18,36.45,37.18,38.29,35.36,4.9,低,-9.74,26.4,1.99,9.74,37.18,0.15,False,False,True,距離頸線或前高過遠，禁止追高,頸線以當日前20日高點計算；收盤站上頸線 36.45 至少2%；成交量>=20日均量2倍；不可長上影；回踩須有近10日突破紀錄且不有效跌破頸線；距離頸線>5%禁止進場,7,C,禁止追高,已漲遠或接近目標，空手不追；持有者依策略分批處理。,False,2026-10-01,True,True,STOP,STOP 停止進場,觀察,取消新進場，只保留觀察,只看續抱 / 減碼 / 停利 / 停損，不新增部位。,停止新進場，先保留現金，等待大盤止跌。,停止新進場，禁止顯示今日可進場。,False,False
2026-10-01,2026-10-01,收盤確認價,臺灣證券交易所 / 證券櫃檯買賣中心正式收盤；yfinance 歷史資料,只使用完整收盤日K，不使用盤中未完成K,上市,2072,世紀風電,134.0,134.5,132.0,130.3,129.4,130.8,142.96,203.46,-9.46,1.9,False,207748,273110,27838232,35910917,1.63,False,True,65.66,紅K突破,,False,False,False,False,0,False,C級：已漲遠或接近目標，禁止追高,條件不足,接近成形,143.0,126.0,160.0,接近成形＋可觀察,145.86,143.0,145.86,150.24,138.71,4.9,低,-6.29,19.76,1.98,9.69,145.86,0.37,False,False,True,距離頸線或前高過遠，禁止追高,頸線以當日前20日高點計算；收盤站上頸線 143.0 至少2%；成交量>=20日均量2倍；不可長上影；回踩須有近10日突破紀錄且不有效跌破頸線；距離頸線>5%禁止進場,7,C,禁止追高,已漲遠或接近目標，空手不追；持有者依策略分批處理。,False,2026-10-01,True,True,STOP,STOP 停止進場,觀察,取消新進場，只保留觀察,只看續抱 / 減碼 / 停利 / 停損，不新增部位。,停止新進場，先保留現金，等待大盤止跌。,停止新進場，禁止顯示今日可進場。,False,False
2026-10-01,2026-10-01,收盤確認價,臺灣證券交易所 / 證券櫃檯買賣中心正式收盤；yfinance 歷史資料,只使用完整收盤日K，不使用盤中未完成K,上櫃,6276,安鈦克,19.65,19.65,19.5,19.58,19.66,19.87,20.16,30.76,-10.88,1.81,False,10105,21984,198563,435346,2.68,False,True,31.74,紅K突破,,False,False,False,False,0,False,C級：已漲遠或接近目標，禁止追高,條件不足,接近成形,21.0,18.87,23.5,接近成形＋可觀察,21.42,21.0,21.42,22.06,20.37,4.9,低,-6.43,14.57,1.98,9.71,21.42,0.0,False,False,True,距離頸線或前高過遠，禁止追高,頸線以當日前20日高點計算；收盤站上頸線 21.0 至少2%；成交量>=20日均量2倍；不可長上影；回踩須有近10日突破紀錄且不有效跌破頸線；距離頸線>5%禁止進場,7,C,禁止追高,已漲遠或接近目標，空手不追；持有者依策略分批處理。,False,2026-10-01,True,True,STOP,STOP 停止進場,觀察,取消新進場，只保留觀察,只看續抱 / 減碼 / 停利 / 停損，不新增部位。,停止新進場，先保留現金，等待大盤止跌。,停止新進場，禁止顯示今日可進場。,False,False
2026-10-01,2026-10-01,收盤確認價,臺灣證券交易所 / 證券櫃檯買賣中心正式收盤；yfinance 歷史資料,只使用完整收盤日K，不使用盤中未完成K,上櫃,6692,進能服,23.05,23.3,22.95,23.07,23.25,23.38,23.64,28.77,-10.66,-3.35,False,5176,14501,119306,336989,1.7,False,True,18.9,一般K,,False,False,False,False,0,False,C級：已漲遠或接近目標，禁止追高,條件不足,接近成形,24.5,22.35,27.4,接近成形＋可觀察,24.99,24.5,24.99,25.74,23.77,4.9,低,-5.92,10.66,1.97,9.64,24.99,1.08,False,False,True,距離頸線或前高過遠，禁止追高,頸線以當日前20日高點計算；收盤站上頸線 24.5 至少2%；成交量>=20日均量2倍；不可長上影；回踩須有近10日突破紀錄且不有效跌破頸線；距離頸線>5%禁止進場,7,C,禁止追高,已漲遠或接近目標，空手不追；持有者依策略分批處理。,False,2026-10-01,True,True,STOP,STOP 停止進場,觀察,取消新進場，只保留觀察,只看續抱 / 減碼 / 停利 / 停損，不新增部位。,停止新進場，先保留現金，等待大盤止跌。,停止新進場，禁止顯示今日可進場。,False,False
2026-10-01,2026-10-01,收盤確認價,臺灣證券交易所 / 證券櫃檯買賣中心正式收盤；yfinance 歷史資料,只使用完整收盤日K，不使用盤中未完成K,上櫃,7723,築間,18.25,18.4,18.25,18.32,18.48,18.73,19.58,28.75,-20.48,-0.82,False,5434,55875,99170,1063050,1.45,False,True,30.61,一般K,,False,False,False,False,0,False,C級：已漲遠或接近目標，禁止追高,條件不足,接近成形,20.65,18.2,23.1,接近成形＋可觀察,21.06,20.65,21.06,21.69,20.03,4.9,低,-11.62,21.51,1.97,9.67,21.06,0.0,False,False,True,距離頸線或前高過遠，禁止追高,頸線以當日前20日高點計算；收盤站上頸線 20.65 至少2%；成交量>=20日均量2倍；不可長上影；回踩須有近10日突破紀錄且不有效跌破頸線；距離頸線>5%禁止進場,7,C,禁止追高,已漲遠或接近目標，空手不追；持有者依策略分批處理。,False,2026-10-01,True,True,STOP,STOP 停止進場,觀察,取消新進場，只保留觀察,只看續抱 / 減碼 / 停利 / 停損，不新增部位。,停止新進場，先保留現金，等待大盤止跌。,停止新進場，禁止顯示今日可進場。,False,False
2026-10-01,2026-10-01,收盤確認價,臺灣證券交易所 / 證券櫃檯買賣中心正式收盤；yfinance 歷史資料,只使用完整收盤日K，不使用盤中未完成K,上市,1786,科妍,43.25,43.55,42.8,42.97,43.16,43.93,48.33,64.99,-19.16,-0.12,False,97010,186026,4195682,8223005,2.42,False,True,42.11,一般K,,False,False,False,False,0,False,C級：已漲遠或接近目標，禁止追高,條件不足,接近成形,47.9,42.25,53.55,接近成形＋可觀察,48.86,47.9,48.86,50.32,46.46,4.9,低,-9.71,23.32,1.96,9.6,48.86,0.58,False,False,True,距離頸線或前高過遠，禁止追高,頸線以當日前20日高點計算；收盤站上頸線 47.9 至少2%；成交量>=20日均量2倍；不可長上影；回踩須有近10日突破紀錄且不有效跌破頸線；距離頸線>5%禁止進場,7,C,禁止追高,已漲遠或接近目標，空手不追；持有者依策略分批處理。,False,2026-10-01,True,True,STOP,STOP 停止進場,觀察,取消新進場，只保留觀察,只看續抱 / 減碼 / 停利 / 停損，不新增部位。,停止新進場，先保留現金，等待大盤止跌。,停止新進場，禁止顯示今日可進場。,False,False
2026-10-01,2026-10-01,收盤確認價,臺灣證券交易所 / 證券櫃檯買賣中心正式收盤；yfinance 歷史資料,只使用完整收盤日K，不使用盤中未完成K,上櫃,8437,大地-KY,10.6,10.65,10.1,10.28,9.68,9.41,9.41,13.18,5.47,3.92,False,52209,41862,553415,417665,3.14,False,True,28.17,紅K突破,,False,False,False,False,0,False,C級：已漲遠或接近目標，禁止追高,條件不足,接近成形,9.89,8.94,11.05,接近成形＋可觀察,10.09,9.89,10.09,10.39,9.59,4.9,低,7.18,2.3,1.95,9.54,10.09,0.47,True,True,True,接近目標區，只給持有者分批停利參考，空手不追高,頸線以當日前20日高點計算；收盤站上頸線 9.89 至少2%；成交量>=20日均量2倍；不可長上影；回踩須有近10日突破紀錄且不有效跌破頸線；距離頸線>5%禁止進場,7,C,禁止追高,已漲遠或接近目標，空手不追；持有者依策略分批處理。,False,2026-10-01,True,True,STOP,STOP 停止進場,接近目標,取消新進場，只保留觀察,只看續抱 / 減碼 / 停利 / 停損，不新增部位。,停止新進場，先保留現金，等待大盤止跌。,停止新進場，禁止顯示今日可進場。,False,False
2026-10-01,2026-10-01,收盤確認價,臺灣證券交易所 / 證券櫃檯買賣中心正式收盤；yfinance 歷史資料,只使用完整收盤日K，不使用盤中未完成K,上櫃,6188,廣明,62.1,62.5,61.8,61.9,62.04,63.27,68.21,88.78,-21.59,0.0,False,336564,607006,20900624,38582147,1.14,False,True,51.2,一般K,,False,False,False,False,0,False,C級：已漲遠或接近目標，禁止追高,條件不足,接近成形,69.4,61.3,77.5,接近成形＋可觀察,70.79,69.4,70.79,72.91,67.32,4.9,低,-10.52,22.76,1.93,9.48,70.79,0.32,False,False,True,距離頸線或前高過遠，禁止追高,頸線以當日前20日高點計算；收盤站上頸線 69.4 至少2%；成交量>=20日均量2倍；不可長上影；回踩須有近10日突破紀錄且不有效跌破頸線；距離頸線>5%禁止進場,7,C,禁止追高,已漲遠或接近目標，空手不追；持有者依策略分批處理。,False,2026-10-01,True,True,STOP,STOP 停止進場,觀察,取消新進場，只保留觀察,只看續抱 / 減碼 / 停利 / 停損，不新增部位。,停止新進場，先保留現金，等待大盤止跌。,停止新進場，禁止顯示今日可進場。,False,False
2026-10-01,2026-10-01,收盤確認價,臺灣證券交易所 / 證券櫃檯買賣中心正式收盤；yfinance 歷史資料,只使用完整收盤日K，不使用盤中未完成K,上櫃,5227,立凱-KY,30.95,31.65,30.6,30.69,31.09,30.55,32.72,27.97,-7.61,-1.75,False,252909,277129,7827533,8559527,3.19,False,True,21.91,一般K,,False,False,False,False,0,False,C級：已漲遠或接近目標，禁止追高,條件不足,接近成形,32.8,29.02,36.6,接近成形＋可觀察,33.46,32.8,33.46,34.46,31.82,4.9,低,-5.64,27.35,1.92,9.4,33.46,0.48,False,False,True,距離頸線或前高過遠，禁止追高,頸線以當日前20日高點計算；收盤站上頸線 32.8 至少2%；成交量>=20日均量2倍；不可長上影；回踩須有近10日突破紀錄且不有效跌破頸線；距離頸線>5%禁止進場,7,C,禁止追高,已漲遠或接近目標，空手不追；持有者依策略分批處理。,False,2026-10-01,True,True,STOP,STOP 停止進場,觀察,取消新進場，只保留觀察,只看續抱 / 減碼 / 停利 / 停損，不新增部位。,停止新進場，先保留現金，等待大盤止跌。,停止新進場，禁止顯示今日可進場。,False,False
2026-10-01,2026-10-01,收盤確認價,臺灣證券交易所 / 證券櫃檯買賣中心正式收盤；yfinance 歷史資料,只使用完整收盤日K，不使用盤中未完成K,上櫃,3672,康聯訊,12.1,12.1,12.0,12.3,12.12,12.02,12.6,12.32,-12.32,-2.02,False,7983,24807,96594,302531,1.88,False,True,28.54,紅K突破,,False,False,False,False,0,False,C級：已漲遠或接近目標，禁止追高,條件不足,接近成形,13.0,11.5,14.5,接近成形＋可觀察,13.26,13.0,13.26,13.66,12.61,4.9,低,-6.92,16.26,1.91,9.35,13.26,0.0,False,False,True,距離頸線或前高過遠，禁止追高,頸線以當日前20日高點計算；收盤站上頸線 13.0 至少2%；成交量>=20日均量2倍；不可長上影；回踩須有近10日突破紀錄且不有效跌破頸線；距離頸線>5%禁止進場,7,C,禁止追高,已漲遠或接近目標，空手不追；持有者依策略分批處理。,False,2026-10-01,True,True,STOP,STOP 停止進場,觀察,取消新進場，只保留觀察,只看續抱 / 減碼 / 停利 / 停損，不新增部位。,停止新進場，先保留現金，等待大盤止跌。,停止新進場，禁止顯示今日可進場。,False,False
2026-10-01,2026-10-01,收盤確認價,臺灣證券交易所 / 證券櫃檯買賣中心正式收盤；yfinance 歷史資料,只使用完整收盤日K，不使用盤中未完成K,上櫃,3078,僑威,45.75,46.3,45.5,45.64,45.41,45.18,50.51,60.17,-23.11,-0.87,False,402172,675376,18399369,30576455,1.79,False,True,56.07,一般K,,False,False,False,False,0,False,C級：已漲遠或接近目標，禁止追高,條件不足,接近成形,48.6,43.0,54.2,接近成形＋可觀察,49.57,48.6,49.57,51.06,47.14,4.9,低,-5.86,23.88,1.9,9.34,49.57,0.0,False,False,True,距離頸線或前高過遠，禁止追高,頸線以當日前20日高點計算；收盤站上頸線 48.6 至少2%；成交量>=20日均量2倍；不可長上影；回踩須有近10日突破紀錄且不有效跌破頸線；距離頸線>5%禁止進場,7,C,禁止追高,已漲遠或接近目標，空手不追；持有者依策略分批處理。,False,2026-10-01,True,True,STOP,STOP 停止進場,觀察,取消新進場，只保留觀察,只看續抱 / 減碼 / 停利 / 停損，不新增部位。,停止新進場，先保留現金，等待大盤止跌。,停止新進場，禁止顯示今日可進場。,False,False
2026-10-01,2026-10-01,收盤確認價,臺灣證券交易所 / 證券櫃檯買賣中心正式收盤；yfinance 歷史資料,只使用完整收盤日K，不使用盤中未完成K,上櫃,6982,大井泵浦,44.7,45.2,44.4,43.88,44.0,44.9,47.7,56.57,-15.34,1.36,False,21121,22916,944108,1027637,1.18,False,True,51.91,一般K,,False,False,False,False,0,False,C級：已漲遠或接近目標，禁止追高,條件不足,接近成形,48.55,43.0,54.1,接近成形＋可觀察,49.52,48.55,49.52,51.01,47.09,4.9,低,-7.93,16.6,1.89,9.25,49.52,1.12,False,False,True,距離頸線或前高過遠，禁止追高,頸線以當日前20日高點計算；收盤站上頸線 48.55 至少2%；成交量>=20日均量2倍；不可長上影；回踩須有近10日突破紀錄且不有效跌破頸線；距離頸線>5%禁止進場,7,C,禁止追高,已漲遠或接近目標，空手不追；持有者依策略分批處理。,False,2026-10-01,True,True,STOP,STOP 停止進場,觀察,取消新進場，只保留觀察,只看續抱 / 減碼 / 停利 / 停損，不新增部位。,停止新進場，先保留現金，等待大盤止跌。,停止新進場，禁止顯示今日可進場。,False,False
2026-10-01,2026-10-01,收盤確認價,臺灣證券交易所 / 證券櫃檯買賣中心正式收盤；yfinance 歷史資料,只使用完整收盤日K，不使用盤中未完成K,上櫃,6143,振曜,80.6,81.5,80.6,81.06,81.76,83.05,89.68,104.36,-22.5,-0.49,False,244082,282766,19673009,23531748,1.02,False,True,49.06,一般K,,False,False,False,False,0,False,C級：已漲遠或接近目標，禁止追高,條件不足,接近成形,89.5,79.3,99.7,接近成形＋可觀察,91.29,89.5,91.29,94.03,86.81,4.9,低,-9.94,25.02,1.88,9.21,91.29,0.25,False,False,True,距離頸線或前高過遠，禁止追高,頸線以當日前20日高點計算；收盤站上頸線 89.5 至少2%；成交量>=20日均量2倍；不可長上影；回踩須有近10日突破紀錄且不有效跌破頸線；距離頸線>5%禁止進場,7,C,禁止追高,已漲遠或接近目標，空手不追；持有者依策略分批處理。,False,2026-10-01,True,True,STOP,STOP 停止進場,觀察,取消新進場，只保留觀察,只看續抱 / 減碼 / 停利 / 停損，不新增部位。,停止新進場，先保留現金，等待大盤止跌。,停止新進場，禁止顯示今日可進場。,False,False
2026-10-01,2026-10-01,收盤確認價,臺灣證券交易所 / 證券櫃檯買賣中心正式收盤；yfinance 歷史資料,只使用完整收盤日K，不使用盤中未完成K,上市,1616,億泰,18.35,18.7,18.35,18.41,18.41,18.61,19.38,25.04,-21.08,-1.61,False,190591,308218,3497344,5786907,1.23,False,True,46.68,一般K,,False,False,False,False,0,False,C級：已漲遠或接近目標，禁止追高,條件不足,接近成形,19.8,17.75,22.05,接近成形＋可觀察,20.2,19.8,20.2,20.8,19.21,4.9,低,-7.32,22.9,1.87,9.18,20.2,0.0,False,False,True,距離頸線或前高過遠，禁止追高,頸線以當日前20日高點計算；收盤站上頸線 19.8 至少2%；成交量>=20日均量2倍；不可長上影；回踩須有近10日突破紀錄且不有效跌破頸線；距離頸線>5%禁止進場,7,C,禁止追高,已漲遠或接近目標，空手不追；持有者依策略分批處理。,False,2026-10-01,True,True,STOP,STOP 停止進場,觀察,取消新進場，只保留觀察,只看續抱 / 減碼 / 停利 / 停損，不新增部位。,停止新進場，先保留現金，等待大盤止跌。,停止新進場，禁止顯示今日可進場。,False,False
2026-10-01,2026-10-01,收盤確認價,臺灣證券交易所 / 證券櫃檯買賣中心正式收盤；yfinance 歷史資料,只使用完整收盤日K，不使用盤中未完成K,上櫃,6542,隆中,39.9,40.25,39.9,40.68,41.28,42.44,44.71,47.81,-11.92,-1.48,False,4218,7324,168298,309829,1.58,False,True,17.58,一般K,,False,False,False,False,0,False,C級：已漲遠或接近目標，禁止追高,條件不足,接近成形,45.4,40.32,50.55,接近成形＋可觀察,46.31,45.4,46.31,47.7,44.04,4.9,低,-12.11,19.72,1.87,9.16,46.31,0.0,False,False,True,距離頸線或前高過遠，禁止追高,頸線以當日前20日高點計算；收盤站上頸線 45.4 至少2%；成交量>=20日均量2倍；不可長上影；回踩須有近10日突破紀錄且不有效跌破頸線；距離頸線>5%禁止進場,7,C,禁止追高,已漲遠或接近目標，空手不追；持有者依策略分批處理。,False,2026-10-01,True,True,STOP,STOP 停止進場,觀察,取消新進場，只保留觀察,只看續抱 / 減碼 / 停利 / 停損，不新增部位。,停止新進場，先保留現金，等待大盤止跌。,停止新進場，禁止顯示今日可進場。,False,False
2026-10-01,2026-10-01,收盤確認價,臺灣證券交易所 / 證券櫃檯買賣中心正式收盤；yfinance 歷史資料,只使用完整收盤日K，不使用盤中未完成K,上市,1436,華友聯,35.35,35.7,35.35,35.86,36.52,36.92,38.63,51.82,-21.62,-0.98,False,86138,144146,3044978,5365413,1.69,False,True,29.75,一般K,,False,False,False,False,0,False,C級：已漲遠或接近目標，禁止追高,條件不足,接近成形,39.4,35.3,43.85,接近成形＋可觀察,40.19,39.4,40.19,41.39,38.22,4.9,低,-10.28,23.4,1.86,9.11,40.19,0.0,False,False,True,距離頸線或前高過遠，禁止追高,頸線以當日前20日高點計算；收盤站上頸線 39.4 至少2%；成交量>=20日均量2倍；不可長上影；回踩須有近10日突破紀錄且不有效跌破頸線；距離頸線>5%禁止進場,7,C,禁止追高,已漲遠或接近目標，空手不追；持有者依策略分批處理。,False,2026-10-01,True,True,STOP,STOP 停止進場,觀察,取消新進場，只保留觀察,只看續抱 / 減碼 / 停利 / 停損，不新增部位。,停止新進場，先保留現金，等待大盤止跌。,停止新進場，禁止顯示今日可進場。,False,False
2026-10-01,2026-10-01,收盤確認價,臺灣證券交易所 / 證券櫃檯買賣中心正式收盤；yfinance 歷史資料,只使用完整收盤日K，不使用盤中未完成K,上市,1522,堤維西,26.45,26.95,26.4,26.56,26.24,26.33,27.74,36.96,-11.69,-1.31,False,203560,444307,5384162,11664188,1.43,False,True,40.42,一般K,,False,False,False,False,0,False,C級：已漲遠或接近目標，禁止追高,條件不足,接近成形,28.05,25.01,31.2,接近成形＋可觀察,28.61,28.05,28.61,29.47,27.21,4.9,低,-5.7,13.84,1.85,9.05,28.61,0.0,False,False,True,距離頸線或前高過遠，禁止追高,頸線以當日前20日高點計算；收盤站上頸線 28.05 至少2%；成交量>=20日均量2倍；不可長上影；回踩須有近10日突破紀錄且不有效跌破頸線；距離頸線>5%禁止進場,7,C,禁止追高,已漲遠或接近目標，空手不追；持有者依策略分批處理。,False,2026-10-01,True,True,STOP,STOP 停止進場,觀察,取消新進場，只保留觀察,只看續抱 / 減碼 / 停利 / 停損，不新增部位。,停止新進場，先保留現金，等待大盤止跌。,停止新進場，禁止顯示今日可進場。,False,False
2026-10-01,2026-10-01,收盤確認價,臺灣證券交易所 / 證券櫃檯買賣中心正式收盤；yfinance 歷史資料,只使用完整收盤日K，不使用盤中未完成K,上櫃,3071,協禧,23.05,23.2,22.85,23.01,23.19,23.61,25.09,26.17,-23.29,0.0,False,143876,174364,3316341,4154975,1.69,False,True,36.7,一般K,,False,False,False,False,0,False,C級：已漲遠或接近目標，禁止追高,條件不足,接近成形,25.5,22.75,28.35,接近成形＋可觀察,26.01,25.5,26.01,26.79,24.73,4.9,低,-9.61,25.65,1.84,9.0,26.01,0.43,False,False,True,距離頸線或前高過遠，禁止追高,頸線以當日前20日高點計算；收盤站上頸線 25.5 至少2%；成交量>=20日均量2倍；不可長上影；回踩須有近10日突破紀錄且不有效跌破頸線；距離頸線>5%禁止進場,7,C,禁止追高,已漲遠或接近目標，空手不追；持有者依策略分批處理。,False,2026-10-01,True,True,STOP,STOP 停止進場,觀察,取消新進場，只保留觀察,只看續抱 / 減碼 / 停利 / 停損，不新增部位。,停止新進場，先保留現金，等待大盤止跌。,停止新進場，禁止顯示今日可進場。,False,False
2026-10-01,2026-10-01,收盤確認價,臺灣證券交易所 / 證券櫃檯買賣中心正式收盤；yfinance 歷史資料,只使用完整收盤日K，不使用盤中未完成K,上櫃,6624,萬年清,38.0,38.95,38.0,38.56,38.43,39.12,40.44,48.7,-8.43,-0.65,False,6065,6721,230470,260035,2.02,False,True,18.53,一般K,,False,False,False,False,0,False,C級：已漲遠或接近目標，禁止追高,條件不足,接近成形,42.35,37.6,47.1,接近成形＋可觀察,43.2,42.35,43.2,44.49,41.08,4.9,低,-10.27,15.65,1.84,9.04,43.2,0.0,False,False,True,距離頸線或前高過遠，禁止追高,頸線以當日前20日高點計算；收盤站上頸線 42.35 至少2%；成交量>=20日均量2倍；不可長上影；回踩須有近10日突破紀錄且不有效跌破頸線；距離頸線>5%禁止進場,7,C,禁止追高,已漲遠或接近目標，空手不追；持有者依策略分批處理。,False,2026-10-01,True,True,STOP,STOP 停止進場,觀察,取消新進場，只保留觀察,只看續抱 / 減碼 / 停利 / 停損，不新增部位。,停止新進場，先保留現金，等待大盤止跌。,停止新進場，禁止顯示今日可進場。,False,False
2026-10-01,2026-10-01,收盤確認價,臺灣證券交易所 / 證券櫃檯買賣中心正式收盤；yfinance 歷史資料,只使用完整收盤日K，不使用盤中未完成K,上櫃,6629,泰金-KY,103.5,103.5,102.5,103.5,103.7,104.53,106.64,116.88,-4.61,0.0,False,4061,20610,420313,2146385,1.3,False,True,37.18,紅K突破,,False,False,False,False,0,False,C級：已漲遠或接近目標，禁止追高,條件不足,接近成形,112.5,100.5,125.0,接近成形＋可觀察,114.75,112.5,114.75,118.19,109.12,4.9,低,-8.0,11.16,1.82,8.93,114.75,0.0,False,False,True,距離頸線或前高過遠，禁止追高,頸線以當日前20日高點計算；收盤站上頸線 112.5 至少2%；成交量>=20日均量2倍；不可長上影；回踩須有近10日突破紀錄且不有效跌破頸線；距離頸線>5%禁止進場,7,C,禁止追高,已漲遠或接近目標，空手不追；持有者依策略分批處理。,False,2026-10-01,True,True,STOP,STOP 停止進場,觀察,取消新進場，只保留觀察,只看續抱 / 減碼 / 停利 / 停損，不新增部位。,停止新進場，先保留現金，等待大盤止跌。,停止新進場，禁止顯示今日可進場。,False,False
2026-10-01,2026-10-01,收盤確認價,臺灣證券交易所 / 證券櫃檯買賣中心正式收盤；yfinance 歷史資料,只使用完整收盤日K，不使用盤中未完成K,上櫃,8067,志旭,12.0,12.6,12.0,11.94,11.84,12.0,12.65,13.88,-5.88,-2.83,False,3150,10571,37800,126467,2.63,False,True,29.79,長黑,,False,False,False,False,0,False,C級：已漲遠或接近目標，禁止追高,條件不足,接近成形,12.65,11.4,14.05,接近成形＋可觀察,12.9,12.65,12.9,13.29,12.27,4.9,低,-5.14,19.46,1.81,8.89,12.9,0.0,False,False,True,距離頸線或前高過遠，禁止追高,頸線以當日前20日高點計算；收盤站上頸線 12.65 至少2%；成交量>=20日均量2倍；不可長上影；回踩須有近10日突破紀錄且不有效跌破頸線；距離頸線>5%禁止進場,7,C,禁止追高,已漲遠或接近目標，空手不追；持有者依策略分批處理。,False,2026-10-01,True,True,STOP,STOP 停止進場,觀察,取消新進場，只保留觀察,只看續抱 / 減碼 / 停利 / 停損，不新增部位。,停止新進場，先保留現金，等待大盤止跌。,停止新進場，禁止顯示今日可進場。,False,False
2026-10-01,2026-10-01,收盤確認價,臺灣證券交易所 / 證券櫃檯買賣中心正式收盤；yfinance 歷史資料,只使用完整收盤日K，不使用盤中未完成K,上櫃,2230,泰茂,21.5,22.7,21.5,21.75,21.59,21.83,22.98,52.32,-9.09,-1.38,False,146475,108769,3149212,2347780,2.33,False,True,33.82,長黑,,False,False,False,False,0,False,C級：已漲遠或接近目標，禁止追高,條件不足,接近成形,23.05,20.95,25.6,接近成形＋可觀察,23.51,23.05,23.51,24.22,22.36,4.9,低,-6.72,23.21,1.81,8.89,23.51,0.0,False,False,True,距離頸線或前高過遠，禁止追高,頸線以當日前20日高點計算；收盤站上頸線 23.05 至少2%；成交量>=20日均量2倍；不可長上影；回踩須有近10日突破紀錄且不有效跌破頸線；距離頸線>5%禁止進場,7,C,禁止追高,已漲遠或接近目標，空手不追；持有者依策略分批處理。,False,2026-10-01,True,True,STOP,STOP 停止進場,觀察,取消新進場，只保留觀察,只看續抱 / 減碼 / 停利 / 停損，不新增部位。,停止新進場，先保留現金，等待大盤止跌。,停止新進場，禁止顯示今日可進場。,False,False
2026-10-01,2026-10-01,收盤確認價,臺灣證券交易所 / 證券櫃檯買賣中心正式收盤；yfinance 歷史資料,只使用完整收盤日K，不使用盤中未完成K,上櫃,5490,同亨,25.6,25.75,25.45,25.53,25.5,25.74,29.08,28.19,-15.51,-0.19,False,267750,357491,6854400,9309623,1.05,False,True,60.91,一般K,,False,False,False,False,0,False,C級：已漲遠或接近目標，禁止追高,條件不足,接近成形,28.1,25.0,31.2,接近成形＋可觀察,28.66,28.1,28.66,29.52,27.26,4.9,低,-8.9,29.57,1.81,8.85,28.66,0.39,False,False,True,距離頸線或前高過遠，禁止追高,頸線以當日前20日高點計算；收盤站上頸線 28.1 至少2%；成交量>=20日均量2倍；不可長上影；回踩須有近10日突破紀錄且不有效跌破頸線；距離頸線>5%禁止進場,7,C,禁止追高,已漲遠或接近目標，空手不追；持有者依策略分批處理。,False,2026-10-01,True,True,STOP,STOP 停止進場,觀察,取消新進場，只保留觀察,只看續抱 / 減碼 / 停利 / 停損，不新增部位。,停止新進場，先保留現金，等待大盤止跌。,停止新進場，禁止顯示今日可進場。,False,False
2026-10-01,2026-10-01,收盤確認價,臺灣證券交易所 / 證券櫃檯買賣中心正式收盤；yfinance 歷史資料,只使用完整收盤日K，不使用盤中未完成K,上市,1444,力麗,6.9,7.16,6.9,6.94,6.9,6.93,7.34,6.66,-19.77,-3.09,False,1233444,1466757,8510763,10222198,1.93,False,True,15.33,一般K,,False,False,False,False,0,False,C級：已漲遠或接近目標，禁止追高,條件不足,接近成形,7.47,6.65,8.29,接近成形＋可觀察,7.62,7.47,7.62,7.85,7.25,4.9,低,-7.63,23.16,1.8,8.8,7.62,0.43,False,False,True,距離頸線或前高過遠，禁止追高,頸線以當日前20日高點計算；收盤站上頸線 7.47 至少2%；成交量>=20日均量2倍；不可長上影；回踩須有近10日突破紀錄且不有效跌破頸線；距離頸線>5%禁止進場,7,C,禁止追高,已漲遠或接近目標，空手不追；持有者依策略分批處理。,False,2026-10-01,True,True,STOP,STOP 停止進場,觀察,取消新進場，只保留觀察,只看續抱 / 減碼 / 停利 / 停損，不新增部位。,停止新進場，先保留現金，等待大盤止跌。,停止新進場，禁止顯示今日可進場。,False,False
2026-10-01,2026-10-01,收盤確認價,臺灣證券交易所 / 證券櫃檯買賣中心正式收盤；yfinance 歷史資料,只使用完整收盤日K，不使用盤中未完成K,上櫃,2724,藝舍-KY,11.8,11.8,11.8,12.68,12.05,11.29,11.11,15.93,-0.42,-9.92,False,1100,5062,12980,56489,3.73,False,True,40.85,資料不足,,False,False,False,False,0,False,C級：已漲遠或接近目標，禁止追高,條件不足,接近成形,11.0,10.73,12.18,接近成形＋可觀察,11.22,11.0,11.22,11.56,10.67,4.9,低,7.27,10.61,1.75,8.56,11.22,0.0,True,True,True,接近目標區，只給持有者分批停利參考，空手不追高,頸線以當日前20日高點計算；收盤站上頸線 11.0 至少2%；成交量>=20日均量2倍；不可長上影；回踩須有近10日突破紀錄且不有效跌破頸線；距離頸線>5%禁止進場,7,C,禁止追高,已漲遠或接近目標，空手不追；持有者依策略分批處理。,False,2026-10-01,True,True,STOP,STOP 停止進場,接近目標,取消新進場，只保留觀察,只看續抱 / 減碼 / 停利 / 停損，不新增部位。,停止新進場，先保留現金，等待大盤止跌。,停止新進場，禁止顯示今日可進場。,False,False
2026-10-01,2026-10-01,收盤確認價,臺灣證券交易所 / 證券櫃檯買賣中心正式收盤；yfinance 歷史資料,只使用完整收盤日K，不使用盤中未完成K,上櫃,8272,全景軟體,63.9,64.2,62.9,64.44,64.66,64.37,64.84,74.41,-5.33,-0.93,False,4309,10205,275345,659016,1.87,False,True,39.18,紅K突破,,False,False,False,False,0,False,C級：已漲遠或接近目標，禁止追高,條件不足,接近成形,67.8,61.15,75.0,接近成形＋可觀察,69.16,67.8,69.16,71.23,65.77,4.9,低,-5.75,10.25,1.72,8.45,69.16,0.47,False,False,True,距離頸線或前高過遠，禁止追高,頸線以當日前20日高點計算；收盤站上頸線 67.8 至少2%；成交量>=20日均量2倍；不可長上影；回踩須有近10日突破紀錄且不有效跌破頸線；距離頸線>5%禁止進場,7,C,禁止追高,已漲遠或接近目標，空手不追；持有者依策略分批處理。,False,2026-10-01,True,True,STOP,STOP 停止進場,觀察,取消新進場，只保留觀察,只看續抱 / 減碼 / 停利 / 停損，不新增部位。,停止新進場，先保留現金，等待大盤止跌。,停止新進場，禁止顯示今日可進場。,False,False
2026-10-01,2026-10-01,收盤確認價,臺灣證券交易所 / 證券櫃檯買賣中心正式收盤；yfinance 歷史資料,只使用完整收盤日K，不使用盤中未完成K,上櫃,6144,得利影,12.8,12.85,12.4,12.61,12.7,12.96,13.4,16.7,-9.86,1.99,False,12326,10174,157772,131220,1.01,False,True,52.89,紅K突破,,False,False,False,False,0,False,C級：已漲遠或接近目標，禁止追高,條件不足,接近成形,13.65,12.31,15.1,接近成形＋可觀察,13.92,13.65,13.92,14.34,13.24,4.9,低,-6.23,20.0,1.72,8.45,13.92,0.39,False,False,True,距離頸線或前高過遠，禁止追高,頸線以當日前20日高點計算；收盤站上頸線 13.65 至少2%；成交量>=20日均量2倍；不可長上影；回踩須有近10日突破紀錄且不有效跌破頸線；距離頸線>5%禁止進場,7,C,禁止追高,已漲遠或接近目標，空手不追；持有者依策略分批處理。,False,2026-10-01,True,True,STOP,STOP 停止進場,觀察,取消新進場，只保留觀察,只看續抱 / 減碼 / 停利 / 停損，不新增部位。,停止新進場，先保留現金，等待大盤止跌。,停止新進場，禁止顯示今日可進場。,False,False
2026-10-01,2026-10-01,收盤確認價,臺灣證券交易所 / 證券櫃檯買賣中心正式收盤；yfinance 歷史資料,只使用完整收盤日K，不使用盤中未完成K,上市,1530,亞崴,26.85,26.9,26.65,26.69,26.85,27.52,27.9,26.2,2.51,0.19,False,11314,20845,303780,571760,1.14,False,True,49.03,紅K突破,,False,False,False,False,0,False,C級：已漲遠或接近目標，禁止追高,條件不足,接近成形,29.15,26.35,32.24,接近成形＋可觀察,29.73,29.15,29.73,30.62,28.28,4.9,低,-7.89,11.39,1.72,8.45,29.73,0.19,False,False,True,距離頸線或前高過遠，禁止追高,頸線以當日前20日高點計算；收盤站上頸線 29.15 至少2%；成交量>=20日均量2倍；不可長上影；回踩須有近10日突破紀錄且不有效跌破頸線；距離頸線>5%禁止進場,7,C,禁止追高,已漲遠或接近目標，空手不追；持有者依策略分批處理。,False,2026-10-01,True,True,STOP,STOP 停止進場,觀察,取消新進場，只保留觀察,只看續抱 / 減碼 / 停利 / 停損，不新增部位。,停止新進場，先保留現金，等待大盤止跌。,停止新進場，禁止顯示今日可進場。,False,False
2026-10-01,2026-10-01,收盤確認價,臺灣證券交易所 / 證券櫃檯買賣中心正式收盤；yfinance 歷史資料,只使用完整收盤日K，不使用盤中未完成K,上櫃,6109,亞元,10.45,10.6,10.4,10.46,10.45,10.6,11.2,11.79,-23.16,-0.95,False,59491,104217,621680,1104302,0.93,False,True,30.92,一般K,,False,False,False,False,0,False,C級：已漲遠或接近目標，禁止追高,條件不足,接近成形,11.4,10.2,12.6,接近成形＋可觀察,11.63,11.4,11.63,11.98,11.06,4.9,低,-8.33,24.28,1.71,8.36,11.63,0.48,False,False,True,距離頸線或前高過遠，禁止追高,頸線以當日前20日高點計算；收盤站上頸線 11.4 至少2%；成交量>=20日均量2倍；不可長上影；回踩須有近10日突破紀錄且不有效跌破頸線；距離頸線>5%禁止進場,7,C,禁止追高,已漲遠或接近目標，空手不追；持有者依策略分批處理。,False,2026-10-01,True,True,STOP,STOP 停止進場,觀察,取消新進場，只保留觀察,只看續抱 / 減碼 / 停利 / 停損，不新增部位。,停止新進場，先保留現金，等待大盤止跌。,停止新進場，禁止顯示今日可進場。,False,False
2026-10-01,2026-10-01,收盤確認價,臺灣證券交易所 / 證券櫃檯買賣中心正式收盤；yfinance 歷史資料,只使用完整收盤日K，不使用盤中未完成K,上櫃,6146,耕興,181.5,182.5,180.0,181.0,179.45,180.68,188.88,188.12,-14.79,0.0,False,216535,261856,39301102,47272791,1.14,False,True,44.8,一般K,,False,False,False,False,0,False,C級：已漲遠或接近目標，禁止追高,條件不足,接近成形,195.0,174.5,215.5,接近成形＋可觀察,198.9,195.0,198.9,204.87,189.15,4.9,低,-6.92,15.97,1.7,8.35,198.9,0.55,False,False,True,距離頸線或前高過遠，禁止追高,頸線以當日前20日高點計算；收盤站上頸線 195.0 至少2%；成交量>=20日均量2倍；不可長上影；回踩須有近10日突破紀錄且不有效跌破頸線；距離頸線>5%禁止進場,7,C,禁止追高,已漲遠或接近目標，空手不追；持有者依策略分批處理。,False,2026-10-01,True,True,STOP,STOP 停止進場,觀察,取消新進場，只保留觀察,只看續抱 / 減碼 / 停利 / 停損，不新增部位。,停止新進場，先保留現金，等待大盤止跌。,停止新進場，禁止顯示今日可進場。,False,False
2026-10-01,2026-10-01,收盤確認價,臺灣證券交易所 / 證券櫃檯買賣中心正式收盤；yfinance 歷史資料,只使用完整收盤日K，不使用盤中未完成K,上櫃,4131,浩泰,30.85,31.25,30.1,31.55,31.49,31.28,32.33,35.11,-5.95,0.65,False,8111,23262,250224,719206,1.62,False,True,20.11,下影線,,False,False,False,False,0,False,C級：已漲遠或接近目標，禁止追高,條件不足,接近成形,32.6,29.71,36.0,接近成形＋可觀察,33.25,32.6,33.25,34.25,31.62,4.9,低,-5.37,12.61,1.69,8.26,33.25,0.0,False,False,True,距離頸線或前高過遠，禁止追高,頸線以當日前20日高點計算；收盤站上頸線 32.6 至少2%；成交量>=20日均量2倍；不可長上影；回踩須有近10日突破紀錄且不有效跌破頸線；距離頸線>5%禁止進場,7,C,禁止追高,已漲遠或接近目標，空手不追；持有者依策略分批處理。,False,2026-10-01,True,True,STOP,STOP 停止進場,觀察,取消新進場，只保留觀察,只看續抱 / 減碼 / 停利 / 停損，不新增部位。,停止新進場，先保留現金，等待大盤止跌。,停止新進場，禁止顯示今日可進場。,False,False
2026-10-01,2026-10-01,收盤確認價,臺灣證券交易所 / 證券櫃檯買賣中心正式收盤；yfinance 歷史資料,只使用完整收盤日K，不使用盤中未完成K,上櫃,3217,優群,129.5,130.0,129.0,129.8,129.55,130.28,140.78,161.99,-25.57,-0.38,False,134077,269473,17362971,35173084,1.24,False,True,49.01,一般K,,False,False,False,False,0,False,C級：已漲遠或接近目標，禁止追高,條件不足,接近成形,139.5,125.0,154.0,接近成形＋可觀察,142.29,139.5,142.29,146.56,135.31,4.9,低,-7.17,26.42,1.68,8.23,142.29,0.0,False,False,True,距離頸線或前高過遠，禁止追高,頸線以當日前20日高點計算；收盤站上頸線 139.5 至少2%；成交量>=20日均量2倍；不可長上影；回踩須有近10日突破紀錄且不有效跌破頸線；距離頸線>5%禁止進場,7,C,禁止追高,已漲遠或接近目標，空手不追；持有者依策略分批處理。,False,2026-10-01,True,True,STOP,STOP 停止進場,觀察,取消新進場，只保留觀察,只看續抱 / 減碼 / 停利 / 停損，不新增部位。,停止新進場，先保留現金，等待大盤止跌。,停止新進場，禁止顯示今日可進場。,False,False
2026-10-01,2026-10-01,收盤確認價,臺灣證券交易所 / 證券櫃檯買賣中心正式收盤；yfinance 歷史資料,只使用完整收盤日K，不使用盤中未完成K,上櫃,7805,威聯通,490.0,492.0,489.5,494.2,497.7,501.85,520.05,562.29,-8.12,-0.81,False,48044,39562,23541560,19882430,1.47,False,True,16.31,一般K,,False,False,False,False,0,False,C級：已漲遠或接近目標，禁止追高,條件不足,接近成形,525.0,489.0,579.17,接近成形＋可觀察,535.5,525.0,535.5,551.57,509.25,4.9,低,-6.67,18.9,1.66,8.15,535.5,0.0,False,False,True,距離頸線或前高過遠，禁止追高,頸線以當日前20日高點計算；收盤站上頸線 525.0 至少2%；成交量>=20日均量2倍；不可長上影；回踩須有近10日突破紀錄且不有效跌破頸線；距離頸線>5%禁止進場,7,C,禁止追高,已漲遠或接近目標，空手不追；持有者依策略分批處理。,False,2026-10-01,True,True,STOP,STOP 停止進場,觀察,取消新進場，只保留觀察,只看續抱 / 減碼 / 停利 / 停損，不新增部位。,停止新進場，先保留現金，等待大盤止跌。,停止新進場，禁止顯示今日可進場。,False,False
2026-10-01,2026-10-01,收盤確認價,臺灣證券交易所 / 證券櫃檯買賣中心正式收盤；yfinance 歷史資料,只使用完整收盤日K，不使用盤中未完成K,上櫃,5344,立衛,13.45,14.3,13.45,13.64,13.38,13.41,14.07,14.79,-19.7,-2.89,False,94024,58956,1264622,797795,2.36,False,True,26.93,長黑,,False,False,False,False,0,False,C級：已漲遠或接近目標，禁止追高,條件不足,三角收斂突破,14.25,12.8,15.7,接近成形＋可觀察,14.54,14.25,14.54,14.97,13.82,4.9,低,-5.61,21.8,1.64,8.02,14.54,0.0,False,False,True,距離頸線或前高過遠，禁止追高,頸線以當日前20日高點計算；收盤站上頸線 14.25 至少2%；成交量>=20日均量2倍；不可長上影；回踩須有近10日突破紀錄且不有效跌破頸線；距離頸線>5%禁止進場,7,C,禁止追高,已漲遠或接近目標，空手不追；持有者依策略分批處理。,False,2026-10-01,True,True,STOP,STOP 停止進場,觀察,取消新進場，只保留觀察,只看續抱 / 減碼 / 停利 / 停損，不新增部位。,停止新進場，先保留現金，等待大盤止跌。,停止新進場，禁止顯示今日可進場。,False,False
2026-10-01,2026-10-01,收盤確認價,臺灣證券交易所 / 證券櫃檯買賣中心正式收盤；yfinance 歷史資料,只使用完整收盤日K，不使用盤中未完成K,上櫃,6875,國邑*,31.3,31.3,29.95,31.54,32.52,32.48,33.46,41.28,-17.52,-0.16,False,253520,208610,7935176,6855478,3.01,False,True,17.58,紅K突破,,False,False,False,False,0,False,C級：已漲遠或接近目標，禁止追高,條件不足,接近成形,33.9,30.85,37.35,接近成形＋可觀察,34.58,33.9,34.58,35.62,32.88,4.9,低,-7.67,20.76,1.64,8.02,34.58,0.0,True,False,True,距離頸線或前高過遠，禁止追高,頸線以當日前20日高點計算；收盤站上頸線 33.9 至少2%；成交量>=20日均量2倍；不可長上影；回踩須有近10日突破紀錄且不有效跌破頸線；距離頸線>5%禁止進場,7,C,禁止追高,已漲遠或接近目標，空手不追；持有者依策略分批處理。,False,2026-10-01,True,True,STOP,STOP 停止進場,觀察,取消新進場，只保留觀察,只看續抱 / 減碼 / 停利 / 停損，不新增部位。,停止新進場，先保留現金，等待大盤止跌。,停止新進場，禁止顯示今日可進場。,False,False
2026-10-01,2026-10-01,收盤確認價,臺灣證券交易所 / 證券櫃檯買賣中心正式收盤；yfinance 歷史資料,只使用完整收盤日K，不使用盤中未完成K,上櫃,3171,炎洲流通,57.3,58.5,57.3,58.46,58.85,59.99,62.98,58.94,-18.03,-2.55,False,39534,22650,2265298,1368697,1.17,False,True,62.57,一般K,,False,False,False,False,0,False,C級：已漲遠或接近目標，禁止追高,條件不足,三角收斂突破,63.8,57.3,70.3,接近成形＋可觀察,65.08,63.8,65.08,67.03,61.89,4.9,低,-10.19,19.18,1.64,8.03,65.08,0.7,False,False,True,距離頸線或前高過遠，禁止追高,頸線以當日前20日高點計算；收盤站上頸線 63.8 至少2%；成交量>=20日均量2倍；不可長上影；回踩須有近10日突破紀錄且不有效跌破頸線；距離頸線>5%禁止進場,7,C,禁止追高,已漲遠或接近目標，空手不追；持有者依策略分批處理。,False,2026-10-01,True,True,STOP,STOP 停止進場,觀察,取消新進場，只保留觀察,只看續抱 / 減碼 / 停利 / 停損，不新增部位。,停止新進場，先保留現金，等待大盤止跌。,停止新進場，禁止顯示今日可進場。,False,False
2026-10-01,2026-10-01,收盤確認價,臺灣證券交易所 / 證券櫃檯買賣中心正式收盤；yfinance 歷史資料,只使用完整收盤日K，不使用盤中未完成K,上市,1203,味王,43.9,43.9,43.65,43.55,43.66,43.95,45.24,41.87,1.15,0.46,False,3554,18296,156020,804384,2.36,False,True,14.39,紅K突破,,False,False,False,False,0,False,C級：已漲遠或接近目標，禁止追高,條件不足,接近成形,46.85,42.1,51.6,接近成形＋可觀察,47.79,46.85,47.79,49.22,45.44,4.9,低,-6.3,13.58,1.63,7.98,47.79,0.0,False,False,True,距離頸線或前高過遠，禁止追高,頸線以當日前20日高點計算；收盤站上頸線 46.85 至少2%；成交量>=20日均量2倍；不可長上影；回踩須有近10日突破紀錄且不有效跌破頸線；距離頸線>5%禁止進場,7,C,禁止追高,已漲遠或接近目標，空手不追；持有者依策略分批處理。,False,2026-10-01,True,True,STOP,STOP 停止進場,觀察,取消新進場，只保留觀察,只看續抱 / 減碼 / 停利 / 停損，不新增部位。,停止新進場，先保留現金，等待大盤止跌。,停止新進場，禁止顯示今日可進場。,False,False
2026-10-01,2026-10-01,收盤確認價,臺灣證券交易所 / 證券櫃檯買賣中心正式收盤；yfinance 歷史資料,只使用完整收盤日K，不使用盤中未完成K,上櫃,8076,伍豐,21.6,21.8,21.55,21.62,21.52,21.67,22.95,23.76,-16.12,-0.92,False,352317,513575,7610047,11149709,1.41,False,True,54.28,一般K,,False,False,False,False,0,False,C級：已漲遠或接近目標，禁止追高,條件不足,接近成形,23.4,21.05,25.75,接近成形＋可觀察,23.87,23.4,23.87,24.58,22.7,4.9,低,-7.69,20.73,1.61,7.89,23.87,0.0,False,False,True,距離頸線或前高過遠，禁止追高,頸線以當日前20日高點計算；收盤站上頸線 23.4 至少2%；成交量>=20日均量2倍；不可長上影；回踩須有近10日突破紀錄且不有效跌破頸線；距離頸線>5%禁止進場,7,C,禁止追高,已漲遠或接近目標，空手不追；持有者依策略分批處理。,False,2026-10-01,True,True,STOP,STOP 停止進場,觀察,取消新進場，只保留觀察,只看續抱 / 減碼 / 停利 / 停損，不新增部位。,停止新進場，先保留現金，等待大盤止跌。,停止新進場，禁止顯示今日可進場。,False,False
2026-10-01,2026-10-01,收盤確認價,臺灣證券交易所 / 證券櫃檯買賣中心正式收盤；yfinance 歷史資料,只使用完整收盤日K，不使用盤中未完成K,上櫃,8477,創業家,14.2,14.2,14.0,14.25,14.56,14.94,15.44,14.18,-11.25,0.71,False,6419,14535,91149,215384,1.29,False,True,64.82,紅K突破,,False,False,False,False,0,False,C級：已漲遠或接近目標，禁止追高,條件不足,接近成形,15.45,14.19,17.0,接近成形＋可觀察,15.76,15.45,15.76,16.23,14.99,4.9,低,-8.09,13.94,1.61,7.87,15.76,0.0,False,False,True,距離頸線或前高過遠，禁止追高,頸線以當日前20日高點計算；收盤站上頸線 15.45 至少2%；成交量>=20日均量2倍；不可長上影；回踩須有近10日突破紀錄且不有效跌破頸線；距離頸線>5%禁止進場,7,C,禁止追高,已漲遠或接近目標，空手不追；持有者依策略分批處理。,False,2026-10-01,True,True,STOP,STOP 停止進場,觀察,取消新進場，只保留觀察,只看續抱 / 減碼 / 停利 / 停損，不新增部位。,停止新進場，先保留現金，等待大盤止跌。,停止新進場，禁止顯示今日可進場。,False,False
2026-10-01,2026-10-01,收盤確認價,臺灣證券交易所 / 證券櫃檯買賣中心正式收盤；yfinance 歷史資料,只使用完整收盤日K，不使用盤中未完成K,上市,1256,鮮活果汁-KY,168.5,168.5,167.5,167.7,168.9,171.05,179.18,164.64,-15.54,0.3,False,12051,45105,2030593,7725055,0.87,False,True,22.07,紅K突破,,False,False,False,False,0,False,C級：已漲遠或接近目標，禁止追高,條件不足,接近成形,184.0,165.5,202.5,接近成形＋可觀察,187.68,184.0,187.68,193.31,178.48,4.9,低,-8.42,17.8,1.61,7.9,187.68,0.0,False,False,True,距離頸線或前高過遠，禁止追高,頸線以當日前20日高點計算；收盤站上頸線 184.0 至少2%；成交量>=20日均量2倍；不可長上影；回踩須有近10日突破紀錄且不有效跌破頸線；距離頸線>5%禁止進場,7,C,禁止追高,已漲遠或接近目標，空手不追；持有者依策略分批處理。,False,2026-10-01,True,True,STOP,STOP 停止進場,觀察,取消新進場，只保留觀察,只看續抱 / 減碼 / 停利 / 停損，不新增部位。,停止新進場，先保留現金，等待大盤止跌。,停止新進場，禁止顯示今日可進場。,False,False
2026-10-01,2026-10-01,收盤確認價,臺灣證券交易所 / 證券櫃檯買賣中心正式收盤；yfinance 歷史資料,只使用完整收盤日K，不使用盤中未完成K,上櫃,3372,典範,16.45,16.7,16.3,16.2,16.15,15.33,15.9,19.08,-17.34,-0.6,False,271365,627218,4463954,9942571,2.89,False,True,40.77,一般K,,False,False,False,False,0,False,C級：已漲遠或接近目標，禁止追高,條件不足,接近成形,15.6,14.56,17.15,接近成形＋可觀察,15.91,15.6,15.91,16.39,15.13,4.9,低,5.45,20.15,1.59,7.78,15.91,0.0,True,True,True,接近目標區，只給持有者分批停利參考，空手不追高,頸線以當日前20日高點計算；收盤站上頸線 15.6 至少2%；成交量>=20日均量2倍；不可長上影；回踩須有近10日突破紀錄且不有效跌破頸線；距離頸線>5%禁止進場,7,C,禁止追高,已漲遠或接近目標，空手不追；持有者依策略分批處理。,False,2026-10-01,True,True,STOP,STOP 停止進場,接近目標,取消新進場，只保留觀察,只看續抱 / 減碼 / 停利 / 停損，不新增部位。,停止新進場，先保留現金，等待大盤止跌。,停止新進場，禁止顯示今日可進場。,False,False
2026-10-01,2026-10-01,收盤確認價,臺灣證券交易所 / 證券櫃檯買賣中心正式收盤；yfinance 歷史資料,只使用完整收盤日K，不使用盤中未完成K,上櫃,3284,太普高,19.65,20.1,19.5,19.69,19.82,19.9,21.49,20.71,-32.24,-1.26,False,91531,139317,1798584,2773902,1.7,False,True,22.9,一般K,,False,False,False,False,0,False,C級：已漲遠或接近目標，禁止追高,條件不足,接近成形,21.15,19.05,23.25,接近成形＋可觀察,21.57,21.15,21.57,22.22,20.52,4.9,低,-7.09,33.39,1.59,7.77,21.57,1.27,False,False,True,距離頸線或前高過遠，禁止追高,頸線以當日前20日高點計算；收盤站上頸線 21.15 至少2%；成交量>=20日均量2倍；不可長上影；回踩須有近10日突破紀錄且不有效跌破頸線；距離頸線>5%禁止進場,7,C,禁止追高,已漲遠或接近目標，空手不追；持有者依策略分批處理。,False,2026-10-01,True,True,STOP,STOP 停止進場,觀察,取消新進場，只保留觀察,只看續抱 / 減碼 / 停利 / 停損，不新增部位。,停止新進場，先保留現金，等待大盤止跌。,停止新進場，禁止顯示今日可進場。,False,False
2026-10-01,2026-10-01,收盤確認價,臺灣證券交易所 / 證券櫃檯買賣中心正式收盤；yfinance 歷史資料,只使用完整收盤日K，不使用盤中未完成K,上櫃,6482,弘煜科,23.65,23.65,22.9,23.51,23.93,24.28,26.4,32.86,-15.69,0.64,False,8846,12986,209207,313208,1.4,False,True,35.04,紅K突破,,False,False,False,False,0,False,C級：已漲遠或接近目標，禁止追高,條件不足,接近成形,25.4,23.06,27.9,接近成形＋可觀察,25.91,25.4,25.91,26.69,24.64,4.9,低,-6.89,21.82,1.57,7.69,25.91,0.0,False,False,True,距離頸線或前高過遠，禁止追高,頸線以當日前20日高點計算；收盤站上頸線 25.4 至少2%；成交量>=20日均量2倍；不可長上影；回踩須有近10日突破紀錄且不有效跌破頸線；距離頸線>5%禁止進場,7,C,禁止追高,已漲遠或接近目標，空手不追；持有者依策略分批處理。,False,2026-10-01,True,True,STOP,STOP 停止進場,觀察,取消新進場，只保留觀察,只看續抱 / 減碼 / 停利 / 停損，不新增部位。,停止新進場，先保留現金，等待大盤止跌。,停止新進場，禁止顯示今日可進場。,False,False
2026-10-01,2026-10-01,收盤確認價,臺灣證券交易所 / 證券櫃檯買賣中心正式收盤；yfinance 歷史資料,只使用完整收盤日K，不使用盤中未完成K,上市,1789,神隆,18.8,18.95,18.7,18.76,18.86,18.81,19.22,19.93,-10.05,-0.79,False,277794,482353,5222527,9117054,2.34,False,True,24.26,一般K,,False,False,False,False,0,False,C級：已漲遠或接近目標，禁止追高,條件不足,接近成形,19.85,17.9,21.8,接近成形＋可觀察,20.25,19.85,20.25,20.85,19.25,4.9,低,-5.29,11.32,1.56,7.67,20.25,0.8,False,False,True,距離頸線或前高過遠，禁止追高,頸線以當日前20日高點計算；收盤站上頸線 19.85 至少2%；成交量>=20日均量2倍；不可長上影；回踩須有近10日突破紀錄且不有效跌破頸線；距離頸線>5%禁止進場,7,C,禁止追高,已漲遠或接近目標，空手不追；持有者依策略分批處理。,False,2026-10-01,True,True,STOP,STOP 停止進場,觀察,取消新進場，只保留觀察,只看續抱 / 減碼 / 停利 / 停損，不新增部位。,停止新進場，先保留現金，等待大盤止跌。,停止新進場，禁止顯示今日可進場。,False,False
2026-10-01,2026-10-01,收盤確認價,臺灣證券交易所 / 證券櫃檯買賣中心正式收盤；yfinance 歷史資料,只使用完整收盤日K，不使用盤中未完成K,上櫃,8089,康全電訊,19.6,19.6,19.2,19.4,19.09,18.34,18.5,23.86,-6.0,0.51,False,70869,175018,1389032,3245647,2.67,False,True,36.75,紅K突破,,False,False,False,False,0,False,C級：已漲遠或接近目標，禁止追高,條件不足,接近成形,18.65,17.42,20.45,接近成形＋可觀察,19.02,18.65,19.02,19.59,18.09,4.9,低,5.09,7.98,1.53,7.5,19.02,0.0,True,True,True,接近目標區，只給持有者分批停利參考，空手不追高,頸線以當日前20日高點計算；收盤站上頸線 18.65 至少2%；成交量>=20日均量2倍；不可長上影；回踩須有近10日突破紀錄且不有效跌破頸線；距離頸線>5%禁止進場,7,C,禁止追高,已漲遠或接近目標，空手不追；持有者依策略分批處理。,False,2026-10-01,True,True,STOP,STOP 停止進場,接近目標,取消新進場，只保留觀察,只看續抱 / 減碼 / 停利 / 停損，不新增部位。,停止新進場，先保留現金，等待大盤止跌。,停止新進場，禁止顯示今日可進場。,False,False
2026-10-01,2026-10-01,收盤確認價,臺灣證券交易所 / 證券櫃檯買賣中心正式收盤；yfinance 歷史資料,只使用完整收盤日K，不使用盤中未完成K,上櫃,6899,創為精密,49.5,49.5,49.3,49.5,49.78,49.72,50.65,53.88,-14.95,-0.6,False,11032,10306,546084,514415,0.85,False,True,30.59,紅K突破,,False,False,False,False,0,False,C級：已漲遠或接近目標，禁止追高,條件不足,接近成形,53.9,48.7,59.1,接近成形＋可觀察,54.98,53.9,54.98,56.63,52.28,4.9,低,-8.16,14.95,1.53,7.5,54.98,0.0,False,False,True,距離頸線或前高過遠，禁止追高,頸線以當日前20日高點計算；收盤站上頸線 53.9 至少2%；成交量>=20日均量2倍；不可長上影；回踩須有近10日突破紀錄且不有效跌破頸線；距離頸線>5%禁止進場,7,C,禁止追高,已漲遠或接近目標，空手不追；持有者依策略分批處理。,False,2026-10-01,True,True,STOP,STOP 停止進場,觀察,取消新進場，只保留觀察,只看續抱 / 減碼 / 停利 / 停損，不新增部位。,停止新進場，先保留現金，等待大盤止跌。,停止新進場，禁止顯示今日可進場。,False,False
2026-10-01,2026-10-01,收盤確認價,臺灣證券交易所 / 證券櫃檯買賣中心正式收盤；yfinance 歷史資料,只使用完整收盤日K，不使用盤中未完成K,上櫃,8410,森田,27.8,27.9,27.55,27.92,28.55,29.13,30.77,35.15,-14.33,0.0,False,28372,47568,788741,1360689,1.2,False,True,64.42,紅K突破,,False,False,False,False,0,False,C級：已漲遠或接近目標，禁止追高,條件不足,接近成形,30.5,27.67,33.45,接近成形＋可觀察,31.11,30.5,31.11,32.04,29.59,4.9,低,-8.85,15.76,1.53,7.52,31.11,0.36,False,False,True,距離頸線或前高過遠，禁止追高,頸線以當日前20日高點計算；收盤站上頸線 30.5 至少2%；成交量>=20日均量2倍；不可長上影；回踩須有近10日突破紀錄且不有效跌破頸線；距離頸線>5%禁止進場,7,C,禁止追高,已漲遠或接近目標，空手不追；持有者依策略分批處理。,False,2026-10-01,True,True,STOP,STOP 停止進場,觀察,取消新進場，只保留觀察,只看續抱 / 減碼 / 停利 / 停損，不新增部位。,停止新進場，先保留現金，等待大盤止跌。,停止新進場，禁止顯示今日可進場。,False,False
2026-10-01,2026-10-01,收盤確認價,臺灣證券交易所 / 證券櫃檯買賣中心正式收盤；yfinance 歷史資料,只使用完整收盤日K，不使用盤中未完成K,上櫃,8935,邦泰,19.3,20.0,19.0,18.62,18.08,18.0,18.42,19.5,-13.84,-1.78,False,160063,147669,3089215,2709251,2.49,False,True,55.73,一般K,,False,False,False,False,0,False,C級：已漲遠或接近目標，禁止追高,條件不足,接近成形,18.25,17.1,20.0,接近成形＋可觀察,18.62,18.25,18.62,19.17,17.7,4.9,低,5.75,17.52,1.52,7.44,18.62,1.3,True,True,True,接近目標區，只給持有者分批停利參考，空手不追高,頸線以當日前20日高點計算；收盤站上頸線 18.25 至少2%；成交量>=20日均量2倍；不可長上影；回踩須有近10日突破紀錄且不有效跌破頸線；距離頸線>5%禁止進場,7,C,禁止追高,已漲遠或接近目標，空手不追；持有者依策略分批處理。,False,2026-10-01,True,True,STOP,STOP 停止進場,接近目標,取消新進場，只保留觀察,只看續抱 / 減碼 / 停利 / 停損，不新增部位。,停止新進場，先保留現金，等待大盤止跌。,停止新進場，禁止顯示今日可進場。,False,False
2026-10-01,2026-10-01,收盤確認價,臺灣證券交易所 / 證券櫃檯買賣中心正式收盤；yfinance 歷史資料,只使用完整收盤日K，不使用盤中未完成K,上櫃,1580,新麥,97.4,97.4,96.7,97.02,97.16,98.47,107.57,124.54,-21.77,0.31,False,26156,99064,2547594,9782777,0.99,False,True,59.44,紅K突破,,False,False,False,False,0,False,C級：已漲遠或接近目標，禁止追高,條件不足,接近成形,105.5,95.4,115.6,接近成形＋可觀察,107.61,105.5,107.61,110.84,102.33,4.9,低,-7.68,22.08,1.51,7.42,107.61,0.0,False,False,True,距離頸線或前高過遠，禁止追高,頸線以當日前20日高點計算；收盤站上頸線 105.5 至少2%；成交量>=20日均量2倍；不可長上影；回踩須有近10日突破紀錄且不有效跌破頸線；距離頸線>5%禁止進場,7,C,禁止追高,已漲遠或接近目標，空手不追；持有者依策略分批處理。,False,2026-10-01,True,True,STOP,STOP 停止進場,觀察,取消新進場，只保留觀察,只看續抱 / 減碼 / 停利 / 停損，不新增部位。,停止新進場，先保留現金，等待大盤止跌。,停止新進場，禁止顯示今日可進場。,False,False
2026-10-01,2026-10-01,收盤確認價,臺灣證券交易所 / 證券櫃檯買賣中心正式收盤；yfinance 歷史資料,只使用完整收盤日K，不使用盤中未完成K,上櫃,6122,擎邦,62.3,62.5,60.4,59.18,55.41,53.08,50.36,49.4,20.04,2.98,False,2134927,924494,133005952,52053650,2.17,True,True,41.31,紅K突破,,True,True,False,False,2,False,C級：已漲遠或接近目標，禁止追高,趨勢多頭、量能放大,旗型整理突破,58.5,50.42,71.8,突破第一根,59.67,58.5,59.67,61.46,56.74,8.92,低,6.5,2.3,1.71,15.25,62.3,0.32,True,False,True,距離頸線或前高過遠，禁止追高,頸線以當日前20日高點計算；收盤站上頸線 58.5 至少2%；成交量>=20日均量2倍；不可長上影；回踩須有近10日突破紀錄且不有效跌破頸線；距離頸線>5%禁止進場,2,C,禁止追高,已漲遠或接近目標，空手不追；持有者依策略分批處理。,False,2026-10-01,True,True,STOP,STOP 停止進場,突破買點,取消新進場，只保留觀察,只看續抱 / 減碼 / 停利 / 停損，不新增部位。,停止新進場，先保留現金，等待大盤止跌。,停止新進場，禁止顯示今日可進場。,False,False
2026-10-01,2026-10-01,收盤確認價,臺灣證券交易所 / 證券櫃檯買賣中心正式收盤；yfinance 歷史資料,只使用完整收盤日K，不使用盤中未完成K,上櫃,3226,龍鋒,65.0,65.0,60.5,60.44,58.73,56.89,52.05,47.63,39.78,7.62,False,150543,47470,9785295,2761838,2.1,False,True,57.84,紅K突破,,True,True,False,True,3,False,C級：已漲遠或接近目標，禁止追高,趨勢多頭、量能放大、價量條件足,三角收斂突破,60.8,54.05,76.75,突破第一根,62.02,60.8,62.02,63.88,58.98,9.27,低,6.91,6.91,1.95,18.08,65.0,0.0,False,False,True,距離頸線或前高過遠，禁止追高,頸線以當日前20日高點計算；收盤站上頸線 60.8 至少2%；成交量>=20日均量2倍；不可長上影；回踩須有近10日突破紀錄且不有效跌破頸線；距離頸線>5%禁止進場,0,C,禁止追高,已漲遠或接近目標，空手不追；持有者依策略分批處理。,False,2026-10-01,True,True,STOP,STOP 停止進場,突破買點,取消新進場，只保留觀察,只看續抱 / 減碼 / 停利 / 停損，不新增部位。,停止新進場，先保留現金，等待大盤止跌。,停止新進場，禁止顯示今日可進場。,False,False
2026-10-01,2026-10-01,收盤確認價,臺灣證券交易所 / 證券櫃檯買賣中心正式收盤；yfinance 歷史資料,只使用完整收盤日K，不使用盤中未完成K,上櫃,5013,強新,42.6,42.6,42.6,36.23,33.43,31.19,27.95,28.76,56.62,9.94,True,446884,194198,19037258,7006892,4.65,False,True,30.64,資料不足,,True,True,False,True,3,False,C級：已漲遠或接近目標，禁止追高,趨勢多頭、量能放大、價量條件足,旗型整理突破,35.25,29.63,46.2,突破第一根,35.95,35.25,35.95,37.03,34.19,19.74,低,20.85,9.94,0.43,8.45,42.6,0.0,True,False,True,距離頸線或前高過遠，禁止追高,頸線以當日前20日高點計算；收盤站上頸線 35.25 至少2%；成交量>=20日均量2倍；不可長上影；回踩須有近10日突破紀錄且不有效跌破頸線；距離頸線>5%禁止進場,0,C,禁止追高,已漲遠或接近目標，空手不追；持有者依策略分批處理。,False,2026-10-01,True,True,STOP,STOP 停止進場,接近目標,取消新進場，只保留觀察,只看續抱 / 減碼 / 停利 / 停損，不新增部位。,停止新進場，先保留現金，等待大盤止跌。,停止新進場，禁止顯示今日可進場。,False,False
2026-10-01,2026-10-01,收盤確認價,臺灣證券交易所 / 證券櫃檯買賣中心正式收盤；yfinance 歷史資料,只使用完整收盤日K，不使用盤中未完成K,上櫃,6708,天擎,56.8,56.8,54.9,47.46,43.16,40.5,39.11,39.85,45.64,9.86,True,1499458,166487,85169214,8529907,4.31,False,True,37.4,下影線,,True,True,False,True,3,False,C級：已漲遠或接近目標，禁止追高,趨勢多頭、量能放大、價量條件足,旗型整理突破,47.05,38.47,59.1,突破第一根,47.99,47.05,47.99,49.43,45.64,19.65,低,20.72,9.86,0.21,4.05,56.8,0.0,True,True,True,接近目標區，只給持有者分批停利參考，空手不追高,頸線以當日前20日高點計算；收盤站上頸線 47.05 至少2%；成交量>=20日均量2倍；不可長上影；回踩須有近10日突破紀錄且不有效跌破頸線；距離頸線>5%禁止進場,0,C,禁止追高,已漲遠或接近目標，空手不追；持有者依策略分批處理。,False,2026-10-01,True,True,STOP,STOP 停止進場,接近目標,取消新進場，只保留觀察,只看續抱 / 減碼 / 停利 / 停損，不新增部位。,停止新進場，先保留現金，等待大盤止跌。,停止新進場，禁止顯示今日可進場。,False,False
2026-10-01,2026-10-01,收盤確認價,臺灣證券交易所 / 證券櫃檯買賣中心正式收盤；yfinance 歷史資料,只使用完整收盤日K，不使用盤中未完成K,上櫃,6423,億而得,94.4,94.4,89.1,87.86,85.37,84.42,79.1,84.85,7.64,9.9,True,349134,65482,32958249,5716523,3.02,False,True,14.11,紅K突破,,True,True,False,False,2,False,C級：已漲遠或接近目標，禁止追高,趨勢多頭、量能放大,箱型突破,89.0,80.2,115.5,突破第一根,90.78,89.0,90.78,93.5,86.33,8.55,低,6.07,2.05,2.61,22.35,94.4,0.0,False,False,True,距離頸線或前高過遠，禁止追高,頸線以當日前20日高點計算；收盤站上頸線 89.0 至少2%；成交量>=20日均量2倍；不可長上影；回踩須有近10日突破紀錄且不有效跌破頸線；距離頸線>5%禁止進場,0,C,禁止追高,已漲遠或接近目標，空手不追；持有者依策略分批處理。,False,2026-10-01,True,True,STOP,STOP 停止進場,突破買點,取消新進場，只保留觀察,只看續抱 / 減碼 / 停利 / 停損，不新增部位。,停止新進場，先保留現金，等待大盤止跌。,停止新進場，禁止顯示今日可進場。,False,False
2026-10-01,2026-10-01,收盤確認價,臺灣證券交易所 / 證券櫃檯買賣中心正式收盤；yfinance 歷史資料,只使用完整收盤日K，不使用盤中未完成K,上櫃,6150,撼訊,69.9,69.9,64.0,63.46,62.41,61.51,59.78,63.85,13.84,9.91,True,3244283,384833,226775381,25011289,2.86,False,True,46.33,紅K突破,,True,True,False,False,2,False,C級：已漲遠或接近目標，禁止追高,趨勢多頭、量能放大,箱型突破,66.0,58.8,82.2,突破第一根,67.32,66.0,67.32,69.34,64.02,8.41,低,5.91,5.91,2.09,17.6,69.9,0.0,False,False,True,距離頸線或前高過遠，禁止追高,頸線以當日前20日高點計算；收盤站上頸線 66.0 至少2%；成交量>=20日均量2倍；不可長上影；回踩須有近10日突破紀錄且不有效跌破頸線；距離頸線>5%禁止進場,0,C,禁止追高,已漲遠或接近目標，空手不追；持有者依策略分批處理。,False,2026-10-01,True,True,STOP,STOP 停止進場,突破買點,取消新進場，只保留觀察,只看續抱 / 減碼 / 停利 / 停損，不新增部位。,停止新進場，先保留現金，等待大盤止跌。,停止新進場，禁止顯示今日可進場。,False,False
2026-10-01,2026-10-01,收盤確認價,臺灣證券交易所 / 證券櫃檯買賣中心正式收盤；yfinance 歷史資料,只使用完整收盤日K，不使用盤中未完成K,上櫃,6877,鏵友益,138.5,138.5,138.5,128.3,123.3,118.58,121.07,114.76,7.78,9.92,True,164685,65767,22808872,7967338,4.05,False,True,30.17,資料不足,自動化 設備 機器人 半導體設備,False,True,True,False,2,False,C級：已漲遠或接近目標，禁止追高,量能放大、題材命中,三角收斂突破,130.0,112.65,157.0,突破第一根,132.6,130.0,132.6,136.58,126.1,8.95,低,6.54,1.07,1.49,13.36,138.5,0.0,False,False,True,距離頸線或前高過遠，禁止追高,頸線以當日前20日高點計算；收盤站上頸線 130.0 至少2%；成交量>=20日均量2倍；不可長上影；回踩須有近10日突破紀錄且不有效跌破頸線；距離頸線>5%禁止進場,0,C,禁止追高,已漲遠或接近目標，空手不追；持有者依策略分批處理。,False,2026-10-01,True,True,STOP,STOP 停止進場,突破買點,取消新進場，只保留觀察,只看續抱 / 減碼 / 停利 / 停損，不新增部位。,停止新進場，先保留現金，等待大盤止跌。,停止新進場，禁止顯示今日可進場。,False,False
2026-10-01,2026-10-01,收盤確認價,臺灣證券交易所 / 證券櫃檯買賣中心正式收盤；yfinance 歷史資料,只使用完整收盤日K，不使用盤中未完成K,上櫃,3147,大綜,267.5,267.5,240.0,246.3,240.95,231.6,228.59,198.76,18.36,9.86,True,1672964,622356,447517870,147570864,3.03,True,True,48.95,紅K突破,,True,True,False,False,2,False,C級：已漲遠或接近目標，禁止追高,趨勢多頭、量能放大,三角收斂突破,250.0,220.02,304.5,突破第一根,255.0,250.0,255.0,262.65,242.5,9.35,低,7.0,1.47,1.48,13.83,267.5,0.0,False,False,True,距離頸線或前高過遠，禁止追高,頸線以當日前20日高點計算；收盤站上頸線 250.0 至少2%；成交量>=20日均量2倍；不可長上影；回踩須有近10日突破紀錄且不有效跌破頸線；距離頸線>5%禁止進場,0,C,禁止追高,已漲遠或接近目標，空手不追；持有者依策略分批處理。,False,2026-10-01,True,True,STOP,STOP 停止進場,突破買點,取消新進場，只保留觀察,只看續抱 / 減碼 / 停利 / 停損，不新增部位。,停止新進場，先保留現金，等待大盤止跌。,停止新進場，禁止顯示今日可進場。,False,False
2026-10-01,2026-10-01,收盤確認價,臺灣證券交易所 / 證券櫃檯買賣中心正式收盤；yfinance 歷史資料,只使用完整收盤日K，不使用盤中未完成K,上市,2340,台亞,43.85,44.7,40.25,38.31,36.02,34.29,32.88,30.65,19.16,7.48,False,40533802,7035612,1777407217,272379721,3.76,True,True,27.94,紅K突破,,True,True,False,False,2,False,C級：已漲遠或接近目標，禁止追高,趨勢多頭、量能放大,旗型整理突破,38.0,32.58,51.2,突破第一根,38.76,38.0,38.76,39.92,36.86,15.94,低,15.39,5.66,1.05,16.76,43.85,1.94,True,False,True,距離頸線或前高過遠，禁止追高,頸線以當日前20日高點計算；收盤站上頸線 38.0 至少2%；成交量>=20日均量2倍；不可長上影；回踩須有近10日突破紀錄且不有效跌破頸線；距離頸線>5%禁止進場,0,C,禁止追高,已漲遠或接近目標，空手不追；持有者依策略分批處理。,False,2026-10-01,True,True,STOP,STOP 停止進場,突破買點,取消新進場，只保留觀察,只看續抱 / 減碼 / 停利 / 停損，不新增部位。,停止新進場，先保留現金，等待大盤止跌。,停止新進場，禁止顯示今日可進場。,False,False
2026-10-01,2026-10-01,收盤確認價,臺灣證券交易所 / 證券櫃檯買賣中心正式收盤；yfinance 歷史資料,只使用完整收盤日K，不使用盤中未完成K,上櫃,6603,富強鑫,29.8,30.55,28.75,28.47,28.09,26.57,26.22,24.35,15.95,3.47,False,7484108,2749295,223026418,77056338,3.53,True,True,43.13,一般K,,True,True,False,False,2,False,C級：已漲遠或接近目標，禁止追高,趨勢多頭、量能放大,接近成形,27.9,25.24,32.5,突破第一根,28.46,27.9,28.46,29.31,27.06,9.18,低,6.81,2.93,0.99,9.06,29.8,2.52,True,False,True,距離頸線或前高過遠，禁止追高,頸線以當日前20日高點計算；收盤站上頸線 27.9 至少2%；成交量>=20日均量2倍；不可長上影；回踩須有近10日突破紀錄且不有效跌破頸線；距離頸線>5%禁止進場,0,C,禁止追高,已漲遠或接近目標，空手不追；持有者依策略分批處理。,False,2026-10-01,True,True,STOP,STOP 停止進場,接近目標,取消新進場，只保留觀察,只看續抱 / 減碼 / 停利 / 停損，不新增部位。,停止新進場，先保留現金，等待大盤止跌。,停止新進場，禁止顯示今日可進場。,False,False
2026-10-01,2026-10-01,收盤確認價,臺灣證券交易所 / 證券櫃檯買賣中心正式收盤；yfinance 歷史資料,只使用完整收盤日K，不使用盤中未完成K,上市,2020,美亞,26.2,29.25,26.0,24.18,22.82,22.25,21.69,22.78,22.72,-1.87,False,21074637,1863275,552155489,47226640,3.19,True,True,31.09,長黑,,True,True,False,False,2,False,C級：已漲遠或接近目標，禁止追高,趨勢多頭、量能放大,接近成形,24.3,21.35,27.75,突破第一根,24.79,24.3,24.79,25.53,23.57,10.03,低,7.82,1.87,0.59,5.92,26.2,0.19,True,False,True,距離頸線或前高過遠，禁止追高,頸線以當日前20日高點計算；收盤站上頸線 24.3 至少2%；成交量>=20日均量2倍；不可長上影；回踩須有近10日突破紀錄且不有效跌破頸線；距離頸線>5%禁止進場,0,C,禁止追高,已漲遠或接近目標，空手不追；持有者依策略分批處理。,False,2026-10-01,True,True,STOP,STOP 停止進場,接近目標,取消新進場，只保留觀察,只看續抱 / 減碼 / 停利 / 停損，不新增部位。,停止新進場，先保留現金，等待大盤止跌。,停止新進場，禁止顯示今日可進場。,False,False
2026-10-01,2026-10-01,收盤確認價,臺灣證券交易所 / 證券櫃檯買賣中心正式收盤；yfinance 歷史資料,只使用完整收盤日K，不使用盤中未完成K,上櫃,5016,松和,28.1,28.1,25.55,25.57,25.08,24.82,24.45,25.26,16.36,9.98,True,385903,32208,10843874,866183,2.34,False,True,35.32,紅K突破,,True,True,False,False,2,False,C級：已漲遠或接近目標，禁止追高,趨勢多頭、量能放大,箱型突破,24.8,24.15,26.0,突破第一根,25.3,24.8,25.3,26.05,24.06,14.39,低,13.31,8.7,0.0,0.0,28.1,0.0,True,True,True,接近目標區，只給持有者分批停利參考，空手不追高,頸線以當日前20日高點計算；收盤站上頸線 24.8 至少2%；成交量>=20日均量2倍；不可長上影；回踩須有近10日突破紀錄且不有效跌破頸線；距離頸線>5%禁止進場,0,C,禁止追高,已漲遠或接近目標，空手不追；持有者依策略分批處理。,False,2026-10-01,True,True,STOP,STOP 停止進場,接近目標,取消新進場，只保留觀察,只看續抱 / 減碼 / 停利 / 停損，不新增部位。,停止新進場，先保留現金，等待大盤止跌。,停止新進場，禁止顯示今日可進場。,False,False
2026-10-01,2026-10-01,收盤確認價,臺灣證券交易所 / 證券櫃檯買賣中心正式收盤；yfinance 歷史資料,只使用完整收盤日K，不使用盤中未完成K,上櫃,6485,點序,84.7,84.7,77.5,73.92,69.49,64.93,64.33,80.78,9.01,10.0,True,3565659,652860,302011317,47779936,4.74,True,True,38.85,紅K突破,,True,True,False,False,2,False,C級：已漲遠或接近目標，禁止追高,趨勢多頭、量能放大,旗型整理突破,65.3,61.68,78.5,突破第一根,66.61,65.3,66.61,68.6,63.34,25.22,低,29.71,7.22,0.0,0.0,84.7,0.0,True,True,True,接近目標區，只給持有者分批停利參考，空手不追高,頸線以當日前20日高點計算；收盤站上頸線 65.3 至少2%；成交量>=20日均量2倍；不可長上影；回踩須有近10日突破紀錄且不有效跌破頸線；距離頸線>5%禁止進場,0,C,禁止追高,已漲遠或接近目標，空手不追；持有者依策略分批處理。,False,2026-10-01,True,True,STOP,STOP 停止進場,接近目標,取消新進場，只保留觀察,只看續抱 / 減碼 / 停利 / 停損，不新增部位。,停止新進場，先保留現金，等待大盤止跌。,停止新進場，禁止顯示今日可進場。,False,False
2026-10-01,2026-10-01,收盤確認價,臺灣證券交易所 / 證券櫃檯買賣中心正式收盤；yfinance 歷史資料,只使用完整收盤日K，不使用盤中未完成K,上櫃,6174,安碁,50.0,50.0,45.45,46.01,45.2,44.0,45.68,33.15,-18.3,9.89,True,1621448,641171,81072400,28646635,3.6,False,True,29.15,紅K突破,,False,True,False,False,1,False,C級：已漲遠或接近目標，禁止追高,量能放大,三角收斂突破,47.25,41.8,57.5,突破第一根,48.2,47.25,48.2,49.64,45.83,8.34,低,5.82,21.14,1.8,15.0,50.0,0.0,False,False,True,距離頸線或前高過遠，禁止追高,頸線以當日前20日高點計算；收盤站上頸線 47.25 至少2%；成交量>=20日均量2倍；不可長上影；回踩須有近10日突破紀錄且不有效跌破頸線；距離頸線>5%禁止進場,0,C,禁止追高,已漲遠或接近目標，空手不追；持有者依策略分批處理。,False,2026-10-01,True,True,STOP,STOP 停止進場,突破買點,取消新進場，只保留觀察,只看續抱 / 減碼 / 停利 / 停損，不新增部位。,停止新進場，先保留現金，等待大盤止跌。,停止新進場，禁止顯示今日可進場。,False,False
2026-10-01,2026-10-01,收盤確認價,臺灣證券交易所 / 證券櫃檯買賣中心正式收盤；yfinance 歷史資料,只使用完整收盤日K，不使用盤中未完成K,上櫃,8289,泰藝,51.0,51.0,46.3,46.53,45.08,44.28,45.8,38.9,-15.0,9.91,True,2531326,489169,129097626,22440095,3.39,False,True,33.61,紅K突破,,False,True,False,False,1,False,C級：已漲遠或接近目標，禁止追高,量能放大,三角收斂突破,47.7,42.07,59.4,突破第一根,48.65,47.7,48.65,50.11,46.27,9.28,低,6.92,19.69,1.78,16.47,51.0,0.0,False,False,True,距離頸線或前高過遠，禁止追高,頸線以當日前20日高點計算；收盤站上頸線 47.7 至少2%；成交量>=20日均量2倍；不可長上影；回踩須有近10日突破紀錄且不有效跌破頸線；距離頸線>5%禁止進場,0,C,禁止追高,已漲遠或接近目標，空手不追；持有者依策略分批處理。,False,2026-10-01,True,True,STOP,STOP 停止進場,突破買點,取消新進場，只保留觀察,只看續抱 / 減碼 / 停利 / 停損，不新增部位。,停止新進場，先保留現金，等待大盤止跌。,停止新進場，禁止顯示今日可進場。,False,False
2026-10-01,2026-10-01,收盤確認價,臺灣證券交易所 / 證券櫃檯買賣中心正式收盤；yfinance 歷史資料,只使用完整收盤日K，不使用盤中未完成K,上櫃,8027,鈦昇,209.5,225.0,207.0,198.8,188.15,181.7,187.73,154.24,-4.77,-5.63,False,9159424,3118948,1918899328,580522451,4.34,True,True,19.38,長黑,,False,True,False,False,1,False,C級：已漲遠或接近目標，禁止追高,量能放大,旗型整理突破,192.5,172.61,243.0,突破第一根,196.35,192.5,196.35,202.24,186.72,10.87,低,8.83,19.73,1.47,15.99,209.5,0.0,True,False,True,距離頸線或前高過遠，禁止追高,頸線以當日前20日高點計算；收盤站上頸線 192.5 至少2%；成交量>=20日均量2倍；不可長上影；回踩須有近10日突破紀錄且不有效跌破頸線；距離頸線>5%禁止進場,0,C,禁止追高,已漲遠或接近目標，空手不追；持有者依策略分批處理。,False,2026-10-01,True,True,STOP,STOP 停止進場,突破買點,取消新進場，只保留觀察,只看續抱 / 減碼 / 停利 / 停損，不新增部位。,停止新進場，先保留現金，等待大盤止跌。,停止新進場，禁止顯示今日可進場。,False,False
2026-10-01,2026-10-01,收盤確認價,臺灣證券交易所 / 證券櫃檯買賣中心正式收盤；yfinance 歷史資料,只使用完整收盤日K，不使用盤中未完成K,上櫃,5276,達輝-KY,17.3,17.6,17.3,18.06,18.16,17.95,18.66,17.05,-12.41,-1.7,False,7000,1668,121100,29659,1.87,False,True,31.93,一般K,,False,True,False,False,1,False,C級：已漲遠或接近目標，禁止追高,量能放大,三角收斂突破,18.85,17.2,20.5,接近成形＋可觀察,19.23,18.85,19.23,19.8,18.28,4.9,低,-8.22,15.2,1.35,6.62,19.23,0.0,False,False,True,距離頸線或前高過遠，禁止追高,頸線以當日前20日高點計算；收盤站上頸線 18.85 至少2%；成交量>=20日均量2倍；不可長上影；回踩須有近10日突破紀錄且不有效跌破頸線；距離頸線>5%禁止進場,0,C,禁止追高,已漲遠或接近目標，空手不追；持有者依策略分批處理。,False,2026-10-01,True,True,STOP,STOP 停止進場,觀察,取消新進場，只保留觀察,只看續抱 / 減碼 / 停利 / 停損，不新增部位。,停止新進場，先保留現金，等待大盤止跌。,停止新進場，禁止顯示今日可進場。,False,False
2026-10-01,2026-10-01,收盤確認價,臺灣證券交易所 / 證券櫃檯買賣中心正式收盤；yfinance 歷史資料,只使用完整收盤日K，不使用盤中未完成K,上櫃,3541,西柏,24.4,24.55,24.2,24.47,23.53,22.69,21.96,23.43,10.66,0.0,False,34149,103342,833235,2491567,2.28,False,True,35.48,一般K,,True,False,False,False,1,False,C級：已漲遠或接近目標，禁止追高,趨勢多頭,接近成形,22.4,21.56,24.3,接近成形＋可觀察,22.85,22.4,22.85,23.53,21.73,4.9,低,8.93,5.43,1.3,6.36,22.85,0.0,True,True,True,接近目標區，只給持有者分批停利參考，空手不追高,頸線以當日前20日高點計算；收盤站上頸線 22.4 至少2%；成交量>=20日均量2倍；不可長上影；回踩須有近10日突破紀錄且不有效跌破頸線；距離頸線>5%禁止進場,0,C,禁止追高,已漲遠或接近目標，空手不追；持有者依策略分批處理。,False,2026-10-01,True,True,STOP,STOP 停止進場,接近目標,取消新進場，只保留觀察,只看續抱 / 減碼 / 停利 / 停損，不新增部位。,停止新進場，先保留現金，等待大盤止跌。,停止新進場，禁止顯示今日可進場。,False,False
2026-10-01,2026-10-01,收盤確認價,臺灣證券交易所 / 證券櫃檯買賣中心正式收盤；yfinance 歷史資料,只使用完整收盤日K，不使用盤中未完成K,上櫃,6432,今展科,69.8,69.8,62.5,62.76,60.21,58.66,66.54,48.38,-9.35,9.92,True,3165223,695587,220932565,43091078,4.39,True,True,33.35,紅K突破,,False,True,False,False,1,False,C級：已漲遠或接近目標，禁止追高,量能放大,接近成形,65.1,55.73,78.2,突破第一根,66.4,65.1,66.4,68.39,63.15,9.53,低,7.22,12.75,1.26,12.03,69.8,0.0,False,False,True,距離頸線或前高過遠，禁止追高,頸線以當日前20日高點計算；收盤站上頸線 65.1 至少2%；成交量>=20日均量2倍；不可長上影；回踩須有近10日突破紀錄且不有效跌破頸線；距離頸線>5%禁止進場,0,C,禁止追高,已漲遠或接近目標，空手不追；持有者依策略分批處理。,False,2026-10-01,True,True,STOP,STOP 停止進場,突破買點,取消新進場，只保留觀察,只看續抱 / 減碼 / 停利 / 停損，不新增部位。,停止新進場，先保留現金，等待大盤止跌。,停止新進場，禁止顯示今日可進場。,False,False
2026-10-01,2026-10-01,收盤確認價,臺灣證券交易所 / 證券櫃檯買賣中心正式收盤；yfinance 歷史資料,只使用完整收盤日K，不使用盤中未完成K,上市,2250,IKKA-KY,55.7,57.0,55.6,56.82,56.69,56.56,59.33,67.4,-15.86,-2.28,False,112855,53338,6286023,3009802,1.35,False,True,36.08,一般K,,False,True,False,False,1,False,C級：已漲遠或接近目標，禁止追高,量能放大,三角收斂突破,59.1,54.6,63.6,接近成形＋可觀察,60.28,59.1,60.28,62.09,57.33,4.9,低,-5.75,20.2,1.12,5.5,60.28,0.18,False,False,True,距離頸線或前高過遠，禁止追高,頸線以當日前20日高點計算；收盤站上頸線 59.1 至少2%；成交量>=20日均量2倍；不可長上影；回踩須有近10日突破紀錄且不有效跌破頸線；距離頸線>5%禁止進場,0,C,禁止追高,已漲遠或接近目標，空手不追；持有者依策略分批處理。,False,2026-10-01,True,True,STOP,STOP 停止進場,觀察,取消新進場，只保留觀察,只看續抱 / 減碼 / 停利 / 停損，不新增部位。,停止新進場，先保留現金，等待大盤止跌。,停止新進場，禁止顯示今日可進場。,False,False
2026-10-01,2026-10-01,收盤確認價,臺灣證券交易所 / 證券櫃檯買賣中心正式收盤；yfinance 歷史資料,只使用完整收盤日K，不使用盤中未完成K,上櫃,6127,九豪,56.8,56.8,52.2,51.05,49.81,49.14,52.49,45.88,-25.36,9.86,True,16537157,3351287,939310517,171075326,4.04,True,True,11.01,紅K突破,,False,True,False,False,1,False,C級：已漲遠或接近目標，禁止追高,量能放大,三角收斂突破,52.3,46.68,63.5,突破第一根,53.35,52.3,53.35,54.95,50.73,10.68,低,8.6,27.74,1.1,11.8,56.8,0.0,False,False,True,距離頸線或前高過遠，禁止追高,頸線以當日前20日高點計算；收盤站上頸線 52.3 至少2%；成交量>=20日均量2倍；不可長上影；回踩須有近10日突破紀錄且不有效跌破頸線；距離頸線>5%禁止進場,0,C,禁止追高,已漲遠或接近目標，空手不追；持有者依策略分批處理。,False,2026-10-01,True,True,STOP,STOP 停止進場,突破買點,取消新進場，只保留觀察,只看續抱 / 減碼 / 停利 / 停損，不新增部位。,停止新進場，先保留現金，等待大盤止跌。,停止新進場，禁止顯示今日可進場。,False,False
2026-10-01,2026-10-01,收盤確認價,臺灣證券交易所 / 證券櫃檯買賣中心正式收盤；yfinance 歷史資料,只使用完整收盤日K，不使用盤中未完成K,上櫃,1781,合世,9.99,9.99,9.91,10.01,10.08,10.12,10.92,11.56,-16.75,0.0,False,30015,13266,299849,133893,0.98,False,True,66.94,一般K,,False,True,False,False,1,False,C級：已漲遠或接近目標，禁止追高,量能放大,三角收斂突破,10.6,9.82,11.38,接近成形＋可觀察,10.81,10.6,10.81,11.14,10.28,4.9,低,-5.75,19.44,1.07,5.25,10.81,0.0,False,False,True,距離頸線或前高過遠，禁止追高,頸線以當日前20日高點計算；收盤站上頸線 10.6 至少2%；成交量>=20日均量2倍；不可長上影；回踩須有近10日突破紀錄且不有效跌破頸線；距離頸線>5%禁止進場,0,C,禁止追高,已漲遠或接近目標，空手不追；持有者依策略分批處理。,False,2026-10-01,True,True,STOP,STOP 停止進場,觀察,取消新進場，只保留觀察,只看續抱 / 減碼 / 停利 / 停損，不新增部位。,停止新進場，先保留現金，等待大盤止跌。,停止新進場，禁止顯示今日可進場。,False,False
2026-10-01,2026-10-01,收盤確認價,臺灣證券交易所 / 證券櫃檯買賣中心正式收盤；yfinance 歷史資料,只使用完整收盤日K，不使用盤中未完成K,上市,1467,南緯,7.94,8.02,7.7,8.02,8.06,8.09,8.73,7.66,-5.59,-1.12,False,372161,147623,2954958,1190779,1.18,False,True,12.72,下影線,,False,True,False,False,1,False,C級：已漲遠或接近目標，禁止追高,量能放大,三角收斂突破,8.48,7.9,9.06,接近成形＋可觀察,8.65,8.48,8.65,8.91,8.23,4.9,低,-6.37,25.45,0.97,4.74,8.65,0.0,False,False,True,距離頸線或前高過遠，禁止追高,頸線以當日前20日高點計算；收盤站上頸線 8.48 至少2%；成交量>=20日均量2倍；不可長上影；回踩須有近10日突破紀錄且不有效跌破頸線；距離頸線>5%禁止進場,0,C,禁止追高,已漲遠或接近目標，空手不追；持有者依策略分批處理。,False,2026-10-01,True,True,STOP,STOP 停止進場,觀察,取消新進場，只保留觀察,只看續抱 / 減碼 / 停利 / 停損，不新增部位。,停止新進場，先保留現金，等待大盤止跌。,停止新進場，禁止顯示今日可進場。,False,False
2026-10-01,2026-10-01,收盤確認價,臺灣證券交易所 / 證券櫃檯買賣中心正式收盤；yfinance 歷史資料,只使用完整收盤日K，不使用盤中未完成K,上櫃,6233,旺玖,23.55,24.5,23.3,22.18,21.47,20.99,21.56,23.43,-2.69,3.29,False,515053,129899,12129498,2800508,1.85,False,True,41.7,一般K,,False,True,False,False,1,False,C級：已漲遠或接近目標，禁止追高,量能放大,三角收斂突破,21.95,20.0,25.6,突破第一根,22.39,21.95,22.39,23.06,21.29,9.59,低,7.29,8.19,0.91,8.7,23.55,2.97,True,False,True,距離頸線或前高過遠，禁止追高,頸線以當日前20日高點計算；收盤站上頸線 21.95 至少2%；成交量>=20日均量2倍；不可長上影；回踩須有近10日突破紀錄且不有效跌破頸線；距離頸線>5%禁止進場,0,C,禁止追高,已漲遠或接近目標，空手不追；持有者依策略分批處理。,False,2026-10-01,True,True,STOP,STOP 停止進場,接近目標,取消新進場，只保留觀察,只看續抱 / 減碼 / 停利 / 停損，不新增部位。,停止新進場，先保留現金，等待大盤止跌。,停止新進場，禁止顯示今日可進場。,False,False
2026-10-01,2026-10-01,收盤確認價,臺灣證券交易所 / 證券櫃檯買賣中心正式收盤；yfinance 歷史資料,只使用完整收盤日K，不使用盤中未完成K,上櫃,5220,萬達光電,23.2,24.3,22.6,21.84,20.81,20.24,20.33,19.68,12.62,-4.13,False,835488,159498,19383321,3672243,3.32,False,True,27.83,長黑,,False,True,False,False,1,False,C級：已漲遠或接近目標，禁止追高,量能放大,接近成形,22.0,19.23,24.85,突破第一根,22.44,22.0,22.44,23.11,21.34,8.02,低,5.45,4.13,0.89,7.11,23.2,0.22,True,False,True,距離頸線或前高過遠，禁止追高,頸線以當日前20日高點計算；收盤站上頸線 22.0 至少2%；成交量>=20日均量2倍；不可長上影；回踩須有近10日突破紀錄且不有效跌破頸線；距離頸線>5%禁止進場,0,C,禁止追高,已漲遠或接近目標，空手不追；持有者依策略分批處理。,False,2026-10-01,True,True,STOP,STOP 停止進場,接近目標,取消新進場，只保留觀察,只看續抱 / 減碼 / 停利 / 停損，不新增部位。,停止新進場，先保留現金，等待大盤止跌。,停止新進場，禁止顯示今日可進場。,False,False
2026-10-01,2026-10-01,收盤確認價,臺灣證券交易所 / 證券櫃檯買賣中心正式收盤；yfinance 歷史資料,只使用完整收盤日K，不使用盤中未完成K,上櫃,6474,華豫寧,35.45,35.85,35.0,35.53,35.48,35.8,37.29,37.44,-5.09,-0.7,False,87200,26127,3091240,933414,0.77,False,True,31.54,一般K,,False,True,False,False,1,False,C級：已漲遠或接近目標，禁止追高,量能放大,三角收斂突破,37.4,35.0,39.8,接近成形＋可觀察,38.15,37.4,38.15,39.29,36.28,4.9,低,-5.21,12.58,0.88,4.33,38.15,0.0,False,False,True,距離頸線或前高過遠，禁止追高,頸線以當日前20日高點計算；收盤站上頸線 37.4 至少2%；成交量>=20日均量2倍；不可長上影；回踩須有近10日突破紀錄且不有效跌破頸線；距離頸線>5%禁止進場,0,C,禁止追高,已漲遠或接近目標，空手不追；持有者依策略分批處理。,False,2026-10-01,True,True,STOP,STOP 停止進場,觀察,取消新進場，只保留觀察,只看續抱 / 減碼 / 停利 / 停損，不新增部位。,停止新進場，先保留現金，等待大盤止跌。,停止新進場，禁止顯示今日可進場。,False,False
2026-10-01,2026-10-01,收盤確認價,臺灣證券交易所 / 證券櫃檯買賣中心正式收盤；yfinance 歷史資料,只使用完整收盤日K，不使用盤中未完成K,上市,2028,威致,16.6,17.25,16.6,16.51,16.13,15.93,15.73,16.91,4.08,-3.21,False,237108,115207,3935992,1873494,1.58,False,True,35.14,一般K,,False,True,False,False,1,False,C級：已漲遠或接近目標，禁止追高,量能放大,箱型突破,16.05,15.4,17.1,突破第一根,16.37,16.05,16.37,16.86,15.57,6.21,低,3.43,3.21,0.48,3.01,16.6,0.6,True,True,True,接近目標區，只給持有者分批停利參考，空手不追高,頸線以當日前20日高點計算；收盤站上頸線 16.05 至少2%；成交量>=20日均量2倍；不可長上影；回踩須有近10日突破紀錄且不有效跌破頸線；距離頸線>5%禁止進場,0,C,禁止追高,已漲遠或接近目標，空手不追；持有者依策略分批處理。,False,2026-10-01,True,True,STOP,STOP 停止進場,接近目標,取消新進場，只保留觀察,只看續抱 / 減碼 / 停利 / 停損，不新增部位。,停止新進場，先保留現金，等待大盤止跌。,停止新進場，禁止顯示今日可進場。,False,False
2026-10-01,2026-10-01,收盤確認價,臺灣證券交易所 / 證券櫃檯買賣中心正式收盤；yfinance 歷史資料,只使用完整收盤日K，不使用盤中未完成K,上櫃,4729,熒茂,20.4,21.05,19.95,19.49,19.1,18.86,19.23,21.14,-5.77,-1.21,False,903732,150244,18436132,2989609,2.36,False,True,30.68,一般K,,False,True,False,False,1,False,C級：已漲遠或接近目標，禁止追高,量能放大,三角收斂突破,19.2,18.15,21.1,突破第一根,19.58,19.2,19.58,20.17,18.62,8.71,低,6.25,9.93,0.39,3.43,20.4,0.25,True,True,True,接近目標區，只給持有者分批停利參考，空手不追高,頸線以當日前20日高點計算；收盤站上頸線 19.2 至少2%；成交量>=20日均量2倍；不可長上影；回踩須有近10日突破紀錄且不有效跌破頸線；距離頸線>5%禁止進場,0,C,禁止追高,已漲遠或接近目標，空手不追；持有者依策略分批處理。,False,2026-10-01,True,True,STOP,STOP 停止進場,接近目標,取消新進場，只保留觀察,只看續抱 / 減碼 / 停利 / 停損，不新增部位。,停止新進場，先保留現金，等待大盤止跌。,停止新進場，禁止顯示今日可進場。,False,False
2026-10-01,2026-10-01,收盤確認價,臺灣證券交易所 / 證券櫃檯買賣中心正式收盤；yfinance 歷史資料,只使用完整收盤日K，不使用盤中未完成K,上櫃,8121,越峰,34.65,34.65,31.0,31.32,29.42,28.22,30.56,30.93,-22.91,10.0,True,2904156,759523,100629005,23085581,3.67,False,True,30.67,紅K突破,,False,True,False,False,1,False,C級：已漲遠或接近目標，禁止追高,量能放大,接近成形,30.65,26.81,35.3,突破第一根,31.26,30.65,31.26,32.2,29.73,14.2,低,13.05,24.59,0.13,1.88,34.65,0.0,True,True,True,接近目標區，只給持有者分批停利參考，空手不追高,頸線以當日前20日高點計算；收盤站上頸線 30.65 至少2%；成交量>=20日均量2倍；不可長上影；回踩須有近10日突破紀錄且不有效跌破頸線；距離頸線>5%禁止進場,0,C,禁止追高,已漲遠或接近目標，空手不追；持有者依策略分批處理。,False,2026-10-01,True,True,STOP,STOP 停止進場,接近目標,取消新進場，只保留觀察,只看續抱 / 減碼 / 停利 / 停損，不新增部位。,停止新進場，先保留現金，等待大盤止跌。,停止新進場，禁止顯示今日可進場。,False,False
2026-10-01,2026-10-01,收盤確認價,臺灣證券交易所 / 證券櫃檯買賣中心正式收盤；yfinance 歷史資料,只使用完整收盤日K，不使用盤中未完成K,上市,1443,立益物流,23.35,23.5,23.35,23.2,23.3,23.46,24.97,25.93,-11.55,-0.43,False,3001,13224,70073,310517,0.97,False,True,20.5,一般K,,False,False,False,False,0,False,C級：已漲遠或接近目標，禁止追高,條件不足,接近成形,24.85,22.5,27.2,接近成形＋可觀察,25.35,24.85,25.35,26.11,24.1,4.9,低,-6.04,14.78,1.49,7.31,25.35,0.0,False,False,True,距離頸線或前高過遠，禁止追高,頸線以當日前20日高點計算；收盤站上頸線 24.85 至少2%；成交量>=20日均量2倍；不可長上影；回踩須有近10日突破紀錄且不有效跌破頸線；距離頸線>5%禁止進場,0,C,禁止追高,已漲遠或接近目標，空手不追；持有者依策略分批處理。,False,2026-10-01,True,True,STOP,STOP 停止進場,觀察,取消新進場，只保留觀察,只看續抱 / 減碼 / 停利 / 停損，不新增部位。,停止新進場，先保留現金，等待大盤止跌。,停止新進場，禁止顯示今日可進場。,False,False
2026-10-01,2026-10-01,收盤確認價,臺灣證券交易所 / 證券櫃檯買賣中心正式收盤；yfinance 歷史資料,只使用完整收盤日K，不使用盤中未完成K,上市,1225,福懋油,24.2,24.5,23.7,24.45,24.57,24.68,25.38,29.15,-13.42,-1.43,False,60991,77372,1475982,1917328,1.14,False,True,20.89,下影線,,False,False,False,False,0,False,C級：已漲遠或接近目標，禁止追高,條件不足,接近成形,26.0,24.1,28.45,接近成形＋可觀察,26.52,26.0,26.52,27.32,25.22,4.9,低,-6.92,13.88,1.48,7.28,26.52,0.0,False,False,True,距離頸線或前高過遠，禁止追高,頸線以當日前20日高點計算；收盤站上頸線 26.0 至少2%；成交量>=20日均量2倍；不可長上影；回踩須有近10日突破紀錄且不有效跌破頸線；距離頸線>5%禁止進場,0,C,禁止追高,已漲遠或接近目標，空手不追；持有者依策略分批處理。,False,2026-10-01,True,True,STOP,STOP 停止進場,觀察,取消新進場，只保留觀察,只看續抱 / 減碼 / 停利 / 停損，不新增部位。,停止新進場，先保留現金，等待大盤止跌。,停止新進場，禁止顯示今日可進場。,False,False
2026-10-01,2026-10-01,收盤確認價,臺灣證券交易所 / 證券櫃檯買賣中心正式收盤；yfinance 歷史資料,只使用完整收盤日K，不使用盤中未完成K,上櫃,3303,岱稜,48.7,48.85,48.65,48.43,48.49,49.36,52.35,49.08,-12.57,0.1,False,108055,211507,5262278,10415539,1.48,False,True,40.19,一般K,,False,False,False,False,0,False,C級：已漲遠或接近目標，禁止追高,條件不足,接近成形,52.2,47.35,57.05,接近成形＋可觀察,53.24,52.2,53.24,54.84,50.63,4.9,低,-6.7,22.33,1.46,7.15,53.24,0.31,False,False,True,距離頸線或前高過遠，禁止追高,頸線以當日前20日高點計算；收盤站上頸線 52.2 至少2%；成交量>=20日均量2倍；不可長上影；回踩須有近10日突破紀錄且不有效跌破頸線；距離頸線>5%禁止進場,0,C,禁止追高,已漲遠或接近目標，空手不追；持有者依策略分批處理。,False,2026-10-01,True,True,STOP,STOP 停止進場,觀察,取消新進場，只保留觀察,只看續抱 / 減碼 / 停利 / 停損，不新增部位。,停止新進場，先保留現金，等待大盤止跌。,停止新進場，禁止顯示今日可進場。,False,False
2026-10-01,2026-10-01,收盤確認價,臺灣證券交易所 / 證券櫃檯買賣中心正式收盤；yfinance 歷史資料,只使用完整收盤日K，不使用盤中未完成K,上市,2204,中華,52.2,52.3,52.0,52.3,52.43,52.9,53.48,56.08,-9.37,-0.19,False,204052,452473,10651514,23997630,0.53,False,True,33.03,一般K,,False,False,False,False,0,False,C級：已漲遠或接近目標，禁止追高,條件不足,接近成形,55.1,51.9,60.2,接近成形＋可觀察,56.2,55.1,56.2,57.89,53.45,4.9,低,-5.26,10.31,1.45,7.11,56.2,0.19,False,False,True,距離頸線或前高過遠，禁止追高,頸線以當日前20日高點計算；收盤站上頸線 55.1 至少2%；成交量>=20日均量2倍；不可長上影；回踩須有近10日突破紀錄且不有效跌破頸線；距離頸線>5%禁止進場,0,C,禁止追高,已漲遠或接近目標，空手不追；持有者依策略分批處理。,False,2026-10-01,True,True,STOP,STOP 停止進場,觀察,取消新進場，只保留觀察,只看續抱 / 減碼 / 停利 / 停損，不新增部位。,停止新進場，先保留現金，等待大盤止跌。,停止新進場，禁止顯示今日可進場。,False,False
2026-10-01,2026-10-01,收盤確認價,臺灣證券交易所 / 證券櫃檯買賣中心正式收盤；yfinance 歷史資料,只使用完整收盤日K，不使用盤中未完成K,上市,1524,耿鼎,25.95,26.15,25.8,26.01,26.04,26.25,26.76,29.12,-8.79,-0.57,False,176035,231939,4568108,6103758,0.72,False,True,55.71,一般K,,False,False,False,False,0,False,C級：已漲遠或接近目標，禁止追高,條件不足,接近成形,27.55,25.65,30.1,接近成形＋可觀察,28.1,27.55,28.1,28.94,26.72,4.9,低,-5.81,10.52,1.45,7.11,28.1,0.0,False,False,True,距離頸線或前高過遠，禁止追高,頸線以當日前20日高點計算；收盤站上頸線 27.55 至少2%；成交量>=20日均量2倍；不可長上影；回踩須有近10日突破紀錄且不有效跌破頸線；距離頸線>5%禁止進場,0,C,禁止追高,已漲遠或接近目標，空手不追；持有者依策略分批處理。,False,2026-10-01,True,True,STOP,STOP 停止進場,觀察,取消新進場，只保留觀察,只看續抱 / 減碼 / 停利 / 停損，不新增部位。,停止新進場，先保留現金，等待大盤止跌。,停止新進場，禁止顯示今日可進場。,False,False
2026-10-01,2026-10-01,收盤確認價,臺灣證券交易所 / 證券櫃檯買賣中心正式收盤；yfinance 歷史資料,只使用完整收盤日K，不使用盤中未完成K,上櫃,5302,太欣,9.86,9.87,9.8,9.79,9.77,9.88,10.57,10.64,-28.81,0.51,False,88843,263489,875991,2613297,1.01,False,True,44.03,紅K突破,,False,False,False,False,0,False,C級：已漲遠或接近目標，禁止追高,條件不足,接近成形,10.5,9.53,11.47,接近成形＋可觀察,10.71,10.5,10.71,11.03,10.19,4.9,低,-6.1,32.0,1.45,7.1,10.71,0.1,False,False,True,距離頸線或前高過遠，禁止追高,頸線以當日前20日高點計算；收盤站上頸線 10.5 至少2%；成交量>=20日均量2倍；不可長上影；回踩須有近10日突破紀錄且不有效跌破頸線；距離頸線>5%禁止進場,0,C,禁止追高,已漲遠或接近目標，空手不追；持有者依策略分批處理。,False,2026-10-01,True,True,STOP,STOP 停止進場,觀察,取消新進場，只保留觀察,只看續抱 / 減碼 / 停利 / 停損，不新增部位。,停止新進場，先保留現金，等待大盤止跌。,停止新進場，禁止顯示今日可進場。,False,False
2026-10-01,2026-10-01,收盤確認價,臺灣證券交易所 / 證券櫃檯買賣中心正式收盤；yfinance 歷史資料,只使用完整收盤日K，不使用盤中未完成K,上櫃,3191,雲嘉南,16.85,17.0,16.75,16.69,16.69,16.84,17.77,17.0,-9.65,0.6,False,45004,26738,758317,452677,1.32,False,True,29.95,紅K突破,,False,False,False,False,0,False,C級：已漲遠或接近目標，禁止追高,條件不足,三角收斂突破,17.95,16.3,19.6,接近成形＋可觀察,18.31,17.95,18.31,18.86,17.41,4.9,低,-6.13,13.37,1.44,7.05,18.31,0.89,False,False,True,距離頸線或前高過遠，禁止追高,頸線以當日前20日高點計算；收盤站上頸線 17.95 至少2%；成交量>=20日均量2倍；不可長上影；回踩須有近10日突破紀錄且不有效跌破頸線；距離頸線>5%禁止進場,0,C,禁止追高,已漲遠或接近目標，空手不追；持有者依策略分批處理。,False,2026-10-01,True,True,STOP,STOP 停止進場,觀察,取消新進場，只保留觀察,只看續抱 / 減碼 / 停利 / 停損，不新增部位。,停止新進場，先保留現金，等待大盤止跌。,停止新進場，禁止顯示今日可進場。,False,False
2026-10-01,2026-10-01,收盤確認價,臺灣證券交易所 / 證券櫃檯買賣中心正式收盤；yfinance 歷史資料,只使用完整收盤日K，不使用盤中未完成K,上櫃,5601,台聯櫃,28.9,28.9,28.9,29.14,29.82,30.22,30.25,34.55,-8.25,0.0,False,5000,7558,144500,229555,1.15,False,True,85.73,資料不足,,False,False,False,False,0,False,C級：已漲遠或接近目標，禁止追高,條件不足,接近成形,31.1,28.9,33.95,接近成形＋可觀察,31.72,31.1,31.72,32.67,30.17,4.9,低,-7.07,10.53,1.43,7.02,31.72,0.0,False,False,True,距離頸線或前高過遠，禁止追高,頸線以當日前20日高點計算；收盤站上頸線 31.1 至少2%；成交量>=20日均量2倍；不可長上影；回踩須有近10日突破紀錄且不有效跌破頸線；距離頸線>5%禁止進場,0,C,禁止追高,已漲遠或接近目標，空手不追；持有者依策略分批處理。,False,2026-10-01,True,True,STOP,STOP 停止進場,觀察,取消新進場，只保留觀察,只看續抱 / 減碼 / 停利 / 停損，不新增部位。,停止新進場，先保留現金，等待大盤止跌。,停止新進場，禁止顯示今日可進場。,False,False
2026-10-01,2026-10-01,收盤確認價,臺灣證券交易所 / 證券櫃檯買賣中心正式收盤；yfinance 歷史資料,只使用完整收盤日K，不使用盤中未完成K,上市,2239,英利-KY,19.05,19.15,18.75,18.93,18.99,19.35,19.78,25.66,-12.41,0.53,False,28206,69119,537324,1320281,1.07,False,True,24.1,紅K突破,,False,False,False,False,0,False,C級：已漲遠或接近目標，禁止追高,條件不足,接近成形,20.35,18.5,22.2,接近成形＋可觀察,20.76,20.35,20.76,21.38,19.74,4.9,低,-6.39,15.33,1.42,6.95,20.76,0.52,False,False,True,距離頸線或前高過遠，禁止追高,頸線以當日前20日高點計算；收盤站上頸線 20.35 至少2%；成交量>=20日均量2倍；不可長上影；回踩須有近10日突破紀錄且不有效跌破頸線；距離頸線>5%禁止進場,0,C,禁止追高,已漲遠或接近目標，空手不追；持有者依策略分批處理。,False,2026-10-01,True,True,STOP,STOP 停止進場,觀察,取消新進場，只保留觀察,只看續抱 / 減碼 / 停利 / 停損，不新增部位。,停止新進場，先保留現金，等待大盤止跌。,停止新進場，禁止顯示今日可進場。,False,False
2026-10-01,2026-10-01,收盤確認價,臺灣證券交易所 / 證券櫃檯買賣中心正式收盤；yfinance 歷史資料,只使用完整收盤日K，不使用盤中未完成K,上櫃,2726,雅茗-KY,8.0,8.08,8.0,8.03,8.05,8.08,8.51,11.21,-11.11,0.0,False,7110,25205,56880,203486,0.69,False,True,9.09,一般K,,False,False,False,False,0,False,C級：已漲遠或接近目標，禁止追高,條件不足,接近成形,8.7,7.91,9.49,接近成形＋可觀察,8.87,8.7,8.87,9.14,8.44,4.9,低,-8.05,15.79,1.42,6.94,8.87,0.0,False,False,True,距離頸線或前高過遠，禁止追高,頸線以當日前20日高點計算；收盤站上頸線 8.7 至少2%；成交量>=20日均量2倍；不可長上影；回踩須有近10日突破紀錄且不有效跌破頸線；距離頸線>5%禁止進場,0,C,禁止追高,已漲遠或接近目標，空手不追；持有者依策略分批處理。,False,2026-10-01,True,True,STOP,STOP 停止進場,觀察,取消新進場，只保留觀察,只看續抱 / 減碼 / 停利 / 停損，不新增部位。,停止新進場，先保留現金，等待大盤止跌。,停止新進場，禁止顯示今日可進場。,False,False
2026-10-01,2026-10-01,收盤確認價,臺灣證券交易所 / 證券櫃檯買賣中心正式收盤；yfinance 歷史資料,只使用完整收盤日K，不使用盤中未完成K,上市,1713,國化,42.45,42.6,42.2,41.94,41.81,42.5,44.83,46.56,-11.01,-0.0,False,86205,322443,3659402,13778564,0.77,False,True,51.1,一般K,,False,False,False,False,0,False,C級：已漲遠或接近目標，禁止追高,條件不足,接近成形,45.35,41.3,49.4,接近成形＋可觀察,46.26,45.35,46.26,47.64,43.99,4.9,低,-6.39,13.63,1.39,6.79,46.26,0.24,False,False,True,距離頸線或前高過遠，禁止追高,頸線以當日前20日高點計算；收盤站上頸線 45.35 至少2%；成交量>=20日均量2倍；不可長上影；回踩須有近10日突破紀錄且不有效跌破頸線；距離頸線>5%禁止進場,0,C,禁止追高,已漲遠或接近目標，空手不追；持有者依策略分批處理。,False,2026-10-01,True,True,STOP,STOP 停止進場,觀察,取消新進場，只保留觀察,只看續抱 / 減碼 / 停利 / 停損，不新增部位。,停止新進場，先保留現金，等待大盤止跌。,停止新進場，禁止顯示今日可進場。,False,False
2026-10-01,2026-10-01,收盤確認價,臺灣證券交易所 / 證券櫃檯買賣中心正式收盤；yfinance 歷史資料,只使用完整收盤日K，不使用盤中未完成K,上櫃,3526,凡甲,272.0,274.5,270.0,270.7,269.75,272.52,287.65,285.01,-12.26,0.0,False,136202,165044,37046944,44944303,1.11,False,True,50.98,一般K,,False,False,False,False,0,False,C級：已漲遠或接近目標，禁止追高,條件不足,接近成形,287.5,262.0,313.0,接近成形＋可觀察,293.25,287.5,293.25,302.05,278.88,4.9,低,-5.39,14.73,1.37,6.73,293.25,0.55,False,False,True,距離頸線或前高過遠，禁止追高,頸線以當日前20日高點計算；收盤站上頸線 287.5 至少2%；成交量>=20日均量2倍；不可長上影；回踩須有近10日突破紀錄且不有效跌破頸線；距離頸線>5%禁止進場,0,C,禁止追高,已漲遠或接近目標，空手不追；持有者依策略分批處理。,False,2026-10-01,True,True,STOP,STOP 停止進場,觀察,取消新進場，只保留觀察,只看續抱 / 減碼 / 停利 / 停損，不新增部位。,停止新進場，先保留現金，等待大盤止跌。,停止新進場，禁止顯示今日可進場。,False,False
2026-10-01,2026-10-01,收盤確認價,臺灣證券交易所 / 證券櫃檯買賣中心正式收盤；yfinance 歷史資料,只使用完整收盤日K，不使用盤中未完成K,上櫃,4911,德英,28.2,28.4,28.2,28.52,28.72,28.96,29.51,34.94,-9.36,-0.0,False,12470,10766,351654,312764,1.12,False,True,14.65,一般K,,False,False,False,False,0,False,C級：已漲遠或接近目標，禁止追高,條件不足,接近成形,30.0,28.1,32.65,接近成形＋可觀察,30.6,30.0,30.6,31.52,29.1,4.9,低,-6.0,14.93,1.37,6.7,30.6,0.35,False,False,True,距離頸線或前高過遠，禁止追高,頸線以當日前20日高點計算；收盤站上頸線 30.0 至少2%；成交量>=20日均量2倍；不可長上影；回踩須有近10日突破紀錄且不有效跌破頸線；距離頸線>5%禁止進場,0,C,禁止追高,已漲遠或接近目標，空手不追；持有者依策略分批處理。,False,2026-10-01,True,True,STOP,STOP 停止進場,觀察,取消新進場，只保留觀察,只看續抱 / 減碼 / 停利 / 停損，不新增部位。,停止新進場，先保留現金，等待大盤止跌。,停止新進場，禁止顯示今日可進場。,False,False
2026-10-01,2026-10-01,收盤確認價,臺灣證券交易所 / 證券櫃檯買賣中心正式收盤；yfinance 歷史資料,只使用完整收盤日K，不使用盤中未完成K,上櫃,2066,世德,51.7,52.3,51.5,52.46,52.31,52.56,57.74,54.88,-22.6,-0.96,False,23000,25300,1189100,1327224,1.28,False,True,34.96,一般K,,False,False,False,False,0,False,C級：已漲遠或接近目標，禁止追高,條件不足,接近成形,55.0,50.2,59.8,接近成形＋可觀察,56.1,55.0,56.1,57.78,53.35,4.9,低,-6.0,23.63,1.35,6.6,56.1,0.19,False,False,True,距離頸線或前高過遠，禁止追高,頸線以當日前20日高點計算；收盤站上頸線 55.0 至少2%；成交量>=20日均量2倍；不可長上影；回踩須有近10日突破紀錄且不有效跌破頸線；距離頸線>5%禁止進場,0,C,禁止追高,已漲遠或接近目標，空手不追；持有者依策略分批處理。,False,2026-10-01,True,True,STOP,STOP 停止進場,觀察,取消新進場，只保留觀察,只看續抱 / 減碼 / 停利 / 停損，不新增部位。,停止新進場，先保留現金，等待大盤止跌。,停止新進場，禁止顯示今日可進場。,False,False
2026-10-01,2026-10-01,收盤確認價,臺灣證券交易所 / 證券櫃檯買賣中心正式收盤；yfinance 歷史資料,只使用完整收盤日K，不使用盤中未完成K,上櫃,6762,達亞,156.0,156.0,156.0,158.7,160.15,162.57,166.69,168.71,-2.5,-1.27,False,2859,1564,446004,254729,1.17,False,True,68.1,資料不足,,False,False,False,False,0,False,C級：已漲遠或接近目標，禁止追高,條件不足,三角收斂突破,168.0,156.5,182.67,接近成形＋可觀察,171.36,168.0,171.36,176.5,162.96,4.9,低,-7.14,12.85,1.35,6.6,171.36,0.0,False,False,True,距離頸線或前高過遠，禁止追高,頸線以當日前20日高點計算；收盤站上頸線 168.0 至少2%；成交量>=20日均量2倍；不可長上影；回踩須有近10日突破紀錄且不有效跌破頸線；距離頸線>5%禁止進場,0,C,禁止追高,已漲遠或接近目標，空手不追；持有者依策略分批處理。,False,2026-10-01,True,True,STOP,STOP 停止進場,觀察,取消新進場，只保留觀察,只看續抱 / 減碼 / 停利 / 停損，不新增部位。,停止新進場，先保留現金，等待大盤止跌。,停止新進場，禁止顯示今日可進場。,False,False
2026-10-01,2026-10-01,收盤確認價,臺灣證券交易所 / 證券櫃檯買賣中心正式收盤；yfinance 歷史資料,只使用完整收盤日K，不使用盤中未完成K,上櫃,8455,大拓-KY,22.1,22.8,22.1,22.15,22.64,22.81,24.14,24.6,-17.07,-0.0,False,3000,4975,66300,112697,2.15,False,True,9.76,一般K,,False,False,False,False,0,False,C級：已漲遠或接近目標，禁止追高,條件不足,接近成形,24.2,22.1,26.3,接近成形＋可觀察,24.68,24.2,24.68,25.42,23.47,4.9,低,-8.68,20.5,1.34,6.55,24.68,0.0,False,False,True,距離頸線或前高過遠，禁止追高,頸線以當日前20日高點計算；收盤站上頸線 24.2 至少2%；成交量>=20日均量2倍；不可長上影；回踩須有近10日突破紀錄且不有效跌破頸線；距離頸線>5%禁止進場,0,C,禁止追高,已漲遠或接近目標，空手不追；持有者依策略分批處理。,False,2026-10-01,True,True,STOP,STOP 停止進場,觀察,取消新進場，只保留觀察,只看續抱 / 減碼 / 停利 / 停損，不新增部位。,停止新進場，先保留現金，等待大盤止跌。,停止新進場，禁止顯示今日可進場。,False,False
2026-10-01,2026-10-01,收盤確認價,臺灣證券交易所 / 證券櫃檯買賣中心正式收盤；yfinance 歷史資料,只使用完整收盤日K，不使用盤中未完成K,上櫃,4162,智擎,55.3,55.7,55.1,55.6,55.61,55.81,60.52,63.03,-13.05,-0.54,False,196339,252899,10857546,14098283,1.01,False,True,44.13,一般K,,False,False,False,False,0,False,C級：已漲遠或接近目標，禁止追高,條件不足,接近成形,59.0,53.9,64.1,接近成形＋可觀察,60.18,59.0,60.18,61.99,57.23,4.9,低,-6.27,21.56,1.33,6.51,60.18,0.36,False,False,True,距離頸線或前高過遠，禁止追高,頸線以當日前20日高點計算；收盤站上頸線 59.0 至少2%；成交量>=20日均量2倍；不可長上影；回踩須有近10日突破紀錄且不有效跌破頸線；距離頸線>5%禁止進場,0,C,禁止追高,已漲遠或接近目標，空手不追；持有者依策略分批處理。,False,2026-10-01,True,True,STOP,STOP 停止進場,觀察,取消新進場，只保留觀察,只看續抱 / 減碼 / 停利 / 停損，不新增部位。,停止新進場，先保留現金，等待大盤止跌。,停止新進場，禁止顯示今日可進場。,False,False
2026-10-01,2026-10-01,收盤確認價,臺灣證券交易所 / 證券櫃檯買賣中心正式收盤；yfinance 歷史資料,只使用完整收盤日K，不使用盤中未完成K,上市,1441,大東,9.87,9.93,9.87,10.06,10.08,10.14,10.38,11.5,-9.25,-1.3,False,39105,21899,385966,221581,0.81,False,True,45.45,一般K,,False,False,False,False,0,False,C級：已漲遠或接近目標，禁止追高,條件不足,三角收斂突破,10.48,9.63,11.38,接近成形＋可觀察,10.69,10.48,10.69,11.01,10.17,4.9,低,-5.83,10.96,1.32,6.47,10.69,0.1,False,False,True,距離頸線或前高過遠，禁止追高,頸線以當日前20日高點計算；收盤站上頸線 10.48 至少2%；成交量>=20日均量2倍；不可長上影；回踩須有近10日突破紀錄且不有效跌破頸線；距離頸線>5%禁止進場,0,C,禁止追高,已漲遠或接近目標，空手不追；持有者依策略分批處理。,False,2026-10-01,True,True,STOP,STOP 停止進場,觀察,取消新進場，只保留觀察,只看續抱 / 減碼 / 停利 / 停損，不新增部位。,停止新進場，先保留現金，等待大盤止跌。,停止新進場，禁止顯示今日可進場。,False,False
2026-10-01,2026-10-01,收盤確認價,臺灣證券交易所 / 證券櫃檯買賣中心正式收盤；yfinance 歷史資料,只使用完整收盤日K，不使用盤中未完成K,上櫃,8097,常珵,48.55,48.9,47.9,48.41,48.72,48.69,50.84,56.51,-15.57,0.1,False,114427,164483,5555430,8037742,0.66,False,True,44.05,紅K突破,,False,False,False,False,0,False,C級：已漲遠或接近目標，禁止追高,條件不足,接近成形,51.8,47.6,56.25,接近成形＋可觀察,52.84,51.8,52.84,54.42,50.25,4.9,低,-6.27,17.85,1.32,6.46,52.84,0.72,False,False,True,距離頸線或前高過遠，禁止追高,頸線以當日前20日高點計算；收盤站上頸線 51.8 至少2%；成交量>=20日均量2倍；不可長上影；回踩須有近10日突破紀錄且不有效跌破頸線；距離頸線>5%禁止進場,0,C,禁止追高,已漲遠或接近目標，空手不追；持有者依策略分批處理。,False,2026-10-01,True,True,STOP,STOP 停止進場,觀察,取消新進場，只保留觀察,只看續抱 / 減碼 / 停利 / 停損，不新增部位。,停止新進場，先保留現金，等待大盤止跌。,停止新進場，禁止顯示今日可進場。,False,False
2026-10-01,2026-10-01,收盤確認價,臺灣證券交易所 / 證券櫃檯買賣中心正式收盤；yfinance 歷史資料,只使用完整收盤日K，不使用盤中未完成K,上櫃,1799,易威,28.95,29.0,28.65,28.81,28.78,29.23,31.06,34.46,-13.06,-0.17,False,77355,94473,2239427,2763387,1.03,False,True,21.5,一般K,,False,False,False,False,0,False,C級：已漲遠或接近目標，禁止追高,條件不足,接近成形,31.0,28.35,33.65,接近成形＋可觀察,31.62,31.0,31.62,32.57,30.07,4.9,低,-6.61,26.34,1.31,6.42,31.62,0.0,False,False,True,距離頸線或前高過遠，禁止追高,頸線以當日前20日高點計算；收盤站上頸線 31.0 至少2%；成交量>=20日均量2倍；不可長上影；回踩須有近10日突破紀錄且不有效跌破頸線；距離頸線>5%禁止進場,0,C,禁止追高,已漲遠或接近目標，空手不追；持有者依策略分批處理。,False,2026-10-01,True,True,STOP,STOP 停止進場,觀察,取消新進場，只保留觀察,只看續抱 / 減碼 / 停利 / 停損，不新增部位。,停止新進場，先保留現金，等待大盤止跌。,停止新進場，禁止顯示今日可進場。,False,False
2026-10-01,2026-10-01,收盤確認價,臺灣證券交易所 / 證券櫃檯買賣中心正式收盤；yfinance 歷史資料,只使用完整收盤日K，不使用盤中未完成K,上市,1517,利奇,10.4,10.5,10.3,10.38,10.41,10.57,11.13,11.26,-4.59,-0.95,False,157323,237916,1636159,2525467,1.3,False,True,76.46,一般K,,False,False,False,False,0,False,C級：已漲遠或接近目標，禁止追高,條件不足,接近成形,11.25,10.3,12.2,接近成形＋可觀察,11.47,11.25,11.47,11.82,10.91,4.9,低,-7.56,21.8,1.29,6.32,11.47,0.0,False,False,True,距離頸線或前高過遠，禁止追高,頸線以當日前20日高點計算；收盤站上頸線 11.25 至少2%；成交量>=20日均量2倍；不可長上影；回踩須有近10日突破紀錄且不有效跌破頸線；距離頸線>5%禁止進場,0,C,禁止追高,已漲遠或接近目標，空手不追；持有者依策略分批處理。,False,2026-10-01,True,True,STOP,STOP 停止進場,觀察,取消新進場，只保留觀察,只看續抱 / 減碼 / 停利 / 停損，不新增部位。,停止新進場，先保留現金，等待大盤止跌。,停止新進場，禁止顯示今日可進場。,False,False
2026-10-01,2026-10-01,收盤確認價,臺灣證券交易所 / 證券櫃檯買賣中心正式收盤；yfinance 歷史資料,只使用完整收盤日K，不使用盤中未完成K,上櫃,4953,緯軟,117.5,118.5,117.0,117.1,118.65,119.1,122.34,123.03,-6.37,0.43,False,102262,250727,12015785,29975226,1.49,False,True,14.87,一般K,,False,False,False,False,0,False,C級：已漲遠或接近目標，禁止追高,條件不足,接近成形,125.5,116.0,136.0,接近成形＋可觀察,128.01,125.5,128.01,131.85,121.73,4.9,低,-6.37,11.32,1.27,6.24,128.01,0.85,False,False,True,距離頸線或前高過遠，禁止追高,頸線以當日前20日高點計算；收盤站上頸線 125.5 至少2%；成交量>=20日均量2倍；不可長上影；回踩須有近10日突破紀錄且不有效跌破頸線；距離頸線>5%禁止進場,0,C,禁止追高,已漲遠或接近目標，空手不追；持有者依策略分批處理。,False,2026-10-01,True,True,STOP,STOP 停止進場,觀察,取消新進場，只保留觀察,只看續抱 / 減碼 / 停利 / 停損，不新增部位。,停止新進場，先保留現金，等待大盤止跌。,停止新進場，禁止顯示今日可進場。,False,False
2026-10-01,2026-10-01,收盤確認價,臺灣證券交易所 / 證券櫃檯買賣中心正式收盤；yfinance 歷史資料,只使用完整收盤日K，不使用盤中未完成K,上櫃,4153,鈺緯,31.25,31.55,31.25,31.58,31.81,31.95,32.08,33.01,0.81,-0.64,False,12618,6395,394312,203663,1.17,False,True,20.99,一般K,,False,False,False,False,0,False,C級：已漲遠或接近目標，禁止追高,條件不足,三角收斂突破,32.9,31.15,35.6,接近成形＋可觀察,33.56,32.9,33.56,34.56,31.91,4.9,低,-5.02,10.71,1.24,6.08,33.56,0.0,False,False,True,距離頸線或前高過遠，禁止追高,頸線以當日前20日高點計算；收盤站上頸線 32.9 至少2%；成交量>=20日均量2倍；不可長上影；回踩須有近10日突破紀錄且不有效跌破頸線；距離頸線>5%禁止進場,0,C,禁止追高,已漲遠或接近目標，空手不追；持有者依策略分批處理。,False,2026-10-01,True,True,STOP,STOP 停止進場,觀察,取消新進場，只保留觀察,只看續抱 / 減碼 / 停利 / 停損，不新增部位。,停止新進場，先保留現金，等待大盤止跌。,停止新進場，禁止顯示今日可進場。,False,False
2026-10-01,2026-10-01,收盤確認價,臺灣證券交易所 / 證券櫃檯買賣中心正式收盤；yfinance 歷史資料,只使用完整收盤日K，不使用盤中未完成K,上櫃,1294,漢田生技,50.2,50.3,49.9,50.36,50.82,51.75,54.9,62.88,-14.04,-0.4,False,19250,15295,966350,789968,0.78,False,True,74.37,一般K,,False,False,False,False,0,False,C級：已漲遠或接近目標，禁止追高,條件不足,接近成形,54.1,49.7,58.5,接近成形＋可觀察,55.18,54.1,55.18,56.84,52.48,4.9,低,-7.21,17.7,1.23,6.01,55.18,0.0,False,False,True,距離頸線或前高過遠，禁止追高,頸線以當日前20日高點計算；收盤站上頸線 54.1 至少2%；成交量>=20日均量2倍；不可長上影；回踩須有近10日突破紀錄且不有效跌破頸線；距離頸線>5%禁止進場,0,C,禁止追高,已漲遠或接近目標，空手不追；持有者依策略分批處理。,False,2026-10-01,True,True,STOP,STOP 停止進場,觀察,取消新進場，只保留觀察,只看續抱 / 減碼 / 停利 / 停損，不新增部位。,停止新進場，先保留現金，等待大盤止跌。,停止新進場，禁止顯示今日可進場。,False,False
2026-10-01,2026-10-01,收盤確認價,臺灣證券交易所 / 證券櫃檯買賣中心正式收盤；yfinance 歷史資料,只使用完整收盤日K，不使用盤中未完成K,上市,1760,寶齡富錦,54.6,54.7,54.3,54.14,53.99,54.74,58.02,62.29,-14.55,0.0,False,117063,115952,6391639,6376509,0.93,False,True,62.03,紅K突破,,False,False,False,False,0,False,C級：已漲遠或接近目標，禁止追高,條件不足,接近成形,58.1,53.4,62.8,接近成形＋可觀察,59.26,58.1,59.26,61.04,56.36,4.9,低,-6.02,17.27,1.22,5.97,59.26,0.18,False,False,True,距離頸線或前高過遠，禁止追高,頸線以當日前20日高點計算；收盤站上頸線 58.1 至少2%；成交量>=20日均量2倍；不可長上影；回踩須有近10日突破紀錄且不有效跌破頸線；距離頸線>5%禁止進場,0,C,禁止追高,已漲遠或接近目標，空手不追；持有者依策略分批處理。,False,2026-10-01,True,True,STOP,STOP 停止進場,觀察,取消新進場，只保留觀察,只看續抱 / 減碼 / 停利 / 停損，不新增部位。,停止新進場，先保留現金，等待大盤止跌。,停止新進場，禁止顯示今日可進場。,False,False
2026-10-01,2026-10-01,收盤確認價,臺灣證券交易所 / 證券櫃檯買賣中心正式收盤；yfinance 歷史資料,只使用完整收盤日K，不使用盤中未完成K,上櫃,2718,全心投控,40.0,40.6,40.0,40.51,40.55,40.69,44.45,49.23,-20.16,-1.11,False,19957,18697,798280,760493,0.94,False,True,37.97,一般K,,False,False,False,False,0,False,C級：已漲遠或接近目標，禁止追高,條件不足,接近成形,42.75,39.3,46.2,接近成形＋可觀察,43.61,42.75,43.61,44.91,41.47,4.9,低,-6.43,21.41,1.21,5.95,43.61,0.62,False,False,True,距離頸線或前高過遠，禁止追高,頸線以當日前20日高點計算；收盤站上頸線 42.75 至少2%；成交量>=20日均量2倍；不可長上影；回踩須有近10日突破紀錄且不有效跌破頸線；距離頸線>5%禁止進場,0,C,禁止追高,已漲遠或接近目標，空手不追；持有者依策略分批處理。,False,2026-10-01,True,True,STOP,STOP 停止進場,觀察,取消新進場，只保留觀察,只看續抱 / 減碼 / 停利 / 停損，不新增部位。,停止新進場，先保留現金，等待大盤止跌。,停止新進場，禁止顯示今日可進場。,False,False
2026-10-01,2026-10-01,收盤確認價,臺灣證券交易所 / 證券櫃檯買賣中心正式收盤；yfinance 歷史資料,只使用完整收盤日K，不使用盤中未完成K,上櫃,6516,勤崴國際,56.5,56.5,55.9,56.74,57.24,57.24,57.95,60.37,-2.25,0.0,False,26397,39806,1491430,2276904,0.93,False,True,13.62,一般K,,False,False,False,False,0,False,C級：已漲遠或接近目標，禁止追高,條件不足,接近成形,59.6,54.9,64.3,接近成形＋可觀察,60.79,59.6,60.79,62.62,57.81,4.9,低,-5.2,11.86,1.18,5.77,60.79,0.0,False,False,True,距離頸線或前高過遠，禁止追高,頸線以當日前20日高點計算；收盤站上頸線 59.6 至少2%；成交量>=20日均量2倍；不可長上影；回踩須有近10日突破紀錄且不有效跌破頸線；距離頸線>5%禁止進場,0,C,禁止追高,已漲遠或接近目標，空手不追；持有者依策略分批處理。,False,2026-10-01,True,True,STOP,STOP 停止進場,觀察,取消新進場，只保留觀察,只看續抱 / 減碼 / 停利 / 停損，不新增部位。,停止新進場，先保留現金，等待大盤止跌。,停止新進場，禁止顯示今日可進場。,False,False
2026-10-01,2026-10-01,收盤確認價,臺灣證券交易所 / 證券櫃檯買賣中心正式收盤；yfinance 歷史資料,只使用完整收盤日K，不使用盤中未完成K,上櫃,5905,南仁湖,7.4,7.43,7.35,7.33,7.34,7.44,7.97,8.57,-13.95,1.09,False,226787,399423,1678223,2977101,0.82,False,True,66.64,紅K突破,,False,False,False,False,0,False,C級：已漲遠或接近目標，禁止追高,條件不足,接近成形,7.85,7.23,8.47,接近成形＋可觀察,8.01,7.85,8.01,8.25,7.61,4.9,低,-5.73,20.43,1.18,5.78,8.01,0.41,False,False,True,距離頸線或前高過遠，禁止追高,頸線以當日前20日高點計算；收盤站上頸線 7.85 至少2%；成交量>=20日均量2倍；不可長上影；回踩須有近10日突破紀錄且不有效跌破頸線；距離頸線>5%禁止進場,0,C,禁止追高,已漲遠或接近目標，空手不追；持有者依策略分批處理。,False,2026-10-01,True,True,STOP,STOP 停止進場,觀察,取消新進場，只保留觀察,只看續抱 / 減碼 / 停利 / 停損，不新增部位。,停止新進場，先保留現金，等待大盤止跌。,停止新進場，禁止顯示今日可進場。,False,False
2026-10-01,2026-10-01,收盤確認價,臺灣證券交易所 / 證券櫃檯買賣中心正式收盤；yfinance 歷史資料,只使用完整收盤日K，不使用盤中未完成K,上櫃,3687,歐買尬,61.6,61.7,60.2,60.62,60.86,61.65,65.93,72.85,-20.72,2.16,False,51570,42017,3176712,2598846,0.68,False,True,12.29,紅K突破,,False,False,False,False,0,False,C級：已漲遠或接近目標，禁止追高,條件不足,接近成形,65.0,59.9,70.1,接近成形＋可觀察,66.3,65.0,66.3,68.29,63.05,4.9,低,-5.23,22.32,1.17,5.73,66.3,0.16,False,False,True,距離頸線或前高過遠，禁止追高,頸線以當日前20日高點計算；收盤站上頸線 65.0 至少2%；成交量>=20日均量2倍；不可長上影；回踩須有近10日突破紀錄且不有效跌破頸線；距離頸線>5%禁止進場,0,C,禁止追高,已漲遠或接近目標，空手不追；持有者依策略分批處理。,False,2026-10-01,True,True,STOP,STOP 停止進場,觀察,取消新進場，只保留觀察,只看續抱 / 減碼 / 停利 / 停損，不新增部位。,停止新進場，先保留現金，等待大盤止跌。,停止新進場，禁止顯示今日可進場。,False,False
2026-10-01,2026-10-01,收盤確認價,臺灣證券交易所 / 證券櫃檯買賣中心正式收盤；yfinance 歷史資料,只使用完整收盤日K，不使用盤中未完成K,上櫃,3466,德晉,23.75,24.0,23.7,23.93,24.09,24.26,26.15,35.63,-29.1,-0.63,False,67775,149997,1609656,3640584,1.43,False,True,12.67,一般K,,False,False,False,False,0,False,C級：已漲遠或接近目標，禁止追高,條件不足,接近成形,25.4,23.4,27.4,接近成形＋可觀察,25.91,25.4,25.91,26.69,24.64,4.9,低,-6.5,30.45,1.17,5.76,25.91,0.42,False,False,True,距離頸線或前高過遠，禁止追高,頸線以當日前20日高點計算；收盤站上頸線 25.4 至少2%；成交量>=20日均量2倍；不可長上影；回踩須有近10日突破紀錄且不有效跌破頸線；距離頸線>5%禁止進場,0,C,禁止追高,已漲遠或接近目標，空手不追；持有者依策略分批處理。,False,2026-10-01,True,True,STOP,STOP 停止進場,觀察,取消新進場，只保留觀察,只看續抱 / 減碼 / 停利 / 停損，不新增部位。,停止新進場，先保留現金，等待大盤止跌。,停止新進場，禁止顯示今日可進場。,False,False
2026-10-01,2026-10-01,收盤確認價,臺灣證券交易所 / 證券櫃檯買賣中心正式收盤；yfinance 歷史資料,只使用完整收盤日K，不使用盤中未完成K,上櫃,6856,鑫傳,41.05,41.55,41.05,41.8,41.74,41.7,43.02,50.67,-4.53,-2.26,False,10005,5250,410705,218995,0.88,False,True,40.12,一般K,,False,False,False,False,0,False,C級：已漲遠或接近目標，禁止追高,條件不足,三角收斂突破,43.95,40.5,47.4,接近成形＋可觀察,44.83,43.95,44.83,46.17,42.63,4.9,低,-6.6,11.05,1.17,5.74,44.83,1.1,False,False,True,距離頸線或前高過遠，禁止追高,頸線以當日前20日高點計算；收盤站上頸線 43.95 至少2%；成交量>=20日均量2倍；不可長上影；回踩須有近10日突破紀錄且不有效跌破頸線；距離頸線>5%禁止進場,0,C,禁止追高,已漲遠或接近目標，空手不追；持有者依策略分批處理。,False,2026-10-01,True,True,STOP,STOP 停止進場,觀察,取消新進場，只保留觀察,只看續抱 / 減碼 / 停利 / 停損，不新增部位。,停止新進場，先保留現金，等待大盤止跌。,停止新進場，禁止顯示今日可進場。,False,False
2026-10-01,2026-10-01,收盤確認價,臺灣證券交易所 / 證券櫃檯買賣中心正式收盤；yfinance 歷史資料,只使用完整收盤日K，不使用盤中未完成K,上市,1465,偉全,11.65,11.7,11.6,11.61,11.62,11.78,12.24,12.48,-11.41,0.0,False,52021,159423,606044,1878726,0.93,False,True,44.93,紅K突破,,False,False,False,False,0,False,C級：已漲遠或接近目標，禁止追高,條件不足,接近成形,12.4,11.45,13.35,接近成形＋可觀察,12.65,12.4,12.65,13.03,12.03,4.9,低,-6.05,13.38,1.13,5.55,12.65,0.43,False,False,True,距離頸線或前高過遠，禁止追高,頸線以當日前20日高點計算；收盤站上頸線 12.4 至少2%；成交量>=20日均量2倍；不可長上影；回踩須有近10日突破紀錄且不有效跌破頸線；距離頸線>5%禁止進場,0,C,禁止追高,已漲遠或接近目標，空手不追；持有者依策略分批處理。,False,2026-10-01,True,True,STOP,STOP 停止進場,觀察,取消新進場，只保留觀察,只看續抱 / 減碼 / 停利 / 停損，不新增部位。,停止新進場，先保留現金，等待大盤止跌。,停止新進場，禁止顯示今日可進場。,False,False
2026-10-01,2026-10-01,收盤確認價,臺灣證券交易所 / 證券櫃檯買賣中心正式收盤；yfinance 歷史資料,只使用完整收盤日K，不使用盤中未完成K,上櫃,3276,宇環,13.9,14.2,13.9,13.89,13.9,13.98,14.93,14.82,-13.12,-1.07,False,47956,80170,666588,1119999,1.37,False,True,18.66,一般K,,False,False,False,False,0,False,C級：已漲遠或接近目標，禁止追高,條件不足,接近成形,14.65,13.55,15.75,接近成形＋可觀察,14.94,14.65,14.94,15.39,14.21,4.9,低,-5.12,25.67,1.1,5.4,14.94,1.44,False,False,True,距離頸線或前高過遠，禁止追高,頸線以當日前20日高點計算；收盤站上頸線 14.65 至少2%；成交量>=20日均量2倍；不可長上影；回踩須有近10日突破紀錄且不有效跌破頸線；距離頸線>5%禁止進場,0,C,禁止追高,已漲遠或接近目標，空手不追；持有者依策略分批處理。,False,2026-10-01,True,True,STOP,STOP 停止進場,觀察,取消新進場，只保留觀察,只看續抱 / 減碼 / 停利 / 停損，不新增部位。,停止新進場，先保留現金，等待大盤止跌。,停止新進場，禁止顯示今日可進場。,False,False
2026-10-01,2026-10-01,收盤確認價,臺灣證券交易所 / 證券櫃檯買賣中心正式收盤；yfinance 歷史資料,只使用完整收盤日K，不使用盤中未完成K,上櫃,5398,慕康生醫,13.8,13.85,13.7,13.88,13.96,14.11,14.39,19.66,-12.93,-0.36,False,33011,64752,455551,920025,0.67,False,True,17.24,一般K,,False,False,False,False,0,False,C級：已漲遠或接近目標，禁止追高,條件不足,接近成形,14.7,13.65,15.8,接近成形＋可觀察,14.99,14.7,14.99,15.44,14.26,4.9,低,-6.12,13.75,1.1,5.38,14.99,0.0,False,False,True,距離頸線或前高過遠，禁止追高,頸線以當日前20日高點計算；收盤站上頸線 14.7 至少2%；成交量>=20日均量2倍；不可長上影；回踩須有近10日突破紀錄且不有效跌破頸線；距離頸線>5%禁止進場,0,C,禁止追高,已漲遠或接近目標，空手不追；持有者依策略分批處理。,False,2026-10-01,True,True,STOP,STOP 停止進場,觀察,取消新進場，只保留觀察,只看續抱 / 減碼 / 停利 / 停損，不新增部位。,停止新進場，先保留現金，等待大盤止跌。,停止新進場，禁止顯示今日可進場。,False,False
2026-10-01,2026-10-01,收盤確認價,臺灣證券交易所 / 證券櫃檯買賣中心正式收盤；yfinance 歷史資料,只使用完整收盤日K，不使用盤中未完成K,上櫃,6637,醫影,53.9,53.9,53.5,54.04,54.22,54.52,59.65,70.46,-21.08,0.19,False,27833,19059,1500198,1038487,0.84,False,True,41.03,紅K突破,,False,False,False,False,0,False,C級：已漲遠或接近目標，禁止追高,條件不足,接近成形,57.5,53.2,61.8,接近成形＋可觀察,58.65,57.5,58.65,60.41,55.77,4.9,低,-6.26,23.33,1.1,5.37,58.65,0.0,False,False,True,距離頸線或前高過遠，禁止追高,頸線以當日前20日高點計算；收盤站上頸線 57.5 至少2%；成交量>=20日均量2倍；不可長上影；回踩須有近10日突破紀錄且不有效跌破頸線；距離頸線>5%禁止進場,0,C,禁止追高,已漲遠或接近目標，空手不追；持有者依策略分批處理。,False,2026-10-01,True,True,STOP,STOP 停止進場,觀察,取消新進場，只保留觀察,只看續抱 / 減碼 / 停利 / 停損，不新增部位。,停止新進場，先保留現金，等待大盤止跌。,停止新進場，禁止顯示今日可進場。,False,False
2026-10-01,2026-10-01,收盤確認價,臺灣證券交易所 / 證券櫃檯買賣中心正式收盤；yfinance 歷史資料,只使用完整收盤日K，不使用盤中未完成K,上櫃,6417,韋僑,102.0,102.5,101.0,102.0,102.35,103.6,111.23,113.19,-24.44,0.0,False,73057,98413,7451814,10093521,1.56,False,True,61.55,一般K,,False,False,False,False,0,False,C級：已漲遠或接近目標，禁止追高,條件不足,接近成形,108.0,100.0,116.0,接近成形＋可觀察,110.16,108.0,110.16,113.46,104.76,4.9,低,-5.56,25.27,1.08,5.3,110.16,0.49,False,False,True,距離頸線或前高過遠，禁止追高,頸線以當日前20日高點計算；收盤站上頸線 108.0 至少2%；成交量>=20日均量2倍；不可長上影；回踩須有近10日突破紀錄且不有效跌破頸線；距離頸線>5%禁止進場,0,C,禁止追高,已漲遠或接近目標，空手不追；持有者依策略分批處理。,False,2026-10-01,True,True,STOP,STOP 停止進場,觀察,取消新進場，只保留觀察,只看續抱 / 減碼 / 停利 / 停損，不新增部位。,停止新進場，先保留現金，等待大盤止跌。,停止新進場，禁止顯示今日可進場。,False,False
2026-10-01,2026-10-01,收盤確認價,臺灣證券交易所 / 證券櫃檯買賣中心正式收盤；yfinance 歷史資料,只使用完整收盤日K，不使用盤中未完成K,上市,1906,寶隆,10.8,10.85,10.75,10.78,10.82,10.95,11.13,11.6,-4.42,-0.92,False,29188,47217,315230,518056,0.71,False,True,59.29,一般K,,False,False,False,False,0,False,C級：已漲遠或接近目標，禁止追高,條件不足,接近成形,11.45,10.6,12.3,接近成形＋可觀察,11.68,11.45,11.68,12.03,11.11,4.9,低,-5.68,11.48,1.08,5.32,11.68,0.0,False,False,True,距離頸線或前高過遠，禁止追高,頸線以當日前20日高點計算；收盤站上頸線 11.45 至少2%；成交量>=20日均量2倍；不可長上影；回踩須有近10日突破紀錄且不有效跌破頸線；距離頸線>5%禁止進場,0,C,禁止追高,已漲遠或接近目標，空手不追；持有者依策略分批處理。,False,2026-10-01,True,True,STOP,STOP 停止進場,觀察,取消新進場，只保留觀察,只看續抱 / 減碼 / 停利 / 停損，不新增部位。,停止新進場，先保留現金，等待大盤止跌。,停止新進場，禁止顯示今日可進場。,False,False
2026-10-01,2026-10-01,收盤確認價,臺灣證券交易所 / 證券櫃檯買賣中心正式收盤；yfinance 歷史資料,只使用完整收盤日K，不使用盤中未完成K,上櫃,6720,久昌,126.5,127.0,126.0,127.6,128.1,129.78,134.41,142.81,-11.85,-0.78,False,14332,19431,1812998,2529470,1.06,False,True,62.12,一般K,,False,False,False,False,0,False,C級：已漲遠或接近目標，禁止追高,條件不足,接近成形,135.0,126.0,145.0,接近成形＋可觀察,137.7,135.0,137.7,141.83,130.95,4.9,低,-6.3,12.15,1.08,5.3,137.7,0.4,False,False,True,距離頸線或前高過遠，禁止追高,頸線以當日前20日高點計算；收盤站上頸線 135.0 至少2%；成交量>=20日均量2倍；不可長上影；回踩須有近10日突破紀錄且不有效跌破頸線；距離頸線>5%禁止進場,0,C,禁止追高,已漲遠或接近目標，空手不追；持有者依策略分批處理。,False,2026-10-01,True,True,STOP,STOP 停止進場,觀察,取消新進場，只保留觀察,只看續抱 / 減碼 / 停利 / 停損，不新增部位。,停止新進場，先保留現金，等待大盤止跌。,停止新進場，禁止顯示今日可進場。,False,False
2026-10-01,2026-10-01,收盤確認價,臺灣證券交易所 / 證券櫃檯買賣中心正式收盤；yfinance 歷史資料,只使用完整收盤日K，不使用盤中未完成K,上市,1512,瑞利,6.2,6.29,6.1,6.15,6.19,6.21,6.52,7.27,-12.43,1.47,False,54716,49115,339239,305342,1.1,False,True,15.04,一般K,,False,False,False,False,0,False,C級：已漲遠或接近目標，禁止追高,條件不足,接近成形,6.53,6.05,7.01,接近成形＋可觀察,6.66,6.53,6.66,6.86,6.33,4.9,低,-5.05,15.65,1.07,5.25,6.66,1.45,False,False,True,距離頸線或前高過遠，禁止追高,頸線以當日前20日高點計算；收盤站上頸線 6.53 至少2%；成交量>=20日均量2倍；不可長上影；回踩須有近10日突破紀錄且不有效跌破頸線；距離頸線>5%禁止進場,0,C,禁止追高,已漲遠或接近目標，空手不追；持有者依策略分批處理。,False,2026-10-01,True,True,STOP,STOP 停止進場,觀察,取消新進場，只保留觀察,只看續抱 / 減碼 / 停利 / 停損，不新增部位。,停止新進場，先保留現金，等待大盤止跌。,停止新進場，禁止顯示今日可進場。,False,False
2026-10-01,2026-10-01,收盤確認價,臺灣證券交易所 / 證券櫃檯買賣中心正式收盤；yfinance 歷史資料,只使用完整收盤日K，不使用盤中未完成K,上市,2227,裕日車,45.0,45.0,44.7,44.95,45.21,46.28,48.34,51.74,-8.63,0.0,False,27062,38574,1217790,1779418,0.8,False,True,51.17,一般K,,False,False,False,False,0,False,C級：已漲遠或接近目標，禁止追高,條件不足,接近成形,48.3,44.75,51.85,接近成形＋可觀察,49.27,48.3,49.27,50.74,46.85,4.9,低,-6.83,12.62,1.07,5.24,49.27,0.0,False,False,True,距離頸線或前高過遠，禁止追高,頸線以當日前20日高點計算；收盤站上頸線 48.3 至少2%；成交量>=20日均量2倍；不可長上影；回踩須有近10日突破紀錄且不有效跌破頸線；距離頸線>5%禁止進場,0,C,禁止追高,已漲遠或接近目標，空手不追；持有者依策略分批處理。,False,2026-10-01,True,True,STOP,STOP 停止進場,觀察,取消新進場，只保留觀察,只看續抱 / 減碼 / 停利 / 停損，不新增部位。,停止新進場，先保留現金，等待大盤止跌。,停止新進場，禁止顯示今日可進場。,False,False
2026-10-01,2026-10-01,收盤確認價,臺灣證券交易所 / 證券櫃檯買賣中心正式收盤；yfinance 歷史資料,只使用完整收盤日K，不使用盤中未完成K,上櫃,5603,陸海,13.5,13.5,13.25,13.46,13.48,13.65,14.13,16.65,-7.53,1.12,False,194581,106103,2626843,1447563,0.62,False,True,40.15,紅K突破,,False,False,False,False,0,False,C級：已漲遠或接近目標，禁止追高,條件不足,三角收斂突破,14.4,13.35,15.45,接近成形＋可觀察,14.69,14.4,14.69,15.13,13.97,4.9,低,-6.25,15.62,1.06,5.19,14.69,0.0,False,False,True,距離頸線或前高過遠，禁止追高,頸線以當日前20日高點計算；收盤站上頸線 14.4 至少2%；成交量>=20日均量2倍；不可長上影；回踩須有近10日突破紀錄且不有效跌破頸線；距離頸線>5%禁止進場,0,C,禁止追高,已漲遠或接近目標，空手不追；持有者依策略分批處理。,False,2026-10-01,True,True,STOP,STOP 停止進場,觀察,取消新進場，只保留觀察,只看續抱 / 減碼 / 停利 / 停損，不新增部位。,停止新進場，先保留現金，等待大盤止跌。,停止新進場，禁止顯示今日可進場。,False,False
2026-10-01,2026-10-01,收盤確認價,臺灣證券交易所 / 證券櫃檯買賣中心正式收盤；yfinance 歷史資料,只使用完整收盤日K，不使用盤中未完成K,上市,1108,幸福,11.15,11.2,11.05,11.08,11.09,11.27,11.89,13.99,-19.78,0.0,False,151559,273436,1689882,3086756,0.67,False,True,66.53,紅K突破,,False,False,False,False,0,False,C級：已漲遠或接近目標，禁止追高,條件不足,接近成形,11.8,10.95,12.65,接近成形＋可觀察,12.04,11.8,12.04,12.4,11.45,4.9,低,-5.51,20.07,1.04,5.1,12.04,0.45,False,False,True,距離頸線或前高過遠，禁止追高,頸線以當日前20日高點計算；收盤站上頸線 11.8 至少2%；成交量>=20日均量2倍；不可長上影；回踩須有近10日突破紀錄且不有效跌破頸線；距離頸線>5%禁止進場,0,C,禁止追高,已漲遠或接近目標，空手不追；持有者依策略分批處理。,False,2026-10-01,True,True,STOP,STOP 停止進場,觀察,取消新進場，只保留觀察,只看續抱 / 減碼 / 停利 / 停損，不新增部位。,停止新進場，先保留現金，等待大盤止跌。,停止新進場，禁止顯示今日可進場。,False,False
2026-10-01,2026-10-01,收盤確認價,臺灣證券交易所 / 證券櫃檯買賣中心正式收盤；yfinance 歷史資料,只使用完整收盤日K，不使用盤中未完成K,上櫃,4433,興采,18.05,18.05,17.9,18.15,18.16,18.42,19.19,20.57,-14.86,0.0,False,45928,60767,829000,1115990,0.99,False,True,29.52,一般K,,False,False,False,False,0,False,C級：已漲遠或接近目標，禁止追高,條件不足,接近成形,19.05,17.7,20.4,接近成形＋可觀察,19.43,19.05,19.43,20.01,18.48,4.9,低,-5.25,17.2,1.02,4.99,19.43,0.0,False,False,True,距離頸線或前高過遠，禁止追高,頸線以當日前20日高點計算；收盤站上頸線 19.05 至少2%；成交量>=20日均量2倍；不可長上影；回踩須有近10日突破紀錄且不有效跌破頸線；距離頸線>5%禁止進場,0,C,禁止追高,已漲遠或接近目標，空手不追；持有者依策略分批處理。,False,2026-10-01,True,True,STOP,STOP 停止進場,觀察,取消新進場，只保留觀察,只看續抱 / 減碼 / 停利 / 停損，不新增部位。,停止新進場，先保留現金，等待大盤止跌。,停止新進場，禁止顯示今日可進場。,False,False
2026-10-01,2026-10-01,收盤確認價,臺灣證券交易所 / 證券櫃檯買賣中心正式收盤；yfinance 歷史資料,只使用完整收盤日K，不使用盤中未完成K,上櫃,6961,旅天下,47.65,48.1,47.65,47.56,47.76,48.68,50.88,61.91,-11.27,-0.94,False,7635,23349,363807,1134171,0.56,False,True,73.6,一般K,,False,False,False,False,0,False,C級：已漲遠或接近目標，禁止追高,條件不足,接近成形,50.7,47.1,54.3,接近成形＋可觀察,51.71,50.7,51.71,53.27,49.18,4.9,低,-6.02,12.41,1.02,5.0,51.71,0.0,False,False,True,距離頸線或前高過遠，禁止追高,頸線以當日前20日高點計算；收盤站上頸線 50.7 至少2%；成交量>=20日均量2倍；不可長上影；回踩須有近10日突破紀錄且不有效跌破頸線；距離頸線>5%禁止進場,0,C,禁止追高,已漲遠或接近目標，空手不追；持有者依策略分批處理。,False,2026-10-01,True,True,STOP,STOP 停止進場,觀察,取消新進場，只保留觀察,只看續抱 / 減碼 / 停利 / 停損，不新增部位。,停止新進場，先保留現金，等待大盤止跌。,停止新進場，禁止顯示今日可進場。,False,False
2026-10-01,2026-10-01,收盤確認價,臺灣證券交易所 / 證券櫃檯買賣中心正式收盤；yfinance 歷史資料,只使用完整收盤日K，不使用盤中未完成K,上櫃,4171,瑞基,16.35,16.45,16.35,16.38,16.4,16.48,17.12,18.79,-4.11,-0.61,False,28206,41559,461168,686911,0.78,False,True,29.35,一般K,,False,False,False,False,0,False,C級：已漲遠或接近目標，禁止追高,條件不足,接近成形,17.25,16.05,18.45,接近成形＋可觀察,17.59,17.25,17.59,18.12,16.73,4.9,低,-5.22,20.44,0.99,4.86,17.59,0.0,False,False,True,距離頸線或前高過遠，禁止追高,頸線以當日前20日高點計算；收盤站上頸線 17.25 至少2%；成交量>=20日均量2倍；不可長上影；回踩須有近10日突破紀錄且不有效跌破頸線；距離頸線>5%禁止進場,0,C,禁止追高,已漲遠或接近目標，空手不追；持有者依策略分批處理。,False,2026-10-01,True,True,STOP,STOP 停止進場,觀察,取消新進場，只保留觀察,只看續抱 / 減碼 / 停利 / 停損，不新增部位。,停止新進場，先保留現金，等待大盤止跌。,停止新進場，禁止顯示今日可進場。,False,False
2026-10-01,2026-10-01,收盤確認價,臺灣證券交易所 / 證券櫃檯買賣中心正式收盤；yfinance 歷史資料,只使用完整收盤日K，不使用盤中未完成K,上櫃,8930,青鋼,28.7,28.75,28.65,28.77,28.83,29.19,30.02,30.13,-5.44,-0.17,False,19230,32605,551901,951068,0.64,False,True,45.38,一般K,,False,False,False,False,0,False,C級：已漲遠或接近目標，禁止追高,條件不足,接近成形,30.5,28.4,32.6,接近成形＋可觀察,31.11,30.5,31.11,32.04,29.59,4.9,低,-5.9,10.31,0.98,4.79,31.11,0.0,False,False,True,距離頸線或前高過遠，禁止追高,頸線以當日前20日高點計算；收盤站上頸線 30.5 至少2%；成交量>=20日均量2倍；不可長上影；回踩須有近10日突破紀錄且不有效跌破頸線；距離頸線>5%禁止進場,0,C,禁止追高,已漲遠或接近目標，空手不追；持有者依策略分批處理。,False,2026-10-01,True,True,STOP,STOP 停止進場,觀察,取消新進場，只保留觀察,只看續抱 / 減碼 / 停利 / 停損，不新增部位。,停止新進場，先保留現金，等待大盤止跌。,停止新進場，禁止顯示今日可進場。,False,False
2026-10-01,2026-10-01,收盤確認價,臺灣證券交易所 / 證券櫃檯買賣中心正式收盤；yfinance 歷史資料,只使用完整收盤日K，不使用盤中未完成K,上櫃,4102,永日,18.45,18.65,18.25,18.49,18.68,18.8,19.28,19.71,-9.56,-0.0,False,26497,22373,488869,419855,0.72,False,True,9.02,一般K,,False,False,False,False,0,False,C級：已漲遠或接近目標，禁止追高,條件不足,接近成形,19.55,18.25,20.85,接近成形＋可觀察,19.94,19.55,19.94,20.54,18.96,4.9,低,-5.63,10.65,0.93,4.56,19.94,1.08,False,False,True,距離頸線或前高過遠，禁止追高,頸線以當日前20日高點計算；收盤站上頸線 19.55 至少2%；成交量>=20日均量2倍；不可長上影；回踩須有近10日突破紀錄且不有效跌破頸線；距離頸線>5%禁止進場,0,C,禁止追高,已漲遠或接近目標，空手不追；持有者依策略分批處理。,False,2026-10-01,True,True,STOP,STOP 停止進場,觀察,取消新進場，只保留觀察,只看續抱 / 減碼 / 停利 / 停損，不新增部位。,停止新進場，先保留現金，等待大盤止跌。,停止新進場，禁止顯示今日可進場。,False,False
2026-10-01,2026-10-01,收盤確認價,臺灣證券交易所 / 證券櫃檯買賣中心正式收盤；yfinance 歷史資料,只使用完整收盤日K，不使用盤中未完成K,上櫃,6469,大樹,64.4,64.6,64.1,64.44,64.41,65.61,70.85,84.63,-16.25,-0.0,False,148409,280345,9557539,18339560,0.95,False,True,51.57,一般K,,False,False,False,False,0,False,C級：已漲遠或接近目標，禁止追高,條件不足,接近成形,68.2,63.7,72.7,接近成形＋可觀察,69.56,68.2,69.56,71.65,66.15,4.9,低,-5.57,20.49,0.92,4.51,69.56,0.16,False,False,True,距離頸線或前高過遠，禁止追高,頸線以當日前20日高點計算；收盤站上頸線 68.2 至少2%；成交量>=20日均量2倍；不可長上影；回踩須有近10日突破紀錄且不有效跌破頸線；距離頸線>5%禁止進場,0,C,禁止追高,已漲遠或接近目標，空手不追；持有者依策略分批處理。,False,2026-10-01,True,True,STOP,STOP 停止進場,觀察,取消新進場，只保留觀察,只看續抱 / 減碼 / 停利 / 停損，不新增部位。,停止新進場，先保留現金，等待大盤止跌。,停止新進場，禁止顯示今日可進場。,False,False
2026-10-01,2026-10-01,收盤確認價,臺灣證券交易所 / 證券櫃檯買賣中心正式收盤；yfinance 歷史資料,只使用完整收盤日K，不使用盤中未完成K,上市,1531,高林股,11.6,11.65,11.45,11.67,11.7,11.73,12.56,12.39,-11.11,-0.43,False,82880,188937,961408,2223861,0.96,False,True,26.98,一般K,,False,False,False,False,0,False,C級：已漲遠或接近目標，禁止追高,條件不足,接近成形,12.3,11.5,13.1,接近成形＋可觀察,12.55,12.3,12.55,12.92,11.93,4.9,低,-5.69,15.33,0.9,4.42,12.55,0.0,False,False,True,距離頸線或前高過遠，禁止追高,頸線以當日前20日高點計算；收盤站上頸線 12.3 至少2%；成交量>=20日均量2倍；不可長上影；回踩須有近10日突破紀錄且不有效跌破頸線；距離頸線>5%禁止進場,0,C,禁止追高,已漲遠或接近目標，空手不追；持有者依策略分批處理。,False,2026-10-01,True,True,STOP,STOP 停止進場,觀察,取消新進場，只保留觀察,只看續抱 / 減碼 / 停利 / 停損，不新增部位。,停止新進場，先保留現金，等待大盤止跌。,停止新進場，禁止顯示今日可進場。,False,False
2026-10-01,2026-10-01,收盤確認價,臺灣證券交易所 / 證券櫃檯買賣中心正式收盤；yfinance 歷史資料,只使用完整收盤日K，不使用盤中未完成K,上櫃,6169,昱泉,11.85,12.0,11.85,12.0,12.02,12.12,12.96,16.42,-19.66,-1.25,False,8142,8936,96482,108146,1.3,False,True,21.84,一般K,,False,False,False,False,0,False,C級：已漲遠或接近目標，禁止追高,條件不足,接近成形,12.6,11.8,13.4,接近成形＋可觀察,12.85,12.6,12.85,13.24,12.22,4.9,低,-5.95,21.0,0.87,4.26,12.85,1.27,False,False,True,距離頸線或前高過遠，禁止追高,頸線以當日前20日高點計算；收盤站上頸線 12.6 至少2%；成交量>=20日均量2倍；不可長上影；回踩須有近10日突破紀錄且不有效跌破頸線；距離頸線>5%禁止進場,0,C,禁止追高,已漲遠或接近目標，空手不追；持有者依策略分批處理。,False,2026-10-01,True,True,STOP,STOP 停止進場,觀察,取消新進場，只保留觀察,只看續抱 / 減碼 / 停利 / 停損，不新增部位。,停止新進場，先保留現金，等待大盤止跌。,停止新進場，禁止顯示今日可進場。,False,False
2026-10-01,2026-10-01,收盤確認價,臺灣證券交易所 / 證券櫃檯買賣中心正式收盤；yfinance 歷史資料,只使用完整收盤日K，不使用盤中未完成K,上市,2211,長榮鋼,79.3,79.9,79.1,79.56,79.96,81.29,85.43,98.1,-16.61,-0.5,False,586620,579454,46518966,46752936,0.89,False,True,49.88,一般K,,False,False,False,False,0,False,C級：已漲遠或接近目標，禁止追高,條件不足,接近成形,84.1,78.8,89.4,接近成形＋可觀察,85.78,84.1,85.78,88.36,81.58,4.9,低,-5.71,17.48,0.86,4.22,85.78,0.25,False,False,True,距離頸線或前高過遠，禁止追高,頸線以當日前20日高點計算；收盤站上頸線 84.1 至少2%；成交量>=20日均量2倍；不可長上影；回踩須有近10日突破紀錄且不有效跌破頸線；距離頸線>5%禁止進場,0,C,禁止追高,已漲遠或接近目標，空手不追；持有者依策略分批處理。,False,2026-10-01,True,True,STOP,STOP 停止進場,觀察,取消新進場，只保留觀察,只看續抱 / 減碼 / 停利 / 停損，不新增部位。,停止新進場，先保留現金，等待大盤止跌。,停止新進場，禁止顯示今日可進場。,False,False
2026-10-01,2026-10-01,收盤確認價,臺灣證券交易所 / 證券櫃檯買賣中心正式收盤；yfinance 歷史資料,只使用完整收盤日K，不使用盤中未完成K,上市,1201,味全,11.6,11.65,11.5,11.6,11.72,11.92,12.2,13.44,-7.2,-0.43,False,706723,1228451,8197986,14349016,1.24,False,True,74.7,一般K,,False,False,False,False,0,False,C級：已漲遠或接近目標，禁止追高,條件不足,接近成形,12.25,11.5,13.0,接近成形＋可觀察,12.5,12.25,12.5,12.87,11.88,4.9,低,-5.31,10.08,0.82,4.04,12.5,0.0,False,False,True,距離頸線或前高過遠，禁止追高,頸線以當日前20日高點計算；收盤站上頸線 12.25 至少2%；成交量>=20日均量2倍；不可長上影；回踩須有近10日突破紀錄且不有效跌破頸線；距離頸線>5%禁止進場,0,C,禁止追高,已漲遠或接近目標，空手不追；持有者依策略分批處理。,False,2026-10-01,True,True,STOP,STOP 停止進場,觀察,取消新進場，只保留觀察,只看續抱 / 減碼 / 停利 / 停損，不新增部位。,停止新進場，先保留現金，等待大盤止跌。,停止新進場，禁止顯示今日可進場。,False,False
2026-10-01,2026-10-01,收盤確認價,臺灣證券交易所 / 證券櫃檯買賣中心正式收盤；yfinance 歷史資料,只使用完整收盤日K，不使用盤中未完成K,上市,1445,大宇,10.0,10.1,10.0,10.04,10.09,10.18,10.53,12.5,-13.42,-0.99,False,49190,71011,491900,723665,1.06,False,True,17.02,一般K,,False,False,False,False,0,False,C級：已漲遠或接近目標，禁止追高,條件不足,接近成形,10.65,10.0,11.3,接近成形＋可觀察,10.86,10.65,10.86,11.19,10.33,4.9,低,-6.1,17.36,0.82,4.02,10.86,0.0,False,False,True,距離頸線或前高過遠，禁止追高,頸線以當日前20日高點計算；收盤站上頸線 10.65 至少2%；成交量>=20日均量2倍；不可長上影；回踩須有近10日突破紀錄且不有效跌破頸線；距離頸線>5%禁止進場,0,C,禁止追高,已漲遠或接近目標，空手不追；持有者依策略分批處理。,False,2026-10-01,True,True,STOP,STOP 停止進場,觀察,取消新進場，只保留觀察,只看續抱 / 減碼 / 停利 / 停損，不新增部位。,停止新進場，先保留現金，等待大盤止跌。,停止新進場，禁止顯示今日可進場。,False,False
2026-10-01,2026-10-01,收盤確認價,臺灣證券交易所 / 證券櫃檯買賣中心正式收盤；yfinance 歷史資料,只使用完整收盤日K，不使用盤中未完成K,上市,1506,正道,9.5,9.55,9.44,9.59,9.68,9.83,10.23,11.12,-5.94,-0.31,False,375836,212876,3570442,2088365,0.42,False,True,77.81,一般K,,False,False,False,False,0,False,C級：已漲遠或接近目標，禁止追高,條件不足,三角收斂突破,10.1,9.49,10.71,接近成形＋可觀察,10.3,10.1,10.3,10.61,9.8,4.9,低,-5.94,16.67,0.81,3.96,10.3,0.21,False,False,True,距離頸線或前高過遠，禁止追高,頸線以當日前20日高點計算；收盤站上頸線 10.1 至少2%；成交量>=20日均量2倍；不可長上影；回踩須有近10日突破紀錄且不有效跌破頸線；距離頸線>5%禁止進場,0,C,禁止追高,已漲遠或接近目標，空手不追；持有者依策略分批處理。,False,2026-10-01,True,True,STOP,STOP 停止進場,觀察,取消新進場，只保留觀察,只看續抱 / 減碼 / 停利 / 停損，不新增部位。,停止新進場，先保留現金，等待大盤止跌。,停止新進場，禁止顯示今日可進場。,False,False
2026-10-01,2026-10-01,收盤確認價,臺灣證券交易所 / 證券櫃檯買賣中心正式收盤；yfinance 歷史資料,只使用完整收盤日K，不使用盤中未完成K,上市,1460,宏遠,6.23,6.25,6.22,6.25,6.29,6.4,6.66,6.61,-14.77,-0.48,False,169811,215991,1057922,1380082,0.8,False,True,63.65,一般K,,False,False,False,False,0,False,C級：已漲遠或接近目標，禁止追高,條件不足,接近成形,6.63,6.23,7.03,接近成形＋可觀察,6.76,6.63,6.76,6.97,6.43,4.9,低,-6.03,19.92,0.81,3.95,6.76,0.0,False,False,True,距離頸線或前高過遠，禁止追高,頸線以當日前20日高點計算；收盤站上頸線 6.63 至少2%；成交量>=20日均量2倍；不可長上影；回踩須有近10日突破紀錄且不有效跌破頸線；距離頸線>5%禁止進場,0,C,禁止追高,已漲遠或接近目標，空手不追；持有者依策略分批處理。,False,2026-10-01,True,True,STOP,STOP 停止進場,觀察,取消新進場，只保留觀察,只看續抱 / 減碼 / 停利 / 停損，不新增部位。,停止新進場，先保留現金，等待大盤止跌。,停止新進場，禁止顯示今日可進場。,False,False
